combo_id	style_id	title	family	skeleton	type_era	control	material_hint	colour_strat	chrome	density_hint	brief_lock
C0001	arts-and-crafts	Arts and Crafts	historical-movement	SK-HERO-SPLIT	TY-OLDSTYLE-SERIF	chunk-border	wool-felt	CS-MONO-PLUS	CH-NONE	marketing	STYLE_ID=arts-and-crafts; SKELETON=SK-HERO-SPLIT; TYPE_ERA=TY-OLDSTYLE-SERIF; CONTROL=chunk-border; MATERIAL=wool-felt; COLOUR_STRAT=CS-MONO-PLUS; CHROME=CH-NONE; FEEL=handmade honesty anti-industrial
C0002	art-nouveau	Art Nouveau	historical-movement	SK-SINGLE-STICKY	TY-DISPLAY-EXTREME	ink-underline	watercolor-wash	CS-DUOTONE	CH-MIN	marketing	STYLE_ID=art-nouveau; SKELETON=SK-SINGLE-STICKY; TYPE_ERA=TY-DISPLAY-EXTREME; CONTROL=ink-underline; MATERIAL=watercolor-wash; COLOUR_STRAT=CS-DUOTONE; CHROME=CH-MIN; FEEL=organic curves botanical line
C0003	wiener-werkstatte	Wiener Werkstätte	historical-movement	SK-EDITORIAL-LONG	TY-GEOMETRIC	sharp-0	gold-leaf	CS-PRIMARY-TRIO	CH-STANDARD	marketing	STYLE_ID=wiener-werkstatte; SKELETON=SK-EDITORIAL-LONG; TYPE_ERA=TY-GEOMETRIC; CONTROL=sharp-0; MATERIAL=gold-leaf; COLOUR_STRAT=CS-PRIMARY-TRIO; CHROME=CH-STANDARD; FEEL=geometric square modern craft
C0004	futurism	Futurism	historical-movement	SK-BENTO	TY-INDUSTRIAL-COND	sharp-0	steel	CS-TONAL	CH-APP	marketing	STYLE_ID=futurism; SKELETON=SK-BENTO; TYPE_ERA=TY-INDUSTRIAL-COND; CONTROL=sharp-0; MATERIAL=steel; COLOUR_STRAT=CS-TONAL; CHROME=CH-APP; FEEL=speed diagonals machine energy
C0005	dada	Dada	historical-movement	SK-TABLE-FIRST	TY-MIXED-HIGH-CONTRAST	chunk-border	newsprint	CS-PAPER-INK	CH-DENSE	app	STYLE_ID=dada; SKELETON=SK-TABLE-FIRST; TYPE_ERA=TY-MIXED-HIGH-CONTRAST; CONTROL=chunk-border; MATERIAL=newsprint; COLOUR_STRAT=CS-PAPER-INK; CHROME=CH-DENSE; FEEL=collage absurd anti-design
C0006	constructivism	Constructivist	historical-movement	SK-TIMELINE	TY-INDUSTRIAL-COND	chunk-border	screenprint	CS-DARK-STAGE	CH-IMMERSIVE	app	STYLE_ID=constructivism; SKELETON=SK-TIMELINE; TYPE_ERA=TY-INDUSTRIAL-COND; CONTROL=chunk-border; MATERIAL=screenprint; COLOUR_STRAT=CS-DARK-STAGE; CHROME=CH-IMMERSIVE; FEEL=bars diagonals propaganda geometry
C0007	de-stijl	De Stijl	historical-movement	SK-MAP-STAGE	TY-GEOMETRIC	sharp-0	primary-blocks	CS-PASTEL-POP	CH-NONE	app	STYLE_ID=de-stijl; SKELETON=SK-MAP-STAGE; TYPE_ERA=TY-GEOMETRIC; CONTROL=sharp-0; MATERIAL=primary-blocks; COLOUR_STRAT=CS-PASTEL-POP; CHROME=CH-NONE; FEEL=strict H/V primary rects
C0008	bauhaus	Bauhaus	historical-movement	SK-BOARD-KANBAN	TY-GEOMETRIC	sharp-0	primary-blocks	CS-SIGNAL	CH-MIN	app	STYLE_ID=bauhaus; SKELETON=SK-BOARD-KANBAN; TYPE_ERA=TY-GEOMETRIC; CONTROL=sharp-0; MATERIAL=primary-blocks; COLOUR_STRAT=CS-SIGNAL; CHROME=CH-MIN; FEEL=workshop modern geometry function
C0009	new-typography	New Typography	historical-movement	SK-TICKET-STUB	TY-GROTESQUE	ink-underline	paper-ink	CS-PHOTO-LED	CH-STANDARD	marketing	STYLE_ID=new-typography; SKELETON=SK-TICKET-STUB; TYPE_ERA=TY-GROTESQUE; CONTROL=ink-underline; MATERIAL=paper-ink; COLOUR_STRAT=CS-PHOTO-LED; CHROME=CH-STANDARD; FEEL=type as image asymmetric
C0010	art-deco	Art Deco	historical-movement	SK-LEDGER	TY-DIDONE-LUX	ticket	gold-leaf	CS-CMYK-PROCESS	CH-APP	app	STYLE_ID=art-deco; SKELETON=SK-LEDGER; TYPE_ERA=TY-DIDONE-LUX; CONTROL=ticket; MATERIAL=gold-leaf; COLOUR_STRAT=CS-CMYK-PROCESS; CHROME=CH-APP; FEEL=glamour verticals fan geometry
C0011	streamline-moderne	Streamline Moderne	historical-movement	SK-TERMINAL	TY-GEOMETRIC	pill	chrome-metal	CS-EARTH	CH-DENSE	app	STYLE_ID=streamline-moderne; SKELETON=SK-TERMINAL; TYPE_ERA=TY-GEOMETRIC; CONTROL=pill; MATERIAL=chrome-metal; COLOUR_STRAT=CS-EARTH; CHROME=CH-DENSE; FEEL=aerodynamic curves chrome speed
C0012	swiss-international	Swiss International	historical-movement	SK-POSTER	TY-GROTESQUE	ink-underline	paper-ink	CS-OCEAN	CH-IMMERSIVE	marketing	STYLE_ID=swiss-international; SKELETON=SK-POSTER; TYPE_ERA=TY-GROTESQUE; CONTROL=ink-underline; MATERIAL=paper-ink; COLOUR_STRAT=CS-OCEAN; CHROME=CH-IMMERSIVE; FEEL=grid objectivity quiet type
C0013	international-style-arch	International Style Architecture	historical-movement	SK-BOTTOM-SHEET	TY-GROTESK-SOFT	sharp-0	glass-frost	CS-NEON-ON-DARK	CH-NONE	mobile	STYLE_ID=international-style-arch; SKELETON=SK-BOTTOM-SHEET; TYPE_ERA=TY-GROTESK-SOFT; CONTROL=sharp-0; MATERIAL=glass-frost; COLOUR_STRAT=CS-NEON-ON-DARK; CHROME=CH-NONE; FEEL=glass box rational facade
C0014	mid-century-modern	Mid-Century Modern	historical-movement	SK-TAB-DECK	TY-HUMANIST	soft-rect	teak	CS-DESAT-CORP	CH-MIN	mobile	STYLE_ID=mid-century-modern; SKELETON=SK-TAB-DECK; TYPE_ERA=TY-HUMANIST; CONTROL=soft-rect; MATERIAL=teak; COLOUR_STRAT=CS-DESAT-CORP; CHROME=CH-MIN; FEEL=warm modern atomic optimism
C0015	scandinavian-modern	Scandinavian Modern	historical-movement	SK-WIZARD-STEPS	TY-HUMANIST	soft-rect	birch	CS-HIGH-KEY	CH-STANDARD	app	STYLE_ID=scandinavian-modern; SKELETON=SK-WIZARD-STEPS; TYPE_ERA=TY-HUMANIST; CONTROL=soft-rect; MATERIAL=birch; COLOUR_STRAT=CS-HIGH-KEY; CHROME=CH-STANDARD; FEEL=light wood honest air
C0016	pop-art	Pop Art	historical-movement	SK-SPLIT-INSPECTOR	TY-DISPLAY-EXTREME	sharp-0	halftone-print	CS-LOW-KEY	CH-APP	app	STYLE_ID=pop-art; SKELETON=SK-SPLIT-INSPECTOR; TYPE_ERA=TY-DISPLAY-EXTREME; CONTROL=sharp-0; MATERIAL=halftone-print; COLOUR_STRAT=CS-LOW-KEY; CHROME=CH-APP; FEEL=halftone punch everyday icons
C0017	op-art	Op Art	historical-movement	SK-DASH-METRIC	TY-GEOMETRIC	sharp-0	high-contrast	CS-SEPIA	CH-DENSE	app	STYLE_ID=op-art; SKELETON=SK-DASH-METRIC; TYPE_ERA=TY-GEOMETRIC; CONTROL=sharp-0; MATERIAL=high-contrast; COLOUR_STRAT=CS-SEPIA; CHROME=CH-DENSE; FEEL=optical vibration geometry
C0018	psychedelic	Psychedelic	historical-movement	SK-GALLERY-INDEX	TY-DISPLAY-EXTREME	chunk-border	neon-tube	CS-INVERTED	CH-IMMERSIVE	marketing	STYLE_ID=psychedelic; SKELETON=SK-GALLERY-INDEX; TYPE_ERA=TY-DISPLAY-EXTREME; CONTROL=chunk-border; MATERIAL=neon-tube; COLOUR_STRAT=CS-INVERTED; CHROME=CH-IMMERSIVE; FEEL=vibrating type dense poster
C0019	space-age	Space Age	historical-movement	SK-ZINE-COLLAGE	TY-GEOMETRIC	pill	astronaut-white	CS-REGIONAL-FLAG	CH-NONE	marketing	STYLE_ID=space-age; SKELETON=SK-ZINE-COLLAGE; TYPE_ERA=TY-GEOMETRIC; CONTROL=pill; MATERIAL=astronaut-white; COLOUR_STRAT=CS-REGIONAL-FLAG; CHROME=CH-NONE; FEEL=atomic age optimism plastics
C0020	minimalism	Minimalism	historical-movement	SK-BRUTAL-BLOCKS	TY-SANS-ONLY-TIGHT	ink-underline	white-void	CS-BRAND-LOCKUP	CH-MIN	any	STYLE_ID=minimalism; SKELETON=SK-BRUTAL-BLOCKS; TYPE_ERA=TY-SANS-ONLY-TIGHT; CONTROL=ink-underline; MATERIAL=white-void; COLOUR_STRAT=CS-BRAND-LOCKUP; CHROME=CH-MIN; FEEL=less almost nothing
C0021	postmodern-graphic	Postmodern Graphic	historical-movement	SK-RAIL-DOCK	TY-MIXED-HIGH-CONTRAST	offset-shadow	terrazzo	CS-MONO-PLUS	CH-STANDARD	app	STYLE_ID=postmodern-graphic; SKELETON=SK-RAIL-DOCK; TYPE_ERA=TY-MIXED-HIGH-CONTRAST; CONTROL=offset-shadow; MATERIAL=terrazzo; COLOUR_STRAT=CS-MONO-PLUS; CHROME=CH-STANDARD; FEEL=rule-break pastiche irony
C0022	memphis	Memphis	historical-movement	SK-CENTER-STAGE	TY-GEOMETRIC	chunk-border	formica	CS-DUOTONE	CH-APP	marketing	STYLE_ID=memphis; SKELETON=SK-CENTER-STAGE; TYPE_ERA=TY-GEOMETRIC; CONTROL=chunk-border; MATERIAL=formica; COLOUR_STRAT=CS-DUOTONE; CHROME=CH-APP; FEEL=playful clash laminate shapes
C0023	deconstructivism	Deconstructivism	historical-movement	SK-NEWS-RIVER	TY-MIXED-HIGH-CONTRAST	sharp-0	scaffold	CS-PRIMARY-TRIO	CH-DENSE	app	STYLE_ID=deconstructivism; SKELETON=SK-NEWS-RIVER; TYPE_ERA=TY-MIXED-HIGH-CONTRAST; CONTROL=sharp-0; MATERIAL=scaffold; COLOUR_STRAT=CS-PRIMARY-TRIO; CHROME=CH-DENSE; FEEL=fragmented unstable structure
C0024	grunge-print	Grunge Print	historical-movement	SK-CALENDAR-SPINE	TY-MIXED-HIGH-CONTRAST	chunk-border	toner-dirt	CS-TONAL	CH-IMMERSIVE	app	STYLE_ID=grunge-print; SKELETON=SK-CALENDAR-SPINE; TYPE_ERA=TY-MIXED-HIGH-CONTRAST; CONTROL=chunk-border; MATERIAL=toner-dirt; COLOUR_STRAT=CS-TONAL; CHROME=CH-IMMERSIVE; FEEL=distressed layered dirty type
C0025	y2k	Y2K	historical-movement	SK-MASONRY	TY-ROUNDED	pill	iridescent-film	CS-PAPER-INK	CH-NONE	marketing	STYLE_ID=y2k; SKELETON=SK-MASONRY; TYPE_ERA=TY-ROUNDED; CONTROL=pill; MATERIAL=iridescent-film; COLOUR_STRAT=CS-PAPER-INK; CHROME=CH-NONE; FEEL=gloss bubbles chrome stars
C0026	web-safe-classic	Web 1.0 Classic	historical-movement	SK-SPLIT-DIAGONAL	TY-SYSTEM-RAW	ink-underline	lcd-blue	CS-DARK-STAGE	CH-MIN	marketing	STYLE_ID=web-safe-classic; SKELETON=SK-SPLIT-DIAGONAL; TYPE_ERA=TY-SYSTEM-RAW; CONTROL=ink-underline; MATERIAL=lcd-blue; COLOUR_STRAT=CS-DARK-STAGE; CHROME=CH-MIN; FEEL=blue links tables honest
C0027	web-2.0-gloss	Web 2.0 Glossy	historical-movement	SK-FRAME-IN-FRAME	TY-GROTESK-SOFT	pill	bubble-plastic	CS-PASTEL-POP	CH-STANDARD	marketing	STYLE_ID=web-2.0-gloss; SKELETON=SK-FRAME-IN-FRAME; TYPE_ERA=TY-GROTESK-SOFT; CONTROL=pill; MATERIAL=bubble-plastic; COLOUR_STRAT=CS-PASTEL-POP; CHROME=CH-STANDARD; FEEL=bevel badges gradients
C0028	skeuomorph-ios6	Classic Skeuomorphism	historical-movement	SK-SIDE-SCROLL	TY-HUMANIST	soft-rect	leather-bound	CS-SIGNAL	CH-APP	marketing	STYLE_ID=skeuomorph-ios6; SKELETON=SK-SIDE-SCROLL; TYPE_ERA=TY-HUMANIST; CONTROL=soft-rect; MATERIAL=leather-bound; COLOUR_STRAT=CS-SIGNAL; CHROME=CH-APP; FEEL=leather felt stitched realism
C0029	metro-fluent-flat	Metro / flat tiles	historical-movement	SK-FIXED-TOC	TY-GROTESQUE	sharp-0	solid-fill	CS-PHOTO-LED	CH-DENSE	marketing	STYLE_ID=metro-fluent-flat; SKELETON=SK-FIXED-TOC; TYPE_ERA=TY-GROTESQUE; CONTROL=sharp-0; MATERIAL=solid-fill; COLOUR_STRAT=CS-PHOTO-LED; CHROME=CH-DENSE; FEEL=typography-led tile mosaic
C0030	material-design	Material Design	historical-movement	SK-COMMAND-CENTER	TY-HUMANIST	soft-rect	paper-elevation	CS-CMYK-PROCESS	CH-IMMERSIVE	app	STYLE_ID=material-design; SKELETON=SK-COMMAND-CENTER; TYPE_ERA=TY-HUMANIST; CONTROL=soft-rect; MATERIAL=paper-elevation; COLOUR_STRAT=CS-CMYK-PROCESS; CHROME=CH-IMMERSIVE; FEEL=paper layers FAB elevation
C0031	material-you	Material You tonal	historical-movement	SK-INBOX-ZERO	TY-ROUNDED	pill	tonal-surface	CS-EARTH	CH-NONE	app	STYLE_ID=material-you; SKELETON=SK-INBOX-ZERO; TYPE_ERA=TY-ROUNDED; CONTROL=pill; MATERIAL=tonal-surface; COLOUR_STRAT=CS-EARTH; CHROME=CH-NONE; FEEL=dynamic tonal surfaces
C0032	fluent-2	Fluent 2	historical-movement	SK-STUDIO-CANVAS	TY-GROTESK-SOFT	soft-rect	acrylic	CS-OCEAN	CH-MIN	app	STYLE_ID=fluent-2; SKELETON=SK-STUDIO-CANVAS; TYPE_ERA=TY-GROTESK-SOFT; CONTROL=soft-rect; MATERIAL=acrylic; COLOUR_STRAT=CS-OCEAN; CHROME=CH-MIN; FEEL=mica acrylic soft system
C0033	human-interface-apple	Apple HIG clean	historical-movement	SK-COMPARISON	TY-GROTESK-SOFT	soft-rect	system-blur	CS-NEON-ON-DARK	CH-STANDARD	marketing	STYLE_ID=human-interface-apple; SKELETON=SK-COMPARISON; TYPE_ERA=TY-GROTESK-SOFT; CONTROL=soft-rect; MATERIAL=system-blur; COLOUR_STRAT=CS-NEON-ON-DARK; CHROME=CH-STANDARD; FEEL=SF-like clarity large radius
C0034	glassmorphism	Glassmorphism	historical-movement	SK-PRICING-LADDER	TY-GROTESK-SOFT	soft-rect	glass-frost	CS-DESAT-CORP	CH-APP	marketing	STYLE_ID=glassmorphism; SKELETON=SK-PRICING-LADDER; TYPE_ERA=TY-GROTESK-SOFT; CONTROL=soft-rect; MATERIAL=glass-frost; COLOUR_STRAT=CS-DESAT-CORP; CHROME=CH-APP; FEEL=frosted panels on photo
C0035	neumorphism	Neumorphism	historical-movement	SK-MANIFEST-LIST	TY-ROUNDED	soft-rect	soft-clay	CS-HIGH-KEY	CH-DENSE	app	STYLE_ID=neumorphism; SKELETON=SK-MANIFEST-LIST; TYPE_ERA=TY-ROUNDED; CONTROL=soft-rect; MATERIAL=soft-clay; COLOUR_STRAT=CS-HIGH-KEY; CHROME=CH-DENSE; FEEL=soft extruded mono UI
C0036	claymorphism	Claymorphism	historical-movement	SK-SCOREBOARD	TY-ROUNDED	pill	soft-clay	CS-LOW-KEY	CH-IMMERSIVE	app	STYLE_ID=claymorphism; SKELETON=SK-SCOREBOARD; TYPE_ERA=TY-ROUNDED; CONTROL=pill; MATERIAL=soft-clay; COLOUR_STRAT=CS-LOW-KEY; CHROME=CH-IMMERSIVE; FEEL=puffy 3D clay controls
C0037	neo-brutalism	Neo-Brutalism	historical-movement	SK-COCKPIT-STRIP	TY-DISPLAY-EXTREME	chunk-border	solid-fill	CS-SEPIA	CH-NONE	app	STYLE_ID=neo-brutalism; SKELETON=SK-COCKPIT-STRIP; TYPE_ERA=TY-DISPLAY-EXTREME; CONTROL=chunk-border; MATERIAL=solid-fill; COLOUR_STRAT=CS-SEPIA; CHROME=CH-NONE; FEEL=fat borders hard shadow loud
C0038	brutalist-web	Brutalist Web	historical-movement	SK-FOLIO-SPREAD	TY-SYSTEM-RAW	sharp-0	default-browser	CS-INVERTED	CH-MIN	marketing	STYLE_ID=brutalist-web; SKELETON=SK-FOLIO-SPREAD; TYPE_ERA=TY-SYSTEM-RAW; CONTROL=sharp-0; MATERIAL=default-browser; COLOUR_STRAT=CS-INVERTED; CHROME=CH-MIN; FEEL=raw system anti-polish
C0039	soft-brutalism	Soft Brutalism	historical-movement	SK-STAMP-SHEET	TY-GROTESQUE	chunk-border	pastel-pop	CS-REGIONAL-FLAG	CH-STANDARD	marketing	STYLE_ID=soft-brutalism; SKELETON=SK-STAMP-SHEET; TYPE_ERA=TY-GROTESQUE; CONTROL=chunk-border; MATERIAL=pastel-pop; COLOUR_STRAT=CS-REGIONAL-FLAG; CHROME=CH-STANDARD; FEEL=bold structure softer fill
C0040	bento-ui	Bento UI	historical-movement	SK-DOCKED-FAB	TY-GROTESK-SOFT	soft-rect	light-grey-card	CS-BRAND-LOCKUP	CH-APP	mobile	STYLE_ID=bento-ui; SKELETON=SK-DOCKED-FAB; TYPE_ERA=TY-GROTESK-SOFT; CONTROL=soft-rect; MATERIAL=light-grey-card; COLOUR_STRAT=CS-BRAND-LOCKUP; CHROME=CH-APP; FEEL=soft mosaic large tiles
C0041	dark-mode-oled	OLED Dark Product	historical-movement	SK-PEEK-CARDS	TY-GROTESK-SOFT	sharp-0	oled-black	CS-MONO-PLUS	CH-DENSE	mobile	STYLE_ID=dark-mode-oled; SKELETON=SK-PEEK-CARDS; TYPE_ERA=TY-GROTESK-SOFT; CONTROL=sharp-0; MATERIAL=oled-black; COLOUR_STRAT=CS-MONO-PLUS; CHROME=CH-DENSE; FEEL=true black sparse light type
C0042	aurora-mesh	Aurora Mesh Gradient	historical-movement	SK-RADIO-TUNER	TY-GROTESK-SOFT	soft-rect	iridescent-film	CS-DUOTONE	CH-IMMERSIVE	app	STYLE_ID=aurora-mesh; SKELETON=SK-RADIO-TUNER; TYPE_ERA=TY-GROTESK-SOFT; CONTROL=soft-rect; MATERIAL=iridescent-film; COLOUR_STRAT=CS-DUOTONE; CHROME=CH-IMMERSIVE; FEEL=soft mesh atmosphere once
C0043	kinetic-type	Kinetic Typography	historical-movement	SK-FILMSTRIP	TY-DISPLAY-EXTREME	ink-underline	paper-ink	CS-PRIMARY-TRIO	CH-NONE	marketing	STYLE_ID=kinetic-type; SKELETON=SK-FILMSTRIP; TYPE_ERA=TY-DISPLAY-EXTREME; CONTROL=ink-underline; MATERIAL=paper-ink; COLOUR_STRAT=CS-PRIMARY-TRIO; CHROME=CH-NONE; FEEL=motion type first
C0044	isometric-3d	Isometric Illustration UI	historical-movement	SK-ORBIT-META	TY-GROTESK-SOFT	soft-rect	iso-plastic	CS-TONAL	CH-MIN	marketing	STYLE_ID=isometric-3d; SKELETON=SK-ORBIT-META; TYPE_ERA=TY-GROTESK-SOFT; CONTROL=soft-rect; MATERIAL=iso-plastic; COLOUR_STRAT=CS-TONAL; CHROME=CH-MIN; FEEL=3D iso scenes with UI chrome quiet
C0045	maximalism	Maximalism	historical-movement	SK-SPLIT-DEPTH	TY-MIXED-HIGH-CONTRAST	chunk-border	pattern-clash	CS-PAPER-INK	CH-STANDARD	marketing	STYLE_ID=maximalism; SKELETON=SK-SPLIT-DEPTH; TYPE_ERA=TY-MIXED-HIGH-CONTRAST; CONTROL=chunk-border; MATERIAL=pattern-clash; COLOUR_STRAT=CS-PAPER-INK; CHROME=CH-STANDARD; FEEL=more is more layered dense
C0046	quiet-luxury	Quiet Luxury	historical-movement	SK-CHECKOUT-TUNNEL	TY-DIDONE-LUX	ink-underline	stone-silk	CS-DARK-STAGE	CH-APP	marketing	STYLE_ID=quiet-luxury; SKELETON=SK-CHECKOUT-TUNNEL; TYPE_ERA=TY-DIDONE-LUX; CONTROL=ink-underline; MATERIAL=stone-silk; COLOUR_STRAT=CS-DARK-STAGE; CHROME=CH-APP; FEEL=restraint expensive materials
C0047	corporate-memphis	Corporate Memphis	historical-movement	SK-CHAT-THREAD	TY-GROTESK-SOFT	soft-rect	pastel-vector	CS-PASTEL-POP	CH-DENSE	app	STYLE_ID=corporate-memphis; SKELETON=SK-CHAT-THREAD; TYPE_ERA=TY-GROTESK-SOFT; CONTROL=soft-rect; MATERIAL=pastel-vector; COLOUR_STRAT=CS-PASTEL-POP; CHROME=CH-DENSE; FEEL=flat diverse vectors pastel
C0048	anti-corporate-memphis	Anti-Corporate-Memphis	historical-movement	SK-NOTIFICATION-STACK	TY-SERIF-TEXT	sharp-0	photo-led	CS-SIGNAL	CH-IMMERSIVE	mobile	STYLE_ID=anti-corporate-memphis; SKELETON=SK-NOTIFICATION-STACK; TYPE_ERA=TY-SERIF-TEXT; CONTROL=sharp-0; MATERIAL=photo-led; COLOUR_STRAT=CS-SIGNAL; CHROME=CH-IMMERSIVE; FEEL=reject blob people use photo/type
C0049	brutalist-architecture	Brutalist Architecture	architecture	SK-DIRECTORY	TY-GROTESQUE	sharp-0	concrete	CS-PHOTO-LED	CH-NONE	app	STYLE_ID=brutalist-architecture; SKELETON=SK-DIRECTORY; TYPE_ERA=TY-GROTESQUE; CONTROL=sharp-0; MATERIAL=concrete; COLOUR_STRAT=CS-PHOTO-LED; CHROME=CH-NONE; FEEL=concrete mass voids
C0050	gothic-cathedral	Gothic Cathedral	architecture	SK-ATLAS-PLATES	TY-BLACKLETTER-SPARSE	ink-underline	stone-stained-glass	CS-CMYK-PROCESS	CH-MIN	marketing	STYLE_ID=gothic-cathedral; SKELETON=SK-ATLAS-PLATES; TYPE_ERA=TY-BLACKLETTER-SPARSE; CONTROL=ink-underline; MATERIAL=stone-stained-glass; COLOUR_STRAT=CS-CMYK-PROCESS; CHROME=CH-MIN; FEEL=vertical pointed stained light
C0051	baroque-ornate	Baroque Ornate	architecture	SK-HERO-SPLIT	TY-MODERN-SERIF	ticket	gold-leaf	CS-EARTH	CH-STANDARD	marketing	STYLE_ID=baroque-ornate; SKELETON=SK-HERO-SPLIT; TYPE_ERA=TY-MODERN-SERIF; CONTROL=ticket; MATERIAL=gold-leaf; COLOUR_STRAT=CS-EARTH; CHROME=CH-STANDARD; FEEL=ornament drama gold scroll
C0052	rococo-light	Rococo Light	architecture	SK-SINGLE-STICKY	TY-SCRIPT-SPARSE	pill	cream-cotton	CS-OCEAN	CH-APP	marketing	STYLE_ID=rococo-light; SKELETON=SK-SINGLE-STICKY; TYPE_ERA=TY-SCRIPT-SPARSE; CONTROL=pill; MATERIAL=cream-cotton; COLOUR_STRAT=CS-OCEAN; CHROME=CH-APP; FEEL=pastel scroll delicate
C0053	beaux-arts	Beaux-Arts	architecture	SK-EDITORIAL-LONG	TY-TRANSITIONAL-SERIF	sharp-0	marble	CS-NEON-ON-DARK	CH-DENSE	marketing	STYLE_ID=beaux-arts; SKELETON=SK-EDITORIAL-LONG; TYPE_ERA=TY-TRANSITIONAL-SERIF; CONTROL=sharp-0; MATERIAL=marble; COLOUR_STRAT=CS-NEON-ON-DARK; CHROME=CH-DENSE; FEEL=formal classical grandeur
C0054	art-nouveau-arch	Art Nouveau Architecture	architecture	SK-BENTO	TY-DISPLAY-EXTREME	ink-underline	wrought-iron	CS-DESAT-CORP	CH-IMMERSIVE	marketing	STYLE_ID=art-nouveau-arch; SKELETON=SK-BENTO; TYPE_ERA=TY-DISPLAY-EXTREME; CONTROL=ink-underline; MATERIAL=wrought-iron; COLOUR_STRAT=CS-DESAT-CORP; CHROME=CH-IMMERSIVE; FEEL=whiplash iron botanical facade
C0055	googie	Googie	architecture	SK-TABLE-FIRST	TY-DISPLAY-EXTREME	sharp-0	motel-neon	CS-HIGH-KEY	CH-NONE	app	STYLE_ID=googie; SKELETON=SK-TABLE-FIRST; TYPE_ERA=TY-DISPLAY-EXTREME; CONTROL=sharp-0; MATERIAL=motel-neon; COLOUR_STRAT=CS-HIGH-KEY; CHROME=CH-NONE; FEEL=atomic roadside angles neon
C0056	midcentury-ranch	Mid-century Ranch Interior	architecture	SK-TIMELINE	TY-HUMANIST	soft-rect	teak	CS-LOW-KEY	CH-MIN	app	STYLE_ID=midcentury-ranch; SKELETON=SK-TIMELINE; TYPE_ERA=TY-HUMANIST; CONTROL=soft-rect; MATERIAL=teak; COLOUR_STRAT=CS-LOW-KEY; CHROME=CH-MIN; FEEL=horizontal glass indoor-outdoor
C0057	japanese-metabolist	Metabolist	architecture	SK-MAP-STAGE	TY-GEOMETRIC	sharp-0	capsule-module	CS-SEPIA	CH-STANDARD	app	STYLE_ID=japanese-metabolist; SKELETON=SK-MAP-STAGE; TYPE_ERA=TY-GEOMETRIC; CONTROL=sharp-0; MATERIAL=capsule-module; COLOUR_STRAT=CS-SEPIA; CHROME=CH-STANDARD; FEEL=modular capsules future
C0058	high-tech-arch	High-Tech Architecture	architecture	SK-BOARD-KANBAN	TY-MONO-DATA	sharp-0	scaffold	CS-INVERTED	CH-APP	app	STYLE_ID=high-tech-arch; SKELETON=SK-BOARD-KANBAN; TYPE_ERA=TY-MONO-DATA; CONTROL=sharp-0; MATERIAL=scaffold; COLOUR_STRAT=CS-INVERTED; CHROME=CH-APP; FEEL=exposed structure services
C0059	parametric-blob	Parametric / Blobitecture	architecture	SK-TICKET-STUB	TY-GROTESK-SOFT	pill	white-composite	CS-REGIONAL-FLAG	CH-DENSE	marketing	STYLE_ID=parametric-blob; SKELETON=SK-TICKET-STUB; TYPE_ERA=TY-GROTESK-SOFT; CONTROL=pill; MATERIAL=white-composite; COLOUR_STRAT=CS-REGIONAL-FLAG; CHROME=CH-DENSE; FEEL=smooth digital curves
C0060	shaker-simplicity	Shaker	architecture	SK-LEDGER	TY-HUMANIST	sharp-0	oak-timber	CS-BRAND-LOCKUP	CH-IMMERSIVE	app	STYLE_ID=shaker-simplicity; SKELETON=SK-LEDGER; TYPE_ERA=TY-HUMANIST; CONTROL=sharp-0; MATERIAL=oak-timber; COLOUR_STRAT=CS-BRAND-LOCKUP; CHROME=CH-IMMERSIVE; FEEL=utility pure spare wood
C0061	craftsman-bungalow	Craftsman Bungalow	architecture	SK-TERMINAL	TY-SLAB	chunk-border	oak-timber	CS-MONO-PLUS	CH-NONE	app	STYLE_ID=craftsman-bungalow; SKELETON=SK-TERMINAL; TYPE_ERA=TY-SLAB; CONTROL=chunk-border; MATERIAL=oak-timber; COLOUR_STRAT=CS-MONO-PLUS; CHROME=CH-NONE; FEEL=built-in wood honest joinery
C0062	industrial-loft	Industrial Loft	architecture	SK-POSTER	TY-INDUSTRIAL-COND	chunk-border	brick-industrial	CS-DUOTONE	CH-MIN	marketing	STYLE_ID=industrial-loft; SKELETON=SK-POSTER; TYPE_ERA=TY-INDUSTRIAL-COND; CONTROL=chunk-border; MATERIAL=brick-industrial; COLOUR_STRAT=CS-DUOTONE; CHROME=CH-MIN; FEEL=brick iron factory conversion
C0063	biophilic	Biophilic	architecture	SK-BOTTOM-SHEET	TY-HUMANIST	soft-rect	leaf-wood	CS-PRIMARY-TRIO	CH-STANDARD	mobile	STYLE_ID=biophilic; SKELETON=SK-BOTTOM-SHEET; TYPE_ERA=TY-HUMANIST; CONTROL=soft-rect; MATERIAL=leaf-wood; COLOUR_STRAT=CS-PRIMARY-TRIO; CHROME=CH-STANDARD; FEEL=plants daylight organic calm
C0064	solarpunk	Solarpunk	architecture	SK-TAB-DECK	TY-HUMANIST	chunk-border	leaf-solar	CS-TONAL	CH-APP	mobile	STYLE_ID=solarpunk; SKELETON=SK-TAB-DECK; TYPE_ERA=TY-HUMANIST; CONTROL=chunk-border; MATERIAL=leaf-solar; COLOUR_STRAT=CS-TONAL; CHROME=CH-APP; FEEL=hopeful green tech craft
C0065	cyberpunk-ui	Cyberpunk UI	architecture	SK-WIZARD-STEPS	TY-MONO-DATA	sharp-0	neon-on-wet	CS-PAPER-INK	CH-DENSE	app	STYLE_ID=cyberpunk-ui; SKELETON=SK-WIZARD-STEPS; TYPE_ERA=TY-MONO-DATA; CONTROL=sharp-0; MATERIAL=neon-on-wet; COLOUR_STRAT=CS-PAPER-INK; CHROME=CH-DENSE; FEEL=neon rain dense HUD
C0066	dieselpunk	Dieselpunk	architecture	SK-SPLIT-INSPECTOR	TY-INDUSTRIAL-COND	chunk-border	oil-metal	CS-DARK-STAGE	CH-IMMERSIVE	app	STYLE_ID=dieselpunk; SKELETON=SK-SPLIT-INSPECTOR; TYPE_ERA=TY-INDUSTRIAL-COND; CONTROL=chunk-border; MATERIAL=oil-metal; COLOUR_STRAT=CS-DARK-STAGE; CHROME=CH-IMMERSIVE; FEEL=interwar machines grit oil
C0067	steampunk	Steampunk	architecture	SK-DASH-METRIC	TY-OLDSTYLE-SERIF	ticket	brass-leather	CS-PASTEL-POP	CH-NONE	app	STYLE_ID=steampunk; SKELETON=SK-DASH-METRIC; TYPE_ERA=TY-OLDSTYLE-SERIF; CONTROL=ticket; MATERIAL=brass-leather; COLOUR_STRAT=CS-PASTEL-POP; CHROME=CH-NONE; FEEL=brass gears Victorian tech
C0068	atompunk	Atompunk	architecture	SK-GALLERY-INDEX	TY-GEOMETRIC	pill	chrome-metal	CS-SIGNAL	CH-MIN	marketing	STYLE_ID=atompunk; SKELETON=SK-GALLERY-INDEX; TYPE_ERA=TY-GEOMETRIC; CONTROL=pill; MATERIAL=chrome-metal; COLOUR_STRAT=CS-SIGNAL; CHROME=CH-MIN; FEEL=atomic age optimism raygun
C0069	broadsheet-news	Broadsheet Newspaper	print-editorial	SK-ZINE-COLLAGE	TY-SERIF-TEXT	ink-underline	newsprint	CS-PHOTO-LED	CH-STANDARD	marketing	STYLE_ID=broadsheet-news; SKELETON=SK-ZINE-COLLAGE; TYPE_ERA=TY-SERIF-TEXT; CONTROL=ink-underline; MATERIAL=newsprint; COLOUR_STRAT=CS-PHOTO-LED; CHROME=CH-STANDARD; FEEL=columns rules authority
C0070	tabloid-scream	Tabloid	print-editorial	SK-BRUTAL-BLOCKS	TY-INDUSTRIAL-COND	filled-block	newsprint	CS-CMYK-PROCESS	CH-APP	any	STYLE_ID=tabloid-scream; SKELETON=SK-BRUTAL-BLOCKS; TYPE_ERA=TY-INDUSTRIAL-COND; CONTROL=filled-block; MATERIAL=newsprint; COLOUR_STRAT=CS-CMYK-PROCESS; CHROME=CH-APP; FEEL=loud headlines red boxes
C0071	magazine-vogue	Fashion Magazine	print-editorial	SK-RAIL-DOCK	TY-DIDONE-LUX	ink-underline	photo-led	CS-EARTH	CH-DENSE	app	STYLE_ID=magazine-vogue; SKELETON=SK-RAIL-DOCK; TYPE_ERA=TY-DIDONE-LUX; CONTROL=ink-underline; MATERIAL=photo-led; COLOUR_STRAT=CS-EARTH; CHROME=CH-DENSE; FEEL=whitespace full-bleed photo
C0072	magazine-natgeo	Documentary Magazine	print-editorial	SK-CENTER-STAGE	TY-HUMANIST	ink-underline	photo-led	CS-OCEAN	CH-IMMERSIVE	marketing	STYLE_ID=magazine-natgeo; SKELETON=SK-CENTER-STAGE; TYPE_ERA=TY-HUMANIST; CONTROL=ink-underline; MATERIAL=photo-led; COLOUR_STRAT=CS-OCEAN; CHROME=CH-IMMERSIVE; FEEL=photo essay maps captions
C0073	zine-diy	DIY Zine	print-editorial	SK-NEWS-RIVER	TY-MIXED-HIGH-CONTRAST	ticket	toner	CS-NEON-ON-DARK	CH-NONE	app	STYLE_ID=zine-diy; SKELETON=SK-NEWS-RIVER; TYPE_ERA=TY-MIXED-HIGH-CONTRAST; CONTROL=ticket; MATERIAL=toner; COLOUR_STRAT=CS-NEON-ON-DARK; CHROME=CH-NONE; FEEL=photocopy cut-up tape
C0074	risograph-print	Risograph	print-editorial	SK-CALENDAR-SPINE	TY-GROTESQUE	chunk-border	risograph	CS-DESAT-CORP	CH-MIN	app	STYLE_ID=risograph-print; SKELETON=SK-CALENDAR-SPINE; TYPE_ERA=TY-GROTESQUE; CONTROL=chunk-border; MATERIAL=risograph; COLOUR_STRAT=CS-DESAT-CORP; CHROME=CH-MIN; FEEL=misregister limited inks
C0075	swiss-poster	Swiss Poster	print-editorial	SK-MASONRY	TY-GROTESQUE	sharp-0	paper-ink	CS-HIGH-KEY	CH-STANDARD	marketing	STYLE_ID=swiss-poster; SKELETON=SK-MASONRY; TYPE_ERA=TY-GROTESQUE; CONTROL=sharp-0; MATERIAL=paper-ink; COLOUR_STRAT=CS-HIGH-KEY; CHROME=CH-STANDARD; FEEL=monumental type one idea
C0076	polish-poster	Polish School of Posters	print-editorial	SK-SPLIT-DIAGONAL	TY-DISPLAY-EXTREME	sharp-0	screenprint	CS-LOW-KEY	CH-APP	marketing	STYLE_ID=polish-poster; SKELETON=SK-SPLIT-DIAGONAL; TYPE_ERA=TY-DISPLAY-EXTREME; CONTROL=sharp-0; MATERIAL=screenprint; COLOUR_STRAT=CS-LOW-KEY; CHROME=CH-APP; FEEL=metaphor illustration bold
C0077	japanese-editorial	Japanese Editorial	print-editorial	SK-FRAME-IN-FRAME	TY-SERIF-TEXT	ink-underline	sumi-ink	CS-SEPIA	CH-DENSE	marketing	STYLE_ID=japanese-editorial; SKELETON=SK-FRAME-IN-FRAME; TYPE_ERA=TY-SERIF-TEXT; CONTROL=ink-underline; MATERIAL=sumi-ink; COLOUR_STRAT=CS-SEPIA; CHROME=CH-DENSE; FEEL=quiet gaps precise type
C0078	chinese-ink-modern	Modern Ink Tradition	print-editorial	SK-SIDE-SCROLL	TY-SERIF-TEXT	ink-underline	sumi-ink	CS-INVERTED	CH-IMMERSIVE	marketing	STYLE_ID=chinese-ink-modern; SKELETON=SK-SIDE-SCROLL; TYPE_ERA=TY-SERIF-TEXT; CONTROL=ink-underline; MATERIAL=sumi-ink; COLOUR_STRAT=CS-INVERTED; CHROME=CH-IMMERSIVE; FEEL=ink wash empty space
C0079	korean-webtoon-clean	Clean Webtoon/App KR	print-editorial	SK-FIXED-TOC	TY-ROUNDED	pill	soft-grey	CS-REGIONAL-FLAG	CH-NONE	marketing	STYLE_ID=korean-webtoon-clean; SKELETON=SK-FIXED-TOC; TYPE_ERA=TY-ROUNDED; CONTROL=pill; MATERIAL=soft-grey; COLOUR_STRAT=CS-REGIONAL-FLAG; CHROME=CH-NONE; FEEL=soft cards large type mobile
C0080	scientific-atlas	Scientific Atlas	print-editorial	SK-COMMAND-CENTER	TY-SERIF-TEXT	sharp-0	atlas-plate	CS-BRAND-LOCKUP	CH-MIN	app	STYLE_ID=scientific-atlas; SKELETON=SK-COMMAND-CENTER; TYPE_ERA=TY-SERIF-TEXT; CONTROL=sharp-0; MATERIAL=atlas-plate; COLOUR_STRAT=CS-BRAND-LOCKUP; CHROME=CH-MIN; FEEL=plates figures captions
C0081	field-guide	Field Guide	print-editorial	SK-INBOX-ZERO	TY-HUMANIST	ink-underline	specimen-paper	CS-MONO-PLUS	CH-STANDARD	app	STYLE_ID=field-guide; SKELETON=SK-INBOX-ZERO; TYPE_ERA=TY-HUMANIST; CONTROL=ink-underline; MATERIAL=specimen-paper; COLOUR_STRAT=CS-MONO-PLUS; CHROME=CH-STANDARD; FEEL=specimen + key
C0082	recipe-card	Recipe Card Classic	print-editorial	SK-STUDIO-CANVAS	TY-SLAB	ticket	index-card	CS-DUOTONE	CH-APP	app	STYLE_ID=recipe-card; SKELETON=SK-STUDIO-CANVAS; TYPE_ERA=TY-SLAB; CONTROL=ticket; MATERIAL=index-card; COLOUR_STRAT=CS-DUOTONE; CHROME=CH-APP; FEEL=index card steps
C0083	sheet-music	Sheet Music	print-editorial	SK-COMPARISON	TY-SERIF-TEXT	ink-underline	staff-paper	CS-PRIMARY-TRIO	CH-DENSE	marketing	STYLE_ID=sheet-music; SKELETON=SK-COMPARISON; TYPE_ERA=TY-SERIF-TEXT; CONTROL=ink-underline; MATERIAL=staff-paper; COLOUR_STRAT=CS-PRIMARY-TRIO; CHROME=CH-DENSE; FEEL=staves notation rhythm
C0084	map-ordnance	Ordnance Survey Map	print-editorial	SK-PRICING-LADDER	TY-HUMANIST	sharp-0	map-paper	CS-TONAL	CH-IMMERSIVE	marketing	STYLE_ID=map-ordnance; SKELETON=SK-PRICING-LADDER; TYPE_ERA=TY-HUMANIST; CONTROL=sharp-0; MATERIAL=map-paper; COLOUR_STRAT=CS-TONAL; CHROME=CH-IMMERSIVE; FEEL=contour information density
C0085	blueprint	Blueprint	print-editorial	SK-MANIFEST-LIST	TY-MONO-DATA	sharp-0	blueprint-cyan	CS-PAPER-INK	CH-NONE	app	STYLE_ID=blueprint; SKELETON=SK-MANIFEST-LIST; TYPE_ERA=TY-MONO-DATA; CONTROL=sharp-0; MATERIAL=blueprint-cyan; COLOUR_STRAT=CS-PAPER-INK; CHROME=CH-NONE; FEEL=cyanotype technical lines
C0086	patent-drawing	Patent Drawing	print-editorial	SK-SCOREBOARD	TY-SYSTEM-RAW	sharp-0	line-ink	CS-DARK-STAGE	CH-MIN	app	STYLE_ID=patent-drawing; SKELETON=SK-SCOREBOARD; TYPE_ERA=TY-SYSTEM-RAW; CONTROL=sharp-0; MATERIAL=line-ink; COLOUR_STRAT=CS-DARK-STAGE; CHROME=CH-MIN; FEEL=line invention figures
C0087	yearbook-retro	Retro Yearbook	print-editorial	SK-COCKPIT-STRIP	TY-SCRIPT-SPARSE	soft-rect	photo-grid	CS-PASTEL-POP	CH-STANDARD	app	STYLE_ID=yearbook-retro; SKELETON=SK-COCKPIT-STRIP; TYPE_ERA=TY-SCRIPT-SPARSE; CONTROL=soft-rect; MATERIAL=photo-grid; COLOUR_STRAT=CS-PASTEL-POP; CHROME=CH-STANDARD; FEEL=portrait grids signatures
C0088	mail-order-catalog	Mail-Order Catalogue	print-editorial	SK-FOLIO-SPREAD	TY-SYSTEM-RAW	ink-underline	catalog-paper	CS-SIGNAL	CH-APP	marketing	STYLE_ID=mail-order-catalog; SKELETON=SK-FOLIO-SPREAD; TYPE_ERA=TY-SYSTEM-RAW; CONTROL=ink-underline; MATERIAL=catalog-paper; COLOUR_STRAT=CS-SIGNAL; CHROME=CH-APP; FEEL=dense product grid prices
C0089	vaporwave	Vaporwave	internet-aesthetic	SK-STAMP-SHEET	TY-GEOMETRIC	soft-rect	crt-pastel	CS-PHOTO-LED	CH-DENSE	marketing	STYLE_ID=vaporwave; SKELETON=SK-STAMP-SHEET; TYPE_ERA=TY-GEOMETRIC; CONTROL=soft-rect; MATERIAL=crt-pastel; COLOUR_STRAT=CS-PHOTO-LED; CHROME=CH-DENSE; FEEL=retro computing pastel classical glitch
C0090	synthwave	Synthwave	internet-aesthetic	SK-DOCKED-FAB	TY-DISPLAY-EXTREME	sharp-0	neon-grid	CS-CMYK-PROCESS	CH-IMMERSIVE	mobile	STYLE_ID=synthwave; SKELETON=SK-DOCKED-FAB; TYPE_ERA=TY-DISPLAY-EXTREME; CONTROL=sharp-0; MATERIAL=neon-grid; COLOUR_STRAT=CS-CMYK-PROCESS; CHROME=CH-IMMERSIVE; FEEL=80s sunset grid neon
C0091	outrun	Outrun	internet-aesthetic	SK-PEEK-CARDS	TY-DISPLAY-EXTREME	sharp-0	sunset-chrome	CS-EARTH	CH-NONE	mobile	STYLE_ID=outrun; SKELETON=SK-PEEK-CARDS; TYPE_ERA=TY-DISPLAY-EXTREME; CONTROL=sharp-0; MATERIAL=sunset-chrome; COLOUR_STRAT=CS-EARTH; CHROME=CH-NONE; FEEL=retro racer sun stripes
C0092	cottagecore	Cottagecore	internet-aesthetic	SK-RADIO-TUNER	TY-OLDSTYLE-SERIF	soft-rect	linen-meadow	CS-OCEAN	CH-MIN	app	STYLE_ID=cottagecore; SKELETON=SK-RADIO-TUNER; TYPE_ERA=TY-OLDSTYLE-SERIF; CONTROL=soft-rect; MATERIAL=linen-meadow; COLOUR_STRAT=CS-OCEAN; CHROME=CH-MIN; FEEL=pastoral soft rural romance
C0093	dark-academia	Dark Academia	internet-aesthetic	SK-FILMSTRIP	TY-OLDSTYLE-SERIF	ink-underline	library-oak	CS-NEON-ON-DARK	CH-STANDARD	marketing	STYLE_ID=dark-academia; SKELETON=SK-FILMSTRIP; TYPE_ERA=TY-OLDSTYLE-SERIF; CONTROL=ink-underline; MATERIAL=library-oak; COLOUR_STRAT=CS-NEON-ON-DARK; CHROME=CH-STANDARD; FEEL=moody library scholarly gothic
C0094	light-academia	Light Academia	internet-aesthetic	SK-ORBIT-META	TY-OLDSTYLE-SERIF	ink-underline	cream-cotton	CS-DESAT-CORP	CH-APP	marketing	STYLE_ID=light-academia; SKELETON=SK-ORBIT-META; TYPE_ERA=TY-OLDSTYLE-SERIF; CONTROL=ink-underline; MATERIAL=cream-cotton; COLOUR_STRAT=CS-DESAT-CORP; CHROME=CH-APP; FEEL=sunny scholarly cream linen
C0095	chaotic-academia	Chaotic Academia	internet-aesthetic	SK-SPLIT-DEPTH	TY-MIXED-HIGH-CONTRAST	ticket	manila-folder	CS-HIGH-KEY	CH-DENSE	marketing	STYLE_ID=chaotic-academia; SKELETON=SK-SPLIT-DEPTH; TYPE_ERA=TY-MIXED-HIGH-CONTRAST; CONTROL=ticket; MATERIAL=manila-folder; COLOUR_STRAT=CS-HIGH-KEY; CHROME=CH-DENSE; FEEL=messy notes stacked papers
C0096	romantic-academia	Romantic Academia	internet-aesthetic	SK-CHECKOUT-TUNNEL	TY-OLDSTYLE-SERIF	ink-underline	vellum	CS-LOW-KEY	CH-IMMERSIVE	marketing	STYLE_ID=romantic-academia; SKELETON=SK-CHECKOUT-TUNNEL; TYPE_ERA=TY-OLDSTYLE-SERIF; CONTROL=ink-underline; MATERIAL=vellum; COLOUR_STRAT=CS-LOW-KEY; CHROME=CH-IMMERSIVE; FEEL=soft scholarly florals
C0097	goblincore	Goblincore	internet-aesthetic	SK-CHAT-THREAD	TY-SYSTEM-RAW	chunk-border	moss-pebble	CS-SEPIA	CH-NONE	app	STYLE_ID=goblincore; SKELETON=SK-CHAT-THREAD; TYPE_ERA=TY-SYSTEM-RAW; CONTROL=chunk-border; MATERIAL=moss-pebble; COLOUR_STRAT=CS-SEPIA; CHROME=CH-NONE; FEEL=shiny trash nature hoard
C0098	fairycore	Fairycore	internet-aesthetic	SK-NOTIFICATION-STACK	TY-SCRIPT-SPARSE	pill	dew-forest	CS-INVERTED	CH-MIN	mobile	STYLE_ID=fairycore; SKELETON=SK-NOTIFICATION-STACK; TYPE_ERA=TY-SCRIPT-SPARSE; CONTROL=pill; MATERIAL=dew-forest; COLOUR_STRAT=CS-INVERTED; CHROME=CH-MIN; FEEL=ethereal glitter forest soft
C0099	angelcore	Angelcore	internet-aesthetic	SK-DIRECTORY	TY-DIDONE-LUX	pill	cloud-gold	CS-REGIONAL-FLAG	CH-STANDARD	app	STYLE_ID=angelcore; SKELETON=SK-DIRECTORY; TYPE_ERA=TY-DIDONE-LUX; CONTROL=pill; MATERIAL=cloud-gold; COLOUR_STRAT=CS-REGIONAL-FLAG; CHROME=CH-STANDARD; FEEL=soft white gold ethereal
C0100	devilcore	Devilcore	internet-aesthetic	SK-ATLAS-PLATES	TY-DISPLAY-EXTREME	sharp-0	black-red	CS-BRAND-LOCKUP	CH-APP	marketing	STYLE_ID=devilcore; SKELETON=SK-ATLAS-PLATES; TYPE_ERA=TY-DISPLAY-EXTREME; CONTROL=sharp-0; MATERIAL=black-red; COLOUR_STRAT=CS-BRAND-LOCKUP; CHROME=CH-APP; FEEL=red black occult drama
C0101	witchcore	Witchcore	internet-aesthetic	SK-HERO-SPLIT	TY-OLDSTYLE-SERIF	ink-underline	herb-candle	CS-MONO-PLUS	CH-DENSE	marketing	STYLE_ID=witchcore; SKELETON=SK-HERO-SPLIT; TYPE_ERA=TY-OLDSTYLE-SERIF; CONTROL=ink-underline; MATERIAL=herb-candle; COLOUR_STRAT=CS-MONO-PLUS; CHROME=CH-DENSE; FEEL=herbs candles mystic dark
C0102	cottagegoth	Cottagegoth	internet-aesthetic	SK-SINGLE-STICKY	TY-OLDSTYLE-SERIF	chunk-border	dark-linen	CS-DUOTONE	CH-IMMERSIVE	marketing	STYLE_ID=cottagegoth; SKELETON=SK-SINGLE-STICKY; TYPE_ERA=TY-OLDSTYLE-SERIF; CONTROL=chunk-border; MATERIAL=dark-linen; COLOUR_STRAT=CS-DUOTONE; CHROME=CH-IMMERSIVE; FEEL=pastoral gothic hybrid
C0103	grandmacore	Grandmacore	internet-aesthetic	SK-EDITORIAL-LONG	TY-OLDSTYLE-SERIF	soft-rect	doily-knit	CS-PRIMARY-TRIO	CH-NONE	marketing	STYLE_ID=grandmacore; SKELETON=SK-EDITORIAL-LONG; TYPE_ERA=TY-OLDSTYLE-SERIF; CONTROL=soft-rect; MATERIAL=doily-knit; COLOUR_STRAT=CS-PRIMARY-TRIO; CHROME=CH-NONE; FEEL=doilies knits cozy vintage
C0104	weirdcore	Weirdcore	internet-aesthetic	SK-BENTO	TY-SYSTEM-RAW	sharp-0	jpeg-artifact	CS-TONAL	CH-MIN	marketing	STYLE_ID=weirdcore; SKELETON=SK-BENTO; TYPE_ERA=TY-SYSTEM-RAW; CONTROL=sharp-0; MATERIAL=jpeg-artifact; COLOUR_STRAT=CS-TONAL; CHROME=CH-MIN; FEEL=liminal uncanny low-fi
C0105	traumacore	Traumacore	internet-aesthetic	SK-TABLE-FIRST	TY-SYSTEM-RAW	ink-underline	diary	CS-PAPER-INK	CH-STANDARD	app	STYLE_ID=traumacore; SKELETON=SK-TABLE-FIRST; TYPE_ERA=TY-SYSTEM-RAW; CONTROL=ink-underline; MATERIAL=diary; COLOUR_STRAT=CS-PAPER-INK; CHROME=CH-STANDARD; FEEL=glitch diary sensitive
C0106	dreamcore	Dreamcore	internet-aesthetic	SK-TIMELINE	TY-ROUNDED	pill	fog-pastel	CS-DARK-STAGE	CH-APP	app	STYLE_ID=dreamcore; SKELETON=SK-TIMELINE; TYPE_ERA=TY-ROUNDED; CONTROL=pill; MATERIAL=fog-pastel; COLOUR_STRAT=CS-DARK-STAGE; CHROME=CH-APP; FEEL=soft surreal dream logic
C0107	kidcore	Kidcore	internet-aesthetic	SK-MAP-STAGE	TY-ROUNDED	pill	toy-plastic	CS-PASTEL-POP	CH-DENSE	app	STYLE_ID=kidcore; SKELETON=SK-MAP-STAGE; TYPE_ERA=TY-ROUNDED; CONTROL=pill; MATERIAL=toy-plastic; COLOUR_STRAT=CS-PASTEL-POP; CHROME=CH-DENSE; FEEL=primary toys loud play
C0108	babycore	Babycore	internet-aesthetic	SK-BOARD-KANBAN	TY-ROUNDED	pill	pastel-soft	CS-SIGNAL	CH-IMMERSIVE	app	STYLE_ID=babycore; SKELETON=SK-BOARD-KANBAN; TYPE_ERA=TY-ROUNDED; CONTROL=pill; MATERIAL=pastel-soft; COLOUR_STRAT=CS-SIGNAL; CHROME=CH-IMMERSIVE; FEEL=pastel soft infant cute
C0109	animecore	Animecore	internet-aesthetic	SK-TICKET-STUB	TY-DISPLAY-EXTREME	pill	anime-cel	CS-PHOTO-LED	CH-NONE	marketing	STYLE_ID=animecore; SKELETON=SK-TICKET-STUB; TYPE_ERA=TY-DISPLAY-EXTREME; CONTROL=pill; MATERIAL=anime-cel; COLOUR_STRAT=CS-PHOTO-LED; CHROME=CH-NONE; FEEL=anime screencap energy
C0110	kawaii	Kawaii	internet-aesthetic	SK-LEDGER	TY-ROUNDED	pill	pastel-plastic	CS-CMYK-PROCESS	CH-MIN	app	STYLE_ID=kawaii; SKELETON=SK-LEDGER; TYPE_ERA=TY-ROUNDED; CONTROL=pill; MATERIAL=pastel-plastic; COLOUR_STRAT=CS-CMYK-PROCESS; CHROME=CH-MIN; FEEL=cute pastel rounded JP
C0111	yami-kawaii	Yami Kawaii	internet-aesthetic	SK-TERMINAL	TY-ROUNDED	pill	pastel-menace	CS-EARTH	CH-STANDARD	app	STYLE_ID=yami-kawaii; SKELETON=SK-TERMINAL; TYPE_ERA=TY-ROUNDED; CONTROL=pill; MATERIAL=pastel-menace; COLOUR_STRAT=CS-EARTH; CHROME=CH-STANDARD; FEEL=cute dark medical twist
C0112	gurokawaii	Gurokawa	internet-aesthetic	SK-POSTER	TY-MIXED-HIGH-CONTRAST	chunk-border	cute-horror	CS-OCEAN	CH-APP	marketing	STYLE_ID=gurokawaii; SKELETON=SK-POSTER; TYPE_ERA=TY-MIXED-HIGH-CONTRAST; CONTROL=chunk-border; MATERIAL=cute-horror; COLOUR_STRAT=CS-OCEAN; CHROME=CH-APP; FEEL=cute grotesque
C0113	pastel-goth	Pastel Goth	internet-aesthetic	SK-BOTTOM-SHEET	TY-DISPLAY-EXTREME	chunk-border	pastel-black	CS-NEON-ON-DARK	CH-DENSE	mobile	STYLE_ID=pastel-goth; SKELETON=SK-BOTTOM-SHEET; TYPE_ERA=TY-DISPLAY-EXTREME; CONTROL=chunk-border; MATERIAL=pastel-black; COLOUR_STRAT=CS-NEON-ON-DARK; CHROME=CH-DENSE; FEEL=pastel + black occult
C0114	health-goth	Health Goth	internet-aesthetic	SK-TAB-DECK	TY-INDUSTRIAL-COND	sharp-0	techwear-black	CS-DESAT-CORP	CH-IMMERSIVE	mobile	STYLE_ID=health-goth; SKELETON=SK-TAB-DECK; TYPE_ERA=TY-INDUSTRIAL-COND; CONTROL=sharp-0; MATERIAL=techwear-black; COLOUR_STRAT=CS-DESAT-CORP; CHROME=CH-IMMERSIVE; FEEL=athletic black techwear
C0115	normcore	Normcore	internet-aesthetic	SK-WIZARD-STEPS	TY-SYSTEM-RAW	soft-rect	mall-basic	CS-HIGH-KEY	CH-NONE	app	STYLE_ID=normcore; SKELETON=SK-WIZARD-STEPS; TYPE_ERA=TY-SYSTEM-RAW; CONTROL=soft-rect; MATERIAL=mall-basic; COLOUR_STRAT=CS-HIGH-KEY; CHROME=CH-NONE; FEEL=aggressively ordinary
C0116	balletcore	Balletcore	internet-aesthetic	SK-SPLIT-INSPECTOR	TY-DIDONE-LUX	pill	tulle-pink	CS-LOW-KEY	CH-MIN	app	STYLE_ID=balletcore; SKELETON=SK-SPLIT-INSPECTOR; TYPE_ERA=TY-DIDONE-LUX; CONTROL=pill; MATERIAL=tulle-pink; COLOUR_STRAT=CS-LOW-KEY; CHROME=CH-MIN; FEEL=soft pink tulle poise
C0117	coquette	Coquette	internet-aesthetic	SK-DASH-METRIC	TY-SCRIPT-SPARSE	pill	lace-pink	CS-SEPIA	CH-STANDARD	app	STYLE_ID=coquette; SKELETON=SK-DASH-METRIC; TYPE_ERA=TY-SCRIPT-SPARSE; CONTROL=pill; MATERIAL=lace-pink; COLOUR_STRAT=CS-SEPIA; CHROME=CH-STANDARD; FEEL=bows lace hyper-femme
C0118	blokecore	Blokecore	internet-aesthetic	SK-GALLERY-INDEX	TY-INDUSTRIAL-COND	sharp-0	kit-stripes	CS-INVERTED	CH-APP	marketing	STYLE_ID=blokecore; SKELETON=SK-GALLERY-INDEX; TYPE_ERA=TY-INDUSTRIAL-COND; CONTROL=sharp-0; MATERIAL=kit-stripes; COLOUR_STRAT=CS-INVERTED; CHROME=CH-APP; FEEL=football kits terrace energy
C0119	gorpcore	Gorpcore	internet-aesthetic	SK-ZINE-COLLAGE	TY-HUMANIST	chunk-border	goretex	CS-REGIONAL-FLAG	CH-DENSE	marketing	STYLE_ID=gorpcore; SKELETON=SK-ZINE-COLLAGE; TYPE_ERA=TY-HUMANIST; CONTROL=chunk-border; MATERIAL=goretex; COLOUR_STRAT=CS-REGIONAL-FLAG; CHROME=CH-DENSE; FEEL=outdoor tech fleece trail
C0120	coastal-grandmother	Coastal Grandmother	internet-aesthetic	SK-BRUTAL-BLOCKS	TY-HUMANIST	soft-rect	linen-sea	CS-BRAND-LOCKUP	CH-IMMERSIVE	any	STYLE_ID=coastal-grandmother; SKELETON=SK-BRUTAL-BLOCKS; TYPE_ERA=TY-HUMANIST; CONTROL=soft-rect; MATERIAL=linen-sea; COLOUR_STRAT=CS-BRAND-LOCKUP; CHROME=CH-IMMERSIVE; FEEL=linen sea calm wealthy calm
C0121	clean-girl	Clean Girl	internet-aesthetic	SK-RAIL-DOCK	TY-GROTESK-SOFT	pill	neutral-beauty	CS-MONO-PLUS	CH-NONE	app	STYLE_ID=clean-girl; SKELETON=SK-RAIL-DOCK; TYPE_ERA=TY-GROTESK-SOFT; CONTROL=pill; MATERIAL=neutral-beauty; COLOUR_STRAT=CS-MONO-PLUS; CHROME=CH-NONE; FEEL=minimal sleek neutral beauty
C0122	old-money	Old Money	internet-aesthetic	SK-CENTER-STAGE	TY-TRANSITIONAL-SERIF	ink-underline	navy-cream	CS-DUOTONE	CH-MIN	marketing	STYLE_ID=old-money; SKELETON=SK-CENTER-STAGE; TYPE_ERA=TY-TRANSITIONAL-SERIF; CONTROL=ink-underline; MATERIAL=navy-cream; COLOUR_STRAT=CS-DUOTONE; CHROME=CH-MIN; FEEL=heritage quiet wealth
C0123	new-money	New Money	internet-aesthetic	SK-NEWS-RIVER	TY-DIDONE-LUX	filled-block	chrome-gold	CS-PRIMARY-TRIO	CH-STANDARD	app	STYLE_ID=new-money; SKELETON=SK-NEWS-RIVER; TYPE_ERA=TY-DIDONE-LUX; CONTROL=filled-block; MATERIAL=chrome-gold; COLOUR_STRAT=CS-PRIMARY-TRIO; CHROME=CH-STANDARD; FEEL=loud luxury logos shine
C0124	dark-feminine	Dark Feminine	internet-aesthetic	SK-CALENDAR-SPINE	TY-DIDONE-LUX	sharp-0	black-velvet	CS-TONAL	CH-APP	app	STYLE_ID=dark-feminine; SKELETON=SK-CALENDAR-SPINE; TYPE_ERA=TY-DIDONE-LUX; CONTROL=sharp-0; MATERIAL=black-velvet; COLOUR_STRAT=CS-TONAL; CHROME=CH-APP; FEEL=glamour power black red
C0125	soft-boy	Soft Boy	internet-aesthetic	SK-MASONRY	TY-HUMANIST	soft-rect	pastel-denim	CS-PAPER-INK	CH-DENSE	marketing	STYLE_ID=soft-boy; SKELETON=SK-MASONRY; TYPE_ERA=TY-HUMANIST; CONTROL=soft-rect; MATERIAL=pastel-denim; COLOUR_STRAT=CS-PAPER-INK; CHROME=CH-DENSE; FEEL=pastel indie soft masc
C0126	egirl-eboy	E-girl / E-boy	internet-aesthetic	SK-SPLIT-DIAGONAL	TY-MIXED-HIGH-CONTRAST	chunk-border	alt-platform	CS-DARK-STAGE	CH-IMMERSIVE	marketing	STYLE_ID=egirl-eboy; SKELETON=SK-SPLIT-DIAGONAL; TYPE_ERA=TY-MIXED-HIGH-CONTRAST; CONTROL=chunk-border; MATERIAL=alt-platform; COLOUR_STRAT=CS-DARK-STAGE; CHROME=CH-IMMERSIVE; FEEL=alt platform indie dark cute
C0127	scene-emo	Scene / Emo revival	internet-aesthetic	SK-FRAME-IN-FRAME	TY-DISPLAY-EXTREME	chunk-border	neon-black	CS-PASTEL-POP	CH-NONE	marketing	STYLE_ID=scene-emo; SKELETON=SK-FRAME-IN-FRAME; TYPE_ERA=TY-DISPLAY-EXTREME; CONTROL=chunk-border; MATERIAL=neon-black; COLOUR_STRAT=CS-PASTEL-POP; CHROME=CH-NONE; FEEL=sharp hair colours myspace
C0128	y2k-cyber	Y2K Cyber	internet-aesthetic	SK-SIDE-SCROLL	TY-GEOMETRIC	pill	chrome-ice	CS-SIGNAL	CH-MIN	marketing	STYLE_ID=y2k-cyber; SKELETON=SK-SIDE-SCROLL; TYPE_ERA=TY-GEOMETRIC; CONTROL=pill; MATERIAL=chrome-ice; COLOUR_STRAT=CS-SIGNAL; CHROME=CH-MIN; FEEL=futuristic chrome early web
C0129	frutiger-aero	Frutiger Aero	internet-aesthetic	SK-FIXED-TOC	TY-HUMANIST	pill	aqua-sky	CS-PHOTO-LED	CH-STANDARD	marketing	STYLE_ID=frutiger-aero; SKELETON=SK-FIXED-TOC; TYPE_ERA=TY-HUMANIST; CONTROL=pill; MATERIAL=aqua-sky; COLOUR_STRAT=CS-PHOTO-LED; CHROME=CH-STANDARD; FEEL=glossy nature tech optimistic 2000s
C0130	frutiger-metro	Frutiger Metro	internet-aesthetic	SK-COMMAND-CENTER	TY-GROTESK-SOFT	soft-rect	metro-icon	CS-CMYK-PROCESS	CH-APP	app	STYLE_ID=frutiger-metro; SKELETON=SK-COMMAND-CENTER; TYPE_ERA=TY-GROTESK-SOFT; CONTROL=soft-rect; MATERIAL=metro-icon; COLOUR_STRAT=CS-CMYK-PROCESS; CHROME=CH-APP; FEEL=metro icons soft 2010s
C0131	heliotrope	Heliotrope / Aero cousins	internet-aesthetic	SK-INBOX-ZERO	TY-ROUNDED	pill	sky-water	CS-EARTH	CH-DENSE	app	STYLE_ID=heliotrope; SKELETON=SK-INBOX-ZERO; TYPE_ERA=TY-ROUNDED; CONTROL=pill; MATERIAL=sky-water; COLOUR_STRAT=CS-EARTH; CHROME=CH-DENSE; FEEL=bright sky water bubbles
C0132	cassette-futurism	Cassette Futurism	internet-aesthetic	SK-STUDIO-CANVAS	TY-SYSTEM-RAW	chunk-border	crt-plastic	CS-OCEAN	CH-IMMERSIVE	app	STYLE_ID=cassette-futurism; SKELETON=SK-STUDIO-CANVAS; TYPE_ERA=TY-SYSTEM-RAW; CONTROL=chunk-border; MATERIAL=crt-plastic; COLOUR_STRAT=CS-OCEAN; CHROME=CH-IMMERSIVE; FEEL=chunky buttons CRT no touch glass
C0133	sovietwave	Sovietwave	internet-aesthetic	SK-COMPARISON	TY-GROTESQUE	sharp-0	concrete-red	CS-NEON-ON-DARK	CH-NONE	marketing	STYLE_ID=sovietwave; SKELETON=SK-COMPARISON; TYPE_ERA=TY-GROTESQUE; CONTROL=sharp-0; MATERIAL=concrete-red; COLOUR_STRAT=CS-NEON-ON-DARK; CHROME=CH-NONE; FEEL=socialist modern nostalgia
C0134	laborwave	Laborwave	internet-aesthetic	SK-PRICING-LADDER	TY-INDUSTRIAL-COND	chunk-border	poster-red	CS-DESAT-CORP	CH-MIN	marketing	STYLE_ID=laborwave; SKELETON=SK-PRICING-LADDER; TYPE_ERA=TY-INDUSTRIAL-COND; CONTROL=chunk-border; MATERIAL=poster-red; COLOUR_STRAT=CS-DESAT-CORP; CHROME=CH-MIN; FEEL=worker poster vapor hybrid
C0135	dinosauriac	Dinosauriac	internet-aesthetic	SK-MANIFEST-LIST	TY-SLAB	chunk-border	fossil-sand	CS-HIGH-KEY	CH-STANDARD	app	STYLE_ID=dinosauriac; SKELETON=SK-MANIFEST-LIST; TYPE_ERA=TY-SLAB; CONTROL=chunk-border; MATERIAL=fossil-sand; COLOUR_STRAT=CS-HIGH-KEY; CHROME=CH-STANDARD; FEEL=museum fossil educational
C0136	tropicalcore	Tropicalcore	internet-aesthetic	SK-SCOREBOARD	TY-DISPLAY-EXTREME	pill	fruit-leaf	CS-LOW-KEY	CH-APP	app	STYLE_ID=tropicalcore; SKELETON=SK-SCOREBOARD; TYPE_ERA=TY-DISPLAY-EXTREME; CONTROL=pill; MATERIAL=fruit-leaf; COLOUR_STRAT=CS-LOW-KEY; CHROME=CH-APP; FEEL=lush fruit humid bright
C0137	desertcore	Desertcore	internet-aesthetic	SK-COCKPIT-STRIP	TY-HUMANIST	sharp-0	sandstone	CS-SEPIA	CH-DENSE	app	STYLE_ID=desertcore; SKELETON=SK-COCKPIT-STRIP; TYPE_ERA=TY-HUMANIST; CONTROL=sharp-0; MATERIAL=sandstone; COLOUR_STRAT=CS-SEPIA; CHROME=CH-DENSE; FEEL=arid sun adobe dust
C0138	arcticcore	Arcticcore	internet-aesthetic	SK-FOLIO-SPREAD	TY-GROTESK-SOFT	sharp-0	ice-white	CS-INVERTED	CH-IMMERSIVE	marketing	STYLE_ID=arcticcore; SKELETON=SK-FOLIO-SPREAD; TYPE_ERA=TY-GROTESK-SOFT; CONTROL=sharp-0; MATERIAL=ice-white; COLOUR_STRAT=CS-INVERTED; CHROME=CH-IMMERSIVE; FEEL=ice blue sparse cold
C0139	ocean-core	Ocean core	internet-aesthetic	SK-STAMP-SHEET	TY-HUMANIST	chunk-border	sea-glass	CS-REGIONAL-FLAG	CH-NONE	marketing	STYLE_ID=ocean-core; SKELETON=SK-STAMP-SHEET; TYPE_ERA=TY-HUMANIST; CONTROL=chunk-border; MATERIAL=sea-glass; COLOUR_STRAT=CS-REGIONAL-FLAG; CHROME=CH-NONE; FEEL=deep sea foam maritime
C0140	forestcore	Forestcore	internet-aesthetic	SK-DOCKED-FAB	TY-OLDSTYLE-SERIF	ink-underline	moss	CS-BRAND-LOCKUP	CH-MIN	mobile	STYLE_ID=forestcore; SKELETON=SK-DOCKED-FAB; TYPE_ERA=TY-OLDSTYLE-SERIF; CONTROL=ink-underline; MATERIAL=moss; COLOUR_STRAT=CS-BRAND-LOCKUP; CHROME=CH-MIN; FEEL=deep green moss canopy
C0141	citycore	Citycore	internet-aesthetic	SK-PEEK-CARDS	TY-INDUSTRIAL-COND	sharp-0	neon-street	CS-MONO-PLUS	CH-STANDARD	mobile	STYLE_ID=citycore; SKELETON=SK-PEEK-CARDS; TYPE_ERA=TY-INDUSTRIAL-COND; CONTROL=sharp-0; MATERIAL=neon-street; COLOUR_STRAT=CS-MONO-PLUS; CHROME=CH-STANDARD; FEEL=urban night dense signage
C0142	liminal-space	Liminal Space	internet-aesthetic	SK-RADIO-TUNER	TY-SYSTEM-RAW	sharp-0	fluorescent-empty	CS-DUOTONE	CH-APP	app	STYLE_ID=liminal-space; SKELETON=SK-RADIO-TUNER; TYPE_ERA=TY-SYSTEM-RAW; CONTROL=sharp-0; MATERIAL=fluorescent-empty; COLOUR_STRAT=CS-DUOTONE; CHROME=CH-APP; FEEL=empty transitional eerie
C0143	backrooms	Backrooms	internet-aesthetic	SK-FILMSTRIP	TY-SYSTEM-RAW	sharp-0	yellow-room	CS-PRIMARY-TRIO	CH-DENSE	marketing	STYLE_ID=backrooms; SKELETON=SK-FILMSTRIP; TYPE_ERA=TY-SYSTEM-RAW; CONTROL=sharp-0; MATERIAL=yellow-room; COLOUR_STRAT=CS-PRIMARY-TRIO; CHROME=CH-DENSE; FEEL=yellow rooms endless fluorescent
C0144	poolcore	Poolcore	internet-aesthetic	SK-ORBIT-META	TY-GEOMETRIC	sharp-0	pool-tile	CS-TONAL	CH-IMMERSIVE	marketing	STYLE_ID=poolcore; SKELETON=SK-ORBIT-META; TYPE_ERA=TY-GEOMETRIC; CONTROL=sharp-0; MATERIAL=pool-tile; COLOUR_STRAT=CS-TONAL; CHROME=CH-IMMERSIVE; FEEL=empty pools tile water echo
C0145	abandoned-mall	Abandoned Mallwave	internet-aesthetic	SK-SPLIT-DEPTH	TY-GROTESK-SOFT	soft-rect	mall-tile	CS-PAPER-INK	CH-NONE	marketing	STYLE_ID=abandoned-mall; SKELETON=SK-SPLIT-DEPTH; TYPE_ERA=TY-GROTESK-SOFT; CONTROL=soft-rect; MATERIAL=mall-tile; COLOUR_STRAT=CS-PAPER-INK; CHROME=CH-NONE; FEEL=dead mall nostalgia
C0146	vapor-noir	Vapor Noir	internet-aesthetic	SK-CHECKOUT-TUNNEL	TY-DISPLAY-EXTREME	sharp-0	neon-noir	CS-DARK-STAGE	CH-MIN	marketing	STYLE_ID=vapor-noir; SKELETON=SK-CHECKOUT-TUNNEL; TYPE_ERA=TY-DISPLAY-EXTREME; CONTROL=sharp-0; MATERIAL=neon-noir; COLOUR_STRAT=CS-DARK-STAGE; CHROME=CH-MIN; FEEL=vaporwave + noir
C0147	danish-pastel	Danish Pastel	internet-aesthetic	SK-CHAT-THREAD	TY-ROUNDED	soft-rect	pastel-block	CS-PASTEL-POP	CH-STANDARD	app	STYLE_ID=danish-pastel; SKELETON=SK-CHAT-THREAD; TYPE_ERA=TY-ROUNDED; CONTROL=soft-rect; MATERIAL=pastel-block; COLOUR_STRAT=CS-PASTEL-POP; CHROME=CH-STANDARD; FEEL=soft scandi pastel blocks
C0148	mob-wife	Mob Wife Aesthetic	internet-aesthetic	SK-NOTIFICATION-STACK	TY-DIDONE-LUX	filled-block	fur-gold	CS-SIGNAL	CH-APP	mobile	STYLE_ID=mob-wife; SKELETON=SK-NOTIFICATION-STACK; TYPE_ERA=TY-DIDONE-LUX; CONTROL=filled-block; MATERIAL=fur-gold; COLOUR_STRAT=CS-SIGNAL; CHROME=CH-APP; FEEL=fur glam animal print drama
C0149	tomato-girl	Tomato Girl Summer	internet-aesthetic	SK-DIRECTORY	TY-HUMANIST	soft-rect	tomato-olive	CS-PHOTO-LED	CH-DENSE	app	STYLE_ID=tomato-girl; SKELETON=SK-DIRECTORY; TYPE_ERA=TY-HUMANIST; CONTROL=soft-rect; MATERIAL=tomato-olive; COLOUR_STRAT=CS-PHOTO-LED; CHROME=CH-DENSE; FEEL=mediterranean red green sun
C0150	blueberry-girl	Blueberry Girl	internet-aesthetic	SK-ATLAS-PLATES	TY-HUMANIST	pill	blueberry	CS-CMYK-PROCESS	CH-IMMERSIVE	marketing	STYLE_ID=blueberry-girl; SKELETON=SK-ATLAS-PLATES; TYPE_ERA=TY-HUMANIST; CONTROL=pill; MATERIAL=blueberry; COLOUR_STRAT=CS-CMYK-PROCESS; CHROME=CH-IMMERSIVE; FEEL=cool blue soft summer
C0151	office-siren	Office Siren	internet-aesthetic	SK-HERO-SPLIT	TY-GROTESK-SOFT	soft-rect	corp-gloss	CS-EARTH	CH-NONE	marketing	STYLE_ID=office-siren; SKELETON=SK-HERO-SPLIT; TYPE_ERA=TY-GROTESK-SOFT; CONTROL=soft-rect; MATERIAL=corp-gloss; COLOUR_STRAT=CS-EARTH; CHROME=CH-NONE; FEEL=Y2K corporate glam
C0152	ballet-aesthetic	Ballet Aesthetic UI	internet-aesthetic	SK-SINGLE-STICKY	TY-DIDONE-LUX	ink-underline	studio-wood	CS-OCEAN	CH-MIN	marketing	STYLE_ID=ballet-aesthetic; SKELETON=SK-SINGLE-STICKY; TYPE_ERA=TY-DIDONE-LUX; CONTROL=ink-underline; MATERIAL=studio-wood; COLOUR_STRAT=CS-OCEAN; CHROME=CH-MIN; FEEL=rehearsal sparse soft discipline
C0153	punk-flyer	Punk Flyer	music-subculture	SK-EDITORIAL-LONG	TY-MIXED-HIGH-CONTRAST	chunk-border	xerox	CS-NEON-ON-DARK	CH-STANDARD	marketing	STYLE_ID=punk-flyer; SKELETON=SK-EDITORIAL-LONG; TYPE_ERA=TY-MIXED-HIGH-CONTRAST; CONTROL=chunk-border; MATERIAL=xerox; COLOUR_STRAT=CS-NEON-ON-DARK; CHROME=CH-STANDARD; FEEL=ransom type xerox anger
C0154	post-punk	Post-Punk	music-subculture	SK-BENTO	TY-GROTESQUE	sharp-0	black-white	CS-DESAT-CORP	CH-APP	marketing	STYLE_ID=post-punk; SKELETON=SK-BENTO; TYPE_ERA=TY-GROTESQUE; CONTROL=sharp-0; MATERIAL=black-white; COLOUR_STRAT=CS-DESAT-CORP; CHROME=CH-APP; FEEL=stark mono angular
C0155	goth-romantic	Goth Romantic	music-subculture	SK-TABLE-FIRST	TY-OLDSTYLE-SERIF	ink-underline	black-lace	CS-HIGH-KEY	CH-DENSE	app	STYLE_ID=goth-romantic; SKELETON=SK-TABLE-FIRST; TYPE_ERA=TY-OLDSTYLE-SERIF; CONTROL=ink-underline; MATERIAL=black-lace; COLOUR_STRAT=CS-HIGH-KEY; CHROME=CH-DENSE; FEEL=black lace Victorian dark
C0156	industrial-music	Industrial	music-subculture	SK-TIMELINE	TY-MONO-DATA	sharp-0	steel-rust	CS-LOW-KEY	CH-IMMERSIVE	app	STYLE_ID=industrial-music; SKELETON=SK-TIMELINE; TYPE_ERA=TY-MONO-DATA; CONTROL=sharp-0; MATERIAL=steel-rust; COLOUR_STRAT=CS-LOW-KEY; CHROME=CH-IMMERSIVE; FEEL=cold machine harsh
C0157	techno-warehouse	Techno Warehouse	music-subculture	SK-MAP-STAGE	TY-GROTESQUE	sharp-0	warehouse-black	CS-SEPIA	CH-NONE	app	STYLE_ID=techno-warehouse; SKELETON=SK-MAP-STAGE; TYPE_ERA=TY-GROTESQUE; CONTROL=sharp-0; MATERIAL=warehouse-black; COLOUR_STRAT=CS-SEPIA; CHROME=CH-NONE; FEEL=dark strobe minimal type
C0158	rave-flyer-90s	90s Rave Flyer	music-subculture	SK-BOARD-KANBAN	TY-DISPLAY-EXTREME	chunk-border	acid-print	CS-INVERTED	CH-MIN	app	STYLE_ID=rave-flyer-90s; SKELETON=SK-BOARD-KANBAN; TYPE_ERA=TY-DISPLAY-EXTREME; CONTROL=chunk-border; MATERIAL=acid-print; COLOUR_STRAT=CS-INVERTED; CHROME=CH-MIN; FEEL=acid colours chaos type
C0159	disco-studio54	Disco Glam	music-subculture	SK-TICKET-STUB	TY-DIDONE-LUX	pill	mirror-gold	CS-REGIONAL-FLAG	CH-STANDARD	marketing	STYLE_ID=disco-studio54; SKELETON=SK-TICKET-STUB; TYPE_ERA=TY-DIDONE-LUX; CONTROL=pill; MATERIAL=mirror-gold; COLOUR_STRAT=CS-REGIONAL-FLAG; CHROME=CH-STANDARD; FEEL=mirrorball gold night
C0160	hip-hop-gold-era	Hip-Hop Gold Era	music-subculture	SK-LEDGER	TY-INDUSTRIAL-COND	chunk-border	brick-gold	CS-BRAND-LOCKUP	CH-APP	app	STYLE_ID=hip-hop-gold-era; SKELETON=SK-LEDGER; TYPE_ERA=TY-INDUSTRIAL-COND; CONTROL=chunk-border; MATERIAL=brick-gold; COLOUR_STRAT=CS-BRAND-LOCKUP; CHROME=CH-APP; FEEL=bold type brick city
C0161	graffiti-wildstyle	Graffiti Wildstyle	music-subculture	SK-TERMINAL	TY-DISPLAY-EXTREME	chunk-border	spray-brick	CS-MONO-PLUS	CH-DENSE	app	STYLE_ID=graffiti-wildstyle; SKELETON=SK-TERMINAL; TYPE_ERA=TY-DISPLAY-EXTREME; CONTROL=chunk-border; MATERIAL=spray-brick; COLOUR_STRAT=CS-MONO-PLUS; CHROME=CH-DENSE; FEEL=letter complexity street
C0162	skater-zine	Skater Zine	music-subculture	SK-POSTER	TY-MIXED-HIGH-CONTRAST	chunk-border	polaroid-grit	CS-DUOTONE	CH-IMMERSIVE	marketing	STYLE_ID=skater-zine; SKELETON=SK-POSTER; TYPE_ERA=TY-MIXED-HIGH-CONTRAST; CONTROL=chunk-border; MATERIAL=polaroid-grit; COLOUR_STRAT=CS-DUOTONE; CHROME=CH-IMMERSIVE; FEEL=photo crash diy type
C0163	surf-poster	Surf Poster	music-subculture	SK-BOTTOM-SHEET	TY-DISPLAY-EXTREME	pill	wave-sun	CS-PRIMARY-TRIO	CH-NONE	mobile	STYLE_ID=surf-poster; SKELETON=SK-BOTTOM-SHEET; TYPE_ERA=TY-DISPLAY-EXTREME; CONTROL=pill; MATERIAL=wave-sun; COLOUR_STRAT=CS-PRIMARY-TRIO; CHROME=CH-NONE; FEEL=wave sun beach type
C0164	metal-album	Metal Album	music-subculture	SK-TAB-DECK	TY-BLACKLETTER-SPARSE	sharp-0	chrome-black	CS-TONAL	CH-MIN	mobile	STYLE_ID=metal-album; SKELETON=SK-TAB-DECK; TYPE_ERA=TY-BLACKLETTER-SPARSE; CONTROL=sharp-0; MATERIAL=chrome-black; COLOUR_STRAT=CS-TONAL; CHROME=CH-MIN; FEEL=blackletter chrome dark
C0165	jazz-blue-note	Blue Note Jazz	music-subculture	SK-WIZARD-STEPS	TY-GROTESQUE	sharp-0	blue-note	CS-PAPER-INK	CH-STANDARD	app	STYLE_ID=jazz-blue-note; SKELETON=SK-WIZARD-STEPS; TYPE_ERA=TY-GROTESQUE; CONTROL=sharp-0; MATERIAL=blue-note; COLOUR_STRAT=CS-PAPER-INK; CHROME=CH-STANDARD; FEEL=duotone photo bold type
C0166	folk-revival	Folk Revival	music-subculture	SK-SPLIT-INSPECTOR	TY-OLDSTYLE-SERIF	ink-underline	woodcut	CS-DARK-STAGE	CH-APP	app	STYLE_ID=folk-revival; SKELETON=SK-SPLIT-INSPECTOR; TYPE_ERA=TY-OLDSTYLE-SERIF; CONTROL=ink-underline; MATERIAL=woodcut; COLOUR_STRAT=CS-DARK-STAGE; CHROME=CH-APP; FEEL=woodcut acoustic warm
C0167	country-western	Country Western	music-subculture	SK-DASH-METRIC	TY-SLAB	ticket	barn-wood	CS-PASTEL-POP	CH-DENSE	app	STYLE_ID=country-western; SKELETON=SK-DASH-METRIC; TYPE_ERA=TY-SLAB; CONTROL=ticket; MATERIAL=barn-wood; COLOUR_STRAT=CS-PASTEL-POP; CHROME=CH-DENSE; FEEL=barnwood rope spur
C0168	reggae-dub	Reggae / Dub	music-subculture	SK-GALLERY-INDEX	TY-HUMANIST	chunk-border	vinyl-warm	CS-SIGNAL	CH-IMMERSIVE	marketing	STYLE_ID=reggae-dub; SKELETON=SK-GALLERY-INDEX; TYPE_ERA=TY-HUMANIST; CONTROL=chunk-border; MATERIAL=vinyl-warm; COLOUR_STRAT=CS-SIGNAL; CHROME=CH-IMMERSIVE; FEEL=roots colours vinyl warm
C0169	k-pop-idol	K-pop Idol	music-subculture	SK-ZINE-COLLAGE	TY-ROUNDED	pill	gloss-pastel	CS-PHOTO-LED	CH-NONE	marketing	STYLE_ID=k-pop-idol; SKELETON=SK-ZINE-COLLAGE; TYPE_ERA=TY-ROUNDED; CONTROL=pill; MATERIAL=gloss-pastel; COLOUR_STRAT=CS-PHOTO-LED; CHROME=CH-NONE; FEEL=high gloss idol photocard
C0170	j-rock-visual-kei	Visual Kei	music-subculture	SK-BRUTAL-BLOCKS	TY-DISPLAY-EXTREME	sharp-0	stage-black	CS-CMYK-PROCESS	CH-MIN	any	STYLE_ID=j-rock-visual-kei; SKELETON=SK-BRUTAL-BLOCKS; TYPE_ERA=TY-DISPLAY-EXTREME; CONTROL=sharp-0; MATERIAL=stage-black; COLOUR_STRAT=CS-CMYK-PROCESS; CHROME=CH-MIN; FEEL=dramatic makeup theatrical
C0171	city-pop	City Pop	music-subculture	SK-RAIL-DOCK	TY-GEOMETRIC	pill	city-dusk	CS-EARTH	CH-STANDARD	app	STYLE_ID=city-pop; SKELETON=SK-RAIL-DOCK; TYPE_ERA=TY-GEOMETRIC; CONTROL=pill; MATERIAL=city-dusk; COLOUR_STRAT=CS-EARTH; CHROME=CH-STANDARD; FEEL=80s JP soft luxury leisure
C0172	lofi-beats	Lo-fi Beats	music-subculture	SK-CENTER-STAGE	TY-HUMANIST	soft-rect	vinyl-dust	CS-OCEAN	CH-APP	marketing	STYLE_ID=lofi-beats; SKELETON=SK-CENTER-STAGE; TYPE_ERA=TY-HUMANIST; CONTROL=soft-rect; MATERIAL=vinyl-dust; COLOUR_STRAT=CS-OCEAN; CHROME=CH-APP; FEEL=study girl vinyl dust soft
C0173	fintech-trust	Fintech Trust	industry	SK-NEWS-RIVER	TY-GROTESK-SOFT	soft-rect	cool-grey	CS-NEON-ON-DARK	CH-DENSE	app	STYLE_ID=fintech-trust; SKELETON=SK-NEWS-RIVER; TYPE_ERA=TY-GROTESK-SOFT; CONTROL=soft-rect; MATERIAL=cool-grey; COLOUR_STRAT=CS-NEON-ON-DARK; CHROME=CH-DENSE; FEEL=calm numbers serious blue
C0174	fintech-crypto-neon	Crypto Neon	industry	SK-CALENDAR-SPINE	TY-MONO-DATA	sharp-0	neon-dark	CS-DESAT-CORP	CH-IMMERSIVE	app	STYLE_ID=fintech-crypto-neon; SKELETON=SK-CALENDAR-SPINE; TYPE_ERA=TY-MONO-DATA; CONTROL=sharp-0; MATERIAL=neon-dark; COLOUR_STRAT=CS-DESAT-CORP; CHROME=CH-IMMERSIVE; FEEL=dark neon charts hype
C0175	banking-classic	Classic Banking	industry	SK-MASONRY	TY-TRANSITIONAL-SERIF	ink-underline	navy-cream	CS-HIGH-KEY	CH-NONE	marketing	STYLE_ID=banking-classic; SKELETON=SK-MASONRY; TYPE_ERA=TY-TRANSITIONAL-SERIF; CONTROL=ink-underline; MATERIAL=navy-cream; COLOUR_STRAT=CS-HIGH-KEY; CHROME=CH-NONE; FEEL=heritage navy serif trust
C0176	insurance-plain	Insurance Plain Language	industry	SK-SPLIT-DIAGONAL	TY-HUMANIST	soft-rect	plain-white	CS-LOW-KEY	CH-MIN	marketing	STYLE_ID=insurance-plain; SKELETON=SK-SPLIT-DIAGONAL; TYPE_ERA=TY-HUMANIST; CONTROL=soft-rect; MATERIAL=plain-white; COLOUR_STRAT=CS-LOW-KEY; CHROME=CH-MIN; FEEL=clear forms low drama
C0177	health-clinical	Clinical Health	industry	SK-FRAME-IN-FRAME	TY-HUMANIST	soft-rect	clinic-white	CS-SEPIA	CH-STANDARD	marketing	STYLE_ID=health-clinical; SKELETON=SK-FRAME-IN-FRAME; TYPE_ERA=TY-HUMANIST; CONTROL=soft-rect; MATERIAL=clinic-white; COLOUR_STRAT=CS-SEPIA; CHROME=CH-STANDARD; FEEL=sterile calm precise
C0178	health-wellness	Wellness Soft	industry	SK-SIDE-SCROLL	TY-ROUNDED	pill	mint-sand	CS-INVERTED	CH-APP	marketing	STYLE_ID=health-wellness; SKELETON=SK-SIDE-SCROLL; TYPE_ERA=TY-ROUNDED; CONTROL=pill; MATERIAL=mint-sand; COLOUR_STRAT=CS-INVERTED; CHROME=CH-APP; FEEL=calm mint breathy
C0179	pharma-pack	Pharma Packaging	industry	SK-FIXED-TOC	TY-HUMANIST	sharp-0	pack-white	CS-REGIONAL-FLAG	CH-DENSE	marketing	STYLE_ID=pharma-pack; SKELETON=SK-FIXED-TOC; TYPE_ERA=TY-HUMANIST; CONTROL=sharp-0; MATERIAL=pack-white; COLOUR_STRAT=CS-REGIONAL-FLAG; CHROME=CH-DENSE; FEEL=regulated clear hierarchy
C0180	edu-primary	Primary Education	industry	SK-COMMAND-CENTER	TY-ROUNDED	pill	school-primary	CS-BRAND-LOCKUP	CH-IMMERSIVE	app	STYLE_ID=edu-primary; SKELETON=SK-COMMAND-CENTER; TYPE_ERA=TY-ROUNDED; CONTROL=pill; MATERIAL=school-primary; COLOUR_STRAT=CS-BRAND-LOCKUP; CHROME=CH-IMMERSIVE; FEEL=large type playful clear
C0181	edu-university	University Academic	industry	SK-INBOX-ZERO	TY-OLDSTYLE-SERIF	ink-underline	crest-paper	CS-MONO-PLUS	CH-NONE	app	STYLE_ID=edu-university; SKELETON=SK-INBOX-ZERO; TYPE_ERA=TY-OLDSTYLE-SERIF; CONTROL=ink-underline; MATERIAL=crest-paper; COLOUR_STRAT=CS-MONO-PLUS; CHROME=CH-NONE; FEEL=crest scholarship calm
C0182	gov-uk-like	Civic GOV-like	industry	SK-STUDIO-CANVAS	TY-HUMANIST	sharp-0	gov-yellow	CS-DUOTONE	CH-MIN	app	STYLE_ID=gov-uk-like; SKELETON=SK-STUDIO-CANVAS; TYPE_ERA=TY-HUMANIST; CONTROL=sharp-0; MATERIAL=gov-yellow; COLOUR_STRAT=CS-DUOTONE; CHROME=CH-MIN; FEEL=plain language black yellow
C0183	gov-us-formal	US Federal Formal	industry	SK-COMPARISON	TY-TRANSITIONAL-SERIF	sharp-0	seal-blue	CS-PRIMARY-TRIO	CH-STANDARD	marketing	STYLE_ID=gov-us-formal; SKELETON=SK-COMPARISON; TYPE_ERA=TY-TRANSITIONAL-SERIF; CONTROL=sharp-0; MATERIAL=seal-blue; COLOUR_STRAT=CS-PRIMARY-TRIO; CHROME=CH-STANDARD; FEEL=formal seal structured
C0184	legal-chambers	Legal Chambers	industry	SK-PRICING-LADDER	TY-OLDSTYLE-SERIF	ink-underline	law-paper	CS-TONAL	CH-APP	marketing	STYLE_ID=legal-chambers; SKELETON=SK-PRICING-LADDER; TYPE_ERA=TY-OLDSTYLE-SERIF; CONTROL=ink-underline; MATERIAL=law-paper; COLOUR_STRAT=CS-TONAL; CHROME=CH-APP; FEEL=dense text authority
C0185	real-estate-luxury	Luxury Real Estate	industry	SK-MANIFEST-LIST	TY-DIDONE-LUX	ink-underline	photo-arch	CS-PAPER-INK	CH-DENSE	app	STYLE_ID=real-estate-luxury; SKELETON=SK-MANIFEST-LIST; TYPE_ERA=TY-DIDONE-LUX; CONTROL=ink-underline; MATERIAL=photo-arch; COLOUR_STRAT=CS-PAPER-INK; CHROME=CH-DENSE; FEEL=photo-first sparse type
C0186	real-estate-portal	Property Portal	industry	SK-SCOREBOARD	TY-GROTESK-SOFT	soft-rect	portal-grey	CS-DARK-STAGE	CH-IMMERSIVE	app	STYLE_ID=real-estate-portal; SKELETON=SK-SCOREBOARD; TYPE_ERA=TY-GROTESK-SOFT; CONTROL=soft-rect; MATERIAL=portal-grey; COLOUR_STRAT=CS-DARK-STAGE; CHROME=CH-IMMERSIVE; FEEL=filters cards map hybrid
C0187	travel-ota	OTA Travel	industry	SK-COCKPIT-STRIP	TY-GROTESK-SOFT	pill	sky-deal	CS-PASTEL-POP	CH-NONE	app	STYLE_ID=travel-ota; SKELETON=SK-COCKPIT-STRIP; TYPE_ERA=TY-GROTESK-SOFT; CONTROL=pill; MATERIAL=sky-deal; COLOUR_STRAT=CS-PASTEL-POP; CHROME=CH-NONE; FEEL=deals cards trust badges careful
C0188	airline	Airline	industry	SK-FOLIO-SPREAD	TY-HUMANIST	sharp-0	airline-blue	CS-SIGNAL	CH-MIN	marketing	STYLE_ID=airline; SKELETON=SK-FOLIO-SPREAD; TYPE_ERA=TY-HUMANIST; CONTROL=sharp-0; MATERIAL=airline-blue; COLOUR_STRAT=CS-SIGNAL; CHROME=CH-MIN; FEEL=wayfinding seats status
C0189	hotel-boutique	Boutique Hotel	industry	SK-STAMP-SHEET	TY-SERIF-TEXT	ink-underline	local-material	CS-PHOTO-LED	CH-STANDARD	marketing	STYLE_ID=hotel-boutique; SKELETON=SK-STAMP-SHEET; TYPE_ERA=TY-SERIF-TEXT; CONTROL=ink-underline; MATERIAL=local-material; COLOUR_STRAT=CS-PHOTO-LED; CHROME=CH-STANDARD; FEEL=tactile local material
C0190	restaurant-fine	Fine Dining	industry	SK-DOCKED-FAB	TY-DIDONE-LUX	ink-underline	menu-paper	CS-CMYK-PROCESS	CH-APP	mobile	STYLE_ID=restaurant-fine; SKELETON=SK-DOCKED-FAB; TYPE_ERA=TY-DIDONE-LUX; CONTROL=ink-underline; MATERIAL=menu-paper; COLOUR_STRAT=CS-CMYK-PROCESS; CHROME=CH-APP; FEEL=menu quiet luxury
C0191	restaurant-diner	Diner	industry	SK-PEEK-CARDS	TY-DISPLAY-EXTREME	chunk-border	diner-chrome	CS-EARTH	CH-DENSE	mobile	STYLE_ID=restaurant-diner; SKELETON=SK-PEEK-CARDS; TYPE_ERA=TY-DISPLAY-EXTREME; CONTROL=chunk-border; MATERIAL=diner-chrome; COLOUR_STRAT=CS-EARTH; CHROME=CH-DENSE; FEEL=chrome neon menu board
C0192	cafe-third-wave	Third Wave Café	industry	SK-RADIO-TUNER	TY-HUMANIST	soft-rect	craft-paper	CS-OCEAN	CH-IMMERSIVE	app	STYLE_ID=cafe-third-wave; SKELETON=SK-RADIO-TUNER; TYPE_ERA=TY-HUMANIST; CONTROL=soft-rect; MATERIAL=craft-paper; COLOUR_STRAT=CS-OCEAN; CHROME=CH-IMMERSIVE; FEEL=craft minimal origin story
C0193	qsr-fast	Quick Service	industry	SK-FILMSTRIP	TY-INDUSTRIAL-COND	filled-block	qsr-bright	CS-NEON-ON-DARK	CH-NONE	marketing	STYLE_ID=qsr-fast; SKELETON=SK-FILMSTRIP; TYPE_ERA=TY-INDUSTRIAL-COND; CONTROL=filled-block; MATERIAL=qsr-bright; COLOUR_STRAT=CS-NEON-ON-DARK; CHROME=CH-NONE; FEEL=speed menu big calories
C0194	grocery	Grocery Retail	industry	SK-ORBIT-META	TY-HUMANIST	soft-rect	retail-white	CS-DESAT-CORP	CH-MIN	marketing	STYLE_ID=grocery; SKELETON=SK-ORBIT-META; TYPE_ERA=TY-HUMANIST; CONTROL=soft-rect; MATERIAL=retail-white; COLOUR_STRAT=CS-DESAT-CORP; CHROME=CH-MIN; FEEL=aisles promos dense
C0195	fashion-luxury	Luxury Fashion	industry	SK-SPLIT-DEPTH	TY-DIDONE-LUX	ink-underline	campaign-photo	CS-HIGH-KEY	CH-STANDARD	marketing	STYLE_ID=fashion-luxury; SKELETON=SK-SPLIT-DEPTH; TYPE_ERA=TY-DIDONE-LUX; CONTROL=ink-underline; MATERIAL=campaign-photo; COLOUR_STRAT=CS-HIGH-KEY; CHROME=CH-STANDARD; FEEL=campaign image type quiet
C0196	fashion-street	Streetwear	industry	SK-CHECKOUT-TUNNEL	TY-INDUSTRIAL-COND	sharp-0	drop-black	CS-LOW-KEY	CH-APP	marketing	STYLE_ID=fashion-street; SKELETON=SK-CHECKOUT-TUNNEL; TYPE_ERA=TY-INDUSTRIAL-COND; CONTROL=sharp-0; MATERIAL=drop-black; COLOUR_STRAT=CS-LOW-KEY; CHROME=CH-APP; FEEL=drop hype bold type
C0197	sports-retail	Sports Retail	industry	SK-CHAT-THREAD	TY-INDUSTRIAL-COND	sharp-0	volt-black	CS-SEPIA	CH-DENSE	app	STYLE_ID=sports-retail; SKELETON=SK-CHAT-THREAD; TYPE_ERA=TY-INDUSTRIAL-COND; CONTROL=sharp-0; MATERIAL=volt-black; COLOUR_STRAT=CS-SEPIA; CHROME=CH-DENSE; FEEL=energy motion athletes
C0198	sports-broadcast	Sports Broadcast	industry	SK-NOTIFICATION-STACK	TY-INDUSTRIAL-COND	sharp-0	broadcast-black	CS-INVERTED	CH-IMMERSIVE	mobile	STYLE_ID=sports-broadcast; SKELETON=SK-NOTIFICATION-STACK; TYPE_ERA=TY-INDUSTRIAL-COND; CONTROL=sharp-0; MATERIAL=broadcast-black; COLOUR_STRAT=CS-INVERTED; CHROME=CH-IMMERSIVE; FEEL=score bug live urgency
C0199	gaming-aaa	AAA Gaming HUD	industry	SK-DIRECTORY	TY-INDUSTRIAL-COND	sharp-0	hud-metal	CS-REGIONAL-FLAG	CH-NONE	app	STYLE_ID=gaming-aaa; SKELETON=SK-DIRECTORY; TYPE_ERA=TY-INDUSTRIAL-COND; CONTROL=sharp-0; MATERIAL=hud-metal; COLOUR_STRAT=CS-REGIONAL-FLAG; CHROME=CH-NONE; FEEL=immersive diegetic HUD
C0200	gaming-cozy	Cozy Game	industry	SK-ATLAS-PLATES	TY-ROUNDED	pill	cozy-wool	CS-BRAND-LOCKUP	CH-MIN	marketing	STYLE_ID=gaming-cozy; SKELETON=SK-ATLAS-PLATES; TYPE_ERA=TY-ROUNDED; CONTROL=pill; MATERIAL=cozy-wool; COLOUR_STRAT=CS-BRAND-LOCKUP; CHROME=CH-MIN; FEEL=soft stickers warm
C0201	gaming-retro	Retro Game UI	industry	SK-HERO-SPLIT	TY-PIXEL	sharp-0	pixel-crt	CS-MONO-PLUS	CH-STANDARD	marketing	STYLE_ID=gaming-retro; SKELETON=SK-HERO-SPLIT; TYPE_ERA=TY-PIXEL; CONTROL=sharp-0; MATERIAL=pixel-crt; COLOUR_STRAT=CS-MONO-PLUS; CHROME=CH-STANDARD; FEEL=pixel frames limited colour
C0202	dev-tool	Developer Tool	industry	SK-SINGLE-STICKY	TY-MONO-DATA	sharp-0	terminal-dark	CS-DUOTONE	CH-APP	marketing	STYLE_ID=dev-tool; SKELETON=SK-SINGLE-STICKY; TYPE_ERA=TY-MONO-DATA; CONTROL=sharp-0; MATERIAL=terminal-dark; COLOUR_STRAT=CS-DUOTONE; CHROME=CH-APP; FEEL=dense mono panels
C0203	design-tool	Design Tool	industry	SK-EDITORIAL-LONG	TY-GROTESK-SOFT	soft-rect	artboard	CS-PRIMARY-TRIO	CH-DENSE	marketing	STYLE_ID=design-tool; SKELETON=SK-EDITORIAL-LONG; TYPE_ERA=TY-GROTESK-SOFT; CONTROL=soft-rect; MATERIAL=artboard; COLOUR_STRAT=CS-PRIMARY-TRIO; CHROME=CH-DENSE; FEEL=canvas infinite artboard
C0204	music-daw	DAW / Music Tool	industry	SK-BENTO	TY-SYSTEM-RAW	sharp-0	daw-dark	CS-TONAL	CH-IMMERSIVE	marketing	STYLE_ID=music-daw; SKELETON=SK-BENTO; TYPE_ERA=TY-SYSTEM-RAW; CONTROL=sharp-0; MATERIAL=daw-dark; COLOUR_STRAT=CS-TONAL; CHROME=CH-IMMERSIVE; FEEL=timeline tracks transport
C0205	photo-editor	Photo Editor	industry	SK-TABLE-FIRST	TY-GROTESK-SOFT	soft-rect	preview-stage	CS-PAPER-INK	CH-NONE	app	STYLE_ID=photo-editor; SKELETON=SK-TABLE-FIRST; TYPE_ERA=TY-GROTESK-SOFT; CONTROL=soft-rect; MATERIAL=preview-stage; COLOUR_STRAT=CS-PAPER-INK; CHROME=CH-NONE; FEEL=preview first tools dock
C0206	maps-nav	Maps Navigation	industry	SK-TIMELINE	TY-HUMANIST	pill	map-stage	CS-DARK-STAGE	CH-MIN	app	STYLE_ID=maps-nav; SKELETON=SK-TIMELINE; TYPE_ERA=TY-HUMANIST; CONTROL=pill; MATERIAL=map-stage; COLOUR_STRAT=CS-DARK-STAGE; CHROME=CH-MIN; FEEL=map is UI chrome minimal
C0207	iot-dashboard	IoT Dashboard	industry	SK-MAP-STAGE	TY-GROTESK-SOFT	soft-rect	device-tile	CS-PASTEL-POP	CH-STANDARD	app	STYLE_ID=iot-dashboard; SKELETON=SK-MAP-STAGE; TYPE_ERA=TY-GROTESK-SOFT; CONTROL=soft-rect; MATERIAL=device-tile; COLOUR_STRAT=CS-PASTEL-POP; CHROME=CH-STANDARD; FEEL=device status tiles
C0208	industrial-scada	SCADA Industrial	industry	SK-BOARD-KANBAN	TY-MONO-DATA	sharp-0	panel-grey	CS-SIGNAL	CH-APP	app	STYLE_ID=industrial-scada; SKELETON=SK-BOARD-KANBAN; TYPE_ERA=TY-MONO-DATA; CONTROL=sharp-0; MATERIAL=panel-grey; COLOUR_STRAT=CS-SIGNAL; CHROME=CH-APP; FEEL=mimic panels alarms
C0209	lab-lims	Lab LIMS	industry	SK-TICKET-STUB	TY-MONO-DATA	sharp-0	lab-laminate	CS-PHOTO-LED	CH-DENSE	marketing	STYLE_ID=lab-lims; SKELETON=SK-TICKET-STUB; TYPE_ERA=TY-MONO-DATA; CONTROL=sharp-0; MATERIAL=lab-laminate; COLOUR_STRAT=CS-PHOTO-LED; CHROME=CH-DENSE; FEEL=samples chain of custody
C0210	logistics	Logistics Ops	industry	SK-LEDGER	TY-INDUSTRIAL-COND	chunk-border	warehouse	CS-CMYK-PROCESS	CH-IMMERSIVE	app	STYLE_ID=logistics; SKELETON=SK-LEDGER; TYPE_ERA=TY-INDUSTRIAL-COND; CONTROL=chunk-border; MATERIAL=warehouse; COLOUR_STRAT=CS-CMYK-PROCESS; CHROME=CH-IMMERSIVE; FEEL=manifests lanes ETAs
C0211	warehouse-wms	Warehouse WMS	industry	SK-TERMINAL	TY-INDUSTRIAL-COND	chunk-border	rugged-handheld	CS-EARTH	CH-NONE	app	STYLE_ID=warehouse-wms; SKELETON=SK-TERMINAL; TYPE_ERA=TY-INDUSTRIAL-COND; CONTROL=chunk-border; MATERIAL=rugged-handheld; COLOUR_STRAT=CS-EARTH; CHROME=CH-NONE; FEEL=bins scans rugged
C0212	maritime-ops	Maritime Ops	industry	SK-POSTER	TY-HUMANIST	chunk-border	navy-signal	CS-OCEAN	CH-MIN	marketing	STYLE_ID=maritime-ops; SKELETON=SK-POSTER; TYPE_ERA=TY-HUMANIST; CONTROL=chunk-border; MATERIAL=navy-signal; COLOUR_STRAT=CS-OCEAN; CHROME=CH-MIN; FEEL=tide berths signals
C0213	aviation-ops	Aviation Ops	industry	SK-BOTTOM-SHEET	TY-HUMANIST	sharp-0	aviation-grey	CS-NEON-ON-DARK	CH-STANDARD	mobile	STYLE_ID=aviation-ops; SKELETON=SK-BOTTOM-SHEET; TYPE_ERA=TY-HUMANIST; CONTROL=sharp-0; MATERIAL=aviation-grey; COLOUR_STRAT=CS-NEON-ON-DARK; CHROME=CH-STANDARD; FEEL=gates turns safety
C0214	energy-grid	Energy Grid	industry	SK-TAB-DECK	TY-MONO-DATA	sharp-0	grid-blue	CS-DESAT-CORP	CH-APP	mobile	STYLE_ID=energy-grid; SKELETON=SK-TAB-DECK; TYPE_ERA=TY-MONO-DATA; CONTROL=sharp-0; MATERIAL=grid-blue; COLOUR_STRAT=CS-DESAT-CORP; CHROME=CH-APP; FEEL=network status load
C0215	agritech	Agritech	industry	SK-WIZARD-STEPS	TY-HUMANIST	chunk-border	field-green	CS-HIGH-KEY	CH-DENSE	app	STYLE_ID=agritech; SKELETON=SK-WIZARD-STEPS; TYPE_ERA=TY-HUMANIST; CONTROL=chunk-border; MATERIAL=field-green; COLOUR_STRAT=CS-HIGH-KEY; CHROME=CH-DENSE; FEEL=fields sensors seasons
C0216	climate-data	Climate Data	industry	SK-SPLIT-INSPECTOR	TY-GROTESK-SOFT	sharp-0	earth-data	CS-LOW-KEY	CH-IMMERSIVE	app	STYLE_ID=climate-data; SKELETON=SK-SPLIT-INSPECTOR; TYPE_ERA=TY-GROTESK-SOFT; CONTROL=sharp-0; MATERIAL=earth-data; COLOUR_STRAT=CS-LOW-KEY; CHROME=CH-IMMERSIVE; FEEL=charts earth tones serious
C0217	nonprofit-campaign	Nonprofit Campaign	industry	SK-DASH-METRIC	TY-HUMANIST	filled-block	campaign-photo	CS-SEPIA	CH-NONE	app	STYLE_ID=nonprofit-campaign; SKELETON=SK-DASH-METRIC; TYPE_ERA=TY-HUMANIST; CONTROL=filled-block; MATERIAL=campaign-photo; COLOUR_STRAT=CS-SEPIA; CHROME=CH-NONE; FEEL=urgency story donate
C0218	museum	Museum	industry	SK-GALLERY-INDEX	TY-SERIF-TEXT	ink-underline	gallery-white	CS-INVERTED	CH-MIN	marketing	STYLE_ID=museum; SKELETON=SK-GALLERY-INDEX; TYPE_ERA=TY-SERIF-TEXT; CONTROL=ink-underline; MATERIAL=gallery-white; COLOUR_STRAT=CS-INVERTED; CHROME=CH-MIN; FEEL=collection quiet captions
C0219	theatre	Theatre	industry	SK-ZINE-COLLAGE	TY-DISPLAY-EXTREME	ticket	marquee	CS-REGIONAL-FLAG	CH-STANDARD	marketing	STYLE_ID=theatre; SKELETON=SK-ZINE-COLLAGE; TYPE_ERA=TY-DISPLAY-EXTREME; CONTROL=ticket; MATERIAL=marquee; COLOUR_STRAT=CS-REGIONAL-FLAG; CHROME=CH-STANDARD; FEEL=dark house marquee
C0220	cinema	Cinema	industry	SK-BRUTAL-BLOCKS	TY-DISPLAY-EXTREME	sharp-0	cinema-dark	CS-BRAND-LOCKUP	CH-APP	any	STYLE_ID=cinema; SKELETON=SK-BRUTAL-BLOCKS; TYPE_ERA=TY-DISPLAY-EXTREME; CONTROL=sharp-0; MATERIAL=cinema-dark; COLOUR_STRAT=CS-BRAND-LOCKUP; CHROME=CH-APP; FEEL=poster stills showtimes
C0221	publishing-house	Publishing House	industry	SK-RAIL-DOCK	TY-SERIF-TEXT	ink-underline	book-cloth	CS-MONO-PLUS	CH-DENSE	app	STYLE_ID=publishing-house; SKELETON=SK-RAIL-DOCK; TYPE_ERA=TY-SERIF-TEXT; CONTROL=ink-underline; MATERIAL=book-cloth; COLOUR_STRAT=CS-MONO-PLUS; CHROME=CH-DENSE; FEEL=bookish typographic
C0222	newsroom-cms	Newsroom CMS	industry	SK-CENTER-STAGE	TY-GROTESQUE	sharp-0	newsroom	CS-DUOTONE	CH-IMMERSIVE	marketing	STYLE_ID=newsroom-cms; SKELETON=SK-CENTER-STAGE; TYPE_ERA=TY-GROTESQUE; CONTROL=sharp-0; MATERIAL=newsroom; COLOUR_STRAT=CS-DUOTONE; CHROME=CH-IMMERSIVE; FEEL=deadlines queues desks
C0223	church-parish	Parish / Church	industry	SK-NEWS-RIVER	TY-OLDSTYLE-SERIF	ink-underline	stone-wood	CS-PRIMARY-TRIO	CH-NONE	app	STYLE_ID=church-parish; SKELETON=SK-NEWS-RIVER; TYPE_ERA=TY-OLDSTYLE-SERIF; CONTROL=ink-underline; MATERIAL=stone-wood; COLOUR_STRAT=CS-PRIMARY-TRIO; CHROME=CH-NONE; FEEL=communal quiet liturgical
C0224	sports-club	Local Sports Club	industry	SK-CALENDAR-SPINE	TY-INDUSTRIAL-COND	chunk-border	kit	CS-TONAL	CH-MIN	app	STYLE_ID=sports-club; SKELETON=SK-CALENDAR-SPINE; TYPE_ERA=TY-INDUSTRIAL-COND; CONTROL=chunk-border; MATERIAL=kit; COLOUR_STRAT=CS-TONAL; CHROME=CH-MIN; FEEL=kit colours fixtures
C0225	union-labour	Labour Union	industry	SK-MASONRY	TY-INDUSTRIAL-COND	chunk-border	poster-red-black	CS-PAPER-INK	CH-STANDARD	marketing	STYLE_ID=union-labour; SKELETON=SK-MASONRY; TYPE_ERA=TY-INDUSTRIAL-COND; CONTROL=chunk-border; MATERIAL=poster-red-black; COLOUR_STRAT=CS-PAPER-INK; CHROME=CH-STANDARD; FEEL=solidarity bold simple
C0226	swiss-grid-regional	Swiss Grid Regional	regional	SK-SPLIT-DIAGONAL	TY-GROTESQUE	ink-underline	paper-ink	CS-DARK-STAGE	CH-APP	marketing	STYLE_ID=swiss-grid-regional; SKELETON=SK-SPLIT-DIAGONAL; TYPE_ERA=TY-GROTESQUE; CONTROL=ink-underline; MATERIAL=paper-ink; COLOUR_STRAT=CS-DARK-STAGE; CHROME=CH-APP; FEEL=Basel grid precision
C0227	dutch-modern	Dutch Modern	regional	SK-FRAME-IN-FRAME	TY-GROTESQUE	sharp-0	bold-print	CS-PASTEL-POP	CH-DENSE	marketing	STYLE_ID=dutch-modern; SKELETON=SK-FRAME-IN-FRAME; TYPE_ERA=TY-GROTESQUE; CONTROL=sharp-0; MATERIAL=bold-print; COLOUR_STRAT=CS-PASTEL-POP; CHROME=CH-DENSE; FEEL=bold type conceptual NL
C0228	scandi-lagom	Scandi Lagom	regional	SK-SIDE-SCROLL	TY-HUMANIST	soft-rect	birch	CS-SIGNAL	CH-IMMERSIVE	marketing	STYLE_ID=scandi-lagom; SKELETON=SK-SIDE-SCROLL; TYPE_ERA=TY-HUMANIST; CONTROL=soft-rect; MATERIAL=birch; COLOUR_STRAT=CS-SIGNAL; CHROME=CH-IMMERSIVE; FEEL=just enough calm
C0229	german-industrial	German Industrial	regional	SK-FIXED-TOC	TY-GROTESQUE	sharp-0	engineering-grey	CS-PHOTO-LED	CH-NONE	marketing	STYLE_ID=german-industrial; SKELETON=SK-FIXED-TOC; TYPE_ERA=TY-GROTESQUE; CONTROL=sharp-0; MATERIAL=engineering-grey; COLOUR_STRAT=CS-PHOTO-LED; CHROME=CH-NONE; FEEL=precise engineering type
C0230	italian-fashion	Italian Fashion Print	regional	SK-COMMAND-CENTER	TY-DIDONE-LUX	ink-underline	fashion-print	CS-CMYK-PROCESS	CH-MIN	app	STYLE_ID=italian-fashion; SKELETON=SK-COMMAND-CENTER; TYPE_ERA=TY-DIDONE-LUX; CONTROL=ink-underline; MATERIAL=fashion-print; COLOUR_STRAT=CS-CMYK-PROCESS; CHROME=CH-MIN; FEEL=elegance sensual type
C0231	french-editorial	French Editorial	regional	SK-INBOX-ZERO	TY-MODERN-SERIF	ink-underline	cream-edit	CS-EARTH	CH-STANDARD	app	STYLE_ID=french-editorial; SKELETON=SK-INBOX-ZERO; TYPE_ERA=TY-MODERN-SERIF; CONTROL=ink-underline; MATERIAL=cream-edit; COLOUR_STRAT=CS-EARTH; CHROME=CH-STANDARD; FEEL=intellectual airy type
C0232	iberian-azulejo	Iberian Azulejo	regional	SK-STUDIO-CANVAS	TY-HUMANIST	chunk-border	azulejo	CS-OCEAN	CH-APP	app	STYLE_ID=iberian-azulejo; SKELETON=SK-STUDIO-CANVAS; TYPE_ERA=TY-HUMANIST; CONTROL=chunk-border; MATERIAL=azulejo; COLOUR_STRAT=CS-OCEAN; CHROME=CH-APP; FEEL=tile patterns ceramic blue
C0233	nordic-runelike	Nordic Stark	regional	SK-COMPARISON	TY-GROTESQUE	sharp-0	fjord-stone	CS-NEON-ON-DARK	CH-DENSE	marketing	STYLE_ID=nordic-runelike; SKELETON=SK-COMPARISON; TYPE_ERA=TY-GROTESQUE; CONTROL=sharp-0; MATERIAL=fjord-stone; COLOUR_STRAT=CS-NEON-ON-DARK; CHROME=CH-DENSE; FEEL=cold stark nature type
C0234	east-euro-poster	Eastern European Poster	regional	SK-PRICING-LADDER	TY-DISPLAY-EXTREME	sharp-0	poster-print	CS-DESAT-CORP	CH-IMMERSIVE	marketing	STYLE_ID=east-euro-poster; SKELETON=SK-PRICING-LADDER; TYPE_ERA=TY-DISPLAY-EXTREME; CONTROL=sharp-0; MATERIAL=poster-print; COLOUR_STRAT=CS-DESAT-CORP; CHROME=CH-IMMERSIVE; FEEL=metaphor bold concept
C0235	soviet-construct-poster	Soviet Poster Tradition	regional	SK-MANIFEST-LIST	TY-INDUSTRIAL-COND	chunk-border	red-black	CS-HIGH-KEY	CH-NONE	app	STYLE_ID=soviet-construct-poster; SKELETON=SK-MANIFEST-LIST; TYPE_ERA=TY-INDUSTRIAL-COND; CONTROL=chunk-border; MATERIAL=red-black; COLOUR_STRAT=CS-HIGH-KEY; CHROME=CH-NONE; FEEL=worker geometry slogan
C0236	middle-east-geometric	Islamic Geometric Influence	regional	SK-SCOREBOARD	TY-GEOMETRIC	ink-underline	geometric-tile	CS-LOW-KEY	CH-MIN	app	STYLE_ID=middle-east-geometric; SKELETON=SK-SCOREBOARD; TYPE_ERA=TY-GEOMETRIC; CONTROL=ink-underline; MATERIAL=geometric-tile; COLOUR_STRAT=CS-LOW-KEY; CHROME=CH-MIN; FEEL=pattern geometry calligraphy care
C0237	west-african-textile	West African Textile Inspired	regional	SK-COCKPIT-STRIP	TY-DISPLAY-EXTREME	chunk-border	ankara-inspired	CS-SEPIA	CH-STANDARD	app	STYLE_ID=west-african-textile; SKELETON=SK-COCKPIT-STRIP; TYPE_ERA=TY-DISPLAY-EXTREME; CONTROL=chunk-border; MATERIAL=ankara-inspired; COLOUR_STRAT=CS-SEPIA; CHROME=CH-STANDARD; FEEL=bold pattern rhythm colour
C0238	east-african-urban	East African Urban Contemporary	regional	SK-FOLIO-SPREAD	TY-HUMANIST	chunk-border	urban-colour	CS-INVERTED	CH-APP	marketing	STYLE_ID=east-african-urban; SKELETON=SK-FOLIO-SPREAD; TYPE_ERA=TY-HUMANIST; CONTROL=chunk-border; MATERIAL=urban-colour; COLOUR_STRAT=CS-INVERTED; CHROME=CH-APP; FEEL=city colour bold type
C0239	indic-modern	Indic Modern	regional	SK-STAMP-SHEET	TY-HUMANIST	pill	festive-colour	CS-REGIONAL-FLAG	CH-DENSE	marketing	STYLE_ID=indic-modern; SKELETON=SK-STAMP-SHEET; TYPE_ERA=TY-HUMANIST; CONTROL=pill; MATERIAL=festive-colour; COLOUR_STRAT=CS-REGIONAL-FLAG; CHROME=CH-DENSE; FEEL=festive colour modern type
C0240	se-asian-tropical-modern	SE Asian Tropical Modern	regional	SK-DOCKED-FAB	TY-HUMANIST	soft-rect	tropical-modern	CS-BRAND-LOCKUP	CH-IMMERSIVE	mobile	STYLE_ID=se-asian-tropical-modern; SKELETON=SK-DOCKED-FAB; TYPE_ERA=TY-HUMANIST; CONTROL=soft-rect; MATERIAL=tropical-modern; COLOUR_STRAT=CS-BRAND-LOCKUP; CHROME=CH-IMMERSIVE; FEEL=humid green modern calm
C0241	latin-american-modern	Latin American Modern	regional	SK-PEEK-CARDS	TY-DISPLAY-EXTREME	chunk-border	mural-colour	CS-MONO-PLUS	CH-NONE	mobile	STYLE_ID=latin-american-modern; SKELETON=SK-PEEK-CARDS; TYPE_ERA=TY-DISPLAY-EXTREME; CONTROL=chunk-border; MATERIAL=mural-colour; COLOUR_STRAT=CS-MONO-PLUS; CHROME=CH-NONE; FEEL=bold colour mural energy
C0242	brazilian-tropicalia	Tropicália Inspired	regional	SK-RADIO-TUNER	TY-MIXED-HIGH-CONTRAST	chunk-border	tropical-clash	CS-DUOTONE	CH-MIN	app	STYLE_ID=brazilian-tropicalia; SKELETON=SK-RADIO-TUNER; TYPE_ERA=TY-MIXED-HIGH-CONTRAST; CONTROL=chunk-border; MATERIAL=tropical-clash; COLOUR_STRAT=CS-DUOTONE; CHROME=CH-MIN; FEEL=clash tropical modern
C0243	mexican-muralist	Mexican Muralist Inspired	regional	SK-FILMSTRIP	TY-DISPLAY-EXTREME	filled-block	mural	CS-PRIMARY-TRIO	CH-STANDARD	marketing	STYLE_ID=mexican-muralist; SKELETON=SK-FILMSTRIP; TYPE_ERA=TY-DISPLAY-EXTREME; CONTROL=filled-block; MATERIAL=mural; COLOUR_STRAT=CS-PRIMARY-TRIO; CHROME=CH-STANDARD; FEEL=public narrative bold figures
C0244	us-roadside	US Roadside Vernacular	regional	SK-ORBIT-META	TY-DISPLAY-EXTREME	chunk-border	motel-neon	CS-TONAL	CH-APP	marketing	STYLE_ID=us-roadside; SKELETON=SK-ORBIT-META; TYPE_ERA=TY-DISPLAY-EXTREME; CONTROL=chunk-border; MATERIAL=motel-neon; COLOUR_STRAT=CS-TONAL; CHROME=CH-APP; FEEL=motel signs big type
C0245	us-national-park	US National Park Service	regional	SK-SPLIT-DEPTH	TY-SLAB	chunk-border	park-poster	CS-PAPER-INK	CH-DENSE	marketing	STYLE_ID=us-national-park; SKELETON=SK-SPLIT-DEPTH; TYPE_ERA=TY-SLAB; CONTROL=chunk-border; MATERIAL=park-poster; COLOUR_STRAT=CS-PAPER-INK; CHROME=CH-DENSE; FEEL=badge poster nature type
C0246	canadian-modern	Canadian Modern Public	regional	SK-CHECKOUT-TUNNEL	TY-HUMANIST	soft-rect	public-clear	CS-DARK-STAGE	CH-IMMERSIVE	marketing	STYLE_ID=canadian-modern; SKELETON=SK-CHECKOUT-TUNNEL; TYPE_ERA=TY-HUMANIST; CONTROL=soft-rect; MATERIAL=public-clear; COLOUR_STRAT=CS-DARK-STAGE; CHROME=CH-IMMERSIVE; FEEL=clear bilingual calm
C0247	australian-modern	Australian Modern	regional	SK-CHAT-THREAD	TY-HUMANIST	soft-rect	sun-urban	CS-PASTEL-POP	CH-NONE	app	STYLE_ID=australian-modern; SKELETON=SK-CHAT-THREAD; TYPE_ERA=TY-HUMANIST; CONTROL=soft-rect; MATERIAL=sun-urban; COLOUR_STRAT=CS-PASTEL-POP; CHROME=CH-NONE; FEEL=sun beach urban mix
C0248	nz-clean-green	NZ Clean Green	regional	SK-NOTIFICATION-STACK	TY-HUMANIST	soft-rect	green-clean	CS-SIGNAL	CH-MIN	mobile	STYLE_ID=nz-clean-green; SKELETON=SK-NOTIFICATION-STACK; TYPE_ERA=TY-HUMANIST; CONTROL=soft-rect; MATERIAL=green-clean; COLOUR_STRAT=CS-SIGNAL; CHROME=CH-MIN; FEEL=nature clarity open
C0249	uk-brutal-public	UK Public Brutal	regional	SK-DIRECTORY	TY-GROTESQUE	sharp-0	civic-concrete	CS-PHOTO-LED	CH-STANDARD	app	STYLE_ID=uk-brutal-public; SKELETON=SK-DIRECTORY; TYPE_ERA=TY-GROTESQUE; CONTROL=sharp-0; MATERIAL=civic-concrete; COLOUR_STRAT=CS-PHOTO-LED; CHROME=CH-STANDARD; FEEL=civic concrete practical
C0250	uk-railway	UK Railway Poster	regional	SK-ATLAS-PLATES	TY-HUMANIST	ticket	lithograph	CS-CMYK-PROCESS	CH-APP	marketing	STYLE_ID=uk-railway; SKELETON=SK-ATLAS-PLATES; TYPE_ERA=TY-HUMANIST; CONTROL=ticket; MATERIAL=lithograph; COLOUR_STRAT=CS-CMYK-PROCESS; CHROME=CH-APP; FEEL=travel lithograph charm
C0251	london-underground	London Underground	regional	SK-HERO-SPLIT	TY-HUMANIST	sharp-0	roundel-wayfinding	CS-EARTH	CH-DENSE	marketing	STYLE_ID=london-underground; SKELETON=SK-HERO-SPLIT; TYPE_ERA=TY-HUMANIST; CONTROL=sharp-0; MATERIAL=roundel-wayfinding; COLOUR_STRAT=CS-EARTH; CHROME=CH-DENSE; FEEL=Johnston-like wayfinding
C0252	paris-metro	Paris Métro	regional	SK-SINGLE-STICKY	TY-DISPLAY-EXTREME	ink-underline	metro-iron	CS-OCEAN	CH-IMMERSIVE	marketing	STYLE_ID=paris-metro; SKELETON=SK-SINGLE-STICKY; TYPE_ERA=TY-DISPLAY-EXTREME; CONTROL=ink-underline; MATERIAL=metro-iron; COLOUR_STRAT=CS-OCEAN; CHROME=CH-IMMERSIVE; FEEL=Guimard curves / modern hybrid
C0253	tokyo-dense	Tokyo Dense Urban UI	regional	SK-EDITORIAL-LONG	TY-GROTESK-SOFT	sharp-0	dense-signage	CS-NEON-ON-DARK	CH-NONE	marketing	STYLE_ID=tokyo-dense; SKELETON=SK-EDITORIAL-LONG; TYPE_ERA=TY-GROTESK-SOFT; CONTROL=sharp-0; MATERIAL=dense-signage; COLOUR_STRAT=CS-NEON-ON-DARK; CHROME=CH-NONE; FEEL=information dense precise
C0254	seoul-soft-product	Seoul Soft Product	regional	SK-BENTO	TY-ROUNDED	pill	soft-card	CS-DESAT-CORP	CH-MIN	marketing	STYLE_ID=seoul-soft-product; SKELETON=SK-BENTO; TYPE_ERA=TY-ROUNDED; CONTROL=pill; MATERIAL=soft-card; COLOUR_STRAT=CS-DESAT-CORP; CHROME=CH-MIN; FEEL=polished soft app cards
C0255	shanghai-neon	Shanghai Neon Night	regional	SK-TABLE-FIRST	TY-DISPLAY-EXTREME	sharp-0	neon-night	CS-HIGH-KEY	CH-STANDARD	app	STYLE_ID=shanghai-neon; SKELETON=SK-TABLE-FIRST; TYPE_ERA=TY-DISPLAY-EXTREME; CONTROL=sharp-0; MATERIAL=neon-night; COLOUR_STRAT=CS-HIGH-KEY; CHROME=CH-STANDARD; FEEL=neon hanzi skyline energy
C0256	letterpress	Letterpress	craft-material	SK-TIMELINE	TY-OLDSTYLE-SERIF	chunk-border	letterpress	CS-LOW-KEY	CH-APP	app	STYLE_ID=letterpress; SKELETON=SK-TIMELINE; TYPE_ERA=TY-OLDSTYLE-SERIF; CONTROL=chunk-border; MATERIAL=letterpress; COLOUR_STRAT=CS-LOW-KEY; CHROME=CH-APP; FEEL=impression ink paper bite
C0257	woodblock	Woodblock	craft-material	SK-MAP-STAGE	TY-DISPLAY-EXTREME	sharp-0	woodblock	CS-SEPIA	CH-DENSE	app	STYLE_ID=woodblock; SKELETON=SK-MAP-STAGE; TYPE_ERA=TY-DISPLAY-EXTREME; CONTROL=sharp-0; MATERIAL=woodblock; COLOUR_STRAT=CS-SEPIA; CHROME=CH-DENSE; FEEL=carved ink grain
C0258	screenprint-poster	Screenprint Poster	craft-material	SK-BOARD-KANBAN	TY-INDUSTRIAL-COND	chunk-border	screenprint	CS-INVERTED	CH-IMMERSIVE	app	STYLE_ID=screenprint-poster; SKELETON=SK-BOARD-KANBAN; TYPE_ERA=TY-INDUSTRIAL-COND; CONTROL=chunk-border; MATERIAL=screenprint; COLOUR_STRAT=CS-INVERTED; CHROME=CH-IMMERSIVE; FEEL=flat ink layers registration
C0259	embroidery-ui	Embroidery Inspired	craft-material	SK-TICKET-STUB	TY-HUMANIST	soft-rect	stitch	CS-REGIONAL-FLAG	CH-NONE	marketing	STYLE_ID=embroidery-ui; SKELETON=SK-TICKET-STUB; TYPE_ERA=TY-HUMANIST; CONTROL=soft-rect; MATERIAL=stitch; COLOUR_STRAT=CS-REGIONAL-FLAG; CHROME=CH-NONE; FEEL=stitch texture folk
C0260	ceramics-studio	Ceramics Studio	craft-material	SK-LEDGER	TY-HUMANIST	pill	ceramic-glaze	CS-BRAND-LOCKUP	CH-MIN	app	STYLE_ID=ceramics-studio; SKELETON=SK-LEDGER; TYPE_ERA=TY-HUMANIST; CONTROL=pill; MATERIAL=ceramic-glaze; COLOUR_STRAT=CS-BRAND-LOCKUP; CHROME=CH-MIN; FEEL=glaze clay kiln calm
C0261	glassblowing	Glass Studio	craft-material	SK-TERMINAL	TY-GROTESK-SOFT	pill	hot-glass	CS-MONO-PLUS	CH-STANDARD	app	STYLE_ID=glassblowing; SKELETON=SK-TERMINAL; TYPE_ERA=TY-GROTESK-SOFT; CONTROL=pill; MATERIAL=hot-glass; COLOUR_STRAT=CS-MONO-PLUS; CHROME=CH-STANDARD; FEEL=transparent colour heat
C0262	blacksmith	Blacksmith	craft-material	SK-POSTER	TY-INDUSTRIAL-COND	chunk-border	forged-iron	CS-DUOTONE	CH-APP	marketing	STYLE_ID=blacksmith; SKELETON=SK-POSTER; TYPE_ERA=TY-INDUSTRIAL-COND; CONTROL=chunk-border; MATERIAL=forged-iron; COLOUR_STRAT=CS-DUOTONE; CHROME=CH-APP; FEEL=forge iron heat spark
C0263	bookbinding	Bookbinding	craft-material	SK-BOTTOM-SHEET	TY-OLDSTYLE-SERIF	ink-underline	book-cloth	CS-PRIMARY-TRIO	CH-DENSE	mobile	STYLE_ID=bookbinding; SKELETON=SK-BOTTOM-SHEET; TYPE_ERA=TY-OLDSTYLE-SERIF; CONTROL=ink-underline; MATERIAL=book-cloth; COLOUR_STRAT=CS-PRIMARY-TRIO; CHROME=CH-DENSE; FEEL=cloth boards endpapers
C0264	stationery-luxe	Luxury Stationery	craft-material	SK-TAB-DECK	TY-DIDONE-LUX	ink-underline	deboss-foil	CS-TONAL	CH-IMMERSIVE	mobile	STYLE_ID=stationery-luxe; SKELETON=SK-TAB-DECK; TYPE_ERA=TY-DIDONE-LUX; CONTROL=ink-underline; MATERIAL=deboss-foil; COLOUR_STRAT=CS-TONAL; CHROME=CH-IMMERSIVE; FEEL=foil deboss paper grades
C0265	packing-tape-warehouse	Warehouse Packing	craft-material	SK-WIZARD-STEPS	TY-STENCIL	chunk-border	packing-tape	CS-PAPER-INK	CH-NONE	app	STYLE_ID=packing-tape-warehouse; SKELETON=SK-WIZARD-STEPS; TYPE_ERA=TY-STENCIL; CONTROL=chunk-border; MATERIAL=packing-tape; COLOUR_STRAT=CS-PAPER-INK; CHROME=CH-NONE; FEEL=tape labels stencil
C0266	saas-default-anti	SaaS Default (BAN often)	digital-product	SK-SPLIT-INSPECTOR	TY-GROTESK-SOFT	soft-rect	saas-white	CS-DARK-STAGE	CH-MIN	app	STYLE_ID=saas-default-anti; SKELETON=SK-SPLIT-INSPECTOR; TYPE_ERA=TY-GROTESK-SOFT; CONTROL=soft-rect; MATERIAL=saas-white; COLOUR_STRAT=CS-DARK-STAGE; CHROME=CH-MIN; FEEL=Inter soft cards purple accent — use as refuse
C0267	docs-site	Docs Site	digital-product	SK-DASH-METRIC	TY-GROTESK-SOFT	ink-underline	docs-grey	CS-PASTEL-POP	CH-STANDARD	app	STYLE_ID=docs-site; SKELETON=SK-DASH-METRIC; TYPE_ERA=TY-GROTESK-SOFT; CONTROL=ink-underline; MATERIAL=docs-grey; COLOUR_STRAT=CS-PASTEL-POP; CHROME=CH-STANDARD; FEEL=TOC content code
C0268	marketing-launch	Launch Marketing	digital-product	SK-GALLERY-INDEX	TY-GROTESK-SOFT	soft-rect	launch	CS-SIGNAL	CH-APP	marketing	STYLE_ID=marketing-launch; SKELETON=SK-GALLERY-INDEX; TYPE_ERA=TY-GROTESK-SOFT; CONTROL=soft-rect; MATERIAL=launch; COLOUR_STRAT=CS-SIGNAL; CHROME=CH-APP; FEEL=hero proof CTA
C0269	waitlist-minimal	Waitlist Minimal	digital-product	SK-ZINE-COLLAGE	TY-SANS-ONLY-TIGHT	ink-underline	void	CS-PHOTO-LED	CH-DENSE	marketing	STYLE_ID=waitlist-minimal; SKELETON=SK-ZINE-COLLAGE; TYPE_ERA=TY-SANS-ONLY-TIGHT; CONTROL=ink-underline; MATERIAL=void; COLOUR_STRAT=CS-PHOTO-LED; CHROME=CH-DENSE; FEEL=almost nothing email
C0270	onboarding-friendly	Friendly Onboarding	digital-product	SK-BRUTAL-BLOCKS	TY-ROUNDED	pill	friendly	CS-CMYK-PROCESS	CH-IMMERSIVE	any	STYLE_ID=onboarding-friendly; SKELETON=SK-BRUTAL-BLOCKS; TYPE_ERA=TY-ROUNDED; CONTROL=pill; MATERIAL=friendly; COLOUR_STRAT=CS-CMYK-PROCESS; CHROME=CH-IMMERSIVE; FEEL=steps illustration calm
C0271	empty-state-art	Empty-State Artful	digital-product	SK-RAIL-DOCK	TY-HUMANIST	soft-rect	empty-art	CS-EARTH	CH-NONE	app	STYLE_ID=empty-state-art; SKELETON=SK-RAIL-DOCK; TYPE_ERA=TY-HUMANIST; CONTROL=soft-rect; MATERIAL=empty-art; COLOUR_STRAT=CS-EARTH; CHROME=CH-NONE; FEEL=empty as designed moment
C0272	settings-dense	Settings Dense	digital-product	SK-CENTER-STAGE	TY-SYSTEM-RAW	sharp-0	settings	CS-OCEAN	CH-MIN	marketing	STYLE_ID=settings-dense; SKELETON=SK-CENTER-STAGE; TYPE_ERA=TY-SYSTEM-RAW; CONTROL=sharp-0; MATERIAL=settings; COLOUR_STRAT=CS-OCEAN; CHROME=CH-MIN; FEEL=groups search shortcuts
C0273	analytics-serious	Analytics Serious	digital-product	SK-NEWS-RIVER	TY-MONO-DATA	sharp-0	chart-ink	CS-NEON-ON-DARK	CH-STANDARD	app	STYLE_ID=analytics-serious; SKELETON=SK-NEWS-RIVER; TYPE_ERA=TY-MONO-DATA; CONTROL=sharp-0; MATERIAL=chart-ink; COLOUR_STRAT=CS-NEON-ON-DARK; CHROME=CH-STANDARD; FEEL=charts first quiet chrome
C0274	social-feed	Social Feed	digital-product	SK-CALENDAR-SPINE	TY-GROTESK-SOFT	pill	feed	CS-DESAT-CORP	CH-APP	app	STYLE_ID=social-feed; SKELETON=SK-CALENDAR-SPINE; TYPE_ERA=TY-GROTESK-SOFT; CONTROL=pill; MATERIAL=feed; COLOUR_STRAT=CS-DESAT-CORP; CHROME=CH-APP; FEEL=cards infinite careful
C0275	marketplace	Marketplace	digital-product	SK-MASONRY	TY-GROTESK-SOFT	soft-rect	market-grid	CS-HIGH-KEY	CH-DENSE	marketing	STYLE_ID=marketplace; SKELETON=SK-MASONRY; TYPE_ERA=TY-GROTESK-SOFT; CONTROL=soft-rect; MATERIAL=market-grid; COLOUR_STRAT=CS-HIGH-KEY; CHROME=CH-DENSE; FEEL=search grid trust
C0276	booking-calendar	Booking Calendar	digital-product	SK-SPLIT-DIAGONAL	TY-HUMANIST	soft-rect	calendar	CS-LOW-KEY	CH-IMMERSIVE	marketing	STYLE_ID=booking-calendar; SKELETON=SK-SPLIT-DIAGONAL; TYPE_ERA=TY-HUMANIST; CONTROL=soft-rect; MATERIAL=calendar; COLOUR_STRAT=CS-LOW-KEY; CHROME=CH-IMMERSIVE; FEEL=availability spine
C0277	chat-support	Support Chat	digital-product	SK-FRAME-IN-FRAME	TY-HUMANIST	pill	support	CS-SEPIA	CH-NONE	marketing	STYLE_ID=chat-support; SKELETON=SK-FRAME-IN-FRAME; TYPE_ERA=TY-HUMANIST; CONTROL=pill; MATERIAL=support; COLOUR_STRAT=CS-SEPIA; CHROME=CH-NONE; FEEL=thread + context not triple AI
C0278	email-client	Email Client	digital-product	SK-SIDE-SCROLL	TY-HUMANIST	sharp-0	mail	CS-INVERTED	CH-MIN	marketing	STYLE_ID=email-client; SKELETON=SK-SIDE-SCROLL; TYPE_ERA=TY-HUMANIST; CONTROL=sharp-0; MATERIAL=mail; COLOUR_STRAT=CS-INVERTED; CHROME=CH-MIN; FEEL=list reading pane
C0279	notes-plain	Plain Notes	digital-product	SK-FIXED-TOC	TY-SERIF-TEXT	ink-underline	paper	CS-REGIONAL-FLAG	CH-STANDARD	marketing	STYLE_ID=notes-plain; SKELETON=SK-FIXED-TOC; TYPE_ERA=TY-SERIF-TEXT; CONTROL=ink-underline; MATERIAL=paper; COLOUR_STRAT=CS-REGIONAL-FLAG; CHROME=CH-STANDARD; FEEL=writing first almost no chrome
C0280	wiki-internal	Internal Wiki	digital-product	SK-COMMAND-CENTER	TY-SYSTEM-RAW	ink-underline	wiki	CS-BRAND-LOCKUP	CH-APP	app	STYLE_ID=wiki-internal; SKELETON=SK-COMMAND-CENTER; TYPE_ERA=TY-SYSTEM-RAW; CONTROL=ink-underline; MATERIAL=wiki; COLOUR_STRAT=CS-BRAND-LOCKUP; CHROME=CH-APP; FEEL=tree content breadcrumbs
C0281	status-page	Status Page	digital-product	SK-INBOX-ZERO	TY-SYSTEM-RAW	sharp-0	status	CS-MONO-PLUS	CH-DENSE	app	STYLE_ID=status-page; SKELETON=SK-INBOX-ZERO; TYPE_ERA=TY-SYSTEM-RAW; CONTROL=sharp-0; MATERIAL=status; COLOUR_STRAT=CS-MONO-PLUS; CHROME=CH-DENSE; FEEL=uptime honest plain
C0282	error-playful	Playful Error	digital-product	SK-STUDIO-CANVAS	TY-ROUNDED	pill	error-play	CS-DUOTONE	CH-IMMERSIVE	app	STYLE_ID=error-playful; SKELETON=SK-STUDIO-CANVAS; TYPE_ERA=TY-ROUNDED; CONTROL=pill; MATERIAL=error-play; COLOUR_STRAT=CS-DUOTONE; CHROME=CH-IMMERSIVE; FEEL=404 character without cruelty
C0283	paywall-fair	Fair Paywall	digital-product	SK-COMPARISON	TY-HUMANIST	filled-block	paywall	CS-PRIMARY-TRIO	CH-NONE	marketing	STYLE_ID=paywall-fair; SKELETON=SK-COMPARISON; TYPE_ERA=TY-HUMANIST; CONTROL=filled-block; MATERIAL=paywall; COLOUR_STRAT=CS-PRIMARY-TRIO; CHROME=CH-NONE; FEEL=clear offer no dark patterns
C0284	accessibility-first	Accessibility-First Chrome	digital-product	SK-PRICING-LADDER	TY-HUMANIST	chunk-border	a11y-high	CS-TONAL	CH-MIN	marketing	STYLE_ID=accessibility-first; SKELETON=SK-PRICING-LADDER; TYPE_ERA=TY-HUMANIST; CONTROL=chunk-border; MATERIAL=a11y-high; COLOUR_STRAT=CS-TONAL; CHROME=CH-MIN; FEEL=high contrast large targets explicit
C0285	low-bandwidth	Low Bandwidth	digital-product	SK-MANIFEST-LIST	TY-SYSTEM-RAW	ink-underline	system	CS-PAPER-INK	CH-STANDARD	app	STYLE_ID=low-bandwidth; SKELETON=SK-MANIFEST-LIST; TYPE_ERA=TY-SYSTEM-RAW; CONTROL=ink-underline; MATERIAL=system; COLOUR_STRAT=CS-PAPER-INK; CHROME=CH-STANDARD; FEEL=few assets system fonts
C0286	print-stylesheet-web	Print-First Web	digital-product	SK-SCOREBOARD	TY-SERIF-TEXT	ink-underline	print-paper	CS-DARK-STAGE	CH-APP	app	STYLE_ID=print-stylesheet-web; SKELETON=SK-SCOREBOARD; TYPE_ERA=TY-SERIF-TEXT; CONTROL=ink-underline; MATERIAL=print-paper; COLOUR_STRAT=CS-DARK-STAGE; CHROME=CH-APP; FEEL=designed to print clean
C0287	amp-bare	Bare Content	digital-product	SK-COCKPIT-STRIP	TY-SERIF-TEXT	ink-underline	reader	CS-PASTEL-POP	CH-DENSE	app	STYLE_ID=amp-bare; SKELETON=SK-COCKPIT-STRIP; TYPE_ERA=TY-SERIF-TEXT; CONTROL=ink-underline; MATERIAL=reader; COLOUR_STRAT=CS-PASTEL-POP; CHROME=CH-DENSE; FEEL=reader mode aesthetic
C0288	newsletter-html	HTML Newsletter	digital-product	SK-FOLIO-SPREAD	TY-HUMANIST	filled-block	email-safe	CS-SIGNAL	CH-IMMERSIVE	marketing	STYLE_ID=newsletter-html; SKELETON=SK-FOLIO-SPREAD; TYPE_ERA=TY-HUMANIST; CONTROL=filled-block; MATERIAL=email-safe; COLOUR_STRAT=CS-SIGNAL; CHROME=CH-IMMERSIVE; FEEL=single column email constraints
C0289	pwa-install	PWA Utility	digital-product	SK-STAMP-SHEET	TY-GROTESK-SOFT	pill	pwa	CS-PHOTO-LED	CH-NONE	marketing	STYLE_ID=pwa-install; SKELETON=SK-STAMP-SHEET; TYPE_ERA=TY-GROTESK-SOFT; CONTROL=pill; MATERIAL=pwa; COLOUR_STRAT=CS-PHOTO-LED; CHROME=CH-NONE; FEEL=app-like simple install
C0290	ar-overlay	AR Overlay UI	digital-product	SK-DOCKED-FAB	TY-GROTESK-SOFT	pill	hud-clear	CS-CMYK-PROCESS	CH-MIN	mobile	STYLE_ID=ar-overlay; SKELETON=SK-DOCKED-FAB; TYPE_ERA=TY-GROTESK-SOFT; CONTROL=pill; MATERIAL=hud-clear; COLOUR_STRAT=CS-CMYK-PROCESS; CHROME=CH-MIN; FEEL=transparent HUD real world
C0291	watch-complication	Watch-scale	digital-product	SK-PEEK-CARDS	TY-SYSTEM-RAW	sharp-0	watch	CS-EARTH	CH-STANDARD	mobile	STYLE_ID=watch-complication; SKELETON=SK-PEEK-CARDS; TYPE_ERA=TY-SYSTEM-RAW; CONTROL=sharp-0; MATERIAL=watch; COLOUR_STRAT=CS-EARTH; CHROME=CH-STANDARD; FEEL=tiny dense complications
C0292	tv-10foot	10-foot UI	digital-product	SK-RADIO-TUNER	TY-GROTESQUE	soft-rect	tv-dark	CS-OCEAN	CH-APP	app	STYLE_ID=tv-10foot; SKELETON=SK-RADIO-TUNER; TYPE_ERA=TY-GROTESQUE; CONTROL=soft-rect; MATERIAL=tv-dark; COLOUR_STRAT=CS-OCEAN; CHROME=CH-APP; FEEL=huge focus living room
C0293	kiosk	Kiosk	digital-product	SK-FILMSTRIP	TY-HUMANIST	filled-block	kiosk	CS-NEON-ON-DARK	CH-DENSE	marketing	STYLE_ID=kiosk; SKELETON=SK-FILMSTRIP; TYPE_ERA=TY-HUMANIST; CONTROL=filled-block; MATERIAL=kiosk; COLOUR_STRAT=CS-NEON-ON-DARK; CHROME=CH-DENSE; FEEL=touch first timeout
C0294	pos-till	POS Till	digital-product	SK-ORBIT-META	TY-INDUSTRIAL-COND	chunk-border	till	CS-DESAT-CORP	CH-IMMERSIVE	marketing	STYLE_ID=pos-till; SKELETON=SK-ORBIT-META; TYPE_ERA=TY-INDUSTRIAL-COND; CONTROL=chunk-border; MATERIAL=till; COLOUR_STRAT=CS-DESAT-CORP; CHROME=CH-IMMERSIVE; FEEL=fast keys total
C0295	signage-digital	Digital Signage	digital-product	SK-SPLIT-DEPTH	TY-INDUSTRIAL-COND	sharp-0	signage	CS-HIGH-KEY	CH-NONE	marketing	STYLE_ID=signage-digital; SKELETON=SK-SPLIT-DEPTH; TYPE_ERA=TY-INDUSTRIAL-COND; CONTROL=sharp-0; MATERIAL=signage; COLOUR_STRAT=CS-HIGH-KEY; CHROME=CH-NONE; FEEL=distance legible loop
C0296	acid-graphix	Acid Graphics	internet-expanded	SK-CHECKOUT-TUNNEL	TY-DISPLAY-EXTREME	chunk-border	acid-mesh	CS-LOW-KEY	CH-MIN	marketing	STYLE_ID=acid-graphix; SKELETON=SK-CHECKOUT-TUNNEL; TYPE_ERA=TY-DISPLAY-EXTREME; CONTROL=chunk-border; MATERIAL=acid-mesh; COLOUR_STRAT=CS-LOW-KEY; CHROME=CH-MIN; FEEL=chaotic gradient mesh 90s revival
C0297	afrofuturism	Afrofuturism	internet-expanded	SK-CHAT-THREAD	TY-DISPLAY-EXTREME	sharp-0	futurist-pattern	CS-SEPIA	CH-STANDARD	app	STYLE_ID=afrofuturism; SKELETON=SK-CHAT-THREAD; TYPE_ERA=TY-DISPLAY-EXTREME; CONTROL=sharp-0; MATERIAL=futurist-pattern; COLOUR_STRAT=CS-SEPIA; CHROME=CH-STANDARD; FEEL=black futures tech myth
C0298	analog-horror	Analog Horror	internet-expanded	SK-NOTIFICATION-STACK	TY-SYSTEM-RAW	sharp-0	vhs-static	CS-INVERTED	CH-APP	mobile	STYLE_ID=analog-horror; SKELETON=SK-NOTIFICATION-STACK; TYPE_ERA=TY-SYSTEM-RAW; CONTROL=sharp-0; MATERIAL=vhs-static; COLOUR_STRAT=CS-INVERTED; CHROME=CH-APP; FEEL=VHS threat static
C0299	androgyne	Androgynous Fashion UI	internet-expanded	SK-DIRECTORY	TY-GROTESK-SOFT	ink-underline	fashion-min	CS-REGIONAL-FLAG	CH-DENSE	app	STYLE_ID=androgyne; SKELETON=SK-DIRECTORY; TYPE_ERA=TY-GROTESK-SOFT; CONTROL=ink-underline; MATERIAL=fashion-min; COLOUR_STRAT=CS-REGIONAL-FLAG; CHROME=CH-DENSE; FEEL=fluid minimal fashion
C0300	arcade-carpet	Arcade Carpet	internet-expanded	SK-ATLAS-PLATES	TY-PIXEL	chunk-border	arcade-carpet	CS-BRAND-LOCKUP	CH-IMMERSIVE	marketing	STYLE_ID=arcade-carpet; SKELETON=SK-ATLAS-PLATES; TYPE_ERA=TY-PIXEL; CONTROL=chunk-border; MATERIAL=arcade-carpet; COLOUR_STRAT=CS-BRAND-LOCKUP; CHROME=CH-IMMERSIVE; FEEL=wild pattern dark play
C0301	art-hoe	Art Hoe	internet-expanded	SK-HERO-SPLIT	TY-MIXED-HIGH-CONTRAST	soft-rect	plant-collage	CS-MONO-PLUS	CH-NONE	marketing	STYLE_ID=art-hoe; SKELETON=SK-HERO-SPLIT; TYPE_ERA=TY-MIXED-HIGH-CONTRAST; CONTROL=soft-rect; MATERIAL=plant-collage; COLOUR_STRAT=CS-MONO-PLUS; CHROME=CH-NONE; FEEL=creative colour plant collage
C0302	barbiecore	Barbiecore	internet-expanded	SK-SINGLE-STICKY	TY-ROUNDED	pill	pink-plastic	CS-DUOTONE	CH-MIN	marketing	STYLE_ID=barbiecore; SKELETON=SK-SINGLE-STICKY; TYPE_ERA=TY-ROUNDED; CONTROL=pill; MATERIAL=pink-plastic; COLOUR_STRAT=CS-DUOTONE; CHROME=CH-MIN; FEEL=hot pink plastic glamour
C0303	basement-swamp	Basement Swamp	internet-expanded	SK-EDITORIAL-LONG	TY-SYSTEM-RAW	chunk-border	damp	CS-PRIMARY-TRIO	CH-STANDARD	marketing	STYLE_ID=basement-swamp; SKELETON=SK-EDITORIAL-LONG; TYPE_ERA=TY-SYSTEM-RAW; CONTROL=chunk-border; MATERIAL=damp; COLOUR_STRAT=CS-PRIMARY-TRIO; CHROME=CH-STANDARD; FEEL=damp low-fi gross cute
C0304	beatnik	Beatnik	internet-expanded	SK-BENTO	TY-OLDSTYLE-SERIF	ink-underline	black-coffee	CS-TONAL	CH-APP	marketing	STYLE_ID=beatnik; SKELETON=SK-BENTO; TYPE_ERA=TY-OLDSTYLE-SERIF; CONTROL=ink-underline; MATERIAL=black-coffee; COLOUR_STRAT=CS-TONAL; CHROME=CH-APP; FEEL=black turtleneck jazz type
C0305	bioluminescent	Bioluminescent	internet-expanded	SK-TABLE-FIRST	TY-GROTESK-SOFT	pill	deep-glow	CS-PAPER-INK	CH-DENSE	app	STYLE_ID=bioluminescent; SKELETON=SK-TABLE-FIRST; TYPE_ERA=TY-GROTESK-SOFT; CONTROL=pill; MATERIAL=deep-glow; COLOUR_STRAT=CS-PAPER-INK; CHROME=CH-DENSE; FEEL=deep ocean glow
C0306	bookstore	Bookstore	internet-expanded	SK-TIMELINE	TY-OLDSTYLE-SERIF	ink-underline	book-stack	CS-DARK-STAGE	CH-IMMERSIVE	app	STYLE_ID=bookstore; SKELETON=SK-TIMELINE; TYPE_ERA=TY-OLDSTYLE-SERIF; CONTROL=ink-underline; MATERIAL=book-stack; COLOUR_STRAT=CS-DARK-STAGE; CHROME=CH-IMMERSIVE; FEEL=stacks stickers handwritten
C0307	bubblegum-crisis	Bubblegum 80s Anime	internet-expanded	SK-MAP-STAGE	TY-GEOMETRIC	pill	chrome-pink	CS-PASTEL-POP	CH-NONE	app	STYLE_ID=bubblegum-crisis; SKELETON=SK-MAP-STAGE; TYPE_ERA=TY-GEOMETRIC; CONTROL=pill; MATERIAL=chrome-pink; COLOUR_STRAT=CS-PASTEL-POP; CHROME=CH-NONE; FEEL=80s JP chrome pink
C0308	cabincore	Cabincore	internet-expanded	SK-BOARD-KANBAN	TY-SLAB	chunk-border	log-cabin	CS-SIGNAL	CH-MIN	app	STYLE_ID=cabincore; SKELETON=SK-BOARD-KANBAN; TYPE_ERA=TY-SLAB; CONTROL=chunk-border; MATERIAL=log-cabin; COLOUR_STRAT=CS-SIGNAL; CHROME=CH-MIN; FEEL=log cabin cozy forest
C0309	carnival	Carnival	internet-expanded	SK-TICKET-STUB	TY-DISPLAY-EXTREME	ticket	carnival	CS-PHOTO-LED	CH-STANDARD	marketing	STYLE_ID=carnival; SKELETON=SK-TICKET-STUB; TYPE_ERA=TY-DISPLAY-EXTREME; CONTROL=ticket; MATERIAL=carnival; COLOUR_STRAT=CS-PHOTO-LED; CHROME=CH-STANDARD; FEEL=tickets stripes loud fun
C0310	cartography-fantasy	Fantasy Map	internet-expanded	SK-LEDGER	TY-OLDSTYLE-SERIF	ticket	parchment-map	CS-CMYK-PROCESS	CH-APP	app	STYLE_ID=cartography-fantasy; SKELETON=SK-LEDGER; TYPE_ERA=TY-OLDSTYLE-SERIF; CONTROL=ticket; MATERIAL=parchment-map; COLOUR_STRAT=CS-CMYK-PROCESS; CHROME=CH-APP; FEEL=parchment compass roses
C0311	celtic-knot	Celtic Inspired	internet-expanded	SK-TERMINAL	TY-OLDSTYLE-SERIF	ink-underline	knot-stone	CS-EARTH	CH-DENSE	app	STYLE_ID=celtic-knot; SKELETON=SK-TERMINAL; TYPE_ERA=TY-OLDSTYLE-SERIF; CONTROL=ink-underline; MATERIAL=knot-stone; COLOUR_STRAT=CS-EARTH; CHROME=CH-DENSE; FEEL=knots stone green
C0312	chalkboard-menu	Chalkboard Menu	internet-expanded	SK-POSTER	TY-SCRIPT-SPARSE	chunk-border	chalkboard	CS-OCEAN	CH-IMMERSIVE	marketing	STYLE_ID=chalkboard-menu; SKELETON=SK-POSTER; TYPE_ERA=TY-SCRIPT-SPARSE; CONTROL=chunk-border; MATERIAL=chalkboard; COLOUR_STRAT=CS-OCEAN; CHROME=CH-IMMERSIVE; FEEL=hand chalk specials
C0313	circus-vintage	Vintage Circus	internet-expanded	SK-BOTTOM-SHEET	TY-DISPLAY-EXTREME	ticket	circus	CS-NEON-ON-DARK	CH-NONE	mobile	STYLE_ID=circus-vintage; SKELETON=SK-BOTTOM-SHEET; TYPE_ERA=TY-DISPLAY-EXTREME; CONTROL=ticket; MATERIAL=circus; COLOUR_STRAT=CS-NEON-ON-DARK; CHROME=CH-NONE; FEEL=rings posters spectacle
C0314	clockpunk	Clockpunk	internet-expanded	SK-TAB-DECK	TY-OLDSTYLE-SERIF	ticket	clockwork	CS-DESAT-CORP	CH-MIN	mobile	STYLE_ID=clockpunk; SKELETON=SK-TAB-DECK; TYPE_ERA=TY-OLDSTYLE-SERIF; CONTROL=ticket; MATERIAL=clockwork; COLOUR_STRAT=CS-DESAT-CORP; CHROME=CH-MIN; FEEL=clockwork precision
C0315	cloudcore	Cloudcore	internet-expanded	SK-WIZARD-STEPS	TY-ROUNDED	pill	cloud	CS-HIGH-KEY	CH-STANDARD	app	STYLE_ID=cloudcore; SKELETON=SK-WIZARD-STEPS; TYPE_ERA=TY-ROUNDED; CONTROL=pill; MATERIAL=cloud; COLOUR_STRAT=CS-HIGH-KEY; CHROME=CH-STANDARD; FEEL=soft sky dream clouds
C0316	clowncore	Clowncore	internet-expanded	SK-SPLIT-INSPECTOR	TY-DISPLAY-EXTREME	chunk-border	clown-primary	CS-LOW-KEY	CH-APP	app	STYLE_ID=clowncore; SKELETON=SK-SPLIT-INSPECTOR; TYPE_ERA=TY-DISPLAY-EXTREME; CONTROL=chunk-border; MATERIAL=clown-primary; COLOUR_STRAT=CS-LOW-KEY; CHROME=CH-APP; FEEL=chaotic primary silly
C0317	coral-reef	Coral Reef	internet-expanded	SK-DASH-METRIC	TY-ROUNDED	pill	coral	CS-SEPIA	CH-DENSE	app	STYLE_ID=coral-reef; SKELETON=SK-DASH-METRIC; TYPE_ERA=TY-ROUNDED; CONTROL=pill; MATERIAL=coral; COLOUR_STRAT=CS-SEPIA; CHROME=CH-DENSE; FEEL=underwater saturated life
C0318	corporate-grunge	Corporate Grunge	internet-expanded	SK-GALLERY-INDEX	TY-MIXED-HIGH-CONTRAST	chunk-border	office-decay	CS-INVERTED	CH-IMMERSIVE	marketing	STYLE_ID=corporate-grunge; SKELETON=SK-GALLERY-INDEX; TYPE_ERA=TY-MIXED-HIGH-CONTRAST; CONTROL=chunk-border; MATERIAL=office-decay; COLOUR_STRAT=CS-INVERTED; CHROME=CH-IMMERSIVE; FEEL=office decay irony
C0319	cozy-game-ui	Cozy Stardew-like	internet-expanded	SK-ZINE-COLLAGE	TY-ROUNDED	pill	cozy-farm	CS-REGIONAL-FLAG	CH-NONE	marketing	STYLE_ID=cozy-game-ui; SKELETON=SK-ZINE-COLLAGE; TYPE_ERA=TY-ROUNDED; CONTROL=pill; MATERIAL=cozy-farm; COLOUR_STRAT=CS-REGIONAL-FLAG; CHROME=CH-NONE; FEEL=farm soft pixel-adjacent
C0320	cyber-pretty	Cyber Pretty	internet-expanded	SK-BRUTAL-BLOCKS	TY-ROUNDED	pill	pink-chrome	CS-BRAND-LOCKUP	CH-MIN	any	STYLE_ID=cyber-pretty; SKELETON=SK-BRUTAL-BLOCKS; TYPE_ERA=TY-ROUNDED; CONTROL=pill; MATERIAL=pink-chrome; COLOUR_STRAT=CS-BRAND-LOCKUP; CHROME=CH-MIN; FEEL=cute tech pink chrome
C0321	dark-ocean	Dark Ocean	internet-expanded	SK-RAIL-DOCK	TY-GROTESK-SOFT	sharp-0	abyss	CS-MONO-PLUS	CH-STANDARD	app	STYLE_ID=dark-ocean; SKELETON=SK-RAIL-DOCK; TYPE_ERA=TY-GROTESK-SOFT; CONTROL=sharp-0; MATERIAL=abyss; COLOUR_STRAT=CS-MONO-PLUS; CHROME=CH-STANDARD; FEEL=abyss pressure blue-black
C0322	desert-modern	Desert Modern	internet-expanded	SK-CENTER-STAGE	TY-HUMANIST	sharp-0	adobe	CS-DUOTONE	CH-APP	marketing	STYLE_ID=desert-modern; SKELETON=SK-CENTER-STAGE; TYPE_ERA=TY-HUMANIST; CONTROL=sharp-0; MATERIAL=adobe; COLOUR_STRAT=CS-DUOTONE; CHROME=CH-APP; FEEL=adobe midcentury heat
C0323	diesel-workshop	Diesel Workshop	internet-expanded	SK-NEWS-RIVER	TY-INDUSTRIAL-COND	chunk-border	oil-rag	CS-PRIMARY-TRIO	CH-DENSE	app	STYLE_ID=diesel-workshop; SKELETON=SK-NEWS-RIVER; TYPE_ERA=TY-INDUSTRIAL-COND; CONTROL=chunk-border; MATERIAL=oil-rag; COLOUR_STRAT=CS-PRIMARY-TRIO; CHROME=CH-DENSE; FEEL=oil tools manuals
C0324	diner-americana	Americana Diner	internet-expanded	SK-CALENDAR-SPINE	TY-DISPLAY-EXTREME	chunk-border	checkered	CS-TONAL	CH-IMMERSIVE	app	STYLE_ID=diner-americana; SKELETON=SK-CALENDAR-SPINE; TYPE_ERA=TY-DISPLAY-EXTREME; CONTROL=chunk-border; MATERIAL=checkered; COLOUR_STRAT=CS-TONAL; CHROME=CH-IMMERSIVE; FEEL=checkered cherry red
C0325	dungeon-synth	Dungeon Synth	internet-expanded	SK-MASONRY	TY-BLACKLETTER-SPARSE	sharp-0	dungeon	CS-PAPER-INK	CH-NONE	marketing	STYLE_ID=dungeon-synth; SKELETON=SK-MASONRY; TYPE_ERA=TY-BLACKLETTER-SPARSE; CONTROL=sharp-0; MATERIAL=dungeon; COLOUR_STRAT=CS-PAPER-INK; CHROME=CH-NONE; FEEL=lo-fi medieval dark
C0326	editorial-new-york	NY Editorial	internet-expanded	SK-SPLIT-DIAGONAL	TY-MODERN-SERIF	ink-underline	ny-edit	CS-DARK-STAGE	CH-MIN	marketing	STYLE_ID=editorial-new-york; SKELETON=SK-SPLIT-DIAGONAL; TYPE_ERA=TY-MODERN-SERIF; CONTROL=ink-underline; MATERIAL=ny-edit; COLOUR_STRAT=CS-DARK-STAGE; CHROME=CH-MIN; FEEL=intellectual black white
C0327	egyptian-revival	Egyptian Revival	internet-expanded	SK-FRAME-IN-FRAME	TY-GEOMETRIC	sharp-0	nile-gold	CS-PASTEL-POP	CH-STANDARD	marketing	STYLE_ID=egyptian-revival; SKELETON=SK-FRAME-IN-FRAME; TYPE_ERA=TY-GEOMETRIC; CONTROL=sharp-0; MATERIAL=nile-gold; COLOUR_STRAT=CS-PASTEL-POP; CHROME=CH-STANDARD; FEEL=deco nile geometry
C0328	electroclash	Electroclash	internet-expanded	SK-SIDE-SCROLL	TY-DISPLAY-EXTREME	sharp-0	club-irony	CS-SIGNAL	CH-APP	marketing	STYLE_ID=electroclash; SKELETON=SK-SIDE-SCROLL; TYPE_ERA=TY-DISPLAY-EXTREME; CONTROL=sharp-0; MATERIAL=club-irony; COLOUR_STRAT=CS-SIGNAL; CHROME=CH-APP; FEEL=2000s club irony
C0329	elfcore	Elfcore	internet-expanded	SK-FIXED-TOC	TY-DIDONE-LUX	ink-underline	forest-ethereal	CS-PHOTO-LED	CH-DENSE	marketing	STYLE_ID=elfcore; SKELETON=SK-FIXED-TOC; TYPE_ERA=TY-DIDONE-LUX; CONTROL=ink-underline; MATERIAL=forest-ethereal; COLOUR_STRAT=CS-PHOTO-LED; CHROME=CH-DENSE; FEEL=ethereal forest elegant
C0330	equestrian	Equestrian	internet-expanded	SK-COMMAND-CENTER	TY-TRANSITIONAL-SERIF	chunk-border	leather-brass	CS-CMYK-PROCESS	CH-IMMERSIVE	app	STYLE_ID=equestrian; SKELETON=SK-COMMAND-CENTER; TYPE_ERA=TY-TRANSITIONAL-SERIF; CONTROL=chunk-border; MATERIAL=leather-brass; COLOUR_STRAT=CS-CMYK-PROCESS; CHROME=CH-IMMERSIVE; FEEL=leather brass riding
C0331	estate-sale	Estate Sale	internet-expanded	SK-INBOX-ZERO	TY-MIXED-HIGH-CONTRAST	ticket	thrift	CS-EARTH	CH-NONE	app	STYLE_ID=estate-sale; SKELETON=SK-INBOX-ZERO; TYPE_ERA=TY-MIXED-HIGH-CONTRAST; CONTROL=ticket; MATERIAL=thrift; COLOUR_STRAT=CS-EARTH; CHROME=CH-NONE; FEEL=thrifted mixed decades
C0332	fantasy-rpg-ui	Fantasy RPG UI	internet-expanded	SK-STUDIO-CANVAS	TY-OLDSTYLE-SERIF	ticket	rpg-parchment	CS-OCEAN	CH-MIN	app	STYLE_ID=fantasy-rpg-ui; SKELETON=SK-STUDIO-CANVAS; TYPE_ERA=TY-OLDSTYLE-SERIF; CONTROL=ticket; MATERIAL=rpg-parchment; COLOUR_STRAT=CS-OCEAN; CHROME=CH-MIN; FEEL=parchment bars spells
C0333	fauvist	Fauvist Colour	internet-expanded	SK-COMPARISON	TY-DISPLAY-EXTREME	chunk-border	wild-colour	CS-NEON-ON-DARK	CH-STANDARD	marketing	STYLE_ID=fauvist; SKELETON=SK-COMPARISON; TYPE_ERA=TY-DISPLAY-EXTREME; CONTROL=chunk-border; MATERIAL=wild-colour; COLOUR_STRAT=CS-NEON-ON-DARK; CHROME=CH-STANDARD; FEEL=wild non-natural colour
C0334	festival-boho	Festival Boho	internet-expanded	SK-PRICING-LADDER	TY-HUMANIST	pill	dust-sunset	CS-DESAT-CORP	CH-APP	marketing	STYLE_ID=festival-boho; SKELETON=SK-PRICING-LADDER; TYPE_ERA=TY-HUMANIST; CONTROL=pill; MATERIAL=dust-sunset; COLOUR_STRAT=CS-DESAT-CORP; CHROME=CH-APP; FEEL=fringe dust sunset
C0335	film-noir	Film Noir	internet-expanded	SK-MANIFEST-LIST	TY-TRANSITIONAL-SERIF	sharp-0	noir-shadow	CS-HIGH-KEY	CH-DENSE	app	STYLE_ID=film-noir; SKELETON=SK-MANIFEST-LIST; TYPE_ERA=TY-TRANSITIONAL-SERIF; CONTROL=sharp-0; MATERIAL=noir-shadow; COLOUR_STRAT=CS-HIGH-KEY; CHROME=CH-DENSE; FEEL=venetian blinds shadow
C0336	flatwood	Flatwoods	internet-expanded	SK-SCOREBOARD	TY-SYSTEM-RAW	sharp-0	fog-rural	CS-LOW-KEY	CH-IMMERSIVE	app	STYLE_ID=flatwood; SKELETON=SK-SCOREBOARD; TYPE_ERA=TY-SYSTEM-RAW; CONTROL=sharp-0; MATERIAL=fog-rural; COLOUR_STRAT=CS-LOW-KEY; CHROME=CH-IMMERSIVE; FEEL=cryptid fog rural
C0337	floral-maximal	Floral Maximal	internet-expanded	SK-COCKPIT-STRIP	TY-OLDSTYLE-SERIF	soft-rect	floral-max	CS-SEPIA	CH-NONE	app	STYLE_ID=floral-maximal; SKELETON=SK-COCKPIT-STRIP; TYPE_ERA=TY-OLDSTYLE-SERIF; CONTROL=soft-rect; MATERIAL=floral-max; COLOUR_STRAT=CS-SEPIA; CHROME=CH-NONE; FEEL=wall-to-wall botanicals
C0338	forest-punk	Forest Punk	internet-expanded	SK-FOLIO-SPREAD	TY-MIXED-HIGH-CONTRAST	chunk-border	green-tech	CS-INVERTED	CH-MIN	marketing	STYLE_ID=forest-punk; SKELETON=SK-FOLIO-SPREAD; TYPE_ERA=TY-MIXED-HIGH-CONTRAST; CONTROL=chunk-border; MATERIAL=green-tech; COLOUR_STRAT=CS-INVERTED; CHROME=CH-MIN; FEEL=green anarchic nature tech
C0339	frozen-dairy	Ice Cream Parlour	internet-expanded	SK-STAMP-SHEET	TY-ROUNDED	pill	ice-cream	CS-REGIONAL-FLAG	CH-STANDARD	marketing	STYLE_ID=frozen-dairy; SKELETON=SK-STAMP-SHEET; TYPE_ERA=TY-ROUNDED; CONTROL=pill; MATERIAL=ice-cream; COLOUR_STRAT=CS-REGIONAL-FLAG; CHROME=CH-STANDARD; FEEL=pastel scoops chrome
C0340	garage-kit	Garage Kit	internet-expanded	SK-DOCKED-FAB	TY-SYSTEM-RAW	chunk-border	model-paint	CS-BRAND-LOCKUP	CH-APP	mobile	STYLE_ID=garage-kit; SKELETON=SK-DOCKED-FAB; TYPE_ERA=TY-SYSTEM-RAW; CONTROL=chunk-border; MATERIAL=model-paint; COLOUR_STRAT=CS-BRAND-LOCKUP; CHROME=CH-APP; FEEL=hobby model paint
C0341	garden-formal	Formal Garden	internet-expanded	SK-PEEK-CARDS	TY-TRANSITIONAL-SERIF	ink-underline	hedge	CS-MONO-PLUS	CH-DENSE	mobile	STYLE_ID=garden-formal; SKELETON=SK-PEEK-CARDS; TYPE_ERA=TY-TRANSITIONAL-SERIF; CONTROL=ink-underline; MATERIAL=hedge; COLOUR_STRAT=CS-MONO-PLUS; CHROME=CH-DENSE; FEEL=symmetry hedges paths
C0342	gas-station-night	Night Gas Station	internet-expanded	SK-RADIO-TUNER	TY-SYSTEM-RAW	sharp-0	fluorescent	CS-DUOTONE	CH-IMMERSIVE	app	STYLE_ID=gas-station-night; SKELETON=SK-RADIO-TUNER; TYPE_ERA=TY-SYSTEM-RAW; CONTROL=sharp-0; MATERIAL=fluorescent; COLOUR_STRAT=CS-DUOTONE; CHROME=CH-IMMERSIVE; FEEL=fluorescent loneliness
C0343	glitch-art	Glitch Art	internet-expanded	SK-FILMSTRIP	TY-MONO-DATA	sharp-0	rgb-split	CS-PRIMARY-TRIO	CH-NONE	marketing	STYLE_ID=glitch-art; SKELETON=SK-FILMSTRIP; TYPE_ERA=TY-MONO-DATA; CONTROL=sharp-0; MATERIAL=rgb-split; COLOUR_STRAT=CS-PRIMARY-TRIO; CHROME=CH-NONE; FEEL=corruption RGB split
C0344	gothic-revival	Gothic Revival	internet-expanded	SK-ORBIT-META	TY-BLACKLETTER-SPARSE	ink-underline	gothic-stone	CS-TONAL	CH-MIN	marketing	STYLE_ID=gothic-revival; SKELETON=SK-ORBIT-META; TYPE_ERA=TY-BLACKLETTER-SPARSE; CONTROL=ink-underline; MATERIAL=gothic-stone; COLOUR_STRAT=CS-TONAL; CHROME=CH-MIN; FEEL=pointed arches romantic
C0345	grand-budapest	Grand Budapest-like	internet-expanded	SK-SPLIT-DEPTH	TY-DIDONE-LUX	soft-rect	pastel-hotel	CS-PAPER-INK	CH-STANDARD	marketing	STYLE_ID=grand-budapest; SKELETON=SK-SPLIT-DEPTH; TYPE_ERA=TY-DIDONE-LUX; CONTROL=soft-rect; MATERIAL=pastel-hotel; COLOUR_STRAT=CS-PAPER-INK; CHROME=CH-STANDARD; FEEL=pastel symmetric hotel
C0346	greenhouse	Greenhouse	internet-expanded	SK-CHECKOUT-TUNNEL	TY-HUMANIST	soft-rect	greenhouse	CS-DARK-STAGE	CH-APP	marketing	STYLE_ID=greenhouse; SKELETON=SK-CHECKOUT-TUNNEL; TYPE_ERA=TY-HUMANIST; CONTROL=soft-rect; MATERIAL=greenhouse; COLOUR_STRAT=CS-DARK-STAGE; CHROME=CH-APP; FEEL=glass humidity plants
C0347	grocery-90s	90s Grocery	internet-expanded	SK-CHAT-THREAD	TY-SYSTEM-RAW	filled-block	promo-clip	CS-PASTEL-POP	CH-DENSE	app	STYLE_ID=grocery-90s; SKELETON=SK-CHAT-THREAD; TYPE_ERA=TY-SYSTEM-RAW; CONTROL=filled-block; MATERIAL=promo-clip; COLOUR_STRAT=CS-PASTEL-POP; CHROME=CH-DENSE; FEEL=loud promo clipart
C0348	grunge-90s	90s Grunge	internet-expanded	SK-NOTIFICATION-STACK	TY-MIXED-HIGH-CONTRAST	chunk-border	flannel	CS-SIGNAL	CH-IMMERSIVE	mobile	STYLE_ID=grunge-90s; SKELETON=SK-NOTIFICATION-STACK; TYPE_ERA=TY-MIXED-HIGH-CONTRAST; CONTROL=chunk-border; MATERIAL=flannel; COLOUR_STRAT=CS-SIGNAL; CHROME=CH-IMMERSIVE; FEEL=flannel dirt type
C0349	halloween-classic	Classic Halloween	internet-expanded	SK-DIRECTORY	TY-DISPLAY-EXTREME	chunk-border	orange-black	CS-PHOTO-LED	CH-NONE	app	STYLE_ID=halloween-classic; SKELETON=SK-DIRECTORY; TYPE_ERA=TY-DISPLAY-EXTREME; CONTROL=chunk-border; MATERIAL=orange-black; COLOUR_STRAT=CS-PHOTO-LED; CHROME=CH-NONE; FEEL=orange black cutout
C0350	harbor-fog	Harbor Fog	internet-expanded	SK-ATLAS-PLATES	TY-HUMANIST	chunk-border	fog-harbour	CS-CMYK-PROCESS	CH-MIN	marketing	STYLE_ID=harbor-fog; SKELETON=SK-ATLAS-PLATES; TYPE_ERA=TY-HUMANIST; CONTROL=chunk-border; MATERIAL=fog-harbour; COLOUR_STRAT=CS-CMYK-PROCESS; CHROME=CH-MIN; FEEL=grey wet horns
C0351	harlem-renaissance	Harlem Renaissance Inspired	internet-expanded	SK-HERO-SPLIT	TY-DIDONE-LUX	ink-underline	jazz-gold	CS-EARTH	CH-STANDARD	marketing	STYLE_ID=harlem-renaissance; SKELETON=SK-HERO-SPLIT; TYPE_ERA=TY-DIDONE-LUX; CONTROL=ink-underline; MATERIAL=jazz-gold; COLOUR_STRAT=CS-EARTH; CHROME=CH-STANDARD; FEEL=jazz art deco black culture
C0352	haunted-mansion	Haunted Mansion	internet-expanded	SK-SINGLE-STICKY	TY-OLDSTYLE-SERIF	ink-underline	haunted-victorian	CS-OCEAN	CH-APP	marketing	STYLE_ID=haunted-mansion; SKELETON=SK-SINGLE-STICKY; TYPE_ERA=TY-OLDSTYLE-SERIF; CONTROL=ink-underline; MATERIAL=haunted-victorian; COLOUR_STRAT=CS-OCEAN; CHROME=CH-APP; FEEL=victorian gloom fun
C0353	hedgewitch	Hedge Witch	internet-expanded	SK-EDITORIAL-LONG	TY-OLDSTYLE-SERIF	ink-underline	herb	CS-NEON-ON-DARK	CH-DENSE	marketing	STYLE_ID=hedgewitch; SKELETON=SK-EDITORIAL-LONG; TYPE_ERA=TY-OLDSTYLE-SERIF; CONTROL=ink-underline; MATERIAL=herb; COLOUR_STRAT=CS-NEON-ON-DARK; CHROME=CH-DENSE; FEEL=herbal practical mystic
C0354	hikecore	Hikecore	internet-expanded	SK-BENTO	TY-HUMANIST	chunk-border	trail-map	CS-DESAT-CORP	CH-IMMERSIVE	marketing	STYLE_ID=hikecore; SKELETON=SK-BENTO; TYPE_ERA=TY-HUMANIST; CONTROL=chunk-border; MATERIAL=trail-map; COLOUR_STRAT=CS-DESAT-CORP; CHROME=CH-IMMERSIVE; FEEL=trail maps layers packs
C0355	holiday-resort	Holiday Resort	internet-expanded	SK-TABLE-FIRST	TY-HUMANIST	pill	resort-blue	CS-HIGH-KEY	CH-NONE	app	STYLE_ID=holiday-resort; SKELETON=SK-TABLE-FIRST; TYPE_ERA=TY-HUMANIST; CONTROL=pill; MATERIAL=resort-blue; COLOUR_STRAT=CS-HIGH-KEY; CHROME=CH-NONE; FEEL=brochure pool blue
C0356	horror-pulp	Pulp Horror	internet-expanded	SK-TIMELINE	TY-DISPLAY-EXTREME	chunk-border	pulp	CS-LOW-KEY	CH-MIN	app	STYLE_ID=horror-pulp; SKELETON=SK-TIMELINE; TYPE_ERA=TY-DISPLAY-EXTREME; CONTROL=chunk-border; MATERIAL=pulp; COLOUR_STRAT=CS-LOW-KEY; CHROME=CH-MIN; FEEL=lurid covers type
C0357	hospital-retro	Retro Hospital	internet-expanded	SK-MAP-STAGE	TY-HUMANIST	soft-rect	mint-tile	CS-SEPIA	CH-STANDARD	app	STYLE_ID=hospital-retro; SKELETON=SK-MAP-STAGE; TYPE_ERA=TY-HUMANIST; CONTROL=soft-rect; MATERIAL=mint-tile; COLOUR_STRAT=CS-SEPIA; CHROME=CH-STANDARD; FEEL=mint tile midcentury med
C0358	hot-rod	Hot Rod	internet-expanded	SK-BOARD-KANBAN	TY-DISPLAY-EXTREME	sharp-0	flame-chrome	CS-INVERTED	CH-APP	app	STYLE_ID=hot-rod; SKELETON=SK-BOARD-KANBAN; TYPE_ERA=TY-DISPLAY-EXTREME; CONTROL=sharp-0; MATERIAL=flame-chrome; COLOUR_STRAT=CS-INVERTED; CHROME=CH-APP; FEEL=flames chrome racing
C0359	iceberg	Iceberg	internet-expanded	SK-TICKET-STUB	TY-GROTESK-SOFT	sharp-0	iceberg	CS-REGIONAL-FLAG	CH-DENSE	marketing	STYLE_ID=iceberg; SKELETON=SK-TICKET-STUB; TYPE_ERA=TY-GROTESK-SOFT; CONTROL=sharp-0; MATERIAL=iceberg; COLOUR_STRAT=CS-REGIONAL-FLAG; CHROME=CH-DENSE; FEEL=cold minimal tip deep
C0360	indie-folk-web	Indie Folk Web	internet-expanded	SK-LEDGER	TY-OLDSTYLE-SERIF	soft-rect	handdrawn	CS-BRAND-LOCKUP	CH-IMMERSIVE	app	STYLE_ID=indie-folk-web; SKELETON=SK-LEDGER; TYPE_ERA=TY-OLDSTYLE-SERIF; CONTROL=soft-rect; MATERIAL=handdrawn; COLOUR_STRAT=CS-BRAND-LOCKUP; CHROME=CH-IMMERSIVE; FEEL=handdrawn soft acoustic
C0361	industrial-ballet	Industrial Ballet	internet-expanded	SK-TERMINAL	TY-MIXED-HIGH-CONTRAST	sharp-0	machine-grace	CS-MONO-PLUS	CH-NONE	app	STYLE_ID=industrial-ballet; SKELETON=SK-TERMINAL; TYPE_ERA=TY-MIXED-HIGH-CONTRAST; CONTROL=sharp-0; MATERIAL=machine-grace; COLOUR_STRAT=CS-MONO-PLUS; CHROME=CH-NONE; FEEL=grace in machinery
C0362	ink-bleed	Ink Bleed	internet-expanded	SK-POSTER	TY-OLDSTYLE-SERIF	ink-underline	wet-ink	CS-DUOTONE	CH-MIN	marketing	STYLE_ID=ink-bleed; SKELETON=SK-POSTER; TYPE_ERA=TY-OLDSTYLE-SERIF; CONTROL=ink-underline; MATERIAL=wet-ink; COLOUR_STRAT=CS-DUOTONE; CHROME=CH-MIN; FEEL=wet paper spread
C0363	jazz-club	Jazz Club	internet-expanded	SK-BOTTOM-SHEET	TY-DIDONE-LUX	ink-underline	brass-smoke	CS-PRIMARY-TRIO	CH-STANDARD	mobile	STYLE_ID=jazz-club; SKELETON=SK-BOTTOM-SHEET; TYPE_ERA=TY-DIDONE-LUX; CONTROL=ink-underline; MATERIAL=brass-smoke; COLOUR_STRAT=CS-PRIMARY-TRIO; CHROME=CH-STANDARD; FEEL=low light brass smoke
C0364	journal-bullet	Bullet Journal	internet-expanded	SK-TAB-DECK	TY-HUMANIST	soft-rect	dot-grid	CS-TONAL	CH-APP	mobile	STYLE_ID=journal-bullet; SKELETON=SK-TAB-DECK; TYPE_ERA=TY-HUMANIST; CONTROL=soft-rect; MATERIAL=dot-grid; COLOUR_STRAT=CS-TONAL; CHROME=CH-APP; FEEL=dotted grids habit
C0365	jungle-modern	Jungle Modern	internet-expanded	SK-WIZARD-STEPS	TY-HUMANIST	soft-rect	jungle-modern	CS-PAPER-INK	CH-DENSE	app	STYLE_ID=jungle-modern; SKELETON=SK-WIZARD-STEPS; TYPE_ERA=TY-HUMANIST; CONTROL=soft-rect; MATERIAL=jungle-modern; COLOUR_STRAT=CS-PAPER-INK; CHROME=CH-DENSE; FEEL=lush leaf modern furniture
C0366	kayak-outdoor	Paddle Outdoor	internet-expanded	SK-SPLIT-INSPECTOR	TY-HUMANIST	chunk-border	river	CS-DARK-STAGE	CH-IMMERSIVE	app	STYLE_ID=kayak-outdoor; SKELETON=SK-SPLIT-INSPECTOR; TYPE_ERA=TY-HUMANIST; CONTROL=chunk-border; MATERIAL=river; COLOUR_STRAT=CS-DARK-STAGE; CHROME=CH-IMMERSIVE; FEEL=river bright functional
C0367	kitchen-70s	1970s Kitchen	internet-expanded	SK-DASH-METRIC	TY-GEOMETRIC	soft-rect	avocado-gold	CS-PASTEL-POP	CH-NONE	app	STYLE_ID=kitchen-70s; SKELETON=SK-DASH-METRIC; TYPE_ERA=TY-GEOMETRIC; CONTROL=soft-rect; MATERIAL=avocado-gold; COLOUR_STRAT=CS-PASTEL-POP; CHROME=CH-NONE; FEEL=avocado harvest gold
C0368	lab-core	Labcore	internet-expanded	SK-GALLERY-INDEX	TY-MONO-DATA	sharp-0	beaker	CS-SIGNAL	CH-MIN	marketing	STYLE_ID=lab-core; SKELETON=SK-GALLERY-INDEX; TYPE_ERA=TY-MONO-DATA; CONTROL=sharp-0; MATERIAL=beaker; COLOUR_STRAT=CS-SIGNAL; CHROME=CH-MIN; FEEL=beakers clean curiosity
C0369	library-public	Public Library	internet-expanded	SK-ZINE-COLLAGE	TY-HUMANIST	ink-underline	library-public	CS-PHOTO-LED	CH-STANDARD	marketing	STYLE_ID=library-public; SKELETON=SK-ZINE-COLLAGE; TYPE_ERA=TY-HUMANIST; CONTROL=ink-underline; MATERIAL=library-public; COLOUR_STRAT=CS-PHOTO-LED; CHROME=CH-STANDARD; FEEL= Dewey calm helpful
C0370	lighthouse	Lighthouse	internet-expanded	SK-BRUTAL-BLOCKS	TY-HUMANIST	chunk-border	lighthouse	CS-CMYK-PROCESS	CH-APP	any	STYLE_ID=lighthouse; SKELETON=SK-BRUTAL-BLOCKS; TYPE_ERA=TY-HUMANIST; CONTROL=chunk-border; MATERIAL=lighthouse; COLOUR_STRAT=CS-CMYK-PROCESS; CHROME=CH-APP; FEEL=beam night sea
C0371	linen-spa	Linen Spa	internet-expanded	SK-RAIL-DOCK	TY-HUMANIST	pill	linen-spa	CS-EARTH	CH-DENSE	app	STYLE_ID=linen-spa; SKELETON=SK-RAIL-DOCK; TYPE_ERA=TY-HUMANIST; CONTROL=pill; MATERIAL=linen-spa; COLOUR_STRAT=CS-EARTH; CHROME=CH-DENSE; FEEL=beige calm wellness
C0372	lipstick-print	Lipstick Pop	internet-expanded	SK-CENTER-STAGE	TY-DIDONE-LUX	pill	lipstick	CS-OCEAN	CH-IMMERSIVE	marketing	STYLE_ID=lipstick-print; SKELETON=SK-CENTER-STAGE; TYPE_ERA=TY-DIDONE-LUX; CONTROL=pill; MATERIAL=lipstick; COLOUR_STRAT=CS-OCEAN; CHROME=CH-IMMERSIVE; FEEL=beauty print bold
C0373	loft-artist	Artist Loft	internet-expanded	SK-NEWS-RIVER	TY-MIXED-HIGH-CONTRAST	sharp-0	paint-loft	CS-NEON-ON-DARK	CH-NONE	app	STYLE_ID=loft-artist; SKELETON=SK-NEWS-RIVER; TYPE_ERA=TY-MIXED-HIGH-CONTRAST; CONTROL=sharp-0; MATERIAL=paint-loft; COLOUR_STRAT=CS-NEON-ON-DARK; CHROME=CH-NONE; FEEL=paint splatter white space
C0374	lumberjack	Lumberjack	internet-expanded	SK-CALENDAR-SPINE	TY-SLAB	chunk-border	plaid	CS-DESAT-CORP	CH-MIN	app	STYLE_ID=lumberjack; SKELETON=SK-CALENDAR-SPINE; TYPE_ERA=TY-SLAB; CONTROL=chunk-border; MATERIAL=plaid; COLOUR_STRAT=CS-DESAT-CORP; CHROME=CH-MIN; FEEL=plaid timber axe
C0375	lunar	Lunar	internet-expanded	SK-MASONRY	TY-GROTESK-SOFT	sharp-0	moon-dust	CS-HIGH-KEY	CH-STANDARD	marketing	STYLE_ID=lunar; SKELETON=SK-MASONRY; TYPE_ERA=TY-GROTESK-SOFT; CONTROL=sharp-0; MATERIAL=moon-dust; COLOUR_STRAT=CS-HIGH-KEY; CHROME=CH-STANDARD; FEEL=moon dust silver quiet
C0376	magic-marker	Magic Marker	internet-expanded	SK-SPLIT-DIAGONAL	TY-DISPLAY-EXTREME	chunk-border	marker	CS-LOW-KEY	CH-APP	marketing	STYLE_ID=magic-marker; SKELETON=SK-SPLIT-DIAGONAL; TYPE_ERA=TY-DISPLAY-EXTREME; CONTROL=chunk-border; MATERIAL=marker; COLOUR_STRAT=CS-LOW-KEY; CHROME=CH-APP; FEEL=hand thick marker
C0377	marine-biology	Marine Biology	internet-expanded	SK-FRAME-IN-FRAME	TY-SERIF-TEXT	sharp-0	specimen-blue	CS-SEPIA	CH-DENSE	marketing	STYLE_ID=marine-biology; SKELETON=SK-FRAME-IN-FRAME; TYPE_ERA=TY-SERIF-TEXT; CONTROL=sharp-0; MATERIAL=specimen-blue; COLOUR_STRAT=CS-SEPIA; CHROME=CH-DENSE; FEEL=specimen blue scientific
C0378	marketplace-bazaar	Bazaar	internet-expanded	SK-SIDE-SCROLL	TY-MIXED-HIGH-CONTRAST	chunk-border	bazaar	CS-INVERTED	CH-IMMERSIVE	marketing	STYLE_ID=marketplace-bazaar; SKELETON=SK-SIDE-SCROLL; TYPE_ERA=TY-MIXED-HIGH-CONTRAST; CONTROL=chunk-border; MATERIAL=bazaar; COLOUR_STRAT=CS-INVERTED; CHROME=CH-IMMERSIVE; FEEL=dense stalls colour
C0379	meadow	Meadow	internet-expanded	SK-FIXED-TOC	TY-OLDSTYLE-SERIF	soft-rect	wildflower	CS-REGIONAL-FLAG	CH-NONE	marketing	STYLE_ID=meadow; SKELETON=SK-FIXED-TOC; TYPE_ERA=TY-OLDSTYLE-SERIF; CONTROL=soft-rect; MATERIAL=wildflower; COLOUR_STRAT=CS-REGIONAL-FLAG; CHROME=CH-NONE; FEEL=wildflower soft horizontal
C0380	medical-flat	Medical Flat Iconic	internet-expanded	SK-COMMAND-CENTER	TY-HUMANIST	soft-rect	medical-flat	CS-BRAND-LOCKUP	CH-MIN	app	STYLE_ID=medical-flat; SKELETON=SK-COMMAND-CENTER; TYPE_ERA=TY-HUMANIST; CONTROL=soft-rect; MATERIAL=medical-flat; COLOUR_STRAT=CS-BRAND-LOCKUP; CHROME=CH-MIN; FEEL=clean clinical flat
C0381	memphis-lite	Memphis Lite	internet-expanded	SK-INBOX-ZERO	TY-GEOMETRIC	pill	memphis-soft	CS-MONO-PLUS	CH-STANDARD	app	STYLE_ID=memphis-lite; SKELETON=SK-INBOX-ZERO; TYPE_ERA=TY-GEOMETRIC; CONTROL=pill; MATERIAL=memphis-soft; COLOUR_STRAT=CS-MONO-PLUS; CHROME=CH-STANDARD; FEEL=softer memphis shapes
C0382	military-surplus	Military Surplus	internet-expanded	SK-STUDIO-CANVAS	TY-STENCIL	chunk-border	olive-drab	CS-DUOTONE	CH-APP	app	STYLE_ID=military-surplus; SKELETON=SK-STUDIO-CANVAS; TYPE_ERA=TY-STENCIL; CONTROL=chunk-border; MATERIAL=olive-drab; COLOUR_STRAT=CS-DUOTONE; CHROME=CH-APP; FEEL=olive stencil util
C0383	mineral	Mineral	internet-expanded	SK-COMPARISON	TY-GEOMETRIC	sharp-0	crystal	CS-PRIMARY-TRIO	CH-DENSE	marketing	STYLE_ID=mineral; SKELETON=SK-COMPARISON; TYPE_ERA=TY-GEOMETRIC; CONTROL=sharp-0; MATERIAL=crystal; COLOUR_STRAT=CS-PRIMARY-TRIO; CHROME=CH-DENSE; FEEL=geodes crystal facets
C0384	minimal-swiss-dark	Dark Swiss	internet-expanded	SK-PRICING-LADDER	TY-GROTESQUE	ink-underline	dark-swiss	CS-TONAL	CH-IMMERSIVE	marketing	STYLE_ID=minimal-swiss-dark; SKELETON=SK-PRICING-LADDER; TYPE_ERA=TY-GROTESQUE; CONTROL=ink-underline; MATERIAL=dark-swiss; COLOUR_STRAT=CS-TONAL; CHROME=CH-IMMERSIVE; FEEL=swiss on near-black
C0385	modular-synth	Modular Synth	internet-expanded	SK-MANIFEST-LIST	TY-MONO-DATA	chunk-border	synth-panel	CS-PAPER-INK	CH-NONE	app	STYLE_ID=modular-synth; SKELETON=SK-MANIFEST-LIST; TYPE_ERA=TY-MONO-DATA; CONTROL=chunk-border; MATERIAL=synth-panel; COLOUR_STRAT=CS-PAPER-INK; CHROME=CH-NONE; FEEL=patch cables knobs
C0386	monastic	Monastic	internet-expanded	SK-SCOREBOARD	TY-OLDSTYLE-SERIF	ink-underline	stone-quiet	CS-DARK-STAGE	CH-MIN	app	STYLE_ID=monastic; SKELETON=SK-SCOREBOARD; TYPE_ERA=TY-OLDSTYLE-SERIF; CONTROL=ink-underline; MATERIAL=stone-quiet; COLOUR_STRAT=CS-DARK-STAGE; CHROME=CH-MIN; FEEL=quiet stone script spare
C0387	monochrome-red	Red Monochrome	internet-expanded	SK-COCKPIT-STRIP	TY-GROTESQUE	sharp-0	red-ink	CS-PASTEL-POP	CH-STANDARD	app	STYLE_ID=monochrome-red; SKELETON=SK-COCKPIT-STRIP; TYPE_ERA=TY-GROTESQUE; CONTROL=sharp-0; MATERIAL=red-ink; COLOUR_STRAT=CS-PASTEL-POP; CHROME=CH-STANDARD; FEEL=one red ink system
C0388	motel-seedy	Seedy Motel	internet-expanded	SK-FOLIO-SPREAD	TY-DISPLAY-EXTREME	chunk-border	vacancy-neon	CS-SIGNAL	CH-APP	marketing	STYLE_ID=motel-seedy; SKELETON=SK-FOLIO-SPREAD; TYPE_ERA=TY-DISPLAY-EXTREME; CONTROL=chunk-border; MATERIAL=vacancy-neon; COLOUR_STRAT=CS-SIGNAL; CHROME=CH-APP; FEEL=neon vacancy loneliness
C0389	mountain-badge	Mountain Badge	internet-expanded	SK-STAMP-SHEET	TY-SLAB	ticket	badge-patch	CS-PHOTO-LED	CH-DENSE	marketing	STYLE_ID=mountain-badge; SKELETON=SK-STAMP-SHEET; TYPE_ERA=TY-SLAB; CONTROL=ticket; MATERIAL=badge-patch; COLOUR_STRAT=CS-PHOTO-LED; CHROME=CH-DENSE; FEEL=park badge patches
C0390	movie-prop	Movie Prop UI	internet-expanded	SK-DOCKED-FAB	TY-MONO-DATA	sharp-0	prop-ui	CS-CMYK-PROCESS	CH-IMMERSIVE	mobile	STYLE_ID=movie-prop; SKELETON=SK-DOCKED-FAB; TYPE_ERA=TY-MONO-DATA; CONTROL=sharp-0; MATERIAL=prop-ui; COLOUR_STRAT=CS-CMYK-PROCESS; CHROME=CH-IMMERSIVE; FEEL=diegetic fake interfaces
C0391	municipal	Municipal	internet-expanded	SK-PEEK-CARDS	TY-SYSTEM-RAW	sharp-0	municipal	CS-EARTH	CH-NONE	mobile	STYLE_ID=municipal; SKELETON=SK-PEEK-CARDS; TYPE_ERA=TY-SYSTEM-RAW; CONTROL=sharp-0; MATERIAL=municipal; COLOUR_STRAT=CS-EARTH; CHROME=CH-NONE; FEEL=forms stamps civic beige
C0392	museum-label	Museum Label	internet-expanded	SK-RADIO-TUNER	TY-SERIF-TEXT	ink-underline	label	CS-OCEAN	CH-MIN	app	STYLE_ID=museum-label; SKELETON=SK-RADIO-TUNER; TYPE_ERA=TY-SERIF-TEXT; CONTROL=ink-underline; MATERIAL=label; COLOUR_STRAT=CS-OCEAN; CHROME=CH-MIN; FEEL=tiny captions rigor
C0393	mushroom	Mushroom	internet-expanded	SK-FILMSTRIP	TY-ROUNDED	pill	mushroom	CS-NEON-ON-DARK	CH-STANDARD	marketing	STYLE_ID=mushroom; SKELETON=SK-FILMSTRIP; TYPE_ERA=TY-ROUNDED; CONTROL=pill; MATERIAL=mushroom; COLOUR_STRAT=CS-NEON-ON-DARK; CHROME=CH-STANDARD; FEEL=forest fungi soft weird
C0394	nautical-flag	Nautical Flag	internet-expanded	SK-ORBIT-META	TY-HUMANIST	chunk-border	signal-flags	CS-DESAT-CORP	CH-APP	marketing	STYLE_ID=nautical-flag; SKELETON=SK-ORBIT-META; TYPE_ERA=TY-HUMANIST; CONTROL=chunk-border; MATERIAL=signal-flags; COLOUR_STRAT=CS-DESAT-CORP; CHROME=CH-APP; FEEL=signal flags code
C0395	neo-geo	Neo-Geo 80s	internet-expanded	SK-SPLIT-DEPTH	TY-GEOMETRIC	sharp-0	neo-geo	CS-HIGH-KEY	CH-DENSE	marketing	STYLE_ID=neo-geo; SKELETON=SK-SPLIT-DEPTH; TYPE_ERA=TY-GEOMETRIC; CONTROL=sharp-0; MATERIAL=neo-geo; COLOUR_STRAT=CS-HIGH-KEY; CHROME=CH-DENSE; FEEL=memphis geometry cousin
C0396	neo-tokyo	Neo Tokyo	internet-expanded	SK-CHECKOUT-TUNNEL	TY-DISPLAY-EXTREME	sharp-0	neo-tokyo	CS-LOW-KEY	CH-IMMERSIVE	marketing	STYLE_ID=neo-tokyo; SKELETON=SK-CHECKOUT-TUNNEL; TYPE_ERA=TY-DISPLAY-EXTREME; CONTROL=sharp-0; MATERIAL=neo-tokyo; COLOUR_STRAT=CS-LOW-KEY; CHROME=CH-IMMERSIVE; FEEL=anime rain neon density
C0397	newspaper-sports	Sports Page	internet-expanded	SK-CHAT-THREAD	TY-INDUSTRIAL-COND	sharp-0	sports-page	CS-SEPIA	CH-NONE	app	STYLE_ID=newspaper-sports; SKELETON=SK-CHAT-THREAD; TYPE_ERA=TY-INDUSTRIAL-COND; CONTROL=sharp-0; MATERIAL=sports-page; COLOUR_STRAT=CS-SEPIA; CHROME=CH-NONE; FEEL=stats columns bold
C0398	night-market	Night Market	internet-expanded	SK-NOTIFICATION-STACK	TY-MIXED-HIGH-CONTRAST	chunk-border	lantern	CS-INVERTED	CH-MIN	mobile	STYLE_ID=night-market; SKELETON=SK-NOTIFICATION-STACK; TYPE_ERA=TY-MIXED-HIGH-CONTRAST; CONTROL=chunk-border; MATERIAL=lantern; COLOUR_STRAT=CS-INVERTED; CHROME=CH-MIN; FEEL=lanterns steam stalls
C0399	noir-detective	Detective Noir	internet-expanded	SK-DIRECTORY	TY-TRANSITIONAL-SERIF	ticket	case-file	CS-REGIONAL-FLAG	CH-STANDARD	app	STYLE_ID=noir-detective; SKELETON=SK-DIRECTORY; TYPE_ERA=TY-TRANSITIONAL-SERIF; CONTROL=ticket; MATERIAL=case-file; COLOUR_STRAT=CS-REGIONAL-FLAG; CHROME=CH-STANDARD; FEEL=case files stamps
C0400	nordic-noir	Nordic Noir	internet-expanded	SK-ATLAS-PLATES	TY-GROTESQUE	sharp-0	cold-crime	CS-BRAND-LOCKUP	CH-APP	marketing	STYLE_ID=nordic-noir; SKELETON=SK-ATLAS-PLATES; TYPE_ERA=TY-GROTESQUE; CONTROL=sharp-0; MATERIAL=cold-crime; COLOUR_STRAT=CS-BRAND-LOCKUP; CHROME=CH-APP; FEEL=cold crime quiet
C0401	notebook-lab	Lab Notebook	internet-expanded	SK-HERO-SPLIT	TY-MONO-DATA	sharp-0	lab-notebook	CS-MONO-PLUS	CH-DENSE	marketing	STYLE_ID=notebook-lab; SKELETON=SK-HERO-SPLIT; TYPE_ERA=TY-MONO-DATA; CONTROL=sharp-0; MATERIAL=lab-notebook; COLOUR_STRAT=CS-MONO-PLUS; CHROME=CH-DENSE; FEEL=grid ink stains
C0402	observatory	Observatory	internet-expanded	SK-SINGLE-STICKY	TY-SERIF-TEXT	ink-underline	star-chart	CS-DUOTONE	CH-IMMERSIVE	marketing	STYLE_ID=observatory; SKELETON=SK-SINGLE-STICKY; TYPE_ERA=TY-SERIF-TEXT; CONTROL=ink-underline; MATERIAL=star-chart; COLOUR_STRAT=CS-DUOTONE; CHROME=CH-IMMERSIVE; FEEL=stars charts navy
C0403	office-90s	90s Office	internet-expanded	SK-EDITORIAL-LONG	TY-SYSTEM-RAW	soft-rect	office-beige	CS-PRIMARY-TRIO	CH-NONE	marketing	STYLE_ID=office-90s; SKELETON=SK-EDITORIAL-LONG; TYPE_ERA=TY-SYSTEM-RAW; CONTROL=soft-rect; MATERIAL=office-beige; COLOUR_STRAT=CS-PRIMARY-TRIO; CHROME=CH-NONE; FEEL=clipart beige CRT
C0404	oil-paint-gallery	Oil Gallery	internet-expanded	SK-BENTO	TY-OLDSTYLE-SERIF	ink-underline	varnish	CS-TONAL	CH-MIN	marketing	STYLE_ID=oil-paint-gallery; SKELETON=SK-BENTO; TYPE_ERA=TY-OLDSTYLE-SERIF; CONTROL=ink-underline; MATERIAL=varnish; COLOUR_STRAT=CS-TONAL; CHROME=CH-MIN; FEEL=heavy frames varnish
C0405	olive-garden-italian-american	Italian-American Red Sauce	internet-expanded	SK-TABLE-FIRST	TY-HUMANIST	soft-rect	check-red	CS-PAPER-INK	CH-STANDARD	app	STYLE_ID=olive-garden-italian-american; SKELETON=SK-TABLE-FIRST; TYPE_ERA=TY-HUMANIST; CONTROL=soft-rect; MATERIAL=check-red; COLOUR_STRAT=CS-PAPER-INK; CHROME=CH-STANDARD; FEEL=checkered warm family
C0406	opera	Opera	internet-expanded	SK-TIMELINE	TY-DIDONE-LUX	ink-underline	velvet-gold	CS-DARK-STAGE	CH-APP	app	STYLE_ID=opera; SKELETON=SK-TIMELINE; TYPE_ERA=TY-DIDONE-LUX; CONTROL=ink-underline; MATERIAL=velvet-gold; COLOUR_STRAT=CS-DARK-STAGE; CHROME=CH-APP; FEEL=velvet gold drama
C0407	oracle-mystic	Oracle Mystic	internet-expanded	SK-MAP-STAGE	TY-OLDSTYLE-SERIF	ticket	oracle	CS-PASTEL-POP	CH-DENSE	app	STYLE_ID=oracle-mystic; SKELETON=SK-MAP-STAGE; TYPE_ERA=TY-OLDSTYLE-SERIF; CONTROL=ticket; MATERIAL=oracle; COLOUR_STRAT=CS-PASTEL-POP; CHROME=CH-DENSE; FEEL=cards symbols dusk
C0408	organic-grocery	Organic Grocery	internet-expanded	SK-BOARD-KANBAN	TY-HUMANIST	soft-rect	kraft-green	CS-SIGNAL	CH-IMMERSIVE	app	STYLE_ID=organic-grocery; SKELETON=SK-BOARD-KANBAN; TYPE_ERA=TY-HUMANIST; CONTROL=soft-rect; MATERIAL=kraft-green; COLOUR_STRAT=CS-SIGNAL; CHROME=CH-IMMERSIVE; FEEL=kraft green leaf
C0409	origami	Origami	internet-expanded	SK-TICKET-STUB	TY-GEOMETRIC	sharp-0	folded-paper	CS-PHOTO-LED	CH-NONE	marketing	STYLE_ID=origami; SKELETON=SK-TICKET-STUB; TYPE_ERA=TY-GEOMETRIC; CONTROL=sharp-0; MATERIAL=folded-paper; COLOUR_STRAT=CS-PHOTO-LED; CHROME=CH-NONE; FEEL=folded paper geometry
C0410	ornithology	Ornithology	internet-expanded	SK-LEDGER	TY-SERIF-TEXT	ink-underline	bird-plate	CS-CMYK-PROCESS	CH-MIN	app	STYLE_ID=ornithology; SKELETON=SK-LEDGER; TYPE_ERA=TY-SERIF-TEXT; CONTROL=ink-underline; MATERIAL=bird-plate; COLOUR_STRAT=CS-CMYK-PROCESS; CHROME=CH-MIN; FEEL=bird plates field
C0411	outdoor-brands	Outdoor Brand	internet-expanded	SK-TERMINAL	TY-HUMANIST	chunk-border	topo	CS-EARTH	CH-STANDARD	app	STYLE_ID=outdoor-brands; SKELETON=SK-TERMINAL; TYPE_ERA=TY-HUMANIST; CONTROL=chunk-border; MATERIAL=topo; COLOUR_STRAT=CS-EARTH; CHROME=CH-STANDARD; FEEL=topo maps functional
C0412	pagan-folk	Pagan Folk	internet-expanded	SK-POSTER	TY-OLDSTYLE-SERIF	ink-underline	season-earth	CS-OCEAN	CH-APP	marketing	STYLE_ID=pagan-folk; SKELETON=SK-POSTER; TYPE_ERA=TY-OLDSTYLE-SERIF; CONTROL=ink-underline; MATERIAL=season-earth; COLOUR_STRAT=CS-OCEAN; CHROME=CH-APP; FEEL=symbols seasons earth
C0413	paintball	Paintball	internet-expanded	SK-BOTTOM-SHEET	TY-INDUSTRIAL-COND	chunk-border	splatter	CS-NEON-ON-DARK	CH-DENSE	mobile	STYLE_ID=paintball; SKELETON=SK-BOTTOM-SHEET; TYPE_ERA=TY-INDUSTRIAL-COND; CONTROL=chunk-border; MATERIAL=splatter; COLOUR_STRAT=CS-NEON-ON-DARK; CHROME=CH-DENSE; FEEL=splatter sport energy
C0414	palace	Palace	internet-expanded	SK-TAB-DECK	TY-DIDONE-LUX	ink-underline	palace-gold	CS-DESAT-CORP	CH-IMMERSIVE	mobile	STYLE_ID=palace; SKELETON=SK-TAB-DECK; TYPE_ERA=TY-DIDONE-LUX; CONTROL=ink-underline; MATERIAL=palace-gold; COLOUR_STRAT=CS-DESAT-CORP; CHROME=CH-IMMERSIVE; FEEL=ornate symmetry gold
C0415	papercraft	Papercraft	internet-expanded	SK-WIZARD-STEPS	TY-HUMANIST	soft-rect	paper-layer	CS-HIGH-KEY	CH-NONE	app	STYLE_ID=papercraft; SKELETON=SK-WIZARD-STEPS; TYPE_ERA=TY-HUMANIST; CONTROL=soft-rect; MATERIAL=paper-layer; COLOUR_STRAT=CS-HIGH-KEY; CHROME=CH-NONE; FEEL=cut layers shadow boxes
C0416	parade	Parade	internet-expanded	SK-SPLIT-INSPECTOR	TY-DISPLAY-EXTREME	pill	confetti	CS-LOW-KEY	CH-MIN	app	STYLE_ID=parade; SKELETON=SK-SPLIT-INSPECTOR; TYPE_ERA=TY-DISPLAY-EXTREME; CONTROL=pill; MATERIAL=confetti; COLOUR_STRAT=CS-LOW-KEY; CHROME=CH-MIN; FEEL=confetti floats bright
C0417	park-municipal	Municipal Park	internet-expanded	SK-DASH-METRIC	TY-HUMANIST	chunk-border	park-sign	CS-SEPIA	CH-STANDARD	app	STYLE_ID=park-municipal; SKELETON=SK-DASH-METRIC; TYPE_ERA=TY-HUMANIST; CONTROL=chunk-border; MATERIAL=park-sign; COLOUR_STRAT=CS-SEPIA; CHROME=CH-STANDARD; FEEL=signs maps green
C0418	pastel-memphis	Pastel Memphis	internet-expanded	SK-GALLERY-INDEX	TY-GEOMETRIC	pill	pastel-memphis	CS-INVERTED	CH-APP	marketing	STYLE_ID=pastel-memphis; SKELETON=SK-GALLERY-INDEX; TYPE_ERA=TY-GEOMETRIC; CONTROL=pill; MATERIAL=pastel-memphis; COLOUR_STRAT=CS-INVERTED; CHROME=CH-APP; FEEL=memphis pastel soft
C0419	patio	Patio	internet-expanded	SK-ZINE-COLLAGE	TY-HUMANIST	soft-rect	terracotta	CS-REGIONAL-FLAG	CH-DENSE	marketing	STYLE_ID=patio; SKELETON=SK-ZINE-COLLAGE; TYPE_ERA=TY-HUMANIST; CONTROL=soft-rect; MATERIAL=terracotta; COLOUR_STRAT=CS-REGIONAL-FLAG; CHROME=CH-DENSE; FEEL=terracotta sun leisure
C0420	pattern-liberation	Pattern Liberation	internet-expanded	SK-BRUTAL-BLOCKS	TY-DISPLAY-EXTREME	chunk-border	textile-loud	CS-BRAND-LOCKUP	CH-IMMERSIVE	any	STYLE_ID=pattern-liberation; SKELETON=SK-BRUTAL-BLOCKS; TYPE_ERA=TY-DISPLAY-EXTREME; CONTROL=chunk-border; MATERIAL=textile-loud; COLOUR_STRAT=CS-BRAND-LOCKUP; CHROME=CH-IMMERSIVE; FEEL=loud textile proud
C0421	pavilion	Pavilion	internet-expanded	SK-RAIL-DOCK	TY-GEOMETRIC	sharp-0	expo	CS-MONO-PLUS	CH-NONE	app	STYLE_ID=pavilion; SKELETON=SK-RAIL-DOCK; TYPE_ERA=TY-GEOMETRIC; CONTROL=sharp-0; MATERIAL=expo; COLOUR_STRAT=CS-MONO-PLUS; CHROME=CH-NONE; FEEL=expo temporary architecture
C0422	pebble-beach	Pebble Beach	internet-expanded	SK-CENTER-STAGE	TY-HUMANIST	soft-rect	pebble	CS-DUOTONE	CH-MIN	marketing	STYLE_ID=pebble-beach; SKELETON=SK-CENTER-STAGE; TYPE_ERA=TY-HUMANIST; CONTROL=soft-rect; MATERIAL=pebble; COLOUR_STRAT=CS-DUOTONE; CHROME=CH-MIN; FEEL=stones seafoam calm
C0423	pencil-sketch	Pencil Sketch	internet-expanded	SK-NEWS-RIVER	TY-SYSTEM-RAW	ink-underline	graphite	CS-PRIMARY-TRIO	CH-STANDARD	app	STYLE_ID=pencil-sketch; SKELETON=SK-NEWS-RIVER; TYPE_ERA=TY-SYSTEM-RAW; CONTROL=ink-underline; MATERIAL=graphite; COLOUR_STRAT=CS-PRIMARY-TRIO; CHROME=CH-STANDARD; FEEL=graphite construction lines
C0424	persian-miniature-inspired	Miniature Inspired	internet-expanded	SK-CALENDAR-SPINE	TY-OLDSTYLE-SERIF	ink-underline	miniature	CS-TONAL	CH-APP	app	STYLE_ID=persian-miniature-inspired; SKELETON=SK-CALENDAR-SPINE; TYPE_ERA=TY-OLDSTYLE-SERIF; CONTROL=ink-underline; MATERIAL=miniature; COLOUR_STRAT=CS-TONAL; CHROME=CH-APP; FEEL=dense narrative detail care
C0425	pharmacy-retro	Retro Pharmacy	internet-expanded	SK-MASONRY	TY-HUMANIST	soft-rect	pharmacy-green	CS-PAPER-INK	CH-DENSE	marketing	STYLE_ID=pharmacy-retro; SKELETON=SK-MASONRY; TYPE_ERA=TY-HUMANIST; CONTROL=soft-rect; MATERIAL=pharmacy-green; COLOUR_STRAT=CS-PAPER-INK; CHROME=CH-DENSE; FEEL=green cross vintage
C0426	photobooth	Photobooth	internet-expanded	SK-SPLIT-DIAGONAL	TY-ROUNDED	pill	photo-strip	CS-DARK-STAGE	CH-IMMERSIVE	marketing	STYLE_ID=photobooth; SKELETON=SK-SPLIT-DIAGONAL; TYPE_ERA=TY-ROUNDED; CONTROL=pill; MATERIAL=photo-strip; COLOUR_STRAT=CS-DARK-STAGE; CHROME=CH-IMMERSIVE; FEEL=strips curtains fun
C0427	picnic	Picnic	internet-expanded	SK-FRAME-IN-FRAME	TY-HUMANIST	soft-rect	gingham	CS-PASTEL-POP	CH-NONE	marketing	STYLE_ID=picnic; SKELETON=SK-FRAME-IN-FRAME; TYPE_ERA=TY-HUMANIST; CONTROL=soft-rect; MATERIAL=gingham; COLOUR_STRAT=CS-PASTEL-POP; CHROME=CH-NONE; FEEL=gingham basket sun
C0428	pixel-office	Pixel Office	internet-expanded	SK-SIDE-SCROLL	TY-PIXEL	sharp-0	pixel-office	CS-SIGNAL	CH-MIN	marketing	STYLE_ID=pixel-office; SKELETON=SK-SIDE-SCROLL; TYPE_ERA=TY-PIXEL; CONTROL=sharp-0; MATERIAL=pixel-office; COLOUR_STRAT=CS-SIGNAL; CHROME=CH-MIN; FEEL=16-bit cubicle humor
C0429	planetarium	Planetarium	internet-expanded	SK-FIXED-TOC	TY-GROTESK-SOFT	sharp-0	dome-stars	CS-PHOTO-LED	CH-STANDARD	marketing	STYLE_ID=planetarium; SKELETON=SK-FIXED-TOC; TYPE_ERA=TY-GROTESK-SOFT; CONTROL=sharp-0; MATERIAL=dome-stars; COLOUR_STRAT=CS-PHOTO-LED; CHROME=CH-STANDARD; FEEL=dome stars education
C0430	plant-shop	Plant Shop	internet-expanded	SK-COMMAND-CENTER	TY-HUMANIST	soft-rect	plant-pots	CS-CMYK-PROCESS	CH-APP	app	STYLE_ID=plant-shop; SKELETON=SK-COMMAND-CENTER; TYPE_ERA=TY-HUMANIST; CONTROL=soft-rect; MATERIAL=plant-pots; COLOUR_STRAT=CS-CMYK-PROCESS; CHROME=CH-APP; FEEL=pots humidity labels
C0431	polar	Polar	internet-expanded	SK-INBOX-ZERO	TY-GROTESQUE	chunk-border	expedition	CS-EARTH	CH-DENSE	app	STYLE_ID=polar; SKELETON=SK-INBOX-ZERO; TYPE_ERA=TY-GROTESQUE; CONTROL=chunk-border; MATERIAL=expedition; COLOUR_STRAT=CS-EARTH; CHROME=CH-DENSE; FEEL=expedition red on white
C0432	police-procedural	Procedural	internet-expanded	SK-STUDIO-CANVAS	TY-SYSTEM-RAW	sharp-0	evidence-board	CS-OCEAN	CH-IMMERSIVE	app	STYLE_ID=police-procedural; SKELETON=SK-STUDIO-CANVAS; TYPE_ERA=TY-SYSTEM-RAW; CONTROL=sharp-0; MATERIAL=evidence-board; COLOUR_STRAT=CS-OCEAN; CHROME=CH-IMMERSIVE; FEEL=evidence boards pins
C0433	pop-surreal	Pop Surreal	internet-expanded	SK-COMPARISON	TY-DISPLAY-EXTREME	chunk-border	pop-surreal	CS-NEON-ON-DARK	CH-NONE	marketing	STYLE_ID=pop-surreal; SKELETON=SK-COMPARISON; TYPE_ERA=TY-DISPLAY-EXTREME; CONTROL=chunk-border; MATERIAL=pop-surreal; COLOUR_STRAT=CS-NEON-ON-DARK; CHROME=CH-NONE; FEEL=lowbrow gallery weird
C0434	porcelain	Porcelain	internet-expanded	SK-PRICING-LADDER	TY-DIDONE-LUX	ink-underline	porcelain-blue	CS-DESAT-CORP	CH-MIN	marketing	STYLE_ID=porcelain; SKELETON=SK-PRICING-LADDER; TYPE_ERA=TY-DIDONE-LUX; CONTROL=ink-underline; MATERIAL=porcelain-blue; COLOUR_STRAT=CS-DESAT-CORP; CHROME=CH-MIN; FEEL=fragile blue white
C0435	postal	Postal	internet-expanded	SK-MANIFEST-LIST	TY-HUMANIST	ticket	airmail	CS-HIGH-KEY	CH-STANDARD	app	STYLE_ID=postal; SKELETON=SK-MANIFEST-LIST; TYPE_ERA=TY-HUMANIST; CONTROL=ticket; MATERIAL=airmail; COLOUR_STRAT=CS-HIGH-KEY; CHROME=CH-STANDARD; FEEL=stamps cancels airmail
C0436	pottery-barn-soft	Soft Retail Home	internet-expanded	SK-SCOREBOARD	TY-HUMANIST	soft-rect	home-catalog	CS-LOW-KEY	CH-APP	app	STYLE_ID=pottery-barn-soft; SKELETON=SK-SCOREBOARD; TYPE_ERA=TY-HUMANIST; CONTROL=soft-rect; MATERIAL=home-catalog; COLOUR_STRAT=CS-LOW-KEY; CHROME=CH-APP; FEEL=safe lifestyle catalog
C0437	power-station	Power Station	internet-expanded	SK-COCKPIT-STRIP	TY-INDUSTRIAL-COND	chunk-border	warning-stripe	CS-SEPIA	CH-DENSE	app	STYLE_ID=power-station; SKELETON=SK-COCKPIT-STRIP; TYPE_ERA=TY-INDUSTRIAL-COND; CONTROL=chunk-border; MATERIAL=warning-stripe; COLOUR_STRAT=CS-SEPIA; CHROME=CH-DENSE; FEEL=warning stripes industrial
C0438	prairie	Prairie	internet-expanded	SK-FOLIO-SPREAD	TY-HUMANIST	soft-rect	prairie	CS-INVERTED	CH-IMMERSIVE	marketing	STYLE_ID=prairie; SKELETON=SK-FOLIO-SPREAD; TYPE_ERA=TY-HUMANIST; CONTROL=soft-rect; MATERIAL=prairie; COLOUR_STRAT=CS-INVERTED; CHROME=CH-IMMERSIVE; FEEL=horizontal land sky
C0439	preppy	Preppy	internet-expanded	SK-STAMP-SHEET	TY-TRANSITIONAL-SERIF	soft-rect	navy-stripe	CS-REGIONAL-FLAG	CH-NONE	marketing	STYLE_ID=preppy; SKELETON=SK-STAMP-SHEET; TYPE_ERA=TY-TRANSITIONAL-SERIF; CONTROL=soft-rect; MATERIAL=navy-stripe; COLOUR_STRAT=CS-REGIONAL-FLAG; CHROME=CH-NONE; FEEL=navy stripes collegiate
C0440	printers-workshop	Printers Workshop	internet-expanded	SK-DOCKED-FAB	TY-OLDSTYLE-SERIF	chunk-border	type-case	CS-BRAND-LOCKUP	CH-MIN	mobile	STYLE_ID=printers-workshop; SKELETON=SK-DOCKED-FAB; TYPE_ERA=TY-OLDSTYLE-SERIF; CONTROL=chunk-border; MATERIAL=type-case; COLOUR_STRAT=CS-BRAND-LOCKUP; CHROME=CH-MIN; FEEL=type cases ink
C0441	protest-poster	Protest Poster	internet-expanded	SK-PEEK-CARDS	TY-INDUSTRIAL-COND	filled-block	protest	CS-MONO-PLUS	CH-STANDARD	mobile	STYLE_ID=protest-poster; SKELETON=SK-PEEK-CARDS; TYPE_ERA=TY-INDUSTRIAL-COND; CONTROL=filled-block; MATERIAL=protest; COLOUR_STRAT=CS-MONO-PLUS; CHROME=CH-STANDARD; FEEL=urgent one demand
C0442	psychedelic-modern	Modern Psychedelic	internet-expanded	SK-RADIO-TUNER	TY-DISPLAY-EXTREME	chunk-border	psych-modern	CS-DUOTONE	CH-APP	app	STYLE_ID=psychedelic-modern; SKELETON=SK-RADIO-TUNER; TYPE_ERA=TY-DISPLAY-EXTREME; CONTROL=chunk-border; MATERIAL=psych-modern; COLOUR_STRAT=CS-DUOTONE; CHROME=CH-APP; FEEL=controlled chaos colour
C0443	public-access	Public Access TV	internet-expanded	SK-FILMSTRIP	TY-SYSTEM-RAW	sharp-0	public-access	CS-PRIMARY-TRIO	CH-DENSE	marketing	STYLE_ID=public-access; SKELETON=SK-FILMSTRIP; TYPE_ERA=TY-SYSTEM-RAW; CONTROL=sharp-0; MATERIAL=public-access; COLOUR_STRAT=CS-PRIMARY-TRIO; CHROME=CH-DENSE; FEEL=low budget crawl
C0444	pulp-sci-fi	Pulp Sci-Fi	internet-expanded	SK-ORBIT-META	TY-DISPLAY-EXTREME	chunk-border	pulp-rocket	CS-TONAL	CH-IMMERSIVE	marketing	STYLE_ID=pulp-sci-fi; SKELETON=SK-ORBIT-META; TYPE_ERA=TY-DISPLAY-EXTREME; CONTROL=chunk-border; MATERIAL=pulp-rocket; COLOUR_STRAT=CS-TONAL; CHROME=CH-IMMERSIVE; FEEL=rocket covers lurid
C0445	quarry	Quarry	internet-expanded	SK-SPLIT-DEPTH	TY-GROTESQUE	sharp-0	stone-cut	CS-PAPER-INK	CH-NONE	marketing	STYLE_ID=quarry; SKELETON=SK-SPLIT-DEPTH; TYPE_ERA=TY-GROTESQUE; CONTROL=sharp-0; MATERIAL=stone-cut; COLOUR_STRAT=CS-PAPER-INK; CHROME=CH-NONE; FEEL=stone cut dust
C0446	quilt	Quilt	internet-expanded	SK-CHECKOUT-TUNNEL	TY-HUMANIST	soft-rect	quilt-block	CS-DARK-STAGE	CH-MIN	marketing	STYLE_ID=quilt; SKELETON=SK-CHECKOUT-TUNNEL; TYPE_ERA=TY-HUMANIST; CONTROL=soft-rect; MATERIAL=quilt-block; COLOUR_STRAT=CS-DARK-STAGE; CHROME=CH-MIN; FEEL=block patterns warm
C0447	racing-livery	Racing Livery	internet-expanded	SK-CHAT-THREAD	TY-INDUSTRIAL-COND	sharp-0	livery	CS-PASTEL-POP	CH-STANDARD	app	STYLE_ID=racing-livery; SKELETON=SK-CHAT-THREAD; TYPE_ERA=TY-INDUSTRIAL-COND; CONTROL=sharp-0; MATERIAL=livery; COLOUR_STRAT=CS-PASTEL-POP; CHROME=CH-STANDARD; FEEL=sponsor stripes speed
C0448	radio-ham	Ham Radio	internet-expanded	SK-NOTIFICATION-STACK	TY-MONO-DATA	chunk-border	radio-dial	CS-SIGNAL	CH-APP	mobile	STYLE_ID=radio-ham; SKELETON=SK-NOTIFICATION-STACK; TYPE_ERA=TY-MONO-DATA; CONTROL=chunk-border; MATERIAL=radio-dial; COLOUR_STRAT=CS-SIGNAL; CHROME=CH-APP; FEEL=dials meters frequencies
C0449	rainy-city	Rainy City	internet-expanded	SK-DIRECTORY	TY-GROTESK-SOFT	soft-rect	rain-reflect	CS-PHOTO-LED	CH-DENSE	app	STYLE_ID=rainy-city; SKELETON=SK-DIRECTORY; TYPE_ERA=TY-GROTESK-SOFT; CONTROL=soft-rect; MATERIAL=rain-reflect; COLOUR_STRAT=CS-PHOTO-LED; CHROME=CH-DENSE; FEEL=reflections umbrellas
C0450	ranch	Ranch	internet-expanded	SK-ATLAS-PLATES	TY-SLAB	chunk-border	ranch-leather	CS-CMYK-PROCESS	CH-IMMERSIVE	marketing	STYLE_ID=ranch; SKELETON=SK-ATLAS-PLATES; TYPE_ERA=TY-SLAB; CONTROL=chunk-border; MATERIAL=ranch-leather; COLOUR_STRAT=CS-CMYK-PROCESS; CHROME=CH-IMMERSIVE; FEEL=leather fence open
C0451	record-shop	Record Shop	internet-expanded	SK-HERO-SPLIT	TY-MIXED-HIGH-CONTRAST	chunk-border	record-sleeve	CS-EARTH	CH-NONE	marketing	STYLE_ID=record-shop; SKELETON=SK-HERO-SPLIT; TYPE_ERA=TY-MIXED-HIGH-CONTRAST; CONTROL=chunk-border; MATERIAL=record-sleeve; COLOUR_STRAT=CS-EARTH; CHROME=CH-NONE; FEEL=bins sleeves stickers
C0452	red-envelope	Festive Red Envelope	internet-expanded	SK-SINGLE-STICKY	TY-DISPLAY-EXTREME	ticket	red-gold	CS-OCEAN	CH-MIN	marketing	STYLE_ID=red-envelope; SKELETON=SK-SINGLE-STICKY; TYPE_ERA=TY-DISPLAY-EXTREME; CONTROL=ticket; MATERIAL=red-gold; COLOUR_STRAT=CS-OCEAN; CHROME=CH-MIN; FEEL=celebration gold red care
C0453	research-institute	Research Institute	internet-expanded	SK-EDITORIAL-LONG	TY-SERIF-TEXT	sharp-0	research-paper	CS-NEON-ON-DARK	CH-STANDARD	marketing	STYLE_ID=research-institute; SKELETON=SK-EDITORIAL-LONG; TYPE_ERA=TY-SERIF-TEXT; CONTROL=sharp-0; MATERIAL=research-paper; COLOUR_STRAT=CS-NEON-ON-DARK; CHROME=CH-STANDARD; FEEL=papers diagrams calm
C0454	resort-brutal	Brutalist Resort	internet-expanded	SK-BENTO	TY-GROTESQUE	sharp-0	concrete-holiday	CS-DESAT-CORP	CH-APP	marketing	STYLE_ID=resort-brutal; SKELETON=SK-BENTO; TYPE_ERA=TY-GROTESQUE; CONTROL=sharp-0; MATERIAL=concrete-holiday; COLOUR_STRAT=CS-DESAT-CORP; CHROME=CH-APP; FEEL=concrete holiday contrast
C0455	retro-future-50s	50s Retrofuture	internet-expanded	SK-TABLE-FIRST	TY-GEOMETRIC	pill	atom-car	CS-HIGH-KEY	CH-DENSE	app	STYLE_ID=retro-future-50s; SKELETON=SK-TABLE-FIRST; TYPE_ERA=TY-GEOMETRIC; CONTROL=pill; MATERIAL=atom-car; COLOUR_STRAT=CS-HIGH-KEY; CHROME=CH-DENSE; FEEL=atom cars optimism
C0456	ribbon	Ribbon	internet-expanded	SK-TIMELINE	TY-DIDONE-LUX	ticket	ribbon	CS-LOW-KEY	CH-IMMERSIVE	app	STYLE_ID=ribbon; SKELETON=SK-TIMELINE; TYPE_ERA=TY-DIDONE-LUX; CONTROL=ticket; MATERIAL=ribbon; COLOUR_STRAT=CS-LOW-KEY; CHROME=CH-IMMERSIVE; FEEL=banners awards ceremonial
C0457	riverboat	Riverboat	internet-expanded	SK-MAP-STAGE	TY-OLDSTYLE-SERIF	ticket	riverboat	CS-SEPIA	CH-NONE	app	STYLE_ID=riverboat; SKELETON=SK-MAP-STAGE; TYPE_ERA=TY-OLDSTYLE-SERIF; CONTROL=ticket; MATERIAL=riverboat; COLOUR_STRAT=CS-SEPIA; CHROME=CH-NONE; FEEL=paddle steam mark twain
C0458	road-atlas	Road Atlas	internet-expanded	SK-BOARD-KANBAN	TY-HUMANIST	sharp-0	road-atlas	CS-INVERTED	CH-MIN	app	STYLE_ID=road-atlas; SKELETON=SK-BOARD-KANBAN; TYPE_ERA=TY-HUMANIST; CONTROL=sharp-0; MATERIAL=road-atlas; COLOUR_STRAT=CS-INVERTED; CHROME=CH-MIN; FEEL=highways legends
C0459	robot-toy	Toy Robot	internet-expanded	SK-TICKET-STUB	TY-GEOMETRIC	chunk-border	tin-toy	CS-REGIONAL-FLAG	CH-STANDARD	marketing	STYLE_ID=robot-toy; SKELETON=SK-TICKET-STUB; TYPE_ERA=TY-GEOMETRIC; CONTROL=chunk-border; MATERIAL=tin-toy; COLOUR_STRAT=CS-REGIONAL-FLAG; CHROME=CH-STANDARD; FEEL=tin litho cute machine
C0460	rock-climbing	Climbing Gym	internet-expanded	SK-LEDGER	TY-INDUSTRIAL-COND	chunk-border	climbing-hold	CS-BRAND-LOCKUP	CH-APP	app	STYLE_ID=rock-climbing; SKELETON=SK-LEDGER; TYPE_ERA=TY-INDUSTRIAL-COND; CONTROL=chunk-border; MATERIAL=climbing-hold; COLOUR_STRAT=CS-BRAND-LOCKUP; CHROME=CH-APP; FEEL=holds chalk bright
C0461	rococo-pastel	Rococo Pastel Soft	internet-expanded	SK-TERMINAL	TY-SCRIPT-SPARSE	pill	rococo-pastel	CS-MONO-PLUS	CH-DENSE	app	STYLE_ID=rococo-pastel; SKELETON=SK-TERMINAL; TYPE_ERA=TY-SCRIPT-SPARSE; CONTROL=pill; MATERIAL=rococo-pastel; COLOUR_STRAT=CS-MONO-PLUS; CHROME=CH-DENSE; FEEL=pastel scroll soft UI
C0462	romantic-comedy	Romcom	internet-expanded	SK-POSTER	TY-HUMANIST	pill	warm-soft	CS-DUOTONE	CH-IMMERSIVE	marketing	STYLE_ID=romantic-comedy; SKELETON=SK-POSTER; TYPE_ERA=TY-HUMANIST; CONTROL=pill; MATERIAL=warm-soft; COLOUR_STRAT=CS-DUOTONE; CHROME=CH-IMMERSIVE; FEEL=warm soft focus type
C0463	rooftop-bar	Rooftop Bar	internet-expanded	SK-BOTTOM-SHEET	TY-DIDONE-LUX	pill	skyline-night	CS-PRIMARY-TRIO	CH-NONE	mobile	STYLE_ID=rooftop-bar; SKELETON=SK-BOTTOM-SHEET; TYPE_ERA=TY-DIDONE-LUX; CONTROL=pill; MATERIAL=skyline-night; COLOUR_STRAT=CS-PRIMARY-TRIO; CHROME=CH-NONE; FEEL=night skyline cocktails
C0464	rubber-hose	Rubber Hose Animation	internet-expanded	SK-TAB-DECK	TY-ROUNDED	pill	rubber-hose	CS-TONAL	CH-MIN	mobile	STYLE_ID=rubber-hose; SKELETON=SK-TAB-DECK; TYPE_ERA=TY-ROUNDED; CONTROL=pill; MATERIAL=rubber-hose; COLOUR_STRAT=CS-TONAL; CHROME=CH-MIN; FEEL=1920s bouncy characters
C0465	rust-belt	Rust Belt	internet-expanded	SK-WIZARD-STEPS	TY-INDUSTRIAL-COND	chunk-border	rust	CS-PAPER-INK	CH-STANDARD	app	STYLE_ID=rust-belt; SKELETON=SK-WIZARD-STEPS; TYPE_ERA=TY-INDUSTRIAL-COND; CONTROL=chunk-border; MATERIAL=rust; COLOUR_STRAT=CS-PAPER-INK; CHROME=CH-STANDARD; FEEL=decay industry honest
C0466	safari-colonial-careful	Field Safari Graphic	internet-expanded	SK-SPLIT-INSPECTOR	TY-HUMANIST	ink-underline	field-note	CS-DARK-STAGE	CH-APP	app	STYLE_ID=safari-colonial-careful; SKELETON=SK-SPLIT-INSPECTOR; TYPE_ERA=TY-HUMANIST; CONTROL=ink-underline; MATERIAL=field-note; COLOUR_STRAT=CS-DARK-STAGE; CHROME=CH-APP; FEEL=field notes careful not stereotype
C0467	sailcloth	Sailcloth	internet-expanded	SK-DASH-METRIC	TY-HUMANIST	chunk-border	sailcloth	CS-PASTEL-POP	CH-DENSE	app	STYLE_ID=sailcloth; SKELETON=SK-DASH-METRIC; TYPE_ERA=TY-HUMANIST; CONTROL=chunk-border; MATERIAL=sailcloth; COLOUR_STRAT=CS-PASTEL-POP; CHROME=CH-DENSE; FEEL=nautical fabric hardware
C0468	salon-hair	Hair Salon	internet-expanded	SK-GALLERY-INDEX	TY-DIDONE-LUX	pill	salon-gloss	CS-SIGNAL	CH-IMMERSIVE	marketing	STYLE_ID=salon-hair; SKELETON=SK-GALLERY-INDEX; TYPE_ERA=TY-DIDONE-LUX; CONTROL=pill; MATERIAL=salon-gloss; COLOUR_STRAT=CS-SIGNAL; CHROME=CH-IMMERSIVE; FEEL=gloss mirrors fashion
C0469	sandcastle	Sandcastle	internet-expanded	SK-ZINE-COLLAGE	TY-ROUNDED	pill	sand	CS-PHOTO-LED	CH-NONE	marketing	STYLE_ID=sandcastle; SKELETON=SK-ZINE-COLLAGE; TYPE_ERA=TY-ROUNDED; CONTROL=pill; MATERIAL=sand; COLOUR_STRAT=CS-PHOTO-LED; CHROME=CH-NONE; FEEL=temporary playful grain
C0470	sauna	Sauna	internet-expanded	SK-BRUTAL-BLOCKS	TY-HUMANIST	soft-rect	sauna-wood	CS-CMYK-PROCESS	CH-MIN	any	STYLE_ID=sauna; SKELETON=SK-BRUTAL-BLOCKS; TYPE_ERA=TY-HUMANIST; CONTROL=soft-rect; MATERIAL=sauna-wood; COLOUR_STRAT=CS-CMYK-PROCESS; CHROME=CH-MIN; FEEL=wood heat steam calm
C0471	sci-fi-minimal	Minimal Sci-Fi	internet-expanded	SK-RAIL-DOCK	TY-GROTESK-SOFT	sharp-0	future-white	CS-EARTH	CH-STANDARD	app	STYLE_ID=sci-fi-minimal; SKELETON=SK-RAIL-DOCK; TYPE_ERA=TY-GROTESK-SOFT; CONTROL=sharp-0; MATERIAL=future-white; COLOUR_STRAT=CS-EARTH; CHROME=CH-STANDARD; FEEL=clean future sparse
C0472	scrapbook	Scrapbook	internet-expanded	SK-CENTER-STAGE	TY-MIXED-HIGH-CONTRAST	ticket	scrapbook	CS-OCEAN	CH-APP	marketing	STYLE_ID=scrapbook; SKELETON=SK-CENTER-STAGE; TYPE_ERA=TY-MIXED-HIGH-CONTRAST; CONTROL=ticket; MATERIAL=scrapbook; COLOUR_STRAT=CS-OCEAN; CHROME=CH-APP; FEEL=photos tape ephemera
C0473	scuba	Scuba	internet-expanded	SK-NEWS-RIVER	TY-MONO-DATA	chunk-border	depth-gauge	CS-NEON-ON-DARK	CH-DENSE	app	STYLE_ID=scuba; SKELETON=SK-NEWS-RIVER; TYPE_ERA=TY-MONO-DATA; CONTROL=chunk-border; MATERIAL=depth-gauge; COLOUR_STRAT=CS-NEON-ON-DARK; CHROME=CH-DENSE; FEEL=depth gauges blue
C0474	sculptural	Sculptural UI	internet-expanded	SK-CALENDAR-SPINE	TY-GROTESK-SOFT	soft-rect	sculpture-form	CS-DESAT-CORP	CH-IMMERSIVE	app	STYLE_ID=sculptural; SKELETON=SK-CALENDAR-SPINE; TYPE_ERA=TY-GROTESK-SOFT; CONTROL=soft-rect; MATERIAL=sculpture-form; COLOUR_STRAT=CS-DESAT-CORP; CHROME=CH-IMMERSIVE; FEEL=forms as structure 3D
C0475	seafood-shack	Seafood Shack	internet-expanded	SK-MASONRY	TY-SLAB	chunk-border	shack	CS-HIGH-KEY	CH-NONE	marketing	STYLE_ID=seafood-shack; SKELETON=SK-MASONRY; TYPE_ERA=TY-SLAB; CONTROL=chunk-border; MATERIAL=shack; COLOUR_STRAT=CS-HIGH-KEY; CHROME=CH-NONE; FEEL=picnic tables salt
C0476	secret-society	Secret Society	internet-expanded	SK-SPLIT-DIAGONAL	TY-OLDSTYLE-SERIF	ticket	wax-seal	CS-LOW-KEY	CH-MIN	marketing	STYLE_ID=secret-society; SKELETON=SK-SPLIT-DIAGONAL; TYPE_ERA=TY-OLDSTYLE-SERIF; CONTROL=ticket; MATERIAL=wax-seal; COLOUR_STRAT=CS-LOW-KEY; CHROME=CH-MIN; FEEL=seals wax mystery
C0477	seersucker	Seersucker Summer	internet-expanded	SK-FRAME-IN-FRAME	TY-HUMANIST	soft-rect	seersucker	CS-SEPIA	CH-STANDARD	marketing	STYLE_ID=seersucker; SKELETON=SK-FRAME-IN-FRAME; TYPE_ERA=TY-HUMANIST; CONTROL=soft-rect; MATERIAL=seersucker; COLOUR_STRAT=CS-SEPIA; CHROME=CH-STANDARD; FEEL=striped light south
C0478	sewer	Sewer Punk	internet-expanded	SK-SIDE-SCROLL	TY-MONO-DATA	chunk-border	pipes	CS-INVERTED	CH-APP	marketing	STYLE_ID=sewer; SKELETON=SK-SIDE-SCROLL; TYPE_ERA=TY-MONO-DATA; CONTROL=chunk-border; MATERIAL=pipes; COLOUR_STRAT=CS-INVERTED; CHROME=CH-APP; FEEL=underground pipes grime
C0479	sewing-pattern	Sewing Pattern	internet-expanded	SK-FIXED-TOC	TY-SYSTEM-RAW	sharp-0	pattern-tissue	CS-REGIONAL-FLAG	CH-DENSE	marketing	STYLE_ID=sewing-pattern; SKELETON=SK-FIXED-TOC; TYPE_ERA=TY-SYSTEM-RAW; CONTROL=sharp-0; MATERIAL=pattern-tissue; COLOUR_STRAT=CS-REGIONAL-FLAG; CHROME=CH-DENSE; FEEL=tissue notches grainlines
C0480	shipyard	Shipyard	internet-expanded	SK-COMMAND-CENTER	TY-INDUSTRIAL-COND	chunk-border	shipyard	CS-BRAND-LOCKUP	CH-IMMERSIVE	app	STYLE_ID=shipyard; SKELETON=SK-COMMAND-CENTER; TYPE_ERA=TY-INDUSTRIAL-COND; CONTROL=chunk-border; MATERIAL=shipyard; COLOUR_STRAT=CS-BRAND-LOCKUP; CHROME=CH-IMMERSIVE; FEEL=cranes steel harbour
C0481	shoegaze	Shoegaze	internet-expanded	SK-INBOX-ZERO	TY-GROTESK-SOFT	soft-rect	blur-dream	CS-MONO-PLUS	CH-NONE	app	STYLE_ID=shoegaze; SKELETON=SK-INBOX-ZERO; TYPE_ERA=TY-GROTESK-SOFT; CONTROL=soft-rect; MATERIAL=blur-dream; COLOUR_STRAT=CS-MONO-PLUS; CHROME=CH-NONE; FEEL=blur dream guitar
C0482	shop-front	High Street Shopfront	internet-expanded	SK-STUDIO-CANVAS	TY-HUMANIST	chunk-border	shopfront	CS-DUOTONE	CH-MIN	app	STYLE_ID=shop-front; SKELETON=SK-STUDIO-CANVAS; TYPE_ERA=TY-HUMANIST; CONTROL=chunk-border; MATERIAL=shopfront; COLOUR_STRAT=CS-DUOTONE; CHROME=CH-MIN; FEEL=awnings painted wood
C0483	sixties-mod	60s Mod	internet-expanded	SK-COMPARISON	TY-GEOMETRIC	sharp-0	mod-target	CS-PRIMARY-TRIO	CH-STANDARD	marketing	STYLE_ID=sixties-mod; SKELETON=SK-COMPARISON; TYPE_ERA=TY-GEOMETRIC; CONTROL=sharp-0; MATERIAL=mod-target; COLOUR_STRAT=CS-PRIMARY-TRIO; CHROME=CH-STANDARD; FEEL=target circles sharp fashion
C0484	sketch-app	Sketch App Classic	internet-expanded	SK-PRICING-LADDER	TY-GROTESK-SOFT	soft-rect	artboard-light	CS-TONAL	CH-APP	marketing	STYLE_ID=sketch-app; SKELETON=SK-PRICING-LADDER; TYPE_ERA=TY-GROTESK-SOFT; CONTROL=soft-rect; MATERIAL=artboard-light; COLOUR_STRAT=CS-TONAL; CHROME=CH-APP; FEEL=artboard layers light
C0485	ski-resort	Ski Resort	internet-expanded	SK-MANIFEST-LIST	TY-INDUSTRIAL-COND	sharp-0	ski-red	CS-PAPER-INK	CH-DENSE	app	STYLE_ID=ski-resort; SKELETON=SK-MANIFEST-LIST; TYPE_ERA=TY-INDUSTRIAL-COND; CONTROL=sharp-0; MATERIAL=ski-red; COLOUR_STRAT=CS-PAPER-INK; CHROME=CH-DENSE; FEEL=snow red lift
C0486	sky-writing	Sky Writing	internet-expanded	SK-SCOREBOARD	TY-DISPLAY-EXTREME	ink-underline	sky	CS-DARK-STAGE	CH-IMMERSIVE	app	STYLE_ID=sky-writing; SKELETON=SK-SCOREBOARD; TYPE_ERA=TY-DISPLAY-EXTREME; CONTROL=ink-underline; MATERIAL=sky; COLOUR_STRAT=CS-DARK-STAGE; CHROME=CH-IMMERSIVE; FEEL=air type ephemeral
C0487	slate	Slate	internet-expanded	SK-COCKPIT-STRIP	TY-GROTESQUE	sharp-0	slate	CS-PASTEL-POP	CH-NONE	app	STYLE_ID=slate; SKELETON=SK-COCKPIT-STRIP; TYPE_ERA=TY-GROTESQUE; CONTROL=sharp-0; MATERIAL=slate; COLOUR_STRAT=CS-PASTEL-POP; CHROME=CH-NONE; FEEL=stone chalk grey-blue
C0488	smog-city	Smog City	internet-expanded	SK-FOLIO-SPREAD	TY-GROTESK-SOFT	sharp-0	smog	CS-SIGNAL	CH-MIN	marketing	STYLE_ID=smog-city; SKELETON=SK-FOLIO-SPREAD; TYPE_ERA=TY-GROTESK-SOFT; CONTROL=sharp-0; MATERIAL=smog; COLOUR_STRAT=CS-SIGNAL; CHROME=CH-MIN; FEEL=polluted orange dusk
C0489	soda-fountain	Soda Fountain	internet-expanded	SK-STAMP-SHEET	TY-ROUNDED	pill	soda-chrome	CS-PHOTO-LED	CH-STANDARD	marketing	STYLE_ID=soda-fountain; SKELETON=SK-STAMP-SHEET; TYPE_ERA=TY-ROUNDED; CONTROL=pill; MATERIAL=soda-chrome; COLOUR_STRAT=CS-PHOTO-LED; CHROME=CH-STANDARD; FEEL=chrome stools pastel
C0490	soft-grunge	Soft Grunge	internet-expanded	SK-DOCKED-FAB	TY-MIXED-HIGH-CONTRAST	soft-rect	tumblr-mute	CS-CMYK-PROCESS	CH-APP	mobile	STYLE_ID=soft-grunge; SKELETON=SK-DOCKED-FAB; TYPE_ERA=TY-MIXED-HIGH-CONTRAST; CONTROL=soft-rect; MATERIAL=tumblr-mute; COLOUR_STRAT=CS-CMYK-PROCESS; CHROME=CH-APP; FEEL=muted 2014 tumblr
C0491	solar	Solar	internet-expanded	SK-PEEK-CARDS	TY-GEOMETRIC	sharp-0	solar-yellow	CS-EARTH	CH-DENSE	mobile	STYLE_ID=solar; SKELETON=SK-PEEK-CARDS; TYPE_ERA=TY-GEOMETRIC; CONTROL=sharp-0; MATERIAL=solar-yellow; COLOUR_STRAT=CS-EARTH; CHROME=CH-DENSE; FEEL=panels sun yellow tech
C0492	spa-japanese	Onsen Minimal	internet-expanded	SK-RADIO-TUNER	TY-SERIF-TEXT	ink-underline	onsen	CS-OCEAN	CH-IMMERSIVE	app	STYLE_ID=spa-japanese; SKELETON=SK-RADIO-TUNER; TYPE_ERA=TY-SERIF-TEXT; CONTROL=ink-underline; MATERIAL=onsen; COLOUR_STRAT=CS-OCEAN; CHROME=CH-IMMERSIVE; FEEL=stone water steam quiet
C0493	space-agency	Space Agency	internet-expanded	SK-FILMSTRIP	TY-GROTESQUE	sharp-0	mission-patch	CS-NEON-ON-DARK	CH-NONE	marketing	STYLE_ID=space-agency; SKELETON=SK-FILMSTRIP; TYPE_ERA=TY-GROTESQUE; CONTROL=sharp-0; MATERIAL=mission-patch; COLOUR_STRAT=CS-NEON-ON-DARK; CHROME=CH-NONE; FEEL=patches mission type
C0494	speakeasy	Speakeasy	internet-expanded	SK-ORBIT-META	TY-DIDONE-LUX	ink-underline	speakeasy	CS-DESAT-CORP	CH-MIN	marketing	STYLE_ID=speakeasy; SKELETON=SK-ORBIT-META; TYPE_ERA=TY-DIDONE-LUX; CONTROL=ink-underline; MATERIAL=speakeasy; COLOUR_STRAT=CS-DESAT-CORP; CHROME=CH-MIN; FEEL=hidden door gold dark
C0495	spice-market	Spice Market	internet-expanded	SK-SPLIT-DEPTH	TY-HUMANIST	chunk-border	spice	CS-HIGH-KEY	CH-STANDARD	marketing	STYLE_ID=spice-market; SKELETON=SK-SPLIT-DEPTH; TYPE_ERA=TY-HUMANIST; CONTROL=chunk-border; MATERIAL=spice; COLOUR_STRAT=CS-HIGH-KEY; CHROME=CH-STANDARD; FEEL=warm piles colour
C0496	sportswear-90s	90s Sportswear	internet-expanded	SK-CHECKOUT-TUNNEL	TY-INDUSTRIAL-COND	pill	windbreaker	CS-LOW-KEY	CH-APP	marketing	STYLE_ID=sportswear-90s; SKELETON=SK-CHECKOUT-TUNNEL; TYPE_ERA=TY-INDUSTRIAL-COND; CONTROL=pill; MATERIAL=windbreaker; COLOUR_STRAT=CS-LOW-KEY; CHROME=CH-APP; FEEL=neon windbreaker
C0497	stained-glass	Stained Glass	internet-expanded	SK-CHAT-THREAD	TY-OLDSTYLE-SERIF	ink-underline	stained-glass	CS-SEPIA	CH-DENSE	app	STYLE_ID=stained-glass; SKELETON=SK-CHAT-THREAD; TYPE_ERA=TY-OLDSTYLE-SERIF; CONTROL=ink-underline; MATERIAL=stained-glass; COLOUR_STRAT=CS-SEPIA; CHROME=CH-DENSE; FEEL=lead lines coloured light
C0498	stationers	Stationers	internet-expanded	SK-NOTIFICATION-STACK	TY-HUMANIST	ink-underline	stationery	CS-INVERTED	CH-IMMERSIVE	mobile	STYLE_ID=stationers; SKELETON=SK-NOTIFICATION-STACK; TYPE_ERA=TY-HUMANIST; CONTROL=ink-underline; MATERIAL=stationery; COLOUR_STRAT=CS-INVERTED; CHROME=CH-IMMERSIVE; FEEL=ruled pads stamps
C0499	steam-railway	Steam Railway	internet-expanded	SK-DIRECTORY	TY-HUMANIST	ticket	enamel-railway	CS-REGIONAL-FLAG	CH-NONE	app	STYLE_ID=steam-railway; SKELETON=SK-DIRECTORY; TYPE_ERA=TY-HUMANIST; CONTROL=ticket; MATERIAL=enamel-railway; COLOUR_STRAT=CS-REGIONAL-FLAG; CHROME=CH-NONE; FEEL=timetables enamel
C0500	steel-mill	Steel Mill	internet-expanded	SK-ATLAS-PLATES	TY-INDUSTRIAL-COND	chunk-border	steel-heat	CS-BRAND-LOCKUP	CH-MIN	marketing	STYLE_ID=steel-mill; SKELETON=SK-ATLAS-PLATES; TYPE_ERA=TY-INDUSTRIAL-COND; CONTROL=chunk-border; MATERIAL=steel-heat; COLOUR_STRAT=CS-BRAND-LOCKUP; CHROME=CH-MIN; FEEL=heat orange industry
C0501	stencil-street	Street Stencil	internet-expanded	SK-HERO-SPLIT	TY-STENCIL	sharp-0	spray	CS-MONO-PLUS	CH-STANDARD	marketing	STYLE_ID=stencil-street; SKELETON=SK-HERO-SPLIT; TYPE_ERA=TY-STENCIL; CONTROL=sharp-0; MATERIAL=spray; COLOUR_STRAT=CS-MONO-PLUS; CHROME=CH-STANDARD; FEEL=protest spray quick
C0502	stone-circle	Stone Circle	internet-expanded	SK-SINGLE-STICKY	TY-OLDSTYLE-SERIF	ink-underline	standing-stone	CS-DUOTONE	CH-APP	marketing	STYLE_ID=stone-circle; SKELETON=SK-SINGLE-STICKY; TYPE_ERA=TY-OLDSTYLE-SERIF; CONTROL=ink-underline; MATERIAL=standing-stone; COLOUR_STRAT=CS-DUOTONE; CHROME=CH-APP; FEEL=ancient quiet land
C0503	subway-map	Subway Map	internet-expanded	SK-EDITORIAL-LONG	TY-HUMANIST	sharp-0	subway-map	CS-PRIMARY-TRIO	CH-DENSE	marketing	STYLE_ID=subway-map; SKELETON=SK-EDITORIAL-LONG; TYPE_ERA=TY-HUMANIST; CONTROL=sharp-0; MATERIAL=subway-map; COLOUR_STRAT=CS-PRIMARY-TRIO; CHROME=CH-DENSE; FEEL=lines transfers colour code
C0504	sugar-high	Sugar High	internet-expanded	SK-BENTO	TY-ROUNDED	pill	candy	CS-TONAL	CH-IMMERSIVE	marketing	STYLE_ID=sugar-high; SKELETON=SK-BENTO; TYPE_ERA=TY-ROUNDED; CONTROL=pill; MATERIAL=candy; COLOUR_STRAT=CS-TONAL; CHROME=CH-IMMERSIVE; FEEL=candy hyper colour
C0505	summit	Summit	internet-expanded	SK-TABLE-FIRST	TY-GROTESQUE	sharp-0	alpine	CS-PAPER-INK	CH-NONE	app	STYLE_ID=summit; SKELETON=SK-TABLE-FIRST; TYPE_ERA=TY-GROTESQUE; CONTROL=sharp-0; MATERIAL=alpine; COLOUR_STRAT=CS-PAPER-INK; CHROME=CH-NONE; FEEL=alpine sparse air
C0506	supermarket-japan	JP Supermarket	internet-expanded	SK-TIMELINE	TY-GROTESK-SOFT	soft-rect	jp-dense-label	CS-DARK-STAGE	CH-MIN	app	STYLE_ID=supermarket-japan; SKELETON=SK-TIMELINE; TYPE_ERA=TY-GROTESK-SOFT; CONTROL=soft-rect; MATERIAL=jp-dense-label; COLOUR_STRAT=CS-DARK-STAGE; CHROME=CH-MIN; FEEL=dense labels polite
C0507	surf-shack	Surf Shack	internet-expanded	SK-MAP-STAGE	TY-HUMANIST	chunk-border	surf-wood	CS-PASTEL-POP	CH-STANDARD	app	STYLE_ID=surf-shack; SKELETON=SK-MAP-STAGE; TYPE_ERA=TY-HUMANIST; CONTROL=chunk-border; MATERIAL=surf-wood; COLOUR_STRAT=CS-PASTEL-POP; CHROME=CH-STANDARD; FEEL=wax boards salt wood
C0508	surgical	Surgical	internet-expanded	SK-BOARD-KANBAN	TY-MONO-DATA	sharp-0	surgical	CS-SIGNAL	CH-APP	app	STYLE_ID=surgical; SKELETON=SK-BOARD-KANBAN; TYPE_ERA=TY-MONO-DATA; CONTROL=sharp-0; MATERIAL=surgical; COLOUR_STRAT=CS-SIGNAL; CHROME=CH-APP; FEEL=extreme clinical precision
C0509	swamp	Swamp	internet-expanded	SK-TICKET-STUB	TY-HUMANIST	chunk-border	swamp-green	CS-PHOTO-LED	CH-DENSE	marketing	STYLE_ID=swamp; SKELETON=SK-TICKET-STUB; TYPE_ERA=TY-HUMANIST; CONTROL=chunk-border; MATERIAL=swamp-green; COLOUR_STRAT=CS-PHOTO-LED; CHROME=CH-DENSE; FEEL=humid green murk
C0510	sweater-weather	Sweater Weather	internet-expanded	SK-LEDGER	TY-HUMANIST	soft-rect	knit	CS-CMYK-PROCESS	CH-IMMERSIVE	app	STYLE_ID=sweater-weather; SKELETON=SK-LEDGER; TYPE_ERA=TY-HUMANIST; CONTROL=soft-rect; MATERIAL=knit; COLOUR_STRAT=CS-CMYK-PROCESS; CHROME=CH-IMMERSIVE; FEEL=knit warm autumn
C0511	synthetic-biology	Synbio	internet-expanded	SK-TERMINAL	TY-MONO-DATA	sharp-0	synbio	CS-EARTH	CH-NONE	app	STYLE_ID=synthetic-biology; SKELETON=SK-TERMINAL; TYPE_ERA=TY-MONO-DATA; CONTROL=sharp-0; MATERIAL=synbio; COLOUR_STRAT=CS-EARTH; CHROME=CH-NONE; FEEL=lab future organic tech
C0512	tableau-classic	Classic Infographic	internet-expanded	SK-POSTER	TY-GROTESK-SOFT	soft-rect	infographic	CS-OCEAN	CH-MIN	marketing	STYLE_ID=tableau-classic; SKELETON=SK-POSTER; TYPE_ERA=TY-GROTESK-SOFT; CONTROL=soft-rect; MATERIAL=infographic; COLOUR_STRAT=CS-OCEAN; CHROME=CH-MIN; FEEL=charticle 2010s
C0513	tavern	Tavern	internet-expanded	SK-BOTTOM-SHEET	TY-OLDSTYLE-SERIF	chunk-border	tavern-wood	CS-NEON-ON-DARK	CH-STANDARD	mobile	STYLE_ID=tavern; SKELETON=SK-BOTTOM-SHEET; TYPE_ERA=TY-OLDSTYLE-SERIF; CONTROL=chunk-border; MATERIAL=tavern-wood; COLOUR_STRAT=CS-NEON-ON-DARK; CHROME=CH-STANDARD; FEEL=wood ale warm
C0514	taxi	Taxi	internet-expanded	SK-TAB-DECK	TY-INDUSTRIAL-COND	sharp-0	taxi-yellow	CS-DESAT-CORP	CH-APP	mobile	STYLE_ID=taxi; SKELETON=SK-TAB-DECK; TYPE_ERA=TY-INDUSTRIAL-COND; CONTROL=sharp-0; MATERIAL=taxi-yellow; COLOUR_STRAT=CS-DESAT-CORP; CHROME=CH-APP; FEEL=yellow black city
C0515	tea-ceremony	Tea Ceremony Inspired	internet-expanded	SK-WIZARD-STEPS	TY-SERIF-TEXT	ink-underline	tea-spare	CS-HIGH-KEY	CH-DENSE	app	STYLE_ID=tea-ceremony; SKELETON=SK-WIZARD-STEPS; TYPE_ERA=TY-SERIF-TEXT; CONTROL=ink-underline; MATERIAL=tea-spare; COLOUR_STRAT=CS-HIGH-KEY; CHROME=CH-DENSE; FEEL=spare ritual calm
C0516	techwear	Techwear	internet-expanded	SK-SPLIT-INSPECTOR	TY-GROTESK-SOFT	sharp-0	techwear	CS-LOW-KEY	CH-IMMERSIVE	app	STYLE_ID=techwear; SKELETON=SK-SPLIT-INSPECTOR; TYPE_ERA=TY-GROTESK-SOFT; CONTROL=sharp-0; MATERIAL=techwear; COLOUR_STRAT=CS-LOW-KEY; CHROME=CH-IMMERSIVE; FEEL=black modular utility
C0517	temple-quiet	Temple Quiet	internet-expanded	SK-DASH-METRIC	TY-SERIF-TEXT	ink-underline	temple-stone	CS-SEPIA	CH-NONE	app	STYLE_ID=temple-quiet; SKELETON=SK-DASH-METRIC; TYPE_ERA=TY-SERIF-TEXT; CONTROL=ink-underline; MATERIAL=temple-stone; COLOUR_STRAT=CS-SEPIA; CHROME=CH-NONE; FEEL=stone quiet threshold
C0518	tennis-club	Tennis Club	internet-expanded	SK-GALLERY-INDEX	TY-HUMANIST	soft-rect	tennis-white	CS-INVERTED	CH-MIN	marketing	STYLE_ID=tennis-club; SKELETON=SK-GALLERY-INDEX; TYPE_ERA=TY-HUMANIST; CONTROL=soft-rect; MATERIAL=tennis-white; COLOUR_STRAT=CS-INVERTED; CHROME=CH-MIN; FEEL=white green preppy sport
C0519	terminal-amber	Amber Terminal	internet-expanded	SK-ZINE-COLLAGE	TY-MONO-DATA	sharp-0	amber-crt	CS-REGIONAL-FLAG	CH-STANDARD	marketing	STYLE_ID=terminal-amber; SKELETON=SK-ZINE-COLLAGE; TYPE_ERA=TY-MONO-DATA; CONTROL=sharp-0; MATERIAL=amber-crt; COLOUR_STRAT=CS-REGIONAL-FLAG; CHROME=CH-STANDARD; FEEL=warm phosphor classic
C0520	terminal-green	Green Terminal	internet-expanded	SK-BRUTAL-BLOCKS	TY-MONO-DATA	sharp-0	green-crt	CS-BRAND-LOCKUP	CH-APP	any	STYLE_ID=terminal-green; SKELETON=SK-BRUTAL-BLOCKS; TYPE_ERA=TY-MONO-DATA; CONTROL=sharp-0; MATERIAL=green-crt; COLOUR_STRAT=CS-BRAND-LOCKUP; CHROME=CH-APP; FEEL=classic phosphor
C0521	terracotta-army	Terracotta Inspired	internet-expanded	SK-RAIL-DOCK	TY-HUMANIST	sharp-0	terracotta-earth	CS-MONO-PLUS	CH-DENSE	app	STYLE_ID=terracotta-army; SKELETON=SK-RAIL-DOCK; TYPE_ERA=TY-HUMANIST; CONTROL=sharp-0; MATERIAL=terracotta-earth; COLOUR_STRAT=CS-MONO-PLUS; CHROME=CH-DENSE; FEEL=earth ranks pattern care
C0522	textile-mill	Textile Mill	internet-expanded	SK-CENTER-STAGE	TY-INDUSTRIAL-COND	chunk-border	loom	CS-DUOTONE	CH-IMMERSIVE	marketing	STYLE_ID=textile-mill; SKELETON=SK-CENTER-STAGE; TYPE_ERA=TY-INDUSTRIAL-COND; CONTROL=chunk-border; MATERIAL=loom; COLOUR_STRAT=CS-DUOTONE; CHROME=CH-IMMERSIVE; FEEL=looms thread industry
C0523	theater-backstage	Backstage	internet-expanded	SK-NEWS-RIVER	TY-SYSTEM-RAW	chunk-border	glow-tape	CS-PRIMARY-TRIO	CH-NONE	app	STYLE_ID=theater-backstage; SKELETON=SK-NEWS-RIVER; TYPE_ERA=TY-SYSTEM-RAW; CONTROL=chunk-border; MATERIAL=glow-tape; COLOUR_STRAT=CS-PRIMARY-TRIO; CHROME=CH-NONE; FEEL=glow tape black
C0524	tide-pool-sci	Tide Pool Science	internet-expanded	SK-CALENDAR-SPINE	TY-SERIF-TEXT	ink-underline	tide-pool	CS-TONAL	CH-MIN	app	STYLE_ID=tide-pool-sci; SKELETON=SK-CALENDAR-SPINE; TYPE_ERA=TY-SERIF-TEXT; CONTROL=ink-underline; MATERIAL=tide-pool; COLOUR_STRAT=CS-TONAL; CHROME=CH-MIN; FEEL=creatures catalog
C0525	tin-ceiling	Tin Ceiling	internet-expanded	SK-MASONRY	TY-DIDONE-LUX	ink-underline	tin-ceiling	CS-PAPER-INK	CH-STANDARD	marketing	STYLE_ID=tin-ceiling; SKELETON=SK-MASONRY; TYPE_ERA=TY-DIDONE-LUX; CONTROL=ink-underline; MATERIAL=tin-ceiling; COLOUR_STRAT=CS-PAPER-INK; CHROME=CH-STANDARD; FEEL=pressed metal ornate
C0526	toolbox	Toolbox	internet-expanded	SK-SPLIT-DIAGONAL	TY-INDUSTRIAL-COND	chunk-border	tool-foam	CS-DARK-STAGE	CH-APP	marketing	STYLE_ID=toolbox; SKELETON=SK-SPLIT-DIAGONAL; TYPE_ERA=TY-INDUSTRIAL-COND; CONTROL=chunk-border; MATERIAL=tool-foam; COLOUR_STRAT=CS-DARK-STAGE; CHROME=CH-APP; FEEL=foam cutouts tools
C0527	topo-only	Topo Only	internet-expanded	SK-FRAME-IN-FRAME	TY-HUMANIST	sharp-0	contours	CS-PASTEL-POP	CH-DENSE	marketing	STYLE_ID=topo-only; SKELETON=SK-FRAME-IN-FRAME; TYPE_ERA=TY-HUMANIST; CONTROL=sharp-0; MATERIAL=contours; COLOUR_STRAT=CS-PASTEL-POP; CHROME=CH-DENSE; FEEL=contour lines pure
C0528	toy-store	Toy Store	internet-expanded	SK-SIDE-SCROLL	TY-ROUNDED	pill	toy-shelf	CS-SIGNAL	CH-IMMERSIVE	marketing	STYLE_ID=toy-store; SKELETON=SK-SIDE-SCROLL; TYPE_ERA=TY-ROUNDED; CONTROL=pill; MATERIAL=toy-shelf; COLOUR_STRAT=CS-SIGNAL; CHROME=CH-IMMERSIVE; FEEL=primary shelves joy
C0529	trade-show	Trade Show	internet-expanded	SK-FIXED-TOC	TY-GROTESK-SOFT	filled-block	booth	CS-PHOTO-LED	CH-NONE	marketing	STYLE_ID=trade-show; SKELETON=SK-FIXED-TOC; TYPE_ERA=TY-GROTESK-SOFT; CONTROL=filled-block; MATERIAL=booth; COLOUR_STRAT=CS-PHOTO-LED; CHROME=CH-NONE; FEEL=booth banners leads
C0530	train-compartment	Train Compartment	internet-expanded	SK-COMMAND-CENTER	TY-HUMANIST	ticket	compartment	CS-CMYK-PROCESS	CH-MIN	app	STYLE_ID=train-compartment; SKELETON=SK-COMMAND-CENTER; TYPE_ERA=TY-HUMANIST; CONTROL=ticket; MATERIAL=compartment; COLOUR_STRAT=CS-CMYK-PROCESS; CHROME=CH-MIN; FEEL=window seats timetable
C0531	trench	Trench	internet-expanded	SK-INBOX-ZERO	TY-STENCIL	chunk-border	trench	CS-EARTH	CH-STANDARD	app	STYLE_ID=trench; SKELETON=SK-INBOX-ZERO; TYPE_ERA=TY-STENCIL; CONTROL=chunk-border; MATERIAL=trench; COLOUR_STRAT=CS-EARTH; CHROME=CH-STANDARD; FEEL=mud util military careful
C0532	tribal-tech	Tribal-Tech Hybrid careful	internet-expanded	SK-STUDIO-CANVAS	TY-MIXED-HIGH-CONTRAST	sharp-0	pattern-hud	CS-OCEAN	CH-APP	app	STYLE_ID=tribal-tech; SKELETON=SK-STUDIO-CANVAS; TYPE_ERA=TY-MIXED-HIGH-CONTRAST; CONTROL=sharp-0; MATERIAL=pattern-hud; COLOUR_STRAT=CS-OCEAN; CHROME=CH-APP; FEEL=pattern + HUD careful
C0533	tropical-modernism	Tropical Modernism	internet-expanded	SK-COMPARISON	TY-HUMANIST	soft-rect	shade-modern	CS-NEON-ON-DARK	CH-DENSE	marketing	STYLE_ID=tropical-modernism; SKELETON=SK-COMPARISON; TYPE_ERA=TY-HUMANIST; CONTROL=soft-rect; MATERIAL=shade-modern; COLOUR_STRAT=CS-NEON-ON-DARK; CHROME=CH-DENSE; FEEL=climate modern shade
C0534	truck-stop	Truck Stop	internet-expanded	SK-PRICING-LADDER	TY-INDUSTRIAL-COND	chunk-border	highway-neon	CS-DESAT-CORP	CH-IMMERSIVE	marketing	STYLE_ID=truck-stop; SKELETON=SK-PRICING-LADDER; TYPE_ERA=TY-INDUSTRIAL-COND; CONTROL=chunk-border; MATERIAL=highway-neon; COLOUR_STRAT=CS-DESAT-CORP; CHROME=CH-IMMERSIVE; FEEL=highway coffee neon
C0535	typewriter	Typewriter	internet-expanded	SK-MANIFEST-LIST	TY-MONO-DATA	ink-underline	typewriter	CS-HIGH-KEY	CH-NONE	app	STYLE_ID=typewriter; SKELETON=SK-MANIFEST-LIST; TYPE_ERA=TY-MONO-DATA; CONTROL=ink-underline; MATERIAL=typewriter; COLOUR_STRAT=CS-HIGH-KEY; CHROME=CH-NONE; FEEL=monospace letters ink
C0536	typography-only	Typography Only	internet-expanded	SK-SCOREBOARD	TY-DISPLAY-EXTREME	ink-underline	type-only	CS-LOW-KEY	CH-MIN	app	STYLE_ID=typography-only; SKELETON=SK-SCOREBOARD; TYPE_ERA=TY-DISPLAY-EXTREME; CONTROL=ink-underline; MATERIAL=type-only; COLOUR_STRAT=CS-LOW-KEY; CHROME=CH-MIN; FEEL=no images type composition
C0537	underground-club	Underground Club	internet-expanded	SK-COCKPIT-STRIP	TY-DISPLAY-EXTREME	sharp-0	blacklight	CS-SEPIA	CH-STANDARD	app	STYLE_ID=underground-club; SKELETON=SK-COCKPIT-STRIP; TYPE_ERA=TY-DISPLAY-EXTREME; CONTROL=sharp-0; MATERIAL=blacklight; COLOUR_STRAT=CS-SEPIA; CHROME=CH-STANDARD; FEEL=black light low fi
C0538	university-lab	University Lab	internet-expanded	SK-FOLIO-SPREAD	TY-SERIF-TEXT	sharp-0	grant-poster	CS-INVERTED	CH-APP	marketing	STYLE_ID=university-lab; SKELETON=SK-FOLIO-SPREAD; TYPE_ERA=TY-SERIF-TEXT; CONTROL=sharp-0; MATERIAL=grant-poster; COLOUR_STRAT=CS-INVERTED; CHROME=CH-APP; FEEL=grant posters diagrams
C0539	urban-gardening	Urban Gardening	internet-expanded	SK-STAMP-SHEET	TY-HUMANIST	soft-rect	planter	CS-REGIONAL-FLAG	CH-DENSE	marketing	STYLE_ID=urban-gardening; SKELETON=SK-STAMP-SHEET; TYPE_ERA=TY-HUMANIST; CONTROL=soft-rect; MATERIAL=planter; COLOUR_STRAT=CS-REGIONAL-FLAG; CHROME=CH-DENSE; FEEL=planters city green
C0540	utility-bill	Utility Bill	internet-expanded	SK-DOCKED-FAB	TY-SYSTEM-RAW	sharp-0	utility-form	CS-BRAND-LOCKUP	CH-IMMERSIVE	mobile	STYLE_ID=utility-bill; SKELETON=SK-DOCKED-FAB; TYPE_ERA=TY-SYSTEM-RAW; CONTROL=sharp-0; MATERIAL=utility-form; COLOUR_STRAT=CS-BRAND-LOCKUP; CHROME=CH-IMMERSIVE; FEEL=tables due dates plain
C0541	utopia	Utopia	internet-expanded	SK-PEEK-CARDS	TY-GEOMETRIC	soft-rect	utopia	CS-MONO-PLUS	CH-NONE	mobile	STYLE_ID=utopia; SKELETON=SK-PEEK-CARDS; TYPE_ERA=TY-GEOMETRIC; CONTROL=soft-rect; MATERIAL=utopia; COLOUR_STRAT=CS-MONO-PLUS; CHROME=CH-NONE; FEEL=soft future hopeful diagrams
C0542	vacation-slideshow	Vacation Slideshow	internet-expanded	SK-RADIO-TUNER	TY-HUMANIST	soft-rect	kodak	CS-DUOTONE	CH-MIN	app	STYLE_ID=vacation-slideshow; SKELETON=SK-RADIO-TUNER; TYPE_ERA=TY-HUMANIST; CONTROL=soft-rect; MATERIAL=kodak; COLOUR_STRAT=CS-DUOTONE; CHROME=CH-MIN; FEEL=kodak carousels
C0543	valley	Valley	internet-expanded	SK-FILMSTRIP	TY-HUMANIST	soft-rect	vineyard	CS-PRIMARY-TRIO	CH-STANDARD	marketing	STYLE_ID=valley; SKELETON=SK-FILMSTRIP; TYPE_ERA=TY-HUMANIST; CONTROL=soft-rect; MATERIAL=vineyard; COLOUR_STRAT=CS-PRIMARY-TRIO; CHROME=CH-STANDARD; FEEL=vineyard rows calm
C0544	vaudeville	Vaudeville	internet-expanded	SK-ORBIT-META	TY-DISPLAY-EXTREME	ticket	vaudeville	CS-TONAL	CH-APP	marketing	STYLE_ID=vaudeville; SKELETON=SK-ORBIT-META; TYPE_ERA=TY-DISPLAY-EXTREME; CONTROL=ticket; MATERIAL=vaudeville; COLOUR_STRAT=CS-TONAL; CHROME=CH-APP; FEEL=stage lights variety
C0545	vector-flat-2013	2013 Flat Vector	internet-expanded	SK-SPLIT-DEPTH	TY-GROTESK-SOFT	soft-rect	long-shadow	CS-PAPER-INK	CH-DENSE	marketing	STYLE_ID=vector-flat-2013; SKELETON=SK-SPLIT-DEPTH; TYPE_ERA=TY-GROTESK-SOFT; CONTROL=soft-rect; MATERIAL=long-shadow; COLOUR_STRAT=CS-PAPER-INK; CHROME=CH-DENSE; FEEL=long shadow icons
C0546	velour	Velour	internet-expanded	SK-CHECKOUT-TUNNEL	TY-DIDONE-LUX	pill	velour	CS-DARK-STAGE	CH-IMMERSIVE	marketing	STYLE_ID=velour; SKELETON=SK-CHECKOUT-TUNNEL; TYPE_ERA=TY-DIDONE-LUX; CONTROL=pill; MATERIAL=velour; COLOUR_STRAT=CS-DARK-STAGE; CHROME=CH-IMMERSIVE; FEEL=soft luxe 70s
C0547	venetian	Venetian	internet-expanded	SK-CHAT-THREAD	TY-DIDONE-LUX	ink-underline	venetian	CS-PASTEL-POP	CH-NONE	app	STYLE_ID=venetian; SKELETON=SK-CHAT-THREAD; TYPE_ERA=TY-DIDONE-LUX; CONTROL=ink-underline; MATERIAL=venetian; COLOUR_STRAT=CS-PASTEL-POP; CHROME=CH-NONE; FEEL=canals ornate decay beauty
C0548	video-store	Video Store	internet-expanded	SK-NOTIFICATION-STACK	TY-DISPLAY-EXTREME	chunk-border	vhs-wall	CS-SIGNAL	CH-MIN	mobile	STYLE_ID=video-store; SKELETON=SK-NOTIFICATION-STACK; TYPE_ERA=TY-DISPLAY-EXTREME; CONTROL=chunk-border; MATERIAL=vhs-wall; COLOUR_STRAT=CS-SIGNAL; CHROME=CH-MIN; FEEL=VHS walls neon
C0549	villa	Villa	internet-expanded	SK-DIRECTORY	TY-HUMANIST	soft-rect	villa	CS-PHOTO-LED	CH-STANDARD	app	STYLE_ID=villa; SKELETON=SK-DIRECTORY; TYPE_ERA=TY-HUMANIST; CONTROL=soft-rect; MATERIAL=villa; COLOUR_STRAT=CS-PHOTO-LED; CHROME=CH-STANDARD; FEEL=mediterranean leisure
C0550	vintage-computer	Vintage Computer	internet-expanded	SK-ATLAS-PLATES	TY-SYSTEM-RAW	sharp-0	beige-crt	CS-CMYK-PROCESS	CH-APP	marketing	STYLE_ID=vintage-computer; SKELETON=SK-ATLAS-PLATES; TYPE_ERA=TY-SYSTEM-RAW; CONTROL=sharp-0; MATERIAL=beige-crt; COLOUR_STRAT=CS-CMYK-PROCESS; CHROME=CH-APP; FEEL=beige CRT UI
C0551	vintage-sports	Vintage Sports	internet-expanded	SK-HERO-SPLIT	TY-INDUSTRIAL-COND	ticket	letterman	CS-EARTH	CH-DENSE	marketing	STYLE_ID=vintage-sports; SKELETON=SK-HERO-SPLIT; TYPE_ERA=TY-INDUSTRIAL-COND; CONTROL=ticket; MATERIAL=letterman; COLOUR_STRAT=CS-EARTH; CHROME=CH-DENSE; FEEL=letterman patches
C0552	volcanic	Volcanic	internet-expanded	SK-SINGLE-STICKY	TY-GROTESQUE	sharp-0	basalt-lava	CS-OCEAN	CH-IMMERSIVE	marketing	STYLE_ID=volcanic; SKELETON=SK-SINGLE-STICKY; TYPE_ERA=TY-GROTESQUE; CONTROL=sharp-0; MATERIAL=basalt-lava; COLOUR_STRAT=CS-OCEAN; CHROME=CH-IMMERSIVE; FEEL=basalt lava heat
C0553	voyager	Voyager	internet-expanded	SK-EDITORIAL-LONG	TY-GROTESQUE	sharp-0	golden-record	CS-NEON-ON-DARK	CH-NONE	marketing	STYLE_ID=voyager; SKELETON=SK-EDITORIAL-LONG; TYPE_ERA=TY-GROTESQUE; CONTROL=sharp-0; MATERIAL=golden-record; COLOUR_STRAT=CS-NEON-ON-DARK; CHROME=CH-NONE; FEEL=golden record space
C0554	wallpaper-william-morris	Morris Wallpaper	internet-expanded	SK-BENTO	TY-OLDSTYLE-SERIF	ink-underline	morris-botanical	CS-DESAT-CORP	CH-MIN	marketing	STYLE_ID=wallpaper-william-morris; SKELETON=SK-BENTO; TYPE_ERA=TY-OLDSTYLE-SERIF; CONTROL=ink-underline; MATERIAL=morris-botanical; COLOUR_STRAT=CS-DESAT-CORP; CHROME=CH-MIN; FEEL=dense botanical craft
C0555	warehouse-rave	Warehouse Rave	internet-expanded	SK-TABLE-FIRST	TY-GROTESQUE	sharp-0	rave-warehouse	CS-HIGH-KEY	CH-STANDARD	app	STYLE_ID=warehouse-rave; SKELETON=SK-TABLE-FIRST; TYPE_ERA=TY-GROTESQUE; CONTROL=sharp-0; MATERIAL=rave-warehouse; COLOUR_STRAT=CS-HIGH-KEY; CHROME=CH-STANDARD; FEEL=industrial dance
C0556	watercolor-soft	Soft Watercolour	internet-expanded	SK-TIMELINE	TY-HUMANIST	soft-rect	watercolour	CS-LOW-KEY	CH-APP	app	STYLE_ID=watercolor-soft; SKELETON=SK-TIMELINE; TYPE_ERA=TY-HUMANIST; CONTROL=soft-rect; MATERIAL=watercolour; COLOUR_STRAT=CS-LOW-KEY; CHROME=CH-APP; FEEL=washes edges bleed
C0557	weather-channel-90s	90s Weather	internet-expanded	SK-MAP-STAGE	TY-SYSTEM-RAW	soft-rect	weather-map	CS-SEPIA	CH-DENSE	app	STYLE_ID=weather-channel-90s; SKELETON=SK-MAP-STAGE; TYPE_ERA=TY-SYSTEM-RAW; CONTROL=soft-rect; MATERIAL=weather-map; COLOUR_STRAT=CS-SEPIA; CHROME=CH-DENSE; FEEL=maps gradients local
C0558	wedding-stationery	Wedding Stationery	internet-expanded	SK-BOARD-KANBAN	TY-SCRIPT-SPARSE	ink-underline	wedding-paper	CS-INVERTED	CH-IMMERSIVE	app	STYLE_ID=wedding-stationery; SKELETON=SK-BOARD-KANBAN; TYPE_ERA=TY-SCRIPT-SPARSE; CONTROL=ink-underline; MATERIAL=wedding-paper; COLOUR_STRAT=CS-INVERTED; CHROME=CH-IMMERSIVE; FEEL=calligraphy suites
C0559	weird-nature	Weird Nature	internet-expanded	SK-TICKET-STUB	TY-MIXED-HIGH-CONTRAST	chunk-border	weird-plant	CS-REGIONAL-FLAG	CH-NONE	marketing	STYLE_ID=weird-nature; SKELETON=SK-TICKET-STUB; TYPE_ERA=TY-MIXED-HIGH-CONTRAST; CONTROL=chunk-border; MATERIAL=weird-plant; COLOUR_STRAT=CS-REGIONAL-FLAG; CHROME=CH-NONE; FEEL=uncanny plants
C0560	western-saloon	Western Saloon	internet-expanded	SK-LEDGER	TY-SLAB	chunk-border	saloon	CS-BRAND-LOCKUP	CH-MIN	app	STYLE_ID=western-saloon; SKELETON=SK-LEDGER; TYPE_ERA=TY-SLAB; CONTROL=chunk-border; MATERIAL=saloon; COLOUR_STRAT=CS-BRAND-LOCKUP; CHROME=CH-MIN; FEEL=wood swinging doors
C0561	wet-market-careful	Market Fresh Graphic	internet-expanded	SK-TERMINAL	TY-HUMANIST	chunk-border	produce	CS-MONO-PLUS	CH-STANDARD	app	STYLE_ID=wet-market-careful; SKELETON=SK-TERMINAL; TYPE_ERA=TY-HUMANIST; CONTROL=chunk-border; MATERIAL=produce; COLOUR_STRAT=CS-MONO-PLUS; CHROME=CH-STANDARD; FEEL=produce abundance careful
C0562	whale	Whale	internet-expanded	SK-POSTER	TY-SERIF-TEXT	ink-underline	whale-blue	CS-DUOTONE	CH-APP	marketing	STYLE_ID=whale; SKELETON=SK-POSTER; TYPE_ERA=TY-SERIF-TEXT; CONTROL=ink-underline; MATERIAL=whale-blue; COLOUR_STRAT=CS-DUOTONE; CHROME=CH-APP; FEEL=deep blue scale awe
C0563	wheatpaste	Wheatpaste	internet-expanded	SK-BOTTOM-SHEET	TY-INDUSTRIAL-COND	chunk-border	wheatpaste	CS-PRIMARY-TRIO	CH-DENSE	mobile	STYLE_ID=wheatpaste; SKELETON=SK-BOTTOM-SHEET; TYPE_ERA=TY-INDUSTRIAL-COND; CONTROL=chunk-border; MATERIAL=wheatpaste; COLOUR_STRAT=CS-PRIMARY-TRIO; CHROME=CH-DENSE; FEEL=street posters layers
C0564	whimsical-map	Whimsical Map	internet-expanded	SK-TAB-DECK	TY-OLDSTYLE-SERIF	ticket	whimsy-map	CS-TONAL	CH-IMMERSIVE	mobile	STYLE_ID=whimsical-map; SKELETON=SK-TAB-DECK; TYPE_ERA=TY-OLDSTYLE-SERIF; CONTROL=ticket; MATERIAL=whimsy-map; COLOUR_STRAT=CS-TONAL; CHROME=CH-IMMERSIVE; FEEL=illustrated lands labels
C0565	white-cube	White Cube Gallery	internet-expanded	SK-WIZARD-STEPS	TY-GROTESK-SOFT	ink-underline	white-cube	CS-PAPER-INK	CH-NONE	app	STYLE_ID=white-cube; SKELETON=SK-WIZARD-STEPS; TYPE_ERA=TY-GROTESK-SOFT; CONTROL=ink-underline; MATERIAL=white-cube; COLOUR_STRAT=CS-PAPER-INK; CHROME=CH-NONE; FEEL=neutral art container
C0566	wilderness	Wilderness	internet-expanded	SK-SPLIT-INSPECTOR	TY-HUMANIST	chunk-border	wilderness	CS-DARK-STAGE	CH-MIN	app	STYLE_ID=wilderness; SKELETON=SK-SPLIT-INSPECTOR; TYPE_ERA=TY-HUMANIST; CONTROL=chunk-border; MATERIAL=wilderness; COLOUR_STRAT=CS-DARK-STAGE; CHROME=CH-MIN; FEEL=topo trail risk
C0567	windmill	Windmill	internet-expanded	SK-DASH-METRIC	TY-HUMANIST	soft-rect	windmill	CS-PASTEL-POP	CH-STANDARD	app	STYLE_ID=windmill; SKELETON=SK-DASH-METRIC; TYPE_ERA=TY-HUMANIST; CONTROL=soft-rect; MATERIAL=windmill; COLOUR_STRAT=CS-PASTEL-POP; CHROME=CH-STANDARD; FEEL=dutch landscape type
C0568	winter-cabin	Winter Cabin	internet-expanded	SK-GALLERY-INDEX	TY-SLAB	chunk-border	cabin-winter	CS-SIGNAL	CH-APP	marketing	STYLE_ID=winter-cabin; SKELETON=SK-GALLERY-INDEX; TYPE_ERA=TY-SLAB; CONTROL=chunk-border; MATERIAL=cabin-winter; COLOUR_STRAT=CS-SIGNAL; CHROME=CH-APP; FEEL=fire snow wood
C0569	wireframe-aesthetic	Wireframe Aesthetic	internet-expanded	SK-ZINE-COLLAGE	TY-SYSTEM-RAW	sharp-0	wireframe	CS-PHOTO-LED	CH-DENSE	marketing	STYLE_ID=wireframe-aesthetic; SKELETON=SK-ZINE-COLLAGE; TYPE_ERA=TY-SYSTEM-RAW; CONTROL=sharp-0; MATERIAL=wireframe; COLOUR_STRAT=CS-PHOTO-LED; CHROME=CH-DENSE; FEEL=intentionally unfinished
C0570	woodcut-modern	Modern Woodcut	internet-expanded	SK-BRUTAL-BLOCKS	TY-DISPLAY-EXTREME	chunk-border	modern-woodcut	CS-CMYK-PROCESS	CH-IMMERSIVE	any	STYLE_ID=woodcut-modern; SKELETON=SK-BRUTAL-BLOCKS; TYPE_ERA=TY-DISPLAY-EXTREME; CONTROL=chunk-border; MATERIAL=modern-woodcut; COLOUR_STRAT=CS-CMYK-PROCESS; CHROME=CH-IMMERSIVE; FEEL=bold carved contemporary
C0571	workshop-manual	Workshop Manual	internet-expanded	SK-RAIL-DOCK	TY-MONO-DATA	sharp-0	exploded-diagram	CS-EARTH	CH-NONE	app	STYLE_ID=workshop-manual; SKELETON=SK-RAIL-DOCK; TYPE_ERA=TY-MONO-DATA; CONTROL=sharp-0; MATERIAL=exploded-diagram; COLOUR_STRAT=CS-EARTH; CHROME=CH-NONE; FEEL=exploded diagrams
C0572	world-fair	World Fair	internet-expanded	SK-CENTER-STAGE	TY-GEOMETRIC	ticket	expo-fair	CS-OCEAN	CH-MIN	marketing	STYLE_ID=world-fair; SKELETON=SK-CENTER-STAGE; TYPE_ERA=TY-GEOMETRIC; CONTROL=ticket; MATERIAL=expo-fair; COLOUR_STRAT=CS-OCEAN; CHROME=CH-MIN; FEEL=expo optimism pavilions
C0573	wreck	Shipwreck	internet-expanded	SK-NEWS-RIVER	TY-MIXED-HIGH-CONTRAST	chunk-border	salvage	CS-NEON-ON-DARK	CH-STANDARD	app	STYLE_ID=wreck; SKELETON=SK-NEWS-RIVER; TYPE_ERA=TY-MIXED-HIGH-CONTRAST; CONTROL=chunk-border; MATERIAL=salvage; COLOUR_STRAT=CS-NEON-ON-DARK; CHROME=CH-STANDARD; FEEL=salt decay salvage
C0574	writing-desk	Writing Desk	internet-expanded	SK-CALENDAR-SPINE	TY-OLDSTYLE-SERIF	ink-underline	blotter	CS-DESAT-CORP	CH-APP	app	STYLE_ID=writing-desk; SKELETON=SK-CALENDAR-SPINE; TYPE_ERA=TY-OLDSTYLE-SERIF; CONTROL=ink-underline; MATERIAL=blotter; COLOUR_STRAT=CS-DESAT-CORP; CHROME=CH-APP; FEEL=blotter pen inkwell
C0575	xray	X-Ray	internet-expanded	SK-MASONRY	TY-MONO-DATA	sharp-0	xray	CS-HIGH-KEY	CH-DENSE	marketing	STYLE_ID=xray; SKELETON=SK-MASONRY; TYPE_ERA=TY-MONO-DATA; CONTROL=sharp-0; MATERIAL=xray; COLOUR_STRAT=CS-HIGH-KEY; CHROME=CH-DENSE; FEEL=ghost anatomy blue
C0576	yacht	Yacht	internet-expanded	SK-SPLIT-DIAGONAL	TY-HUMANIST	soft-rect	yacht-navy	CS-LOW-KEY	CH-IMMERSIVE	marketing	STYLE_ID=yacht; SKELETON=SK-SPLIT-DIAGONAL; TYPE_ERA=TY-HUMANIST; CONTROL=soft-rect; MATERIAL=yacht-navy; COLOUR_STRAT=CS-LOW-KEY; CHROME=CH-IMMERSIVE; FEEL=navy white rope polish
C0577	yard-sale	Yard Sale	internet-expanded	SK-FRAME-IN-FRAME	TY-MIXED-HIGH-CONTRAST	ticket	yard-sale	CS-SEPIA	CH-NONE	marketing	STYLE_ID=yard-sale; SKELETON=SK-FRAME-IN-FRAME; TYPE_ERA=TY-MIXED-HIGH-CONTRAST; CONTROL=ticket; MATERIAL=yard-sale; COLOUR_STRAT=CS-SEPIA; CHROME=CH-NONE; FEEL=handwritten prices chaos
C0578	yellow-pages	Yellow Pages	internet-expanded	SK-SIDE-SCROLL	TY-SYSTEM-RAW	ink-underline	yellow-pages	CS-INVERTED	CH-MIN	marketing	STYLE_ID=yellow-pages; SKELETON=SK-SIDE-SCROLL; TYPE_ERA=TY-SYSTEM-RAW; CONTROL=ink-underline; MATERIAL=yellow-pages; COLOUR_STRAT=CS-INVERTED; CHROME=CH-MIN; FEEL=dense directories ads
C0579	zen-garden	Zen Garden	internet-expanded	SK-FIXED-TOC	TY-SERIF-TEXT	ink-underline	raked-gravel	CS-REGIONAL-FLAG	CH-STANDARD	marketing	STYLE_ID=zen-garden; SKELETON=SK-FIXED-TOC; TYPE_ERA=TY-SERIF-TEXT; CONTROL=ink-underline; MATERIAL=raked-gravel; COLOUR_STRAT=CS-REGIONAL-FLAG; CHROME=CH-STANDARD; FEEL=raked gravel spare
C0580	zero-waste	Zero Waste	internet-expanded	SK-COMMAND-CENTER	TY-HUMANIST	chunk-border	repair-kraft	CS-BRAND-LOCKUP	CH-APP	app	STYLE_ID=zero-waste; SKELETON=SK-COMMAND-CENTER; TYPE_ERA=TY-HUMANIST; CONTROL=chunk-border; MATERIAL=repair-kraft; COLOUR_STRAT=CS-BRAND-LOCKUP; CHROME=CH-APP; FEEL=kraft repair reuse
C0581	zoo-signage	Zoo Signage	internet-expanded	SK-INBOX-ZERO	TY-HUMANIST	chunk-border	species-panel	CS-MONO-PLUS	CH-DENSE	app	STYLE_ID=zoo-signage; SKELETON=SK-INBOX-ZERO; TYPE_ERA=TY-HUMANIST; CONTROL=chunk-border; MATERIAL=species-panel; COLOUR_STRAT=CS-MONO-PLUS; CHROME=CH-DENSE; FEEL=species panels kids adult
C0582	zine-music	Music Zine	internet-expanded	SK-STUDIO-CANVAS	TY-MIXED-HIGH-CONTRAST	chunk-border	music-zine	CS-DUOTONE	CH-IMMERSIVE	app	STYLE_ID=zine-music; SKELETON=SK-STUDIO-CANVAS; TYPE_ERA=TY-MIXED-HIGH-CONTRAST; CONTROL=chunk-border; MATERIAL=music-zine; COLOUR_STRAT=CS-DUOTONE; CHROME=CH-IMMERSIVE; FEEL=interviews xerox photos
C0583	airline-lcc	Low-Cost Carrier	industry-expanded	SK-COMPARISON	TY-INDUSTRIAL-COND	filled-block	lcc-bright	CS-PRIMARY-TRIO	CH-NONE	marketing	STYLE_ID=airline-lcc; SKELETON=SK-COMPARISON; TYPE_ERA=TY-INDUSTRIAL-COND; CONTROL=filled-block; MATERIAL=lcc-bright; COLOUR_STRAT=CS-PRIMARY-TRIO; CHROME=CH-NONE; FEEL=bright fees clear
C0584	airline-legacy	Legacy Carrier	industry-expanded	SK-PRICING-LADDER	TY-HUMANIST	soft-rect	legacy-blue	CS-TONAL	CH-MIN	marketing	STYLE_ID=airline-legacy; SKELETON=SK-PRICING-LADDER; TYPE_ERA=TY-HUMANIST; CONTROL=soft-rect; MATERIAL=legacy-blue; COLOUR_STRAT=CS-TONAL; CHROME=CH-MIN; FEEL=trust blue calm
C0585	airport-wayfinding	Airport Wayfinding	industry-expanded	SK-MANIFEST-LIST	TY-HUMANIST	sharp-0	airport	CS-PAPER-INK	CH-STANDARD	app	STYLE_ID=airport-wayfinding; SKELETON=SK-MANIFEST-LIST; TYPE_ERA=TY-HUMANIST; CONTROL=sharp-0; MATERIAL=airport; COLOUR_STRAT=CS-PAPER-INK; CHROME=CH-STANDARD; FEEL=pictograms distances
C0586	ambulance-dispatch	Ambulance Dispatch	industry-expanded	SK-SCOREBOARD	TY-HUMANIST	chunk-border	dispatch	CS-DARK-STAGE	CH-APP	app	STYLE_ID=ambulance-dispatch; SKELETON=SK-SCOREBOARD; TYPE_ERA=TY-HUMANIST; CONTROL=chunk-border; MATERIAL=dispatch; COLOUR_STRAT=CS-DARK-STAGE; CHROME=CH-APP; FEEL=urgency calm clarity
C0587	architecture-portfolio	Architecture Portfolio	industry-expanded	SK-COCKPIT-STRIP	TY-GROTESQUE	ink-underline	portfolio-arch	CS-PASTEL-POP	CH-DENSE	app	STYLE_ID=architecture-portfolio; SKELETON=SK-COCKPIT-STRIP; TYPE_ERA=TY-GROTESQUE; CONTROL=ink-underline; MATERIAL=portfolio-arch; COLOUR_STRAT=CS-PASTEL-POP; CHROME=CH-DENSE; FEEL=project grids plans
C0588	art-school	Art School	industry-expanded	SK-FOLIO-SPREAD	TY-MIXED-HIGH-CONTRAST	chunk-border	critique-wall	CS-SIGNAL	CH-IMMERSIVE	marketing	STYLE_ID=art-school; SKELETON=SK-FOLIO-SPREAD; TYPE_ERA=TY-MIXED-HIGH-CONTRAST; CONTROL=chunk-border; MATERIAL=critique-wall; COLOUR_STRAT=CS-SIGNAL; CHROME=CH-IMMERSIVE; FEEL=critique walls mess creative
C0589	auction-house	Auction House	industry-expanded	SK-STAMP-SHEET	TY-TRANSITIONAL-SERIF	ticket	auction	CS-PHOTO-LED	CH-NONE	marketing	STYLE_ID=auction-house; SKELETON=SK-STAMP-SHEET; TYPE_ERA=TY-TRANSITIONAL-SERIF; CONTROL=ticket; MATERIAL=auction; COLOUR_STRAT=CS-PHOTO-LED; CHROME=CH-NONE; FEEL=lot numbers paddles
C0590	auto-dealer	Auto Dealer	industry-expanded	SK-DOCKED-FAB	TY-GROTESK-SOFT	soft-rect	dealer	CS-CMYK-PROCESS	CH-MIN	mobile	STYLE_ID=auto-dealer; SKELETON=SK-DOCKED-FAB; TYPE_ERA=TY-GROTESK-SOFT; CONTROL=soft-rect; MATERIAL=dealer; COLOUR_STRAT=CS-CMYK-PROCESS; CHROME=CH-MIN; FEEL=inventory hero finance
C0591	auto-repair	Auto Repair	industry-expanded	SK-PEEK-CARDS	TY-INDUSTRIAL-COND	chunk-border	garage	CS-EARTH	CH-STANDARD	mobile	STYLE_ID=auto-repair; SKELETON=SK-PEEK-CARDS; TYPE_ERA=TY-INDUSTRIAL-COND; CONTROL=chunk-border; MATERIAL=garage; COLOUR_STRAT=CS-EARTH; CHROME=CH-STANDARD; FEEL=work orders grease
C0592	bakery	Bakery	industry-expanded	SK-RADIO-TUNER	TY-OLDSTYLE-SERIF	soft-rect	bakery	CS-OCEAN	CH-APP	app	STYLE_ID=bakery; SKELETON=SK-RADIO-TUNER; TYPE_ERA=TY-OLDSTYLE-SERIF; CONTROL=soft-rect; MATERIAL=bakery; COLOUR_STRAT=CS-OCEAN; CHROME=CH-APP; FEEL=warm type flour
C0593	barbershop	Barbershop	industry-expanded	SK-FILMSTRIP	TY-DISPLAY-EXTREME	chunk-border	barber	CS-NEON-ON-DARK	CH-DENSE	marketing	STYLE_ID=barbershop; SKELETON=SK-FILMSTRIP; TYPE_ERA=TY-DISPLAY-EXTREME; CONTROL=chunk-border; MATERIAL=barber; COLOUR_STRAT=CS-NEON-ON-DARK; CHROME=CH-DENSE; FEEL=stripes classic chairs
C0594	bike-shop	Bike Shop	industry-expanded	SK-ORBIT-META	TY-HUMANIST	chunk-border	bike-shop	CS-DESAT-CORP	CH-IMMERSIVE	marketing	STYLE_ID=bike-shop; SKELETON=SK-ORBIT-META; TYPE_ERA=TY-HUMANIST; CONTROL=chunk-border; MATERIAL=bike-shop; COLOUR_STRAT=CS-DESAT-CORP; CHROME=CH-IMMERSIVE; FEEL=parts racks grease
C0595	biotech	Biotech	industry-expanded	SK-SPLIT-DEPTH	TY-GROTESK-SOFT	soft-rect	biotech	CS-HIGH-KEY	CH-NONE	marketing	STYLE_ID=biotech; SKELETON=SK-SPLIT-DEPTH; TYPE_ERA=TY-GROTESK-SOFT; CONTROL=soft-rect; MATERIAL=biotech; COLOUR_STRAT=CS-HIGH-KEY; CHROME=CH-NONE; FEEL=DNA calm science
C0596	bookstore-indie	Indie Bookstore	industry-expanded	SK-CHECKOUT-TUNNEL	TY-OLDSTYLE-SERIF	ink-underline	indie-books	CS-LOW-KEY	CH-MIN	marketing	STYLE_ID=bookstore-indie; SKELETON=SK-CHECKOUT-TUNNEL; TYPE_ERA=TY-OLDSTYLE-SERIF; CONTROL=ink-underline; MATERIAL=indie-books; COLOUR_STRAT=CS-LOW-KEY; CHROME=CH-MIN; FEEL=staff picks shelves
C0597	brewery	Brewery	industry-expanded	SK-CHAT-THREAD	TY-SLAB	chunk-border	brewery	CS-SEPIA	CH-STANDARD	app	STYLE_ID=brewery; SKELETON=SK-CHAT-THREAD; TYPE_ERA=TY-SLAB; CONTROL=chunk-border; MATERIAL=brewery; COLOUR_STRAT=CS-SEPIA; CHROME=CH-STANDARD; FEEL=taps grain industrial craft
C0598	broadcast-news	Broadcast News	industry-expanded	SK-NOTIFICATION-STACK	TY-INDUSTRIAL-COND	sharp-0	lower-third	CS-INVERTED	CH-APP	mobile	STYLE_ID=broadcast-news; SKELETON=SK-NOTIFICATION-STACK; TYPE_ERA=TY-INDUSTRIAL-COND; CONTROL=sharp-0; MATERIAL=lower-third; COLOUR_STRAT=CS-INVERTED; CHROME=CH-APP; FEEL=lower thirds urgency
C0599	builders-merchant	Builders Merchant	industry-expanded	SK-DIRECTORY	TY-INDUSTRIAL-COND	chunk-border	trade-counter	CS-REGIONAL-FLAG	CH-DENSE	app	STYLE_ID=builders-merchant; SKELETON=SK-DIRECTORY; TYPE_ERA=TY-INDUSTRIAL-COND; CONTROL=chunk-border; MATERIAL=trade-counter; COLOUR_STRAT=CS-REGIONAL-FLAG; CHROME=CH-DENSE; FEEL=SKU dense trade
C0600	butcher	Butcher	industry-expanded	SK-ATLAS-PLATES	TY-SLAB	chunk-border	butcher-tile	CS-BRAND-LOCKUP	CH-IMMERSIVE	marketing	STYLE_ID=butcher; SKELETON=SK-ATLAS-PLATES; TYPE_ERA=TY-SLAB; CONTROL=chunk-border; MATERIAL=butcher-tile; COLOUR_STRAT=CS-BRAND-LOCKUP; CHROME=CH-IMMERSIVE; FEEL=classic shop tiles
C0601	campus-portal	Campus Portal	industry-expanded	SK-HERO-SPLIT	TY-HUMANIST	soft-rect	campus	CS-MONO-PLUS	CH-NONE	marketing	STYLE_ID=campus-portal; SKELETON=SK-HERO-SPLIT; TYPE_ERA=TY-HUMANIST; CONTROL=soft-rect; MATERIAL=campus; COLOUR_STRAT=CS-MONO-PLUS; CHROME=CH-NONE; FEEL=courses deadlines
C0602	car-share	Car Share	industry-expanded	SK-SINGLE-STICKY	TY-GROTESK-SOFT	pill	car-share	CS-DUOTONE	CH-MIN	marketing	STYLE_ID=car-share; SKELETON=SK-SINGLE-STICKY; TYPE_ERA=TY-GROTESK-SOFT; CONTROL=pill; MATERIAL=car-share; COLOUR_STRAT=CS-DUOTONE; CHROME=CH-MIN; FEEL=map unlock trip
C0603	care-home	Care Home	industry-expanded	SK-EDITORIAL-LONG	TY-HUMANIST	soft-rect	care	CS-PRIMARY-TRIO	CH-STANDARD	marketing	STYLE_ID=care-home; SKELETON=SK-EDITORIAL-LONG; TYPE_ERA=TY-HUMANIST; CONTROL=soft-rect; MATERIAL=care; COLOUR_STRAT=CS-PRIMARY-TRIO; CHROME=CH-STANDARD; FEEL=calm large type dignity
C0604	charity-kids	Kids Charity	industry-expanded	SK-BENTO	TY-ROUNDED	pill	charity-kids	CS-TONAL	CH-APP	marketing	STYLE_ID=charity-kids; SKELETON=SK-BENTO; TYPE_ERA=TY-ROUNDED; CONTROL=pill; MATERIAL=charity-kids; COLOUR_STRAT=CS-TONAL; CHROME=CH-APP; FEEL=hopeful careful not exploitative
C0605	chemist-uk	UK Chemist	industry-expanded	SK-TABLE-FIRST	TY-HUMANIST	soft-rect	chemist	CS-PAPER-INK	CH-DENSE	app	STYLE_ID=chemist-uk; SKELETON=SK-TABLE-FIRST; TYPE_ERA=TY-HUMANIST; CONTROL=soft-rect; MATERIAL=chemist; COLOUR_STRAT=CS-PAPER-INK; CHROME=CH-DENSE; FEEL=green cross practical
C0606	childcare	Childcare	industry-expanded	SK-TIMELINE	TY-ROUNDED	pill	childcare	CS-DARK-STAGE	CH-IMMERSIVE	app	STYLE_ID=childcare; SKELETON=SK-TIMELINE; TYPE_ERA=TY-ROUNDED; CONTROL=pill; MATERIAL=childcare; COLOUR_STRAT=CS-DARK-STAGE; CHROME=CH-IMMERSIVE; FEEL=schedules bright clear
C0607	cinema-arthouse	Arthouse Cinema	industry-expanded	SK-MAP-STAGE	TY-DIDONE-LUX	ink-underline	arthouse	CS-PASTEL-POP	CH-NONE	app	STYLE_ID=cinema-arthouse; SKELETON=SK-MAP-STAGE; TYPE_ERA=TY-DIDONE-LUX; CONTROL=ink-underline; MATERIAL=arthouse; COLOUR_STRAT=CS-PASTEL-POP; CHROME=CH-NONE; FEEL=poster critical
C0608	city-council	City Council	industry-expanded	SK-BOARD-KANBAN	TY-HUMANIST	sharp-0	council	CS-SIGNAL	CH-MIN	app	STYLE_ID=city-council; SKELETON=SK-BOARD-KANBAN; TYPE_ERA=TY-HUMANIST; CONTROL=sharp-0; MATERIAL=council; COLOUR_STRAT=CS-SIGNAL; CHROME=CH-MIN; FEEL=services plain
C0609	cleaning-service	Cleaning Service	industry-expanded	SK-TICKET-STUB	TY-HUMANIST	pill	clean	CS-PHOTO-LED	CH-STANDARD	marketing	STYLE_ID=cleaning-service; SKELETON=SK-TICKET-STUB; TYPE_ERA=TY-HUMANIST; CONTROL=pill; MATERIAL=clean; COLOUR_STRAT=CS-PHOTO-LED; CHROME=CH-STANDARD; FEEL=fresh simple trust
C0610	clinic-dental	Dental Clinic	industry-expanded	SK-LEDGER	TY-HUMANIST	pill	dental	CS-CMYK-PROCESS	CH-APP	app	STYLE_ID=clinic-dental; SKELETON=SK-LEDGER; TYPE_ERA=TY-HUMANIST; CONTROL=pill; MATERIAL=dental; COLOUR_STRAT=CS-CMYK-PROCESS; CHROME=CH-APP; FEEL=bright clean calm
C0611	co-working	Co-working	industry-expanded	SK-TERMINAL	TY-GROTESK-SOFT	soft-rect	cowork	CS-EARTH	CH-DENSE	app	STYLE_ID=co-working; SKELETON=SK-TERMINAL; TYPE_ERA=TY-GROTESK-SOFT; CONTROL=soft-rect; MATERIAL=cowork; COLOUR_STRAT=CS-EARTH; CHROME=CH-DENSE; FEEL=community boards booking
C0612	coffee-roaster	Coffee Roaster	industry-expanded	SK-POSTER	TY-HUMANIST	chunk-border	roaster	CS-OCEAN	CH-IMMERSIVE	marketing	STYLE_ID=coffee-roaster; SKELETON=SK-POSTER; TYPE_ERA=TY-HUMANIST; CONTROL=chunk-border; MATERIAL=roaster; COLOUR_STRAT=CS-OCEAN; CHROME=CH-IMMERSIVE; FEEL=origin cards craft
C0613	construction	Construction	industry-expanded	SK-BOTTOM-SHEET	TY-INDUSTRIAL-COND	chunk-border	site-orange	CS-NEON-ON-DARK	CH-NONE	mobile	STYLE_ID=construction; SKELETON=SK-BOTTOM-SHEET; TYPE_ERA=TY-INDUSTRIAL-COND; CONTROL=chunk-border; MATERIAL=site-orange; COLOUR_STRAT=CS-NEON-ON-DARK; CHROME=CH-NONE; FEEL=site safety orange
C0614	consultancy	Consultancy	industry-expanded	SK-TAB-DECK	TY-GROTESK-SOFT	soft-rect	consult	CS-DESAT-CORP	CH-MIN	mobile	STYLE_ID=consultancy; SKELETON=SK-TAB-DECK; TYPE_ERA=TY-GROTESK-SOFT; CONTROL=soft-rect; MATERIAL=consult; COLOUR_STRAT=CS-DESAT-CORP; CHROME=CH-MIN; FEEL=thought leadership calm
C0615	courier	Courier	industry-expanded	SK-WIZARD-STEPS	TY-HUMANIST	sharp-0	courier	CS-HIGH-KEY	CH-STANDARD	app	STYLE_ID=courier; SKELETON=SK-WIZARD-STEPS; TYPE_ERA=TY-HUMANIST; CONTROL=sharp-0; MATERIAL=courier; COLOUR_STRAT=CS-HIGH-KEY; CHROME=CH-STANDARD; FEEL=tracking plain fast
C0616	craft-beer-bar	Craft Beer Bar	industry-expanded	SK-SPLIT-INSPECTOR	TY-SLAB	chunk-border	taproom	CS-LOW-KEY	CH-APP	app	STYLE_ID=craft-beer-bar; SKELETON=SK-SPLIT-INSPECTOR; TYPE_ERA=TY-SLAB; CONTROL=chunk-border; MATERIAL=taproom; COLOUR_STRAT=CS-LOW-KEY; CHROME=CH-APP; FEEL=taps boards industrial
C0617	creche	Creche	industry-expanded	SK-DASH-METRIC	TY-ROUNDED	pill	creche	CS-SEPIA	CH-DENSE	app	STYLE_ID=creche; SKELETON=SK-DASH-METRIC; TYPE_ERA=TY-ROUNDED; CONTROL=pill; MATERIAL=creche; COLOUR_STRAT=CS-SEPIA; CHROME=CH-DENSE; FEEL=soft large targets
C0618	crypto-exchange	Crypto Exchange	industry-expanded	SK-GALLERY-INDEX	TY-MONO-DATA	sharp-0	exchange-dark	CS-INVERTED	CH-IMMERSIVE	marketing	STYLE_ID=crypto-exchange; SKELETON=SK-GALLERY-INDEX; TYPE_ERA=TY-MONO-DATA; CONTROL=sharp-0; MATERIAL=exchange-dark; COLOUR_STRAT=CS-INVERTED; CHROME=CH-IMMERSIVE; FEEL=dense pairs dark
C0619	cycling-club	Cycling Club	industry-expanded	SK-ZINE-COLLAGE	TY-HUMANIST	chunk-border	cycling	CS-REGIONAL-FLAG	CH-NONE	marketing	STYLE_ID=cycling-club; SKELETON=SK-ZINE-COLLAGE; TYPE_ERA=TY-HUMANIST; CONTROL=chunk-border; MATERIAL=cycling; COLOUR_STRAT=CS-REGIONAL-FLAG; CHROME=CH-NONE; FEEL=routes elevation
C0620	dark-kitchen	Dark Kitchen	industry-expanded	SK-BRUTAL-BLOCKS	TY-INDUSTRIAL-COND	chunk-border	dark-kitchen	CS-BRAND-LOCKUP	CH-MIN	any	STYLE_ID=dark-kitchen; SKELETON=SK-BRUTAL-BLOCKS; TYPE_ERA=TY-INDUSTRIAL-COND; CONTROL=chunk-border; MATERIAL=dark-kitchen; COLOUR_STRAT=CS-BRAND-LOCKUP; CHROME=CH-MIN; FEEL=ops tickets speed
C0621	dating-app	Dating App	industry-expanded	SK-RAIL-DOCK	TY-ROUNDED	pill	dating	CS-MONO-PLUS	CH-STANDARD	app	STYLE_ID=dating-app; SKELETON=SK-RAIL-DOCK; TYPE_ERA=TY-ROUNDED; CONTROL=pill; MATERIAL=dating; COLOUR_STRAT=CS-MONO-PLUS; CHROME=CH-STANDARD; FEEL=cards profiles careful
C0622	delivery-driver	Driver App	industry-expanded	SK-CENTER-STAGE	TY-HUMANIST	filled-block	driver	CS-DUOTONE	CH-APP	marketing	STYLE_ID=delivery-driver; SKELETON=SK-CENTER-STAGE; TYPE_ERA=TY-HUMANIST; CONTROL=filled-block; MATERIAL=driver; COLOUR_STRAT=CS-DUOTONE; CHROME=CH-APP; FEEL=nav big buttons
C0623	dentist-pediatric	Pediatric Dental	industry-expanded	SK-NEWS-RIVER	TY-ROUNDED	pill	pedo-dental	CS-PRIMARY-TRIO	CH-DENSE	app	STYLE_ID=dentist-pediatric; SKELETON=SK-NEWS-RIVER; TYPE_ERA=TY-ROUNDED; CONTROL=pill; MATERIAL=pedo-dental; COLOUR_STRAT=CS-PRIMARY-TRIO; CHROME=CH-DENSE; FEEL=friendly not scary
C0624	design-agency	Design Agency	industry-expanded	SK-CALENDAR-SPINE	TY-GROTESQUE	sharp-0	agency	CS-TONAL	CH-IMMERSIVE	app	STYLE_ID=design-agency; SKELETON=SK-CALENDAR-SPINE; TYPE_ERA=TY-GROTESQUE; CONTROL=sharp-0; MATERIAL=agency; COLOUR_STRAT=CS-TONAL; CHROME=CH-IMMERSIVE; FEEL=case studies bold
C0625	distillery	Distillery	industry-expanded	SK-MASONRY	TY-OLDSTYLE-SERIF	chunk-border	cask	CS-PAPER-INK	CH-NONE	marketing	STYLE_ID=distillery; SKELETON=SK-MASONRY; TYPE_ERA=TY-OLDSTYLE-SERIF; CONTROL=chunk-border; MATERIAL=cask; COLOUR_STRAT=CS-PAPER-INK; CHROME=CH-NONE; FEEL=cask heritage liquid
C0626	diy-store	DIY Store	industry-expanded	SK-SPLIT-DIAGONAL	TY-HUMANIST	chunk-border	diy	CS-DARK-STAGE	CH-MIN	marketing	STYLE_ID=diy-store; SKELETON=SK-SPLIT-DIAGONAL; TYPE_ERA=TY-HUMANIST; CONTROL=chunk-border; MATERIAL=diy; COLOUR_STRAT=CS-DARK-STAGE; CHROME=CH-MIN; FEEL=aisles how-to
C0627	doctor-gp	GP Surgery	industry-expanded	SK-FRAME-IN-FRAME	TY-HUMANIST	soft-rect	gp	CS-PASTEL-POP	CH-STANDARD	marketing	STYLE_ID=doctor-gp; SKELETON=SK-FRAME-IN-FRAME; TYPE_ERA=TY-HUMANIST; CONTROL=soft-rect; MATERIAL=gp; COLOUR_STRAT=CS-PASTEL-POP; CHROME=CH-STANDARD; FEEL=bookings clinical calm
C0628	dog-groomer	Dog Groomer	industry-expanded	SK-SIDE-SCROLL	TY-ROUNDED	pill	groomer	CS-SIGNAL	CH-APP	marketing	STYLE_ID=dog-groomer; SKELETON=SK-SIDE-SCROLL; TYPE_ERA=TY-ROUNDED; CONTROL=pill; MATERIAL=groomer; COLOUR_STRAT=CS-SIGNAL; CHROME=CH-APP; FEEL=playful clean
C0629	domain-registrar	Domain Registrar	industry-expanded	SK-FIXED-TOC	TY-MONO-DATA	sharp-0	domains	CS-PHOTO-LED	CH-DENSE	marketing	STYLE_ID=domain-registrar; SKELETON=SK-FIXED-TOC; TYPE_ERA=TY-MONO-DATA; CONTROL=sharp-0; MATERIAL=domains; COLOUR_STRAT=CS-PHOTO-LED; CHROME=CH-DENSE; FEEL=search technical retail
C0630	driving-school	Driving School	industry-expanded	SK-COMMAND-CENTER	TY-HUMANIST	soft-rect	driving	CS-CMYK-PROCESS	CH-IMMERSIVE	app	STYLE_ID=driving-school; SKELETON=SK-COMMAND-CENTER; TYPE_ERA=TY-HUMANIST; CONTROL=soft-rect; MATERIAL=driving; COLOUR_STRAT=CS-CMYK-PROCESS; CHROME=CH-IMMERSIVE; FEEL=lessons progress
C0631	electronics-store	Electronics Retail	industry-expanded	SK-INBOX-ZERO	TY-GROTESK-SOFT	soft-rect	electronics	CS-EARTH	CH-NONE	app	STYLE_ID=electronics-store; SKELETON=SK-INBOX-ZERO; TYPE_ERA=TY-GROTESK-SOFT; CONTROL=soft-rect; MATERIAL=electronics; COLOUR_STRAT=CS-EARTH; CHROME=CH-NONE; FEEL=spec grids
C0632	emergency-services	Emergency Services	industry-expanded	SK-STUDIO-CANVAS	TY-HUMANIST	chunk-border	emergency	CS-OCEAN	CH-MIN	app	STYLE_ID=emergency-services; SKELETON=SK-STUDIO-CANVAS; TYPE_ERA=TY-HUMANIST; CONTROL=chunk-border; MATERIAL=emergency; COLOUR_STRAT=CS-OCEAN; CHROME=CH-MIN; FEEL=clear critical
C0633	energy-supplier	Energy Supplier	industry-expanded	SK-COMPARISON	TY-HUMANIST	soft-rect	energy-bill	CS-NEON-ON-DARK	CH-STANDARD	marketing	STYLE_ID=energy-supplier; SKELETON=SK-COMPARISON; TYPE_ERA=TY-HUMANIST; CONTROL=soft-rect; MATERIAL=energy-bill; COLOUR_STRAT=CS-NEON-ON-DARK; CHROME=CH-STANDARD; FEEL=bills usage
C0634	estate-agent-uk	UK Estate Agent	industry-expanded	SK-PRICING-LADDER	TY-HUMANIST	soft-rect	estate-agent	CS-DESAT-CORP	CH-APP	marketing	STYLE_ID=estate-agent-uk; SKELETON=SK-PRICING-LADDER; TYPE_ERA=TY-HUMANIST; CONTROL=soft-rect; MATERIAL=estate-agent; COLOUR_STRAT=CS-DESAT-CORP; CHROME=CH-APP; FEEL=listings rooms
C0635	event-ticketing	Event Ticketing	industry-expanded	SK-MANIFEST-LIST	TY-GROTESK-SOFT	ticket	ticketing	CS-HIGH-KEY	CH-DENSE	app	STYLE_ID=event-ticketing; SKELETON=SK-MANIFEST-LIST; TYPE_ERA=TY-GROTESK-SOFT; CONTROL=ticket; MATERIAL=ticketing; COLOUR_STRAT=CS-HIGH-KEY; CHROME=CH-DENSE; FEEL=dates venues QR
C0636	farm-shop	Farm Shop	industry-expanded	SK-SCOREBOARD	TY-HUMANIST	chunk-border	farm-shop	CS-LOW-KEY	CH-IMMERSIVE	app	STYLE_ID=farm-shop; SKELETON=SK-SCOREBOARD; TYPE_ERA=TY-HUMANIST; CONTROL=chunk-border; MATERIAL=farm-shop; COLOUR_STRAT=CS-LOW-KEY; CHROME=CH-IMMERSIVE; FEEL=produce seasons
C0637	fashion-rental	Fashion Rental	industry-expanded	SK-COCKPIT-STRIP	TY-DIDONE-LUX	pill	rental-fashion	CS-SEPIA	CH-NONE	app	STYLE_ID=fashion-rental; SKELETON=SK-COCKPIT-STRIP; TYPE_ERA=TY-DIDONE-LUX; CONTROL=pill; MATERIAL=rental-fashion; COLOUR_STRAT=CS-SEPIA; CHROME=CH-NONE; FEEL=wardrobe grid
C0638	ferry	Ferry	industry-expanded	SK-FOLIO-SPREAD	TY-HUMANIST	chunk-border	ferry	CS-INVERTED	CH-MIN	marketing	STYLE_ID=ferry; SKELETON=SK-FOLIO-SPREAD; TYPE_ERA=TY-HUMANIST; CONTROL=chunk-border; MATERIAL=ferry; COLOUR_STRAT=CS-INVERTED; CHROME=CH-MIN; FEEL=timetables weather
C0639	festival-org	Festival Organiser	industry-expanded	SK-STAMP-SHEET	TY-DISPLAY-EXTREME	ticket	festival	CS-REGIONAL-FLAG	CH-STANDARD	marketing	STYLE_ID=festival-org; SKELETON=SK-STAMP-SHEET; TYPE_ERA=TY-DISPLAY-EXTREME; CONTROL=ticket; MATERIAL=festival; COLOUR_STRAT=CS-REGIONAL-FLAG; CHROME=CH-STANDARD; FEEL=lineups maps
C0640	film-production	Film Production	industry-expanded	SK-DOCKED-FAB	TY-SYSTEM-RAW	sharp-0	callsheet	CS-BRAND-LOCKUP	CH-APP	mobile	STYLE_ID=film-production; SKELETON=SK-DOCKED-FAB; TYPE_ERA=TY-SYSTEM-RAW; CONTROL=sharp-0; MATERIAL=callsheet; COLOUR_STRAT=CS-BRAND-LOCKUP; CHROME=CH-APP; FEEL=call sheets sides
C0641	fishmonger	Fishmonger	industry-expanded	SK-PEEK-CARDS	TY-SLAB	chunk-border	fish-slate	CS-MONO-PLUS	CH-DENSE	mobile	STYLE_ID=fishmonger; SKELETON=SK-PEEK-CARDS; TYPE_ERA=TY-SLAB; CONTROL=chunk-border; MATERIAL=fish-slate; COLOUR_STRAT=CS-MONO-PLUS; CHROME=CH-DENSE; FEEL=slate ice catch
C0642	fitness-budget	Budget Gym	industry-expanded	SK-RADIO-TUNER	TY-INDUSTRIAL-COND	filled-block	budget-gym	CS-DUOTONE	CH-IMMERSIVE	app	STYLE_ID=fitness-budget; SKELETON=SK-RADIO-TUNER; TYPE_ERA=TY-INDUSTRIAL-COND; CONTROL=filled-block; MATERIAL=budget-gym; COLOUR_STRAT=CS-DUOTONE; CHROME=CH-IMMERSIVE; FEEL=hard sell energy
C0643	fitness-boutique	Boutique Fitness	industry-expanded	SK-FILMSTRIP	TY-GROTESK-SOFT	pill	boutique-fit	CS-PRIMARY-TRIO	CH-NONE	marketing	STYLE_ID=fitness-boutique; SKELETON=SK-FILMSTRIP; TYPE_ERA=TY-GROTESK-SOFT; CONTROL=pill; MATERIAL=boutique-fit; COLOUR_STRAT=CS-PRIMARY-TRIO; CHROME=CH-NONE; FEEL=aspirational calm sweat
C0644	florist	Florist	industry-expanded	SK-ORBIT-META	TY-OLDSTYLE-SERIF	soft-rect	florist	CS-TONAL	CH-MIN	marketing	STYLE_ID=florist; SKELETON=SK-ORBIT-META; TYPE_ERA=TY-OLDSTYLE-SERIF; CONTROL=soft-rect; MATERIAL=florist; COLOUR_STRAT=CS-TONAL; CHROME=CH-MIN; FEEL=seasonal delicate
C0645	food-bank	Food Bank	industry-expanded	SK-SPLIT-DEPTH	TY-HUMANIST	chunk-border	foodbank	CS-PAPER-INK	CH-STANDARD	marketing	STYLE_ID=food-bank; SKELETON=SK-SPLIT-DEPTH; TYPE_ERA=TY-HUMANIST; CONTROL=chunk-border; MATERIAL=foodbank; COLOUR_STRAT=CS-PAPER-INK; CHROME=CH-STANDARD; FEEL=dignity practical stock
C0646	football-club	Football Club	industry-expanded	SK-CHECKOUT-TUNNEL	TY-INDUSTRIAL-COND	chunk-border	football	CS-DARK-STAGE	CH-APP	marketing	STYLE_ID=football-club; SKELETON=SK-CHECKOUT-TUNNEL; TYPE_ERA=TY-INDUSTRIAL-COND; CONTROL=chunk-border; MATERIAL=football; COLOUR_STRAT=CS-DARK-STAGE; CHROME=CH-APP; FEEL=crest fixtures
C0647	funeral	Funeral Director	industry-expanded	SK-CHAT-THREAD	TY-OLDSTYLE-SERIF	ink-underline	funeral	CS-PASTEL-POP	CH-DENSE	app	STYLE_ID=funeral; SKELETON=SK-CHAT-THREAD; TYPE_ERA=TY-OLDSTYLE-SERIF; CONTROL=ink-underline; MATERIAL=funeral; COLOUR_STRAT=CS-PASTEL-POP; CHROME=CH-DENSE; FEEL=quiet respectful
C0648	furniture-scandi	Scandi Furniture	industry-expanded	SK-NOTIFICATION-STACK	TY-HUMANIST	soft-rect	furniture-wood	CS-SIGNAL	CH-IMMERSIVE	mobile	STYLE_ID=furniture-scandi; SKELETON=SK-NOTIFICATION-STACK; TYPE_ERA=TY-HUMANIST; CONTROL=soft-rect; MATERIAL=furniture-wood; COLOUR_STRAT=CS-SIGNAL; CHROME=CH-IMMERSIVE; FEEL=product air wood
C0649	gallery-commercial	Commercial Gallery	industry-expanded	SK-DIRECTORY	TY-GROTESK-SOFT	ink-underline	gallery-comm	CS-PHOTO-LED	CH-NONE	app	STYLE_ID=gallery-commercial; SKELETON=SK-DIRECTORY; TYPE_ERA=TY-GROTESK-SOFT; CONTROL=ink-underline; MATERIAL=gallery-comm; COLOUR_STRAT=CS-PHOTO-LED; CHROME=CH-NONE; FEEL=artists exhibitions
C0650	game-studio	Game Studio	industry-expanded	SK-ATLAS-PLATES	TY-GROTESK-SOFT	sharp-0	gamedev	CS-CMYK-PROCESS	CH-MIN	marketing	STYLE_ID=game-studio; SKELETON=SK-ATLAS-PLATES; TYPE_ERA=TY-GROTESK-SOFT; CONTROL=sharp-0; MATERIAL=gamedev; COLOUR_STRAT=CS-CMYK-PROCESS; CHROME=CH-MIN; FEEL=ship roadmap
C0651	garden-centre	Garden Centre	industry-expanded	SK-HERO-SPLIT	TY-HUMANIST	soft-rect	garden-centre	CS-EARTH	CH-STANDARD	marketing	STYLE_ID=garden-centre; SKELETON=SK-HERO-SPLIT; TYPE_ERA=TY-HUMANIST; CONTROL=soft-rect; MATERIAL=garden-centre; COLOUR_STRAT=CS-EARTH; CHROME=CH-STANDARD; FEEL=plants seasons
C0652	gas-utility	Gas Utility	industry-expanded	SK-SINGLE-STICKY	TY-HUMANIST	chunk-border	gas-safety	CS-OCEAN	CH-APP	marketing	STYLE_ID=gas-utility; SKELETON=SK-SINGLE-STICKY; TYPE_ERA=TY-HUMANIST; CONTROL=chunk-border; MATERIAL=gas-safety; COLOUR_STRAT=CS-OCEAN; CHROME=CH-APP; FEEL=safety safety safety
C0653	golf-club	Golf Club	industry-expanded	SK-EDITORIAL-LONG	TY-TRANSITIONAL-SERIF	soft-rect	golf	CS-NEON-ON-DARK	CH-DENSE	marketing	STYLE_ID=golf-club; SKELETON=SK-EDITORIAL-LONG; TYPE_ERA=TY-TRANSITIONAL-SERIF; CONTROL=soft-rect; MATERIAL=golf; COLOUR_STRAT=CS-NEON-ON-DARK; CHROME=CH-DENSE; FEEL=green traditional
C0654	greengrocer	Greengrocer	industry-expanded	SK-BENTO	TY-HUMANIST	chunk-border	greengrocer	CS-DESAT-CORP	CH-IMMERSIVE	marketing	STYLE_ID=greengrocer; SKELETON=SK-BENTO; TYPE_ERA=TY-HUMANIST; CONTROL=chunk-border; MATERIAL=greengrocer; COLOUR_STRAT=CS-DESAT-CORP; CHROME=CH-IMMERSIVE; FEEL=chalkboard prices
C0655	gym-climbing	Climbing Gym Ops	industry-expanded	SK-TABLE-FIRST	TY-INDUSTRIAL-COND	chunk-border	climbing-ops	CS-HIGH-KEY	CH-NONE	app	STYLE_ID=gym-climbing; SKELETON=SK-TABLE-FIRST; TYPE_ERA=TY-INDUSTRIAL-COND; CONTROL=chunk-border; MATERIAL=climbing-ops; COLOUR_STRAT=CS-HIGH-KEY; CHROME=CH-NONE; FEEL=routes grades
C0656	hair-salon-barber-modern	Modern Salon	industry-expanded	SK-TIMELINE	TY-DIDONE-LUX	pill	salon-modern	CS-LOW-KEY	CH-MIN	app	STYLE_ID=hair-salon-barber-modern; SKELETON=SK-TIMELINE; TYPE_ERA=TY-DIDONE-LUX; CONTROL=pill; MATERIAL=salon-modern; COLOUR_STRAT=CS-LOW-KEY; CHROME=CH-MIN; FEEL=booking glam
C0657	hardware-iot	Hardware IoT Brand	industry-expanded	SK-MAP-STAGE	TY-GROTESK-SOFT	sharp-0	hardware	CS-SEPIA	CH-STANDARD	app	STYLE_ID=hardware-iot; SKELETON=SK-MAP-STAGE; TYPE_ERA=TY-GROTESK-SOFT; CONTROL=sharp-0; MATERIAL=hardware; COLOUR_STRAT=CS-SEPIA; CHROME=CH-STANDARD; FEEL=product renders specs
C0658	heritage-railway	Heritage Railway	industry-expanded	SK-BOARD-KANBAN	TY-HUMANIST	ticket	heritage-rail	CS-INVERTED	CH-APP	app	STYLE_ID=heritage-railway; SKELETON=SK-BOARD-KANBAN; TYPE_ERA=TY-HUMANIST; CONTROL=ticket; MATERIAL=heritage-rail; COLOUR_STRAT=CS-INVERTED; CHROME=CH-APP; FEEL=timetable nostalgia
C0659	hospital-internal	Hospital Internal	industry-expanded	SK-TICKET-STUB	TY-HUMANIST	sharp-0	hospital-ops	CS-REGIONAL-FLAG	CH-DENSE	marketing	STYLE_ID=hospital-internal; SKELETON=SK-TICKET-STUB; TYPE_ERA=TY-HUMANIST; CONTROL=sharp-0; MATERIAL=hospital-ops; COLOUR_STRAT=CS-REGIONAL-FLAG; CHROME=CH-DENSE; FEEL=wards tasks
C0660	hostel	Hostel	industry-expanded	SK-LEDGER	TY-HUMANIST	pill	hostel	CS-BRAND-LOCKUP	CH-IMMERSIVE	app	STYLE_ID=hostel; SKELETON=SK-LEDGER; TYPE_ERA=TY-HUMANIST; CONTROL=pill; MATERIAL=hostel; COLOUR_STRAT=CS-BRAND-LOCKUP; CHROME=CH-IMMERSIVE; FEEL=bunks social cheap clear
C0661	hotel-budget	Budget Hotel	industry-expanded	SK-TERMINAL	TY-GROTESK-SOFT	soft-rect	budget-hotel	CS-MONO-PLUS	CH-NONE	app	STYLE_ID=hotel-budget; SKELETON=SK-TERMINAL; TYPE_ERA=TY-GROTESK-SOFT; CONTROL=soft-rect; MATERIAL=budget-hotel; COLOUR_STRAT=CS-MONO-PLUS; CHROME=CH-NONE; FEEL=deals clean simple
C0662	hr-portal	HR Portal	industry-expanded	SK-POSTER	TY-HUMANIST	soft-rect	hr	CS-DUOTONE	CH-MIN	marketing	STYLE_ID=hr-portal; SKELETON=SK-POSTER; TYPE_ERA=TY-HUMANIST; CONTROL=soft-rect; MATERIAL=hr; COLOUR_STRAT=CS-DUOTONE; CHROME=CH-MIN; FEEL=policies leave
C0663	hvac	HVAC Service	industry-expanded	SK-BOTTOM-SHEET	TY-INDUSTRIAL-COND	chunk-border	hvac	CS-PRIMARY-TRIO	CH-STANDARD	mobile	STYLE_ID=hvac; SKELETON=SK-BOTTOM-SHEET; TYPE_ERA=TY-INDUSTRIAL-COND; CONTROL=chunk-border; MATERIAL=hvac; COLOUR_STRAT=CS-PRIMARY-TRIO; CHROME=CH-STANDARD; FEEL=jobs routes
C0664	ice-cream-brand	Ice Cream Brand	industry-expanded	SK-TAB-DECK	TY-ROUNDED	pill	icecream-brand	CS-TONAL	CH-APP	mobile	STYLE_ID=ice-cream-brand; SKELETON=SK-TAB-DECK; TYPE_ERA=TY-ROUNDED; CONTROL=pill; MATERIAL=icecream-brand; COLOUR_STRAT=CS-TONAL; CHROME=CH-APP; FEEL=joy colour
C0665	immigration-help	Immigration Help	industry-expanded	SK-WIZARD-STEPS	TY-HUMANIST	soft-rect	immigration	CS-PAPER-INK	CH-DENSE	app	STYLE_ID=immigration-help; SKELETON=SK-WIZARD-STEPS; TYPE_ERA=TY-HUMANIST; CONTROL=soft-rect; MATERIAL=immigration; COLOUR_STRAT=CS-PAPER-INK; CHROME=CH-DENSE; FEEL=calm clear steps careful
C0666	insurance-claims	Insurance Claims	industry-expanded	SK-SPLIT-INSPECTOR	TY-HUMANIST	sharp-0	claims	CS-DARK-STAGE	CH-IMMERSIVE	app	STYLE_ID=insurance-claims; SKELETON=SK-SPLIT-INSPECTOR; TYPE_ERA=TY-HUMANIST; CONTROL=sharp-0; MATERIAL=claims; COLOUR_STRAT=CS-DARK-STAGE; CHROME=CH-IMMERSIVE; FEEL=status plain
C0667	interior-design	Interior Design Studio	industry-expanded	SK-DASH-METRIC	TY-DIDONE-LUX	ink-underline	interiors	CS-PASTEL-POP	CH-NONE	app	STYLE_ID=interior-design; SKELETON=SK-DASH-METRIC; TYPE_ERA=TY-DIDONE-LUX; CONTROL=ink-underline; MATERIAL=interiors; COLOUR_STRAT=CS-PASTEL-POP; CHROME=CH-NONE; FEEL=moodboards rooms
C0668	jewellery	Jewellery	industry-expanded	SK-GALLERY-INDEX	TY-DIDONE-LUX	ink-underline	jewellery	CS-SIGNAL	CH-MIN	marketing	STYLE_ID=jewellery; SKELETON=SK-GALLERY-INDEX; TYPE_ERA=TY-DIDONE-LUX; CONTROL=ink-underline; MATERIAL=jewellery; COLOUR_STRAT=CS-SIGNAL; CHROME=CH-MIN; FEEL=sparkle restraint photo
C0669	job-board	Job Board	industry-expanded	SK-ZINE-COLLAGE	TY-GROTESK-SOFT	soft-rect	jobs	CS-PHOTO-LED	CH-STANDARD	marketing	STYLE_ID=job-board; SKELETON=SK-ZINE-COLLAGE; TYPE_ERA=TY-GROTESK-SOFT; CONTROL=soft-rect; MATERIAL=jobs; COLOUR_STRAT=CS-PHOTO-LED; CHROME=CH-STANDARD; FEEL=listings filters
C0670	juice-bar	Juice Bar	industry-expanded	SK-BRUTAL-BLOCKS	TY-ROUNDED	pill	juice	CS-CMYK-PROCESS	CH-APP	any	STYLE_ID=juice-bar; SKELETON=SK-BRUTAL-BLOCKS; TYPE_ERA=TY-ROUNDED; CONTROL=pill; MATERIAL=juice; COLOUR_STRAT=CS-CMYK-PROCESS; CHROME=CH-APP; FEEL=fresh bright
C0671	karaoke	Karaoke	industry-expanded	SK-RAIL-DOCK	TY-DISPLAY-EXTREME	pill	karaoke	CS-EARTH	CH-DENSE	app	STYLE_ID=karaoke; SKELETON=SK-RAIL-DOCK; TYPE_ERA=TY-DISPLAY-EXTREME; CONTROL=pill; MATERIAL=karaoke; COLOUR_STRAT=CS-EARTH; CHROME=CH-DENSE; FEEL=neon song lists
C0672	kitchen-retail	Kitchen Retail	industry-expanded	SK-CENTER-STAGE	TY-HUMANIST	soft-rect	kitchen-retail	CS-OCEAN	CH-IMMERSIVE	marketing	STYLE_ID=kitchen-retail; SKELETON=SK-CENTER-STAGE; TYPE_ERA=TY-HUMANIST; CONTROL=soft-rect; MATERIAL=kitchen-retail; COLOUR_STRAT=CS-OCEAN; CHROME=CH-IMMERSIVE; FEEL=cabinets showroom
C0673	language-school	Language School	industry-expanded	SK-NEWS-RIVER	TY-HUMANIST	soft-rect	language-school	CS-NEON-ON-DARK	CH-NONE	app	STYLE_ID=language-school; SKELETON=SK-NEWS-RIVER; TYPE_ERA=TY-HUMANIST; CONTROL=soft-rect; MATERIAL=language-school; COLOUR_STRAT=CS-NEON-ON-DARK; CHROME=CH-NONE; FEEL=lessons progress
C0674	laundry	Laundry	industry-expanded	SK-CALENDAR-SPINE	TY-HUMANIST	chunk-border	laundry	CS-DESAT-CORP	CH-MIN	app	STYLE_ID=laundry; SKELETON=SK-CALENDAR-SPINE; TYPE_ERA=TY-HUMANIST; CONTROL=chunk-border; MATERIAL=laundry; COLOUR_STRAT=CS-DESAT-CORP; CHROME=CH-MIN; FEEL=tickets machines
C0675	law-firm-corporate	Corporate Law	industry-expanded	SK-MASONRY	TY-TRANSITIONAL-SERIF	ink-underline	law-corp	CS-HIGH-KEY	CH-STANDARD	marketing	STYLE_ID=law-firm-corporate; SKELETON=SK-MASONRY; TYPE_ERA=TY-TRANSITIONAL-SERIF; CONTROL=ink-underline; MATERIAL=law-corp; COLOUR_STRAT=CS-HIGH-KEY; CHROME=CH-STANDARD; FEEL=serious navy
C0676	library-public-ops	Library Ops	industry-expanded	SK-SPLIT-DIAGONAL	TY-HUMANIST	sharp-0	library-ops	CS-LOW-KEY	CH-APP	marketing	STYLE_ID=library-public-ops; SKELETON=SK-SPLIT-DIAGONAL; TYPE_ERA=TY-HUMANIST; CONTROL=sharp-0; MATERIAL=library-ops; COLOUR_STRAT=CS-LOW-KEY; CHROME=CH-APP; FEEL=loans fines holds
C0677	lighting-store	Lighting Store	industry-expanded	SK-FRAME-IN-FRAME	TY-GROTESK-SOFT	soft-rect	lighting	CS-SEPIA	CH-DENSE	marketing	STYLE_ID=lighting-store; SKELETON=SK-FRAME-IN-FRAME; TYPE_ERA=TY-GROTESK-SOFT; CONTROL=soft-rect; MATERIAL=lighting; COLOUR_STRAT=CS-SEPIA; CHROME=CH-DENSE; FEEL=glow dark showroom
C0678	live-music-venue	Live Music Venue	industry-expanded	SK-SIDE-SCROLL	TY-DISPLAY-EXTREME	ticket	venue	CS-INVERTED	CH-IMMERSIVE	marketing	STYLE_ID=live-music-venue; SKELETON=SK-SIDE-SCROLL; TYPE_ERA=TY-DISPLAY-EXTREME; CONTROL=ticket; MATERIAL=venue; COLOUR_STRAT=CS-INVERTED; CHROME=CH-IMMERSIVE; FEEL=listings posters
C0679	local-news	Local News	industry-expanded	SK-FIXED-TOC	TY-SERIF-TEXT	ink-underline	local-news	CS-REGIONAL-FLAG	CH-NONE	marketing	STYLE_ID=local-news; SKELETON=SK-FIXED-TOC; TYPE_ERA=TY-SERIF-TEXT; CONTROL=ink-underline; MATERIAL=local-news; COLOUR_STRAT=CS-REGIONAL-FLAG; CHROME=CH-NONE; FEEL=hyperlocal trust
C0680	locksmith	Locksmith	industry-expanded	SK-COMMAND-CENTER	TY-HUMANIST	filled-block	locksmith	CS-BRAND-LOCKUP	CH-MIN	app	STYLE_ID=locksmith; SKELETON=SK-COMMAND-CENTER; TYPE_ERA=TY-HUMANIST; CONTROL=filled-block; MATERIAL=locksmith; COLOUR_STRAT=CS-BRAND-LOCKUP; CHROME=CH-MIN; FEEL=emergency clear
C0681	logistics-last-mile	Last Mile	industry-expanded	SK-INBOX-ZERO	TY-HUMANIST	chunk-border	last-mile	CS-MONO-PLUS	CH-STANDARD	app	STYLE_ID=logistics-last-mile; SKELETON=SK-INBOX-ZERO; TYPE_ERA=TY-HUMANIST; CONTROL=chunk-border; MATERIAL=last-mile; COLOUR_STRAT=CS-MONO-PLUS; CHROME=CH-STANDARD; FEEL=stops map
C0682	makeup-brand	Makeup Brand	industry-expanded	SK-STUDIO-CANVAS	TY-DIDONE-LUX	pill	makeup	CS-DUOTONE	CH-APP	app	STYLE_ID=makeup-brand; SKELETON=SK-STUDIO-CANVAS; TYPE_ERA=TY-DIDONE-LUX; CONTROL=pill; MATERIAL=makeup; COLOUR_STRAT=CS-DUOTONE; CHROME=CH-APP; FEEL=swatches glam
C0683	marina	Marina	industry-expanded	SK-COMPARISON	TY-HUMANIST	chunk-border	marina	CS-PRIMARY-TRIO	CH-DENSE	marketing	STYLE_ID=marina; SKELETON=SK-COMPARISON; TYPE_ERA=TY-HUMANIST; CONTROL=chunk-border; MATERIAL=marina; COLOUR_STRAT=CS-PRIMARY-TRIO; CHROME=CH-DENSE; FEEL=berths tides
C0684	marketplace-handmade	Handmade Marketplace	industry-expanded	SK-PRICING-LADDER	TY-HUMANIST	soft-rect	handmade-mkt	CS-TONAL	CH-IMMERSIVE	marketing	STYLE_ID=marketplace-handmade; SKELETON=SK-PRICING-LADDER; TYPE_ERA=TY-HUMANIST; CONTROL=soft-rect; MATERIAL=handmade-mkt; COLOUR_STRAT=CS-TONAL; CHROME=CH-IMMERSIVE; FEEL=maker stories
C0685	meat-delivery	Butcher Delivery	industry-expanded	SK-MANIFEST-LIST	TY-SLAB	chunk-border	meat-delivery	CS-PAPER-INK	CH-NONE	app	STYLE_ID=meat-delivery; SKELETON=SK-MANIFEST-LIST; TYPE_ERA=TY-SLAB; CONTROL=chunk-border; MATERIAL=meat-delivery; COLOUR_STRAT=CS-PAPER-INK; CHROME=CH-NONE; FEEL=cuts schedules
C0686	medical-device	Medical Device UI	industry-expanded	SK-SCOREBOARD	TY-HUMANIST	sharp-0	med-device	CS-DARK-STAGE	CH-MIN	app	STYLE_ID=medical-device; SKELETON=SK-SCOREBOARD; TYPE_ERA=TY-HUMANIST; CONTROL=sharp-0; MATERIAL=med-device; COLOUR_STRAT=CS-DARK-STAGE; CHROME=CH-MIN; FEEL=regulated clear
C0687	mental-health	Mental Health App	industry-expanded	SK-COCKPIT-STRIP	TY-HUMANIST	pill	mental-health	CS-PASTEL-POP	CH-STANDARD	app	STYLE_ID=mental-health; SKELETON=SK-COCKPIT-STRIP; TYPE_ERA=TY-HUMANIST; CONTROL=pill; MATERIAL=mental-health; COLOUR_STRAT=CS-PASTEL-POP; CHROME=CH-STANDARD; FEEL=gentle careful
C0688	military-recruit-careful	Recruitment Careful	industry-expanded	SK-FOLIO-SPREAD	TY-HUMANIST	sharp-0	recruit	CS-SIGNAL	CH-APP	marketing	STYLE_ID=military-recruit-careful; SKELETON=SK-FOLIO-SPREAD; TYPE_ERA=TY-HUMANIST; CONTROL=sharp-0; MATERIAL=recruit; COLOUR_STRAT=CS-SIGNAL; CHROME=CH-APP; FEEL=formal clear not manipulative
C0689	mining-ops	Mining Ops	industry-expanded	SK-STAMP-SHEET	TY-INDUSTRIAL-COND	chunk-border	mining	CS-PHOTO-LED	CH-DENSE	marketing	STYLE_ID=mining-ops; SKELETON=SK-STAMP-SHEET; TYPE_ERA=TY-INDUSTRIAL-COND; CONTROL=chunk-border; MATERIAL=mining; COLOUR_STRAT=CS-PHOTO-LED; CHROME=CH-DENSE; FEEL=safety heavy
C0690	mobile-network	Mobile Network	industry-expanded	SK-DOCKED-FAB	TY-GROTESK-SOFT	soft-rect	telco	CS-CMYK-PROCESS	CH-IMMERSIVE	mobile	STYLE_ID=mobile-network; SKELETON=SK-DOCKED-FAB; TYPE_ERA=TY-GROTESK-SOFT; CONTROL=soft-rect; MATERIAL=telco; COLOUR_STRAT=CS-CMYK-PROCESS; CHROME=CH-IMMERSIVE; FEEL=plans coverage
C0691	mosque-community	Community Faith Centre careful	industry-expanded	SK-PEEK-CARDS	TY-HUMANIST	ink-underline	community-faith	CS-EARTH	CH-NONE	mobile	STYLE_ID=mosque-community; SKELETON=SK-PEEK-CARDS; TYPE_ERA=TY-HUMANIST; CONTROL=ink-underline; MATERIAL=community-faith; COLOUR_STRAT=CS-EARTH; CHROME=CH-NONE; FEEL=respectful calm
C0692	moving-company	Movers	industry-expanded	SK-RADIO-TUNER	TY-HUMANIST	chunk-border	movers	CS-OCEAN	CH-MIN	app	STYLE_ID=moving-company; SKELETON=SK-RADIO-TUNER; TYPE_ERA=TY-HUMANIST; CONTROL=chunk-border; MATERIAL=movers; COLOUR_STRAT=CS-OCEAN; CHROME=CH-MIN; FEEL=quotes inventory
C0693	music-school	Music School	industry-expanded	SK-FILMSTRIP	TY-OLDSTYLE-SERIF	soft-rect	music-school	CS-NEON-ON-DARK	CH-STANDARD	marketing	STYLE_ID=music-school; SKELETON=SK-FILMSTRIP; TYPE_ERA=TY-OLDSTYLE-SERIF; CONTROL=soft-rect; MATERIAL=music-school; COLOUR_STRAT=CS-NEON-ON-DARK; CHROME=CH-STANDARD; FEEL=lessons recitals
C0694	nail-salon	Nail Salon	industry-expanded	SK-ORBIT-META	TY-ROUNDED	pill	nails	CS-DESAT-CORP	CH-APP	marketing	STYLE_ID=nail-salon; SKELETON=SK-ORBIT-META; TYPE_ERA=TY-ROUNDED; CONTROL=pill; MATERIAL=nails; COLOUR_STRAT=CS-DESAT-CORP; CHROME=CH-APP; FEEL=colour glossy
C0695	national-park	National Park	industry-expanded	SK-SPLIT-DEPTH	TY-SLAB	chunk-border	nat-park	CS-HIGH-KEY	CH-DENSE	marketing	STYLE_ID=national-park; SKELETON=SK-SPLIT-DEPTH; TYPE_ERA=TY-SLAB; CONTROL=chunk-border; MATERIAL=nat-park; COLOUR_STRAT=CS-HIGH-KEY; CHROME=CH-DENSE; FEEL=maps rules nature
C0696	news-aggregator	News Aggregator	industry-expanded	SK-CHECKOUT-TUNNEL	TY-GROTESK-SOFT	sharp-0	news-agg	CS-LOW-KEY	CH-IMMERSIVE	marketing	STYLE_ID=news-aggregator; SKELETON=SK-CHECKOUT-TUNNEL; TYPE_ERA=TY-GROTESK-SOFT; CONTROL=sharp-0; MATERIAL=news-agg; COLOUR_STRAT=CS-LOW-KEY; CHROME=CH-IMMERSIVE; FEEL=sources river
C0697	nightclub	Nightclub	industry-expanded	SK-CHAT-THREAD	TY-DISPLAY-EXTREME	sharp-0	nightclub	CS-SEPIA	CH-NONE	app	STYLE_ID=nightclub; SKELETON=SK-CHAT-THREAD; TYPE_ERA=TY-DISPLAY-EXTREME; CONTROL=sharp-0; MATERIAL=nightclub; COLOUR_STRAT=CS-SEPIA; CHROME=CH-NONE; FEEL=guestlist dark
C0698	nursery-plants	Plant Nursery	industry-expanded	SK-NOTIFICATION-STACK	TY-HUMANIST	soft-rect	nursery	CS-INVERTED	CH-MIN	mobile	STYLE_ID=nursery-plants; SKELETON=SK-NOTIFICATION-STACK; TYPE_ERA=TY-HUMANIST; CONTROL=soft-rect; MATERIAL=nursery; COLOUR_STRAT=CS-INVERTED; CHROME=CH-MIN; FEEL=stock seasons
C0699	nutrition	Nutrition Coaching	industry-expanded	SK-DIRECTORY	TY-HUMANIST	pill	nutrition	CS-REGIONAL-FLAG	CH-STANDARD	app	STYLE_ID=nutrition; SKELETON=SK-DIRECTORY; TYPE_ERA=TY-HUMANIST; CONTROL=pill; MATERIAL=nutrition; COLOUR_STRAT=CS-REGIONAL-FLAG; CHROME=CH-STANDARD; FEEL=plans progress
C0700	office-supplies	Office Supplies	industry-expanded	SK-ATLAS-PLATES	TY-SYSTEM-RAW	soft-rect	office-supplies	CS-BRAND-LOCKUP	CH-APP	marketing	STYLE_ID=office-supplies; SKELETON=SK-ATLAS-PLATES; TYPE_ERA=TY-SYSTEM-RAW; CONTROL=soft-rect; MATERIAL=office-supplies; COLOUR_STRAT=CS-BRAND-LOCKUP; CHROME=CH-APP; FEEL=catalog SKUs
C0701	oil-gas	Oil and Gas Ops	industry-expanded	SK-HERO-SPLIT	TY-INDUSTRIAL-COND	chunk-border	oilgas	CS-MONO-PLUS	CH-DENSE	marketing	STYLE_ID=oil-gas; SKELETON=SK-HERO-SPLIT; TYPE_ERA=TY-INDUSTRIAL-COND; CONTROL=chunk-border; MATERIAL=oilgas; COLOUR_STRAT=CS-MONO-PLUS; CHROME=CH-DENSE; FEEL=safety industrial
C0702	online-bank	Online Bank	industry-expanded	SK-SINGLE-STICKY	TY-GROTESK-SOFT	soft-rect	online-bank	CS-DUOTONE	CH-IMMERSIVE	marketing	STYLE_ID=online-bank; SKELETON=SK-SINGLE-STICKY; TYPE_ERA=TY-GROTESK-SOFT; CONTROL=soft-rect; MATERIAL=online-bank; COLOUR_STRAT=CS-DUOTONE; CHROME=CH-IMMERSIVE; FEEL=balances clear
C0703	optician	Optician	industry-expanded	SK-EDITORIAL-LONG	TY-HUMANIST	soft-rect	optician	CS-PRIMARY-TRIO	CH-NONE	marketing	STYLE_ID=optician; SKELETON=SK-EDITORIAL-LONG; TYPE_ERA=TY-HUMANIST; CONTROL=soft-rect; MATERIAL=optician; COLOUR_STRAT=CS-PRIMARY-TRIO; CHROME=CH-NONE; FEEL=frames try-on
C0704	orchestra	Orchestra	industry-expanded	SK-BENTO	TY-DIDONE-LUX	ink-underline	orchestra	CS-TONAL	CH-MIN	marketing	STYLE_ID=orchestra; SKELETON=SK-BENTO; TYPE_ERA=TY-DIDONE-LUX; CONTROL=ink-underline; MATERIAL=orchestra; COLOUR_STRAT=CS-TONAL; CHROME=CH-MIN; FEEL=season programmes
C0705	organic-csa	CSA Box	industry-expanded	SK-TABLE-FIRST	TY-HUMANIST	chunk-border	csa	CS-PAPER-INK	CH-STANDARD	app	STYLE_ID=organic-csa; SKELETON=SK-TABLE-FIRST; TYPE_ERA=TY-HUMANIST; CONTROL=chunk-border; MATERIAL=csa; COLOUR_STRAT=CS-PAPER-INK; CHROME=CH-STANDARD; FEEL=shares seasons
C0706	parking	Parking	industry-expanded	SK-TIMELINE	TY-HUMANIST	sharp-0	parking	CS-DARK-STAGE	CH-APP	app	STYLE_ID=parking; SKELETON=SK-TIMELINE; TYPE_ERA=TY-HUMANIST; CONTROL=sharp-0; MATERIAL=parking; COLOUR_STRAT=CS-DARK-STAGE; CHROME=CH-APP; FEEL=spaces payments
C0707	passport-office	Passport Office	industry-expanded	SK-MAP-STAGE	TY-HUMANIST	sharp-0	passport	CS-PASTEL-POP	CH-DENSE	app	STYLE_ID=passport-office; SKELETON=SK-MAP-STAGE; TYPE_ERA=TY-HUMANIST; CONTROL=sharp-0; MATERIAL=passport; COLOUR_STRAT=CS-PASTEL-POP; CHROME=CH-DENSE; FEEL=steps documents
C0708	patisserie	Patisserie	industry-expanded	SK-BOARD-KANBAN	TY-DIDONE-LUX	soft-rect	patisserie	CS-SIGNAL	CH-IMMERSIVE	app	STYLE_ID=patisserie; SKELETON=SK-BOARD-KANBAN; TYPE_ERA=TY-DIDONE-LUX; CONTROL=soft-rect; MATERIAL=patisserie; COLOUR_STRAT=CS-SIGNAL; CHROME=CH-IMMERSIVE; FEEL=delicate type cream
C0709	pawn-shop	Pawn Shop	industry-expanded	SK-TICKET-STUB	TY-SYSTEM-RAW	chunk-border	pawn	CS-PHOTO-LED	CH-NONE	marketing	STYLE_ID=pawn-shop; SKELETON=SK-TICKET-STUB; TYPE_ERA=TY-SYSTEM-RAW; CONTROL=chunk-border; MATERIAL=pawn; COLOUR_STRAT=CS-PHOTO-LED; CHROME=CH-NONE; FEEL=tickets categories
C0710	payroll	Payroll	industry-expanded	SK-LEDGER	TY-MONO-DATA	sharp-0	payroll	CS-CMYK-PROCESS	CH-MIN	app	STYLE_ID=payroll; SKELETON=SK-LEDGER; TYPE_ERA=TY-MONO-DATA; CONTROL=sharp-0; MATERIAL=payroll; COLOUR_STRAT=CS-CMYK-PROCESS; CHROME=CH-MIN; FEEL=runs payslips
C0711	pet-adoption	Pet Adoption	industry-expanded	SK-TERMINAL	TY-ROUNDED	pill	pets	CS-EARTH	CH-STANDARD	app	STYLE_ID=pet-adoption; SKELETON=SK-TERMINAL; TYPE_ERA=TY-ROUNDED; CONTROL=pill; MATERIAL=pets; COLOUR_STRAT=CS-EARTH; CHROME=CH-STANDARD; FEEL=profiles careful joy
C0712	pharmacy-ops	Pharmacy Ops	industry-expanded	SK-POSTER	TY-HUMANIST	sharp-0	pharmacy-ops	CS-OCEAN	CH-APP	marketing	STYLE_ID=pharmacy-ops; SKELETON=SK-POSTER; TYPE_ERA=TY-HUMANIST; CONTROL=sharp-0; MATERIAL=pharmacy-ops; COLOUR_STRAT=CS-OCEAN; CHROME=CH-APP; FEEL=scripts queues
C0713	photo-studio	Photo Studio	industry-expanded	SK-BOTTOM-SHEET	TY-GROTESK-SOFT	soft-rect	photo-studio	CS-NEON-ON-DARK	CH-DENSE	mobile	STYLE_ID=photo-studio; SKELETON=SK-BOTTOM-SHEET; TYPE_ERA=TY-GROTESK-SOFT; CONTROL=soft-rect; MATERIAL=photo-studio; COLOUR_STRAT=CS-NEON-ON-DARK; CHROME=CH-DENSE; FEEL=booking gallery
C0714	physiotherapy	Physio	industry-expanded	SK-TAB-DECK	TY-HUMANIST	soft-rect	physio	CS-DESAT-CORP	CH-IMMERSIVE	mobile	STYLE_ID=physiotherapy; SKELETON=SK-TAB-DECK; TYPE_ERA=TY-HUMANIST; CONTROL=soft-rect; MATERIAL=physio; COLOUR_STRAT=CS-DESAT-CORP; CHROME=CH-IMMERSIVE; FEEL=exercises progress
C0715	pizza-chain	Pizza Chain	industry-expanded	SK-WIZARD-STEPS	TY-DISPLAY-EXTREME	filled-block	pizza	CS-HIGH-KEY	CH-NONE	app	STYLE_ID=pizza-chain; SKELETON=SK-WIZARD-STEPS; TYPE_ERA=TY-DISPLAY-EXTREME; CONTROL=filled-block; MATERIAL=pizza; COLOUR_STRAT=CS-HIGH-KEY; CHROME=CH-NONE; FEEL=menu deals
C0716	plumbing	Plumbing	industry-expanded	SK-SPLIT-INSPECTOR	TY-INDUSTRIAL-COND	chunk-border	plumbing	CS-LOW-KEY	CH-MIN	app	STYLE_ID=plumbing; SKELETON=SK-SPLIT-INSPECTOR; TYPE_ERA=TY-INDUSTRIAL-COND; CONTROL=chunk-border; MATERIAL=plumbing; COLOUR_STRAT=CS-LOW-KEY; CHROME=CH-MIN; FEEL=jobs emergency
C0717	podcast-network	Podcast Network	industry-expanded	SK-DASH-METRIC	TY-GROTESK-SOFT	pill	podcast	CS-SEPIA	CH-STANDARD	app	STYLE_ID=podcast-network; SKELETON=SK-DASH-METRIC; TYPE_ERA=TY-GROTESK-SOFT; CONTROL=pill; MATERIAL=podcast; COLOUR_STRAT=CS-SEPIA; CHROME=CH-STANDARD; FEEL=shows episodes
C0718	police-community	Community Policing Careful	industry-expanded	SK-GALLERY-INDEX	TY-HUMANIST	sharp-0	community-police	CS-INVERTED	CH-APP	marketing	STYLE_ID=police-community; SKELETON=SK-GALLERY-INDEX; TYPE_ERA=TY-HUMANIST; CONTROL=sharp-0; MATERIAL=community-police; COLOUR_STRAT=CS-INVERTED; CHROME=CH-APP; FEEL=info not fear
C0719	pool-service	Pool Service	industry-expanded	SK-ZINE-COLLAGE	TY-HUMANIST	chunk-border	pool-service	CS-REGIONAL-FLAG	CH-DENSE	marketing	STYLE_ID=pool-service; SKELETON=SK-ZINE-COLLAGE; TYPE_ERA=TY-HUMANIST; CONTROL=chunk-border; MATERIAL=pool-service; COLOUR_STRAT=CS-REGIONAL-FLAG; CHROME=CH-DENSE; FEEL=routes chemicals
C0720	port-authority	Port Authority	industry-expanded	SK-BRUTAL-BLOCKS	TY-HUMANIST	chunk-border	port	CS-BRAND-LOCKUP	CH-IMMERSIVE	any	STYLE_ID=port-authority; SKELETON=SK-BRUTAL-BLOCKS; TYPE_ERA=TY-HUMANIST; CONTROL=chunk-border; MATERIAL=port; COLOUR_STRAT=CS-BRAND-LOCKUP; CHROME=CH-IMMERSIVE; FEEL=vessels schedules
C0721	pottery-studio	Pottery Studio	industry-expanded	SK-RAIL-DOCK	TY-HUMANIST	soft-rect	pottery-class	CS-MONO-PLUS	CH-NONE	app	STYLE_ID=pottery-studio; SKELETON=SK-RAIL-DOCK; TYPE_ERA=TY-HUMANIST; CONTROL=soft-rect; MATERIAL=pottery-class; COLOUR_STRAT=CS-MONO-PLUS; CHROME=CH-NONE; FEEL=classes kiln
C0722	print-shop	Print Shop	industry-expanded	SK-CENTER-STAGE	TY-MONO-DATA	chunk-border	printshop	CS-DUOTONE	CH-MIN	marketing	STYLE_ID=print-shop; SKELETON=SK-CENTER-STAGE; TYPE_ERA=TY-MONO-DATA; CONTROL=chunk-border; MATERIAL=printshop; COLOUR_STRAT=CS-DUOTONE; CHROME=CH-MIN; FEEL=jobs specs
C0723	private-security	Private Security	industry-expanded	SK-NEWS-RIVER	TY-INDUSTRIAL-COND	sharp-0	security	CS-PRIMARY-TRIO	CH-STANDARD	app	STYLE_ID=private-security; SKELETON=SK-NEWS-RIVER; TYPE_ERA=TY-INDUSTRIAL-COND; CONTROL=sharp-0; MATERIAL=security; COLOUR_STRAT=CS-PRIMARY-TRIO; CHROME=CH-STANDARD; FEEL=logs sites
C0724	property-management	Property Management	industry-expanded	SK-CALENDAR-SPINE	TY-HUMANIST	soft-rect	prop-mgmt	CS-TONAL	CH-APP	app	STYLE_ID=property-management; SKELETON=SK-CALENDAR-SPINE; TYPE_ERA=TY-HUMANIST; CONTROL=soft-rect; MATERIAL=prop-mgmt; COLOUR_STRAT=CS-TONAL; CHROME=CH-APP; FEEL=tickets tenants
C0725	pub-uk	UK Pub	industry-expanded	SK-MASONRY	TY-OLDSTYLE-SERIF	chunk-border	pub	CS-PAPER-INK	CH-DENSE	marketing	STYLE_ID=pub-uk; SKELETON=SK-MASONRY; TYPE_ERA=TY-OLDSTYLE-SERIF; CONTROL=chunk-border; MATERIAL=pub; COLOUR_STRAT=CS-PAPER-INK; CHROME=CH-DENSE; FEEL=ale boards cosy
C0726	publishing-journal	Academic Journal	industry-expanded	SK-SPLIT-DIAGONAL	TY-SERIF-TEXT	ink-underline	journal	CS-DARK-STAGE	CH-IMMERSIVE	marketing	STYLE_ID=publishing-journal; SKELETON=SK-SPLIT-DIAGONAL; TYPE_ERA=TY-SERIF-TEXT; CONTROL=ink-underline; MATERIAL=journal; COLOUR_STRAT=CS-DARK-STAGE; CHROME=CH-IMMERSIVE; FEEL=abstracts peer
C0727	radio-station	Radio Station	industry-expanded	SK-FRAME-IN-FRAME	TY-INDUSTRIAL-COND	sharp-0	radio-station	CS-PASTEL-POP	CH-NONE	marketing	STYLE_ID=radio-station; SKELETON=SK-FRAME-IN-FRAME; TYPE_ERA=TY-INDUSTRIAL-COND; CONTROL=sharp-0; MATERIAL=radio-station; COLOUR_STRAT=CS-PASTEL-POP; CHROME=CH-NONE; FEEL=schedule playlists
C0728	rail-operator	Rail Operator	industry-expanded	SK-SIDE-SCROLL	TY-HUMANIST	sharp-0	rail-op	CS-SIGNAL	CH-MIN	marketing	STYLE_ID=rail-operator; SKELETON=SK-SIDE-SCROLL; TYPE_ERA=TY-HUMANIST; CONTROL=sharp-0; MATERIAL=rail-op; COLOUR_STRAT=CS-SIGNAL; CHROME=CH-MIN; FEEL=disruption clear
C0729	recruitment-agency	Recruitment Agency	industry-expanded	SK-FIXED-TOC	TY-GROTESK-SOFT	soft-rect	recruitment	CS-PHOTO-LED	CH-STANDARD	marketing	STYLE_ID=recruitment-agency; SKELETON=SK-FIXED-TOC; TYPE_ERA=TY-GROTESK-SOFT; CONTROL=soft-rect; MATERIAL=recruitment; COLOUR_STRAT=CS-PHOTO-LED; CHROME=CH-STANDARD; FEEL=roles candidates
C0730	recycling-centre	Recycling Centre	industry-expanded	SK-COMMAND-CENTER	TY-HUMANIST	chunk-border	recycling	CS-CMYK-PROCESS	CH-APP	app	STYLE_ID=recycling-centre; SKELETON=SK-COMMAND-CENTER; TYPE_ERA=TY-HUMANIST; CONTROL=chunk-border; MATERIAL=recycling; COLOUR_STRAT=CS-CMYK-PROCESS; CHROME=CH-APP; FEEL=streams rules
C0731	removals	Removals	industry-expanded	SK-INBOX-ZERO	TY-HUMANIST	chunk-border	removals	CS-EARTH	CH-DENSE	app	STYLE_ID=removals; SKELETON=SK-INBOX-ZERO; TYPE_ERA=TY-HUMANIST; CONTROL=chunk-border; MATERIAL=removals; COLOUR_STRAT=CS-EARTH; CHROME=CH-DENSE; FEEL=inventory days
C0732	rental-cars	Car Rental	industry-expanded	SK-STUDIO-CANVAS	TY-GROTESK-SOFT	soft-rect	car-rental	CS-OCEAN	CH-IMMERSIVE	app	STYLE_ID=rental-cars; SKELETON=SK-STUDIO-CANVAS; TYPE_ERA=TY-GROTESK-SOFT; CONTROL=soft-rect; MATERIAL=car-rental; COLOUR_STRAT=CS-OCEAN; CHROME=CH-IMMERSIVE; FEEL=classes extras
C0733	repair-cafe	Repair Café	industry-expanded	SK-COMPARISON	TY-HUMANIST	chunk-border	repair-cafe	CS-NEON-ON-DARK	CH-NONE	marketing	STYLE_ID=repair-cafe; SKELETON=SK-COMPARISON; TYPE_ERA=TY-HUMANIST; CONTROL=chunk-border; MATERIAL=repair-cafe; COLOUR_STRAT=CS-NEON-ON-DARK; CHROME=CH-NONE; FEEL=fix don't replace
C0734	research-lab-ops	Research Lab Ops	industry-expanded	SK-PRICING-LADDER	TY-MONO-DATA	sharp-0	lab-ops	CS-DESAT-CORP	CH-MIN	marketing	STYLE_ID=research-lab-ops; SKELETON=SK-PRICING-LADDER; TYPE_ERA=TY-MONO-DATA; CONTROL=sharp-0; MATERIAL=lab-ops; COLOUR_STRAT=CS-DESAT-CORP; CHROME=CH-MIN; FEEL=equipment bookings
C0735	restaurant-chain	Restaurant Chain	industry-expanded	SK-MANIFEST-LIST	TY-GROTESK-SOFT	pill	resto-chain	CS-HIGH-KEY	CH-STANDARD	app	STYLE_ID=restaurant-chain; SKELETON=SK-MANIFEST-LIST; TYPE_ERA=TY-GROTESK-SOFT; CONTROL=pill; MATERIAL=resto-chain; COLOUR_STRAT=CS-HIGH-KEY; CHROME=CH-STANDARD; FEEL=menu locations
C0736	retirement	Retirement Community	industry-expanded	SK-SCOREBOARD	TY-HUMANIST	soft-rect	retirement	CS-LOW-KEY	CH-APP	app	STYLE_ID=retirement; SKELETON=SK-SCOREBOARD; TYPE_ERA=TY-HUMANIST; CONTROL=soft-rect; MATERIAL=retirement; COLOUR_STRAT=CS-LOW-KEY; CHROME=CH-APP; FEEL=dignity clear
C0737	riding-school	Riding School	industry-expanded	SK-COCKPIT-STRIP	TY-TRANSITIONAL-SERIF	soft-rect	riding	CS-SEPIA	CH-DENSE	app	STYLE_ID=riding-school; SKELETON=SK-COCKPIT-STRIP; TYPE_ERA=TY-TRANSITIONAL-SERIF; CONTROL=soft-rect; MATERIAL=riding; COLOUR_STRAT=CS-SEPIA; CHROME=CH-DENSE; FEEL=lessons horses
C0738	roofing	Roofing	industry-expanded	SK-FOLIO-SPREAD	TY-INDUSTRIAL-COND	chunk-border	roofing	CS-INVERTED	CH-IMMERSIVE	marketing	STYLE_ID=roofing; SKELETON=SK-FOLIO-SPREAD; TYPE_ERA=TY-INDUSTRIAL-COND; CONTROL=chunk-border; MATERIAL=roofing; COLOUR_STRAT=CS-INVERTED; CHROME=CH-IMMERSIVE; FEEL=quotes jobs
C0739	rowing-club	Rowing Club	industry-expanded	SK-STAMP-SHEET	TY-HUMANIST	chunk-border	rowing	CS-REGIONAL-FLAG	CH-NONE	marketing	STYLE_ID=rowing-club; SKELETON=SK-STAMP-SHEET; TYPE_ERA=TY-HUMANIST; CONTROL=chunk-border; MATERIAL=rowing; COLOUR_STRAT=CS-REGIONAL-FLAG; CHROME=CH-NONE; FEEL=sessions water
C0740	saas-vertical-legal	Legal SaaS	industry-expanded	SK-DOCKED-FAB	TY-GROTESK-SOFT	soft-rect	legal-saas	CS-BRAND-LOCKUP	CH-MIN	mobile	STYLE_ID=saas-vertical-legal; SKELETON=SK-DOCKED-FAB; TYPE_ERA=TY-GROTESK-SOFT; CONTROL=soft-rect; MATERIAL=legal-saas; COLOUR_STRAT=CS-BRAND-LOCKUP; CHROME=CH-MIN; FEEL=matters documents
C0741	saas-vertical-clinic	Clinic SaaS	industry-expanded	SK-PEEK-CARDS	TY-HUMANIST	soft-rect	clinic-saas	CS-MONO-PLUS	CH-STANDARD	mobile	STYLE_ID=saas-vertical-clinic; SKELETON=SK-PEEK-CARDS; TYPE_ERA=TY-HUMANIST; CONTROL=soft-rect; MATERIAL=clinic-saas; COLOUR_STRAT=CS-MONO-PLUS; CHROME=CH-STANDARD; FEEL=appointments charts
C0742	sailing-club	Sailing Club	industry-expanded	SK-RADIO-TUNER	TY-HUMANIST	chunk-border	sailing-club	CS-DUOTONE	CH-APP	app	STYLE_ID=sailing-club; SKELETON=SK-RADIO-TUNER; TYPE_ERA=TY-HUMANIST; CONTROL=chunk-border; MATERIAL=sailing-club; COLOUR_STRAT=CS-DUOTONE; CHROME=CH-APP; FEEL=races tide
C0743	school-primary-uk	UK Primary School	industry-expanded	SK-FILMSTRIP	TY-ROUNDED	pill	primary-school	CS-PRIMARY-TRIO	CH-DENSE	marketing	STYLE_ID=school-primary-uk; SKELETON=SK-FILMSTRIP; TYPE_ERA=TY-ROUNDED; CONTROL=pill; MATERIAL=primary-school; COLOUR_STRAT=CS-PRIMARY-TRIO; CHROME=CH-DENSE; FEEL=parents homework
C0744	school-secondary	Secondary School	industry-expanded	SK-ORBIT-META	TY-HUMANIST	soft-rect	secondary	CS-TONAL	CH-IMMERSIVE	marketing	STYLE_ID=school-secondary; SKELETON=SK-ORBIT-META; TYPE_ERA=TY-HUMANIST; CONTROL=soft-rect; MATERIAL=secondary; COLOUR_STRAT=CS-TONAL; CHROME=CH-IMMERSIVE; FEEL=timetables grades
C0745	scrapyard	Scrapyard	industry-expanded	SK-SPLIT-DEPTH	TY-INDUSTRIAL-COND	chunk-border	scrap	CS-PAPER-INK	CH-NONE	marketing	STYLE_ID=scrapyard; SKELETON=SK-SPLIT-DEPTH; TYPE_ERA=TY-INDUSTRIAL-COND; CONTROL=chunk-border; MATERIAL=scrap; COLOUR_STRAT=CS-PAPER-INK; CHROME=CH-NONE; FEEL=inventory metal
C0746	scuba-school	Scuba School	industry-expanded	SK-CHECKOUT-TUNNEL	TY-HUMANIST	pill	scuba-school	CS-DARK-STAGE	CH-MIN	marketing	STYLE_ID=scuba-school; SKELETON=SK-CHECKOUT-TUNNEL; TYPE_ERA=TY-HUMANIST; CONTROL=pill; MATERIAL=scuba-school; COLOUR_STRAT=CS-DARK-STAGE; CHROME=CH-MIN; FEEL=courses dives
C0747	seafood-restaurant	Seafood Restaurant	industry-expanded	SK-CHAT-THREAD	TY-HUMANIST	soft-rect	seafood-resto	CS-PASTEL-POP	CH-STANDARD	app	STYLE_ID=seafood-restaurant; SKELETON=SK-CHAT-THREAD; TYPE_ERA=TY-HUMANIST; CONTROL=soft-rect; MATERIAL=seafood-resto; COLOUR_STRAT=CS-PASTEL-POP; CHROME=CH-STANDARD; FEEL=catch menu
C0748	security-soc	Security SOC	industry-expanded	SK-NOTIFICATION-STACK	TY-MONO-DATA	sharp-0	soc	CS-SIGNAL	CH-APP	mobile	STYLE_ID=security-soc; SKELETON=SK-NOTIFICATION-STACK; TYPE_ERA=TY-MONO-DATA; CONTROL=sharp-0; MATERIAL=soc; COLOUR_STRAT=CS-SIGNAL; CHROME=CH-APP; FEEL=alerts dark
C0749	self-storage	Self Storage	industry-expanded	SK-DIRECTORY	TY-HUMANIST	soft-rect	storage	CS-PHOTO-LED	CH-DENSE	app	STYLE_ID=self-storage; SKELETON=SK-DIRECTORY; TYPE_ERA=TY-HUMANIST; CONTROL=soft-rect; MATERIAL=storage; COLOUR_STRAT=CS-PHOTO-LED; CHROME=CH-DENSE; FEEL=units access
C0750	sewage-utility	Water Utility	industry-expanded	SK-ATLAS-PLATES	TY-HUMANIST	chunk-border	water-utility	CS-CMYK-PROCESS	CH-IMMERSIVE	marketing	STYLE_ID=sewage-utility; SKELETON=SK-ATLAS-PLATES; TYPE_ERA=TY-HUMANIST; CONTROL=chunk-border; MATERIAL=water-utility; COLOUR_STRAT=CS-CMYK-PROCESS; CHROME=CH-IMMERSIVE; FEEL=outages maps
C0751	shoe-brand	Shoe Brand	industry-expanded	SK-HERO-SPLIT	TY-GROTESK-SOFT	pill	shoes	CS-EARTH	CH-NONE	marketing	STYLE_ID=shoe-brand; SKELETON=SK-HERO-SPLIT; TYPE_ERA=TY-GROTESK-SOFT; CONTROL=pill; MATERIAL=shoes; COLOUR_STRAT=CS-EARTH; CHROME=CH-NONE; FEEL=product drops
C0752	skate-shop	Skate Shop	industry-expanded	SK-SINGLE-STICKY	TY-MIXED-HIGH-CONTRAST	chunk-border	skate-shop	CS-OCEAN	CH-MIN	marketing	STYLE_ID=skate-shop; SKELETON=SK-SINGLE-STICKY; TYPE_ERA=TY-MIXED-HIGH-CONTRAST; CONTROL=chunk-border; MATERIAL=skate-shop; COLOUR_STRAT=CS-OCEAN; CHROME=CH-MIN; FEEL=decks video
C0753	ski-school	Ski School	industry-expanded	SK-EDITORIAL-LONG	TY-HUMANIST	pill	ski-school	CS-NEON-ON-DARK	CH-STANDARD	marketing	STYLE_ID=ski-school; SKELETON=SK-EDITORIAL-LONG; TYPE_ERA=TY-HUMANIST; CONTROL=pill; MATERIAL=ski-school; COLOUR_STRAT=CS-NEON-ON-DARK; CHROME=CH-STANDARD; FEEL=lessons passes
C0754	social-housing	Social Housing	industry-expanded	SK-BENTO	TY-HUMANIST	sharp-0	social-housing	CS-DESAT-CORP	CH-APP	marketing	STYLE_ID=social-housing; SKELETON=SK-BENTO; TYPE_ERA=TY-HUMANIST; CONTROL=sharp-0; MATERIAL=social-housing; COLOUR_STRAT=CS-DESAT-CORP; CHROME=CH-APP; FEEL=repairs dignity
C0755	solarium-careful	Tanning Careful	industry-expanded	SK-TABLE-FIRST	TY-GROTESK-SOFT	pill	tanning	CS-HIGH-KEY	CH-DENSE	app	STYLE_ID=solarium-careful; SKELETON=SK-TABLE-FIRST; TYPE_ERA=TY-GROTESK-SOFT; CONTROL=pill; MATERIAL=tanning; COLOUR_STRAT=CS-HIGH-KEY; CHROME=CH-DENSE; FEEL=retail not harm promo
C0756	spa-day	Day Spa	industry-expanded	SK-TIMELINE	TY-HUMANIST	pill	day-spa	CS-LOW-KEY	CH-IMMERSIVE	app	STYLE_ID=spa-day; SKELETON=SK-TIMELINE; TYPE_ERA=TY-HUMANIST; CONTROL=pill; MATERIAL=day-spa; COLOUR_STRAT=CS-LOW-KEY; CHROME=CH-IMMERSIVE; FEEL=packages calm
C0757	specialty-coffee-sub	Subscription Coffee	industry-expanded	SK-MAP-STAGE	TY-HUMANIST	soft-rect	coffee-sub	CS-SEPIA	CH-NONE	app	STYLE_ID=specialty-coffee-sub; SKELETON=SK-MAP-STAGE; TYPE_ERA=TY-HUMANIST; CONTROL=soft-rect; MATERIAL=coffee-sub; COLOUR_STRAT=CS-SEPIA; CHROME=CH-NONE; FEEL=roasts deliveries
C0758	sports-league	Sports League	industry-expanded	SK-BOARD-KANBAN	TY-INDUSTRIAL-COND	sharp-0	league	CS-INVERTED	CH-MIN	app	STYLE_ID=sports-league; SKELETON=SK-BOARD-KANBAN; TYPE_ERA=TY-INDUSTRIAL-COND; CONTROL=sharp-0; MATERIAL=league; COLOUR_STRAT=CS-INVERTED; CHROME=CH-MIN; FEEL=tables fixtures
C0759	stadium	Stadium	industry-expanded	SK-TICKET-STUB	TY-INDUSTRIAL-COND	chunk-border	stadium	CS-REGIONAL-FLAG	CH-STANDARD	marketing	STYLE_ID=stadium; SKELETON=SK-TICKET-STUB; TYPE_ERA=TY-INDUSTRIAL-COND; CONTROL=chunk-border; MATERIAL=stadium; COLOUR_STRAT=CS-REGIONAL-FLAG; CHROME=CH-STANDARD; FEEL=seats wayfinding
C0760	startup-seed	Seed Startup	industry-expanded	SK-LEDGER	TY-GROTESQUE	sharp-0	startup	CS-BRAND-LOCKUP	CH-APP	app	STYLE_ID=startup-seed; SKELETON=SK-LEDGER; TYPE_ERA=TY-GROTESQUE; CONTROL=sharp-0; MATERIAL=startup; COLOUR_STRAT=CS-BRAND-LOCKUP; CHROME=CH-APP; FEEL=scrappy bold
C0761	stationery-brand	Stationery Brand	industry-expanded	SK-TERMINAL	TY-OLDSTYLE-SERIF	ink-underline	stationery-brand	CS-MONO-PLUS	CH-DENSE	app	STYLE_ID=stationery-brand; SKELETON=SK-TERMINAL; TYPE_ERA=TY-OLDSTYLE-SERIF; CONTROL=ink-underline; MATERIAL=stationery-brand; COLOUR_STRAT=CS-MONO-PLUS; CHROME=CH-DENSE; FEEL=paper product
C0762	steakhouse	Steakhouse	industry-expanded	SK-POSTER	TY-TRANSITIONAL-SERIF	chunk-border	steakhouse	CS-DUOTONE	CH-IMMERSIVE	marketing	STYLE_ID=steakhouse; SKELETON=SK-POSTER; TYPE_ERA=TY-TRANSITIONAL-SERIF; CONTROL=chunk-border; MATERIAL=steakhouse; COLOUR_STRAT=CS-DUOTONE; CHROME=CH-IMMERSIVE; FEEL=dark wood meat
C0763	stock-broker	Brokerage	industry-expanded	SK-BOTTOM-SHEET	TY-MONO-DATA	sharp-0	brokerage	CS-PRIMARY-TRIO	CH-NONE	mobile	STYLE_ID=stock-broker; SKELETON=SK-BOTTOM-SHEET; TYPE_ERA=TY-MONO-DATA; CONTROL=sharp-0; MATERIAL=brokerage; COLOUR_STRAT=CS-PRIMARY-TRIO; CHROME=CH-NONE; FEEL=blotters numbers
C0764	street-food	Street Food	industry-expanded	SK-TAB-DECK	TY-DISPLAY-EXTREME	chunk-border	street-food	CS-TONAL	CH-MIN	mobile	STYLE_ID=street-food; SKELETON=SK-TAB-DECK; TYPE_ERA=TY-DISPLAY-EXTREME; CONTROL=chunk-border; MATERIAL=street-food; COLOUR_STRAT=CS-TONAL; CHROME=CH-MIN; FEEL=stalls maps
C0765	student-union	Student Union	industry-expanded	SK-WIZARD-STEPS	TY-ROUNDED	pill	student-union	CS-PAPER-INK	CH-STANDARD	app	STYLE_ID=student-union; SKELETON=SK-WIZARD-STEPS; TYPE_ERA=TY-ROUNDED; CONTROL=pill; MATERIAL=student-union; COLOUR_STRAT=CS-PAPER-INK; CHROME=CH-STANDARD; FEEL=events services
C0766	supermarket-premium	Premium Supermarket	industry-expanded	SK-SPLIT-INSPECTOR	TY-HUMANIST	soft-rect	premium-grocery	CS-DARK-STAGE	CH-APP	app	STYLE_ID=supermarket-premium; SKELETON=SK-SPLIT-INSPECTOR; TYPE_ERA=TY-HUMANIST; CONTROL=soft-rect; MATERIAL=premium-grocery; COLOUR_STRAT=CS-DARK-STAGE; CHROME=CH-APP; FEEL=quality calm
C0767	surgery-cosmetic-careful	Cosmetic Clinic Careful	industry-expanded	SK-DASH-METRIC	TY-HUMANIST	soft-rect	cosmetic-careful	CS-PASTEL-POP	CH-DENSE	app	STYLE_ID=surgery-cosmetic-careful; SKELETON=SK-DASH-METRIC; TYPE_ERA=TY-HUMANIST; CONTROL=soft-rect; MATERIAL=cosmetic-careful; COLOUR_STRAT=CS-PASTEL-POP; CHROME=CH-DENSE; FEEL=informed not hype
C0768	surveying	Surveying	industry-expanded	SK-GALLERY-INDEX	TY-MONO-DATA	sharp-0	survey	CS-SIGNAL	CH-IMMERSIVE	marketing	STYLE_ID=surveying; SKELETON=SK-GALLERY-INDEX; TYPE_ERA=TY-MONO-DATA; CONTROL=sharp-0; MATERIAL=survey; COLOUR_STRAT=CS-SIGNAL; CHROME=CH-IMMERSIVE; FEEL=plans plots
C0769	sushi	Sushi Restaurant	industry-expanded	SK-ZINE-COLLAGE	TY-GROTESK-SOFT	ink-underline	sushi-min	CS-PHOTO-LED	CH-NONE	marketing	STYLE_ID=sushi; SKELETON=SK-ZINE-COLLAGE; TYPE_ERA=TY-GROTESK-SOFT; CONTROL=ink-underline; MATERIAL=sushi-min; COLOUR_STRAT=CS-PHOTO-LED; CHROME=CH-NONE; FEEL=minimal precise
C0770	swimming-pool-public	Public Pool	industry-expanded	SK-BRUTAL-BLOCKS	TY-HUMANIST	chunk-border	public-pool	CS-CMYK-PROCESS	CH-MIN	any	STYLE_ID=swimming-pool-public; SKELETON=SK-BRUTAL-BLOCKS; TYPE_ERA=TY-HUMANIST; CONTROL=chunk-border; MATERIAL=public-pool; COLOUR_STRAT=CS-CMYK-PROCESS; CHROME=CH-MIN; FEEL=timetables lanes
C0771	synagogue-community	Community Centre Faith careful	industry-expanded	SK-RAIL-DOCK	TY-HUMANIST	ink-underline	faith-community	CS-EARTH	CH-STANDARD	app	STYLE_ID=synagogue-community; SKELETON=SK-RAIL-DOCK; TYPE_ERA=TY-HUMANIST; CONTROL=ink-underline; MATERIAL=faith-community; COLOUR_STRAT=CS-EARTH; CHROME=CH-STANDARD; FEEL=respectful
C0772	takeaway	Takeaway	industry-expanded	SK-CENTER-STAGE	TY-GROTESK-SOFT	filled-block	takeaway	CS-OCEAN	CH-APP	marketing	STYLE_ID=takeaway; SKELETON=SK-CENTER-STAGE; TYPE_ERA=TY-GROTESK-SOFT; CONTROL=filled-block; MATERIAL=takeaway; COLOUR_STRAT=CS-OCEAN; CHROME=CH-APP; FEEL=menu cart speed
C0773	tattoo-studio	Tattoo Studio	industry-expanded	SK-NEWS-RIVER	TY-MIXED-HIGH-CONTRAST	chunk-border	tattoo	CS-NEON-ON-DARK	CH-DENSE	app	STYLE_ID=tattoo-studio; SKELETON=SK-NEWS-RIVER; TYPE_ERA=TY-MIXED-HIGH-CONTRAST; CONTROL=chunk-border; MATERIAL=tattoo; COLOUR_STRAT=CS-NEON-ON-DARK; CHROME=CH-DENSE; FEEL=flash portfolios
C0774	tax-advisor	Tax Advisor	industry-expanded	SK-CALENDAR-SPINE	TY-HUMANIST	soft-rect	tax	CS-DESAT-CORP	CH-IMMERSIVE	app	STYLE_ID=tax-advisor; SKELETON=SK-CALENDAR-SPINE; TYPE_ERA=TY-HUMANIST; CONTROL=soft-rect; MATERIAL=tax; COLOUR_STRAT=CS-DESAT-CORP; CHROME=CH-IMMERSIVE; FEEL=forms calm
C0775	taxi-dispatch	Taxi Dispatch	industry-expanded	SK-MASONRY	TY-INDUSTRIAL-COND	chunk-border	taxi-dispatch	CS-HIGH-KEY	CH-NONE	marketing	STYLE_ID=taxi-dispatch; SKELETON=SK-MASONRY; TYPE_ERA=TY-INDUSTRIAL-COND; CONTROL=chunk-border; MATERIAL=taxi-dispatch; COLOUR_STRAT=CS-HIGH-KEY; CHROME=CH-NONE; FEEL=jobs map
C0776	tea-shop	Tea Shop	industry-expanded	SK-SPLIT-DIAGONAL	TY-OLDSTYLE-SERIF	soft-rect	tea-shop	CS-LOW-KEY	CH-MIN	marketing	STYLE_ID=tea-shop; SKELETON=SK-SPLIT-DIAGONAL; TYPE_ERA=TY-OLDSTYLE-SERIF; CONTROL=soft-rect; MATERIAL=tea-shop; COLOUR_STRAT=CS-LOW-KEY; CHROME=CH-MIN; FEEL=blends calm
C0777	tech-conference	Tech Conference	industry-expanded	SK-FRAME-IN-FRAME	TY-GROTESK-SOFT	sharp-0	tech-conf	CS-SEPIA	CH-STANDARD	marketing	STYLE_ID=tech-conference; SKELETON=SK-FRAME-IN-FRAME; TYPE_ERA=TY-GROTESK-SOFT; CONTROL=sharp-0; MATERIAL=tech-conf; COLOUR_STRAT=CS-SEPIA; CHROME=CH-STANDARD; FEEL=agenda speakers
C0778	theatre-tickets	Theatre Tickets	industry-expanded	SK-SIDE-SCROLL	TY-DIDONE-LUX	ticket	theatre-tix	CS-INVERTED	CH-APP	marketing	STYLE_ID=theatre-tickets; SKELETON=SK-SIDE-SCROLL; TYPE_ERA=TY-DIDONE-LUX; CONTROL=ticket; MATERIAL=theatre-tix; COLOUR_STRAT=CS-INVERTED; CHROME=CH-APP; FEEL=seats shows
C0779	theme-park	Theme Park	industry-expanded	SK-FIXED-TOC	TY-ROUNDED	pill	theme-park	CS-REGIONAL-FLAG	CH-DENSE	marketing	STYLE_ID=theme-park; SKELETON=SK-FIXED-TOC; TYPE_ERA=TY-ROUNDED; CONTROL=pill; MATERIAL=theme-park; COLOUR_STRAT=CS-REGIONAL-FLAG; CHROME=CH-DENSE; FEEL=maps rides joy
C0780	thrift-store	Thrift Store	industry-expanded	SK-COMMAND-CENTER	TY-MIXED-HIGH-CONTRAST	chunk-border	thrift-store	CS-BRAND-LOCKUP	CH-IMMERSIVE	app	STYLE_ID=thrift-store; SKELETON=SK-COMMAND-CENTER; TYPE_ERA=TY-MIXED-HIGH-CONTRAST; CONTROL=chunk-border; MATERIAL=thrift-store; COLOUR_STRAT=CS-BRAND-LOCKUP; CHROME=CH-IMMERSIVE; FEEL=racks finds
C0781	tile-shop	Tile Shop	industry-expanded	SK-INBOX-ZERO	TY-GEOMETRIC	soft-rect	tiles	CS-MONO-PLUS	CH-NONE	app	STYLE_ID=tile-shop; SKELETON=SK-INBOX-ZERO; TYPE_ERA=TY-GEOMETRIC; CONTROL=soft-rect; MATERIAL=tiles; COLOUR_STRAT=CS-MONO-PLUS; CHROME=CH-NONE; FEEL=grids samples
C0782	tools-brand	Tools Brand	industry-expanded	SK-STUDIO-CANVAS	TY-INDUSTRIAL-COND	chunk-border	tools-brand	CS-DUOTONE	CH-MIN	app	STYLE_ID=tools-brand; SKELETON=SK-STUDIO-CANVAS; TYPE_ERA=TY-INDUSTRIAL-COND; CONTROL=chunk-border; MATERIAL=tools-brand; COLOUR_STRAT=CS-DUOTONE; CHROME=CH-MIN; FEEL=tough clear
C0783	tour-operator	Tour Operator	industry-expanded	SK-COMPARISON	TY-HUMANIST	soft-rect	tours	CS-PRIMARY-TRIO	CH-STANDARD	marketing	STYLE_ID=tour-operator; SKELETON=SK-COMPARISON; TYPE_ERA=TY-HUMANIST; CONTROL=soft-rect; MATERIAL=tours; COLOUR_STRAT=CS-PRIMARY-TRIO; CHROME=CH-STANDARD; FEEL=itineraries
C0784	toy-brand	Toy Brand	industry-expanded	SK-PRICING-LADDER	TY-ROUNDED	pill	toy-brand	CS-TONAL	CH-APP	marketing	STYLE_ID=toy-brand; SKELETON=SK-PRICING-LADDER; TYPE_ERA=TY-ROUNDED; CONTROL=pill; MATERIAL=toy-brand; COLOUR_STRAT=CS-TONAL; CHROME=CH-APP; FEEL=play safe colour
C0785	trade-union	Trade Union	industry-expanded	SK-MANIFEST-LIST	TY-INDUSTRIAL-COND	chunk-border	union	CS-PAPER-INK	CH-DENSE	app	STYLE_ID=trade-union; SKELETON=SK-MANIFEST-LIST; TYPE_ERA=TY-INDUSTRIAL-COND; CONTROL=chunk-border; MATERIAL=union; COLOUR_STRAT=CS-PAPER-INK; CHROME=CH-DENSE; FEEL=campaigns solidarity
C0786	trainers-brand	Sneaker Brand	industry-expanded	SK-SCOREBOARD	TY-INDUSTRIAL-COND	sharp-0	sneakers	CS-DARK-STAGE	CH-IMMERSIVE	app	STYLE_ID=trainers-brand; SKELETON=SK-SCOREBOARD; TYPE_ERA=TY-INDUSTRIAL-COND; CONTROL=sharp-0; MATERIAL=sneakers; COLOUR_STRAT=CS-DARK-STAGE; CHROME=CH-IMMERSIVE; FEEL=drops hype
C0787	translation	Translation Agency	industry-expanded	SK-COCKPIT-STRIP	TY-HUMANIST	soft-rect	translation	CS-PASTEL-POP	CH-NONE	app	STYLE_ID=translation; SKELETON=SK-COCKPIT-STRIP; TYPE_ERA=TY-HUMANIST; CONTROL=soft-rect; MATERIAL=translation; COLOUR_STRAT=CS-PASTEL-POP; CHROME=CH-NONE; FEEL=languages clear
C0788	transport-for-city	City Transport	industry-expanded	SK-FOLIO-SPREAD	TY-HUMANIST	sharp-0	city-transport	CS-SIGNAL	CH-MIN	marketing	STYLE_ID=transport-for-city; SKELETON=SK-FOLIO-SPREAD; TYPE_ERA=TY-HUMANIST; CONTROL=sharp-0; MATERIAL=city-transport; COLOUR_STRAT=CS-SIGNAL; CHROME=CH-MIN; FEEL=status lines
C0789	travel-agent-indie	Indie Travel Agent	industry-expanded	SK-STAMP-SHEET	TY-HUMANIST	soft-rect	indie-travel	CS-PHOTO-LED	CH-STANDARD	marketing	STYLE_ID=travel-agent-indie; SKELETON=SK-STAMP-SHEET; TYPE_ERA=TY-HUMANIST; CONTROL=soft-rect; MATERIAL=indie-travel; COLOUR_STRAT=CS-PHOTO-LED; CHROME=CH-STANDARD; FEEL=stories itineraries
C0790	tree-surgery	Tree Surgery	industry-expanded	SK-DOCKED-FAB	TY-HUMANIST	chunk-border	tree-surgery	CS-CMYK-PROCESS	CH-APP	mobile	STYLE_ID=tree-surgery; SKELETON=SK-DOCKED-FAB; TYPE_ERA=TY-HUMANIST; CONTROL=chunk-border; MATERIAL=tree-surgery; COLOUR_STRAT=CS-CMYK-PROCESS; CHROME=CH-APP; FEEL=jobs risk
C0791	university-admissions	Uni Admissions	industry-expanded	SK-PEEK-CARDS	TY-HUMANIST	soft-rect	admissions	CS-EARTH	CH-DENSE	mobile	STYLE_ID=university-admissions; SKELETON=SK-PEEK-CARDS; TYPE_ERA=TY-HUMANIST; CONTROL=soft-rect; MATERIAL=admissions; COLOUR_STRAT=CS-EARTH; CHROME=CH-DENSE; FEEL=deadlines forms
C0792	vape-careful	Vape Retail Careful	industry-expanded	SK-RADIO-TUNER	TY-GROTESK-SOFT	soft-rect	adult-retail	CS-OCEAN	CH-IMMERSIVE	app	STYLE_ID=vape-careful; SKELETON=SK-RADIO-TUNER; TYPE_ERA=TY-GROTESK-SOFT; CONTROL=soft-rect; MATERIAL=adult-retail; COLOUR_STRAT=CS-OCEAN; CHROME=CH-IMMERSIVE; FEEL=adult clear not youth
C0793	vegan-cafe	Vegan Café	industry-expanded	SK-FILMSTRIP	TY-HUMANIST	soft-rect	vegan-cafe	CS-NEON-ON-DARK	CH-NONE	marketing	STYLE_ID=vegan-cafe; SKELETON=SK-FILMSTRIP; TYPE_ERA=TY-HUMANIST; CONTROL=soft-rect; MATERIAL=vegan-cafe; COLOUR_STRAT=CS-NEON-ON-DARK; CHROME=CH-NONE; FEEL=fresh ethical
C0794	venture-capital	Venture Capital	industry-expanded	SK-ORBIT-META	TY-GROTESK-SOFT	ink-underline	vc	CS-DESAT-CORP	CH-MIN	marketing	STYLE_ID=venture-capital; SKELETON=SK-ORBIT-META; TYPE_ERA=TY-GROTESK-SOFT; CONTROL=ink-underline; MATERIAL=vc; COLOUR_STRAT=CS-DESAT-CORP; CHROME=CH-MIN; FEEL=portfolio sparse
C0795	vet	Veterinary	industry-expanded	SK-SPLIT-DEPTH	TY-HUMANIST	soft-rect	vet	CS-HIGH-KEY	CH-STANDARD	marketing	STYLE_ID=vet; SKELETON=SK-SPLIT-DEPTH; TYPE_ERA=TY-HUMANIST; CONTROL=soft-rect; MATERIAL=vet; COLOUR_STRAT=CS-HIGH-KEY; CHROME=CH-STANDARD; FEEL=pets care calm
C0796	video-production	Video Production	industry-expanded	SK-CHECKOUT-TUNNEL	TY-GROTESK-SOFT	soft-rect	video-prod	CS-LOW-KEY	CH-APP	marketing	STYLE_ID=video-production; SKELETON=SK-CHECKOUT-TUNNEL; TYPE_ERA=TY-GROTESK-SOFT; CONTROL=soft-rect; MATERIAL=video-prod; COLOUR_STRAT=CS-LOW-KEY; CHROME=CH-APP; FEEL=showreels
C0797	vintage-shop	Vintage Shop	industry-expanded	SK-CHAT-THREAD	TY-MIXED-HIGH-CONTRAST	ticket	vintage-shop	CS-SEPIA	CH-DENSE	app	STYLE_ID=vintage-shop; SKELETON=SK-CHAT-THREAD; TYPE_ERA=TY-MIXED-HIGH-CONTRAST; CONTROL=ticket; MATERIAL=vintage-shop; COLOUR_STRAT=CS-SEPIA; CHROME=CH-DENSE; FEEL=decades racks
C0798	vineyard	Vineyard	industry-expanded	SK-NOTIFICATION-STACK	TY-OLDSTYLE-SERIF	ink-underline	vineyard	CS-INVERTED	CH-IMMERSIVE	mobile	STYLE_ID=vineyard; SKELETON=SK-NOTIFICATION-STACK; TYPE_ERA=TY-OLDSTYLE-SERIF; CONTROL=ink-underline; MATERIAL=vineyard; COLOUR_STRAT=CS-INVERTED; CHROME=CH-IMMERSIVE; FEEL=terroir bottles
C0799	virtual-event	Virtual Event	industry-expanded	SK-DIRECTORY	TY-GROTESK-SOFT	soft-rect	virtual-event	CS-REGIONAL-FLAG	CH-NONE	app	STYLE_ID=virtual-event; SKELETON=SK-DIRECTORY; TYPE_ERA=TY-GROTESK-SOFT; CONTROL=soft-rect; MATERIAL=virtual-event; COLOUR_STRAT=CS-REGIONAL-FLAG; CHROME=CH-NONE; FEEL=agenda stage
C0800	vocational-college	Vocational College	industry-expanded	SK-ATLAS-PLATES	TY-HUMANIST	soft-rect	vocational	CS-BRAND-LOCKUP	CH-MIN	marketing	STYLE_ID=vocational-college; SKELETON=SK-ATLAS-PLATES; TYPE_ERA=TY-HUMANIST; CONTROL=soft-rect; MATERIAL=vocational; COLOUR_STRAT=CS-BRAND-LOCKUP; CHROME=CH-MIN; FEEL=courses practical
C0801	volunteer-platform	Volunteer Platform	industry-expanded	SK-HERO-SPLIT	TY-HUMANIST	pill	volunteer	CS-MONO-PLUS	CH-STANDARD	marketing	STYLE_ID=volunteer-platform; SKELETON=SK-HERO-SPLIT; TYPE_ERA=TY-HUMANIST; CONTROL=pill; MATERIAL=volunteer; COLOUR_STRAT=CS-MONO-PLUS; CHROME=CH-STANDARD; FEEL=shifts impact
C0802	vpn-privacy	VPN Privacy	industry-expanded	SK-SINGLE-STICKY	TY-GROTESK-SOFT	soft-rect	vpn	CS-DUOTONE	CH-APP	marketing	STYLE_ID=vpn-privacy; SKELETON=SK-SINGLE-STICKY; TYPE_ERA=TY-GROTESK-SOFT; CONTROL=soft-rect; MATERIAL=vpn; COLOUR_STRAT=CS-DUOTONE; CHROME=CH-APP; FEEL=trust technical
C0803	warehouse-club	Warehouse Club	industry-expanded	SK-EDITORIAL-LONG	TY-INDUSTRIAL-COND	chunk-border	warehouse-club	CS-PRIMARY-TRIO	CH-DENSE	marketing	STYLE_ID=warehouse-club; SKELETON=SK-EDITORIAL-LONG; TYPE_ERA=TY-INDUSTRIAL-COND; CONTROL=chunk-border; MATERIAL=warehouse-club; COLOUR_STRAT=CS-PRIMARY-TRIO; CHROME=CH-DENSE; FEEL=bulk value
C0804	waste-management	Waste Management	industry-expanded	SK-BENTO	TY-HUMANIST	chunk-border	waste	CS-TONAL	CH-IMMERSIVE	marketing	STYLE_ID=waste-management; SKELETON=SK-BENTO; TYPE_ERA=TY-HUMANIST; CONTROL=chunk-border; MATERIAL=waste; COLOUR_STRAT=CS-TONAL; CHROME=CH-IMMERSIVE; FEEL=routes bins
C0805	watch-brand	Watch Brand	industry-expanded	SK-TABLE-FIRST	TY-DIDONE-LUX	ink-underline	watches	CS-PAPER-INK	CH-NONE	app	STYLE_ID=watch-brand; SKELETON=SK-TABLE-FIRST; TYPE_ERA=TY-DIDONE-LUX; CONTROL=ink-underline; MATERIAL=watches; COLOUR_STRAT=CS-PAPER-INK; CHROME=CH-NONE; FEEL=precision luxury
C0806	weather-service	Weather Service	industry-expanded	SK-TIMELINE	TY-HUMANIST	sharp-0	weather-svc	CS-DARK-STAGE	CH-MIN	app	STYLE_ID=weather-service; SKELETON=SK-TIMELINE; TYPE_ERA=TY-HUMANIST; CONTROL=sharp-0; MATERIAL=weather-svc; COLOUR_STRAT=CS-DARK-STAGE; CHROME=CH-MIN; FEEL=maps alerts
C0807	web-hosting	Web Hosting	industry-expanded	SK-MAP-STAGE	TY-MONO-DATA	soft-rect	hosting	CS-PASTEL-POP	CH-STANDARD	app	STYLE_ID=web-hosting; SKELETON=SK-MAP-STAGE; TYPE_ERA=TY-MONO-DATA; CONTROL=soft-rect; MATERIAL=hosting; COLOUR_STRAT=CS-PASTEL-POP; CHROME=CH-STANDARD; FEEL=plans status
C0808	wedding-planner	Wedding Planner	industry-expanded	SK-BOARD-KANBAN	TY-SCRIPT-SPARSE	soft-rect	wedding-plan	CS-SIGNAL	CH-APP	app	STYLE_ID=wedding-planner; SKELETON=SK-BOARD-KANBAN; TYPE_ERA=TY-SCRIPT-SPARSE; CONTROL=soft-rect; MATERIAL=wedding-plan; COLOUR_STRAT=CS-SIGNAL; CHROME=CH-APP; FEEL=timelines romantic
C0809	wellness-retreat	Wellness Retreat	industry-expanded	SK-TICKET-STUB	TY-HUMANIST	pill	retreat	CS-PHOTO-LED	CH-DENSE	marketing	STYLE_ID=wellness-retreat; SKELETON=SK-TICKET-STUB; TYPE_ERA=TY-HUMANIST; CONTROL=pill; MATERIAL=retreat; COLOUR_STRAT=CS-PHOTO-LED; CHROME=CH-DENSE; FEEL=calm nature
C0810	whisky-brand	Whisky Brand	industry-expanded	SK-LEDGER	TY-OLDSTYLE-SERIF	chunk-border	whisky	CS-CMYK-PROCESS	CH-IMMERSIVE	app	STYLE_ID=whisky-brand; SKELETON=SK-LEDGER; TYPE_ERA=TY-OLDSTYLE-SERIF; CONTROL=chunk-border; MATERIAL=whisky; COLOUR_STRAT=CS-CMYK-PROCESS; CHROME=CH-IMMERSIVE; FEEL=heritage peat
C0811	wine-merchant	Wine Merchant	industry-expanded	SK-TERMINAL	TY-TRANSITIONAL-SERIF	ink-underline	wine-merchant	CS-EARTH	CH-NONE	app	STYLE_ID=wine-merchant; SKELETON=SK-TERMINAL; TYPE_ERA=TY-TRANSITIONAL-SERIF; CONTROL=ink-underline; MATERIAL=wine-merchant; COLOUR_STRAT=CS-EARTH; CHROME=CH-NONE; FEEL=cellar notes
C0812	workspace-booking	Room Booking	industry-expanded	SK-POSTER	TY-HUMANIST	soft-rect	room-book	CS-OCEAN	CH-MIN	marketing	STYLE_ID=workspace-booking; SKELETON=SK-POSTER; TYPE_ERA=TY-HUMANIST; CONTROL=soft-rect; MATERIAL=room-book; COLOUR_STRAT=CS-OCEAN; CHROME=CH-MIN; FEEL=availability
C0813	yacht-charter	Yacht Charter	industry-expanded	SK-BOTTOM-SHEET	TY-HUMANIST	soft-rect	yacht-charter	CS-NEON-ON-DARK	CH-STANDARD	mobile	STYLE_ID=yacht-charter; SKELETON=SK-BOTTOM-SHEET; TYPE_ERA=TY-HUMANIST; CONTROL=soft-rect; MATERIAL=yacht-charter; COLOUR_STRAT=CS-NEON-ON-DARK; CHROME=CH-STANDARD; FEEL=fleet calendars
C0814	yoga-studio	Yoga Studio	industry-expanded	SK-TAB-DECK	TY-HUMANIST	pill	yoga	CS-DESAT-CORP	CH-APP	mobile	STYLE_ID=yoga-studio; SKELETON=SK-TAB-DECK; TYPE_ERA=TY-HUMANIST; CONTROL=pill; MATERIAL=yoga; COLOUR_STRAT=CS-DESAT-CORP; CHROME=CH-APP; FEEL=timetable calm
C0815	youth-club	Youth Club	industry-expanded	SK-WIZARD-STEPS	TY-ROUNDED	pill	youth-club	CS-HIGH-KEY	CH-DENSE	app	STYLE_ID=youth-club; SKELETON=SK-WIZARD-STEPS; TYPE_ERA=TY-ROUNDED; CONTROL=pill; MATERIAL=youth-club; COLOUR_STRAT=CS-HIGH-KEY; CHROME=CH-DENSE; FEEL=events safe bright
C0816	zoo	Zoo	industry-expanded	SK-SPLIT-INSPECTOR	TY-HUMANIST	chunk-border	zoo-map	CS-LOW-KEY	CH-IMMERSIVE	app	STYLE_ID=zoo; SKELETON=SK-SPLIT-INSPECTOR; TYPE_ERA=TY-HUMANIST; CONTROL=chunk-border; MATERIAL=zoo-map; COLOUR_STRAT=CS-LOW-KEY; CHROME=CH-IMMERSIVE; FEEL=maps animals education
C0817	arts-and-crafts	Arts and Crafts	historical-movement	SK-GALLERY-INDEX	TY-OLDSTYLE-SERIF	chunk-border	wool-felt	CS-TONAL	CH-STANDARD	marketing	STYLE_ID=arts-and-crafts; SKELETON=SK-GALLERY-INDEX; TYPE_ERA=TY-OLDSTYLE-SERIF; CONTROL=chunk-border; MATERIAL=wool-felt; COLOUR_STRAT=CS-TONAL; CHROME=CH-STANDARD; FEEL=handmade honesty anti-industrial
C0818	art-nouveau	Art Nouveau	historical-movement	SK-ZINE-COLLAGE	TY-DISPLAY-EXTREME	ink-underline	watercolor-wash	CS-PAPER-INK	CH-APP	marketing	STYLE_ID=art-nouveau; SKELETON=SK-ZINE-COLLAGE; TYPE_ERA=TY-DISPLAY-EXTREME; CONTROL=ink-underline; MATERIAL=watercolor-wash; COLOUR_STRAT=CS-PAPER-INK; CHROME=CH-APP; FEEL=organic curves botanical line
C0819	wiener-werkstatte	Wiener Werkstätte	historical-movement	SK-BRUTAL-BLOCKS	TY-GEOMETRIC	sharp-0	gold-leaf	CS-DARK-STAGE	CH-DENSE	any	STYLE_ID=wiener-werkstatte; SKELETON=SK-BRUTAL-BLOCKS; TYPE_ERA=TY-GEOMETRIC; CONTROL=sharp-0; MATERIAL=gold-leaf; COLOUR_STRAT=CS-DARK-STAGE; CHROME=CH-DENSE; FEEL=geometric square modern craft
C0820	futurism	Futurism	historical-movement	SK-RAIL-DOCK	TY-INDUSTRIAL-COND	sharp-0	steel	CS-PASTEL-POP	CH-IMMERSIVE	app	STYLE_ID=futurism; SKELETON=SK-RAIL-DOCK; TYPE_ERA=TY-INDUSTRIAL-COND; CONTROL=sharp-0; MATERIAL=steel; COLOUR_STRAT=CS-PASTEL-POP; CHROME=CH-IMMERSIVE; FEEL=speed diagonals machine energy
C0821	dada	Dada	historical-movement	SK-CENTER-STAGE	TY-MIXED-HIGH-CONTRAST	chunk-border	newsprint	CS-SIGNAL	CH-NONE	marketing	STYLE_ID=dada; SKELETON=SK-CENTER-STAGE; TYPE_ERA=TY-MIXED-HIGH-CONTRAST; CONTROL=chunk-border; MATERIAL=newsprint; COLOUR_STRAT=CS-SIGNAL; CHROME=CH-NONE; FEEL=collage absurd anti-design
C0822	constructivism	Constructivist	historical-movement	SK-NEWS-RIVER	TY-INDUSTRIAL-COND	chunk-border	screenprint	CS-PHOTO-LED	CH-MIN	app	STYLE_ID=constructivism; SKELETON=SK-NEWS-RIVER; TYPE_ERA=TY-INDUSTRIAL-COND; CONTROL=chunk-border; MATERIAL=screenprint; COLOUR_STRAT=CS-PHOTO-LED; CHROME=CH-MIN; FEEL=bars diagonals propaganda geometry
C0823	de-stijl	De Stijl	historical-movement	SK-CALENDAR-SPINE	TY-GEOMETRIC	sharp-0	primary-blocks	CS-CMYK-PROCESS	CH-STANDARD	app	STYLE_ID=de-stijl; SKELETON=SK-CALENDAR-SPINE; TYPE_ERA=TY-GEOMETRIC; CONTROL=sharp-0; MATERIAL=primary-blocks; COLOUR_STRAT=CS-CMYK-PROCESS; CHROME=CH-STANDARD; FEEL=strict H/V primary rects
C0824	bauhaus	Bauhaus	historical-movement	SK-MASONRY	TY-GEOMETRIC	sharp-0	primary-blocks	CS-EARTH	CH-APP	marketing	STYLE_ID=bauhaus; SKELETON=SK-MASONRY; TYPE_ERA=TY-GEOMETRIC; CONTROL=sharp-0; MATERIAL=primary-blocks; COLOUR_STRAT=CS-EARTH; CHROME=CH-APP; FEEL=workshop modern geometry function
C0825	new-typography	New Typography	historical-movement	SK-SPLIT-DIAGONAL	TY-GROTESQUE	ink-underline	paper-ink	CS-OCEAN	CH-DENSE	marketing	STYLE_ID=new-typography; SKELETON=SK-SPLIT-DIAGONAL; TYPE_ERA=TY-GROTESQUE; CONTROL=ink-underline; MATERIAL=paper-ink; COLOUR_STRAT=CS-OCEAN; CHROME=CH-DENSE; FEEL=type as image asymmetric
C0826	art-deco	Art Deco	historical-movement	SK-FRAME-IN-FRAME	TY-DIDONE-LUX	ticket	gold-leaf	CS-NEON-ON-DARK	CH-IMMERSIVE	marketing	STYLE_ID=art-deco; SKELETON=SK-FRAME-IN-FRAME; TYPE_ERA=TY-DIDONE-LUX; CONTROL=ticket; MATERIAL=gold-leaf; COLOUR_STRAT=CS-NEON-ON-DARK; CHROME=CH-IMMERSIVE; FEEL=glamour verticals fan geometry
C0827	streamline-moderne	Streamline Moderne	historical-movement	SK-SIDE-SCROLL	TY-GEOMETRIC	pill	chrome-metal	CS-DESAT-CORP	CH-NONE	marketing	STYLE_ID=streamline-moderne; SKELETON=SK-SIDE-SCROLL; TYPE_ERA=TY-GEOMETRIC; CONTROL=pill; MATERIAL=chrome-metal; COLOUR_STRAT=CS-DESAT-CORP; CHROME=CH-NONE; FEEL=aerodynamic curves chrome speed
C0828	swiss-international	Swiss International	historical-movement	SK-FIXED-TOC	TY-GROTESQUE	ink-underline	paper-ink	CS-HIGH-KEY	CH-MIN	marketing	STYLE_ID=swiss-international; SKELETON=SK-FIXED-TOC; TYPE_ERA=TY-GROTESQUE; CONTROL=ink-underline; MATERIAL=paper-ink; COLOUR_STRAT=CS-HIGH-KEY; CHROME=CH-MIN; FEEL=grid objectivity quiet type
C0829	international-style-arch	International Style Architecture	historical-movement	SK-COMMAND-CENTER	TY-GROTESK-SOFT	sharp-0	glass-frost	CS-LOW-KEY	CH-STANDARD	app	STYLE_ID=international-style-arch; SKELETON=SK-COMMAND-CENTER; TYPE_ERA=TY-GROTESK-SOFT; CONTROL=sharp-0; MATERIAL=glass-frost; COLOUR_STRAT=CS-LOW-KEY; CHROME=CH-STANDARD; FEEL=glass box rational facade
C0830	mid-century-modern	Mid-Century Modern	historical-movement	SK-INBOX-ZERO	TY-HUMANIST	soft-rect	teak	CS-SEPIA	CH-APP	app	STYLE_ID=mid-century-modern; SKELETON=SK-INBOX-ZERO; TYPE_ERA=TY-HUMANIST; CONTROL=soft-rect; MATERIAL=teak; COLOUR_STRAT=CS-SEPIA; CHROME=CH-APP; FEEL=warm modern atomic optimism
C0831	scandinavian-modern	Scandinavian Modern	historical-movement	SK-STUDIO-CANVAS	TY-HUMANIST	soft-rect	birch	CS-INVERTED	CH-DENSE	app	STYLE_ID=scandinavian-modern; SKELETON=SK-STUDIO-CANVAS; TYPE_ERA=TY-HUMANIST; CONTROL=soft-rect; MATERIAL=birch; COLOUR_STRAT=CS-INVERTED; CHROME=CH-DENSE; FEEL=light wood honest air
C0832	pop-art	Pop Art	historical-movement	SK-COMPARISON	TY-DISPLAY-EXTREME	sharp-0	halftone-print	CS-REGIONAL-FLAG	CH-IMMERSIVE	marketing	STYLE_ID=pop-art; SKELETON=SK-COMPARISON; TYPE_ERA=TY-DISPLAY-EXTREME; CONTROL=sharp-0; MATERIAL=halftone-print; COLOUR_STRAT=CS-REGIONAL-FLAG; CHROME=CH-IMMERSIVE; FEEL=halftone punch everyday icons
C0833	op-art	Op Art	historical-movement	SK-PRICING-LADDER	TY-GEOMETRIC	sharp-0	high-contrast	CS-BRAND-LOCKUP	CH-NONE	marketing	STYLE_ID=op-art; SKELETON=SK-PRICING-LADDER; TYPE_ERA=TY-GEOMETRIC; CONTROL=sharp-0; MATERIAL=high-contrast; COLOUR_STRAT=CS-BRAND-LOCKUP; CHROME=CH-NONE; FEEL=optical vibration geometry
C0834	psychedelic	Psychedelic	historical-movement	SK-MANIFEST-LIST	TY-DISPLAY-EXTREME	chunk-border	neon-tube	CS-MONO-PLUS	CH-MIN	app	STYLE_ID=psychedelic; SKELETON=SK-MANIFEST-LIST; TYPE_ERA=TY-DISPLAY-EXTREME; CONTROL=chunk-border; MATERIAL=neon-tube; COLOUR_STRAT=CS-MONO-PLUS; CHROME=CH-MIN; FEEL=vibrating type dense poster
C0835	space-age	Space Age	historical-movement	SK-SCOREBOARD	TY-GEOMETRIC	pill	astronaut-white	CS-DUOTONE	CH-STANDARD	app	STYLE_ID=space-age; SKELETON=SK-SCOREBOARD; TYPE_ERA=TY-GEOMETRIC; CONTROL=pill; MATERIAL=astronaut-white; COLOUR_STRAT=CS-DUOTONE; CHROME=CH-STANDARD; FEEL=atomic age optimism plastics
C0836	minimalism	Minimalism	historical-movement	SK-COCKPIT-STRIP	TY-SANS-ONLY-TIGHT	ink-underline	white-void	CS-PRIMARY-TRIO	CH-APP	app	STYLE_ID=minimalism; SKELETON=SK-COCKPIT-STRIP; TYPE_ERA=TY-SANS-ONLY-TIGHT; CONTROL=ink-underline; MATERIAL=white-void; COLOUR_STRAT=CS-PRIMARY-TRIO; CHROME=CH-APP; FEEL=less almost nothing
C0837	postmodern-graphic	Postmodern Graphic	historical-movement	SK-FOLIO-SPREAD	TY-MIXED-HIGH-CONTRAST	offset-shadow	terrazzo	CS-TONAL	CH-DENSE	marketing	STYLE_ID=postmodern-graphic; SKELETON=SK-FOLIO-SPREAD; TYPE_ERA=TY-MIXED-HIGH-CONTRAST; CONTROL=offset-shadow; MATERIAL=terrazzo; COLOUR_STRAT=CS-TONAL; CHROME=CH-DENSE; FEEL=rule-break pastiche irony
C0838	memphis	Memphis	historical-movement	SK-STAMP-SHEET	TY-GEOMETRIC	chunk-border	formica	CS-PAPER-INK	CH-IMMERSIVE	marketing	STYLE_ID=memphis; SKELETON=SK-STAMP-SHEET; TYPE_ERA=TY-GEOMETRIC; CONTROL=chunk-border; MATERIAL=formica; COLOUR_STRAT=CS-PAPER-INK; CHROME=CH-IMMERSIVE; FEEL=playful clash laminate shapes
C0839	deconstructivism	Deconstructivism	historical-movement	SK-DOCKED-FAB	TY-MIXED-HIGH-CONTRAST	sharp-0	scaffold	CS-DARK-STAGE	CH-NONE	mobile	STYLE_ID=deconstructivism; SKELETON=SK-DOCKED-FAB; TYPE_ERA=TY-MIXED-HIGH-CONTRAST; CONTROL=sharp-0; MATERIAL=scaffold; COLOUR_STRAT=CS-DARK-STAGE; CHROME=CH-NONE; FEEL=fragmented unstable structure
C0840	grunge-print	Grunge Print	historical-movement	SK-PEEK-CARDS	TY-MIXED-HIGH-CONTRAST	chunk-border	toner-dirt	CS-PASTEL-POP	CH-MIN	mobile	STYLE_ID=grunge-print; SKELETON=SK-PEEK-CARDS; TYPE_ERA=TY-MIXED-HIGH-CONTRAST; CONTROL=chunk-border; MATERIAL=toner-dirt; COLOUR_STRAT=CS-PASTEL-POP; CHROME=CH-MIN; FEEL=distressed layered dirty type
C0841	y2k	Y2K	historical-movement	SK-RADIO-TUNER	TY-ROUNDED	pill	iridescent-film	CS-SIGNAL	CH-STANDARD	app	STYLE_ID=y2k; SKELETON=SK-RADIO-TUNER; TYPE_ERA=TY-ROUNDED; CONTROL=pill; MATERIAL=iridescent-film; COLOUR_STRAT=CS-SIGNAL; CHROME=CH-STANDARD; FEEL=gloss bubbles chrome stars
C0842	web-safe-classic	Web 1.0 Classic	historical-movement	SK-FILMSTRIP	TY-SYSTEM-RAW	ink-underline	lcd-blue	CS-PHOTO-LED	CH-APP	marketing	STYLE_ID=web-safe-classic; SKELETON=SK-FILMSTRIP; TYPE_ERA=TY-SYSTEM-RAW; CONTROL=ink-underline; MATERIAL=lcd-blue; COLOUR_STRAT=CS-PHOTO-LED; CHROME=CH-APP; FEEL=blue links tables honest
C0843	web-2.0-gloss	Web 2.0 Glossy	historical-movement	SK-ORBIT-META	TY-GROTESK-SOFT	pill	bubble-plastic	CS-CMYK-PROCESS	CH-DENSE	marketing	STYLE_ID=web-2.0-gloss; SKELETON=SK-ORBIT-META; TYPE_ERA=TY-GROTESK-SOFT; CONTROL=pill; MATERIAL=bubble-plastic; COLOUR_STRAT=CS-CMYK-PROCESS; CHROME=CH-DENSE; FEEL=bevel badges gradients
C0844	skeuomorph-ios6	Classic Skeuomorphism	historical-movement	SK-SPLIT-DEPTH	TY-HUMANIST	soft-rect	leather-bound	CS-EARTH	CH-IMMERSIVE	marketing	STYLE_ID=skeuomorph-ios6; SKELETON=SK-SPLIT-DEPTH; TYPE_ERA=TY-HUMANIST; CONTROL=soft-rect; MATERIAL=leather-bound; COLOUR_STRAT=CS-EARTH; CHROME=CH-IMMERSIVE; FEEL=leather felt stitched realism
C0845	metro-fluent-flat	Metro / flat tiles	historical-movement	SK-CHECKOUT-TUNNEL	TY-GROTESQUE	sharp-0	solid-fill	CS-OCEAN	CH-NONE	marketing	STYLE_ID=metro-fluent-flat; SKELETON=SK-CHECKOUT-TUNNEL; TYPE_ERA=TY-GROTESQUE; CONTROL=sharp-0; MATERIAL=solid-fill; COLOUR_STRAT=CS-OCEAN; CHROME=CH-NONE; FEEL=typography-led tile mosaic
C0846	material-design	Material Design	historical-movement	SK-CHAT-THREAD	TY-HUMANIST	soft-rect	paper-elevation	CS-NEON-ON-DARK	CH-MIN	app	STYLE_ID=material-design; SKELETON=SK-CHAT-THREAD; TYPE_ERA=TY-HUMANIST; CONTROL=soft-rect; MATERIAL=paper-elevation; COLOUR_STRAT=CS-NEON-ON-DARK; CHROME=CH-MIN; FEEL=paper layers FAB elevation
C0847	material-you	Material You tonal	historical-movement	SK-NOTIFICATION-STACK	TY-ROUNDED	pill	tonal-surface	CS-DESAT-CORP	CH-STANDARD	mobile	STYLE_ID=material-you; SKELETON=SK-NOTIFICATION-STACK; TYPE_ERA=TY-ROUNDED; CONTROL=pill; MATERIAL=tonal-surface; COLOUR_STRAT=CS-DESAT-CORP; CHROME=CH-STANDARD; FEEL=dynamic tonal surfaces
C0848	fluent-2	Fluent 2	historical-movement	SK-DIRECTORY	TY-GROTESK-SOFT	soft-rect	acrylic	CS-HIGH-KEY	CH-APP	app	STYLE_ID=fluent-2; SKELETON=SK-DIRECTORY; TYPE_ERA=TY-GROTESK-SOFT; CONTROL=soft-rect; MATERIAL=acrylic; COLOUR_STRAT=CS-HIGH-KEY; CHROME=CH-APP; FEEL=mica acrylic soft system
C0849	human-interface-apple	Apple HIG clean	historical-movement	SK-ATLAS-PLATES	TY-GROTESK-SOFT	soft-rect	system-blur	CS-LOW-KEY	CH-DENSE	marketing	STYLE_ID=human-interface-apple; SKELETON=SK-ATLAS-PLATES; TYPE_ERA=TY-GROTESK-SOFT; CONTROL=soft-rect; MATERIAL=system-blur; COLOUR_STRAT=CS-LOW-KEY; CHROME=CH-DENSE; FEEL=SF-like clarity large radius
C0850	glassmorphism	Glassmorphism	historical-movement	SK-HERO-SPLIT	TY-GROTESK-SOFT	soft-rect	glass-frost	CS-SEPIA	CH-IMMERSIVE	marketing	STYLE_ID=glassmorphism; SKELETON=SK-HERO-SPLIT; TYPE_ERA=TY-GROTESK-SOFT; CONTROL=soft-rect; MATERIAL=glass-frost; COLOUR_STRAT=CS-SEPIA; CHROME=CH-IMMERSIVE; FEEL=frosted panels on photo
C0851	neumorphism	Neumorphism	historical-movement	SK-SINGLE-STICKY	TY-ROUNDED	soft-rect	soft-clay	CS-INVERTED	CH-NONE	marketing	STYLE_ID=neumorphism; SKELETON=SK-SINGLE-STICKY; TYPE_ERA=TY-ROUNDED; CONTROL=soft-rect; MATERIAL=soft-clay; COLOUR_STRAT=CS-INVERTED; CHROME=CH-NONE; FEEL=soft extruded mono UI
C0852	claymorphism	Claymorphism	historical-movement	SK-EDITORIAL-LONG	TY-ROUNDED	pill	soft-clay	CS-REGIONAL-FLAG	CH-MIN	marketing	STYLE_ID=claymorphism; SKELETON=SK-EDITORIAL-LONG; TYPE_ERA=TY-ROUNDED; CONTROL=pill; MATERIAL=soft-clay; COLOUR_STRAT=CS-REGIONAL-FLAG; CHROME=CH-MIN; FEEL=puffy 3D clay controls
C0853	neo-brutalism	Neo-Brutalism	historical-movement	SK-BENTO	TY-DISPLAY-EXTREME	chunk-border	solid-fill	CS-BRAND-LOCKUP	CH-STANDARD	marketing	STYLE_ID=neo-brutalism; SKELETON=SK-BENTO; TYPE_ERA=TY-DISPLAY-EXTREME; CONTROL=chunk-border; MATERIAL=solid-fill; COLOUR_STRAT=CS-BRAND-LOCKUP; CHROME=CH-STANDARD; FEEL=fat borders hard shadow loud
C0854	brutalist-web	Brutalist Web	historical-movement	SK-TABLE-FIRST	TY-SYSTEM-RAW	sharp-0	default-browser	CS-MONO-PLUS	CH-APP	app	STYLE_ID=brutalist-web; SKELETON=SK-TABLE-FIRST; TYPE_ERA=TY-SYSTEM-RAW; CONTROL=sharp-0; MATERIAL=default-browser; COLOUR_STRAT=CS-MONO-PLUS; CHROME=CH-APP; FEEL=raw system anti-polish
C0855	soft-brutalism	Soft Brutalism	historical-movement	SK-TIMELINE	TY-GROTESQUE	chunk-border	pastel-pop	CS-DUOTONE	CH-DENSE	app	STYLE_ID=soft-brutalism; SKELETON=SK-TIMELINE; TYPE_ERA=TY-GROTESQUE; CONTROL=chunk-border; MATERIAL=pastel-pop; COLOUR_STRAT=CS-DUOTONE; CHROME=CH-DENSE; FEEL=bold structure softer fill
C0856	bento-ui	Bento UI	historical-movement	SK-MAP-STAGE	TY-GROTESK-SOFT	soft-rect	light-grey-card	CS-PRIMARY-TRIO	CH-IMMERSIVE	app	STYLE_ID=bento-ui; SKELETON=SK-MAP-STAGE; TYPE_ERA=TY-GROTESK-SOFT; CONTROL=soft-rect; MATERIAL=light-grey-card; COLOUR_STRAT=CS-PRIMARY-TRIO; CHROME=CH-IMMERSIVE; FEEL=soft mosaic large tiles
C0857	dark-mode-oled	OLED Dark Product	historical-movement	SK-BOARD-KANBAN	TY-GROTESK-SOFT	sharp-0	oled-black	CS-TONAL	CH-NONE	app	STYLE_ID=dark-mode-oled; SKELETON=SK-BOARD-KANBAN; TYPE_ERA=TY-GROTESK-SOFT; CONTROL=sharp-0; MATERIAL=oled-black; COLOUR_STRAT=CS-TONAL; CHROME=CH-NONE; FEEL=true black sparse light type
C0858	aurora-mesh	Aurora Mesh Gradient	historical-movement	SK-TICKET-STUB	TY-GROTESK-SOFT	soft-rect	iridescent-film	CS-PAPER-INK	CH-MIN	marketing	STYLE_ID=aurora-mesh; SKELETON=SK-TICKET-STUB; TYPE_ERA=TY-GROTESK-SOFT; CONTROL=soft-rect; MATERIAL=iridescent-film; COLOUR_STRAT=CS-PAPER-INK; CHROME=CH-MIN; FEEL=soft mesh atmosphere once
C0859	kinetic-type	Kinetic Typography	historical-movement	SK-LEDGER	TY-DISPLAY-EXTREME	ink-underline	paper-ink	CS-DARK-STAGE	CH-STANDARD	app	STYLE_ID=kinetic-type; SKELETON=SK-LEDGER; TYPE_ERA=TY-DISPLAY-EXTREME; CONTROL=ink-underline; MATERIAL=paper-ink; COLOUR_STRAT=CS-DARK-STAGE; CHROME=CH-STANDARD; FEEL=motion type first
C0860	isometric-3d	Isometric Illustration UI	historical-movement	SK-TERMINAL	TY-GROTESK-SOFT	soft-rect	iso-plastic	CS-PASTEL-POP	CH-APP	app	STYLE_ID=isometric-3d; SKELETON=SK-TERMINAL; TYPE_ERA=TY-GROTESK-SOFT; CONTROL=soft-rect; MATERIAL=iso-plastic; COLOUR_STRAT=CS-PASTEL-POP; CHROME=CH-APP; FEEL=3D iso scenes with UI chrome quiet
C0861	maximalism	Maximalism	historical-movement	SK-POSTER	TY-MIXED-HIGH-CONTRAST	chunk-border	pattern-clash	CS-SIGNAL	CH-DENSE	marketing	STYLE_ID=maximalism; SKELETON=SK-POSTER; TYPE_ERA=TY-MIXED-HIGH-CONTRAST; CONTROL=chunk-border; MATERIAL=pattern-clash; COLOUR_STRAT=CS-SIGNAL; CHROME=CH-DENSE; FEEL=more is more layered dense
C0862	quiet-luxury	Quiet Luxury	historical-movement	SK-BOTTOM-SHEET	TY-DIDONE-LUX	ink-underline	stone-silk	CS-PHOTO-LED	CH-IMMERSIVE	mobile	STYLE_ID=quiet-luxury; SKELETON=SK-BOTTOM-SHEET; TYPE_ERA=TY-DIDONE-LUX; CONTROL=ink-underline; MATERIAL=stone-silk; COLOUR_STRAT=CS-PHOTO-LED; CHROME=CH-IMMERSIVE; FEEL=restraint expensive materials
C0863	corporate-memphis	Corporate Memphis	historical-movement	SK-TAB-DECK	TY-GROTESK-SOFT	soft-rect	pastel-vector	CS-CMYK-PROCESS	CH-NONE	mobile	STYLE_ID=corporate-memphis; SKELETON=SK-TAB-DECK; TYPE_ERA=TY-GROTESK-SOFT; CONTROL=soft-rect; MATERIAL=pastel-vector; COLOUR_STRAT=CS-CMYK-PROCESS; CHROME=CH-NONE; FEEL=flat diverse vectors pastel
C0864	anti-corporate-memphis	Anti-Corporate-Memphis	historical-movement	SK-WIZARD-STEPS	TY-SERIF-TEXT	sharp-0	photo-led	CS-EARTH	CH-MIN	app	STYLE_ID=anti-corporate-memphis; SKELETON=SK-WIZARD-STEPS; TYPE_ERA=TY-SERIF-TEXT; CONTROL=sharp-0; MATERIAL=photo-led; COLOUR_STRAT=CS-EARTH; CHROME=CH-MIN; FEEL=reject blob people use photo/type
C0865	brutalist-architecture	Brutalist Architecture	architecture	SK-SPLIT-INSPECTOR	TY-GROTESQUE	sharp-0	concrete	CS-OCEAN	CH-STANDARD	app	STYLE_ID=brutalist-architecture; SKELETON=SK-SPLIT-INSPECTOR; TYPE_ERA=TY-GROTESQUE; CONTROL=sharp-0; MATERIAL=concrete; COLOUR_STRAT=CS-OCEAN; CHROME=CH-STANDARD; FEEL=concrete mass voids
C0866	gothic-cathedral	Gothic Cathedral	architecture	SK-DASH-METRIC	TY-BLACKLETTER-SPARSE	ink-underline	stone-stained-glass	CS-NEON-ON-DARK	CH-APP	app	STYLE_ID=gothic-cathedral; SKELETON=SK-DASH-METRIC; TYPE_ERA=TY-BLACKLETTER-SPARSE; CONTROL=ink-underline; MATERIAL=stone-stained-glass; COLOUR_STRAT=CS-NEON-ON-DARK; CHROME=CH-APP; FEEL=vertical pointed stained light
C0867	baroque-ornate	Baroque Ornate	architecture	SK-GALLERY-INDEX	TY-MODERN-SERIF	ticket	gold-leaf	CS-DESAT-CORP	CH-DENSE	marketing	STYLE_ID=baroque-ornate; SKELETON=SK-GALLERY-INDEX; TYPE_ERA=TY-MODERN-SERIF; CONTROL=ticket; MATERIAL=gold-leaf; COLOUR_STRAT=CS-DESAT-CORP; CHROME=CH-DENSE; FEEL=ornament drama gold scroll
C0868	rococo-light	Rococo Light	architecture	SK-ZINE-COLLAGE	TY-SCRIPT-SPARSE	pill	cream-cotton	CS-HIGH-KEY	CH-IMMERSIVE	marketing	STYLE_ID=rococo-light; SKELETON=SK-ZINE-COLLAGE; TYPE_ERA=TY-SCRIPT-SPARSE; CONTROL=pill; MATERIAL=cream-cotton; COLOUR_STRAT=CS-HIGH-KEY; CHROME=CH-IMMERSIVE; FEEL=pastel scroll delicate
C0869	beaux-arts	Beaux-Arts	architecture	SK-BRUTAL-BLOCKS	TY-TRANSITIONAL-SERIF	sharp-0	marble	CS-LOW-KEY	CH-NONE	any	STYLE_ID=beaux-arts; SKELETON=SK-BRUTAL-BLOCKS; TYPE_ERA=TY-TRANSITIONAL-SERIF; CONTROL=sharp-0; MATERIAL=marble; COLOUR_STRAT=CS-LOW-KEY; CHROME=CH-NONE; FEEL=formal classical grandeur
C0870	art-nouveau-arch	Art Nouveau Architecture	architecture	SK-RAIL-DOCK	TY-DISPLAY-EXTREME	ink-underline	wrought-iron	CS-SEPIA	CH-MIN	app	STYLE_ID=art-nouveau-arch; SKELETON=SK-RAIL-DOCK; TYPE_ERA=TY-DISPLAY-EXTREME; CONTROL=ink-underline; MATERIAL=wrought-iron; COLOUR_STRAT=CS-SEPIA; CHROME=CH-MIN; FEEL=whiplash iron botanical facade
C0871	googie	Googie	architecture	SK-CENTER-STAGE	TY-DISPLAY-EXTREME	sharp-0	motel-neon	CS-INVERTED	CH-STANDARD	marketing	STYLE_ID=googie; SKELETON=SK-CENTER-STAGE; TYPE_ERA=TY-DISPLAY-EXTREME; CONTROL=sharp-0; MATERIAL=motel-neon; COLOUR_STRAT=CS-INVERTED; CHROME=CH-STANDARD; FEEL=atomic roadside angles neon
C0872	midcentury-ranch	Mid-century Ranch Interior	architecture	SK-NEWS-RIVER	TY-HUMANIST	soft-rect	teak	CS-REGIONAL-FLAG	CH-APP	app	STYLE_ID=midcentury-ranch; SKELETON=SK-NEWS-RIVER; TYPE_ERA=TY-HUMANIST; CONTROL=soft-rect; MATERIAL=teak; COLOUR_STRAT=CS-REGIONAL-FLAG; CHROME=CH-APP; FEEL=horizontal glass indoor-outdoor
C0873	japanese-metabolist	Metabolist	architecture	SK-CALENDAR-SPINE	TY-GEOMETRIC	sharp-0	capsule-module	CS-BRAND-LOCKUP	CH-DENSE	app	STYLE_ID=japanese-metabolist; SKELETON=SK-CALENDAR-SPINE; TYPE_ERA=TY-GEOMETRIC; CONTROL=sharp-0; MATERIAL=capsule-module; COLOUR_STRAT=CS-BRAND-LOCKUP; CHROME=CH-DENSE; FEEL=modular capsules future
C0874	high-tech-arch	High-Tech Architecture	architecture	SK-MASONRY	TY-MONO-DATA	sharp-0	scaffold	CS-MONO-PLUS	CH-IMMERSIVE	marketing	STYLE_ID=high-tech-arch; SKELETON=SK-MASONRY; TYPE_ERA=TY-MONO-DATA; CONTROL=sharp-0; MATERIAL=scaffold; COLOUR_STRAT=CS-MONO-PLUS; CHROME=CH-IMMERSIVE; FEEL=exposed structure services
C0875	parametric-blob	Parametric / Blobitecture	architecture	SK-SPLIT-DIAGONAL	TY-GROTESK-SOFT	pill	white-composite	CS-DUOTONE	CH-NONE	marketing	STYLE_ID=parametric-blob; SKELETON=SK-SPLIT-DIAGONAL; TYPE_ERA=TY-GROTESK-SOFT; CONTROL=pill; MATERIAL=white-composite; COLOUR_STRAT=CS-DUOTONE; CHROME=CH-NONE; FEEL=smooth digital curves
C0876	shaker-simplicity	Shaker	architecture	SK-FRAME-IN-FRAME	TY-HUMANIST	sharp-0	oak-timber	CS-PRIMARY-TRIO	CH-MIN	marketing	STYLE_ID=shaker-simplicity; SKELETON=SK-FRAME-IN-FRAME; TYPE_ERA=TY-HUMANIST; CONTROL=sharp-0; MATERIAL=oak-timber; COLOUR_STRAT=CS-PRIMARY-TRIO; CHROME=CH-MIN; FEEL=utility pure spare wood
C0877	craftsman-bungalow	Craftsman Bungalow	architecture	SK-SIDE-SCROLL	TY-SLAB	chunk-border	oak-timber	CS-TONAL	CH-STANDARD	marketing	STYLE_ID=craftsman-bungalow; SKELETON=SK-SIDE-SCROLL; TYPE_ERA=TY-SLAB; CONTROL=chunk-border; MATERIAL=oak-timber; COLOUR_STRAT=CS-TONAL; CHROME=CH-STANDARD; FEEL=built-in wood honest joinery
C0878	industrial-loft	Industrial Loft	architecture	SK-FIXED-TOC	TY-INDUSTRIAL-COND	chunk-border	brick-industrial	CS-PAPER-INK	CH-APP	marketing	STYLE_ID=industrial-loft; SKELETON=SK-FIXED-TOC; TYPE_ERA=TY-INDUSTRIAL-COND; CONTROL=chunk-border; MATERIAL=brick-industrial; COLOUR_STRAT=CS-PAPER-INK; CHROME=CH-APP; FEEL=brick iron factory conversion
C0879	biophilic	Biophilic	architecture	SK-COMMAND-CENTER	TY-HUMANIST	soft-rect	leaf-wood	CS-DARK-STAGE	CH-DENSE	app	STYLE_ID=biophilic; SKELETON=SK-COMMAND-CENTER; TYPE_ERA=TY-HUMANIST; CONTROL=soft-rect; MATERIAL=leaf-wood; COLOUR_STRAT=CS-DARK-STAGE; CHROME=CH-DENSE; FEEL=plants daylight organic calm
C0880	solarpunk	Solarpunk	architecture	SK-INBOX-ZERO	TY-HUMANIST	chunk-border	leaf-solar	CS-PASTEL-POP	CH-IMMERSIVE	app	STYLE_ID=solarpunk; SKELETON=SK-INBOX-ZERO; TYPE_ERA=TY-HUMANIST; CONTROL=chunk-border; MATERIAL=leaf-solar; COLOUR_STRAT=CS-PASTEL-POP; CHROME=CH-IMMERSIVE; FEEL=hopeful green tech craft
C0881	cyberpunk-ui	Cyberpunk UI	architecture	SK-STUDIO-CANVAS	TY-MONO-DATA	sharp-0	neon-on-wet	CS-SIGNAL	CH-NONE	app	STYLE_ID=cyberpunk-ui; SKELETON=SK-STUDIO-CANVAS; TYPE_ERA=TY-MONO-DATA; CONTROL=sharp-0; MATERIAL=neon-on-wet; COLOUR_STRAT=CS-SIGNAL; CHROME=CH-NONE; FEEL=neon rain dense HUD
C0882	dieselpunk	Dieselpunk	architecture	SK-COMPARISON	TY-INDUSTRIAL-COND	chunk-border	oil-metal	CS-PHOTO-LED	CH-MIN	marketing	STYLE_ID=dieselpunk; SKELETON=SK-COMPARISON; TYPE_ERA=TY-INDUSTRIAL-COND; CONTROL=chunk-border; MATERIAL=oil-metal; COLOUR_STRAT=CS-PHOTO-LED; CHROME=CH-MIN; FEEL=interwar machines grit oil
C0883	steampunk	Steampunk	architecture	SK-PRICING-LADDER	TY-OLDSTYLE-SERIF	ticket	brass-leather	CS-CMYK-PROCESS	CH-STANDARD	marketing	STYLE_ID=steampunk; SKELETON=SK-PRICING-LADDER; TYPE_ERA=TY-OLDSTYLE-SERIF; CONTROL=ticket; MATERIAL=brass-leather; COLOUR_STRAT=CS-CMYK-PROCESS; CHROME=CH-STANDARD; FEEL=brass gears Victorian tech
C0884	atompunk	Atompunk	architecture	SK-MANIFEST-LIST	TY-GEOMETRIC	pill	chrome-metal	CS-EARTH	CH-APP	app	STYLE_ID=atompunk; SKELETON=SK-MANIFEST-LIST; TYPE_ERA=TY-GEOMETRIC; CONTROL=pill; MATERIAL=chrome-metal; COLOUR_STRAT=CS-EARTH; CHROME=CH-APP; FEEL=atomic age optimism raygun
C0885	broadsheet-news	Broadsheet Newspaper	print-editorial	SK-SCOREBOARD	TY-SERIF-TEXT	ink-underline	newsprint	CS-OCEAN	CH-DENSE	app	STYLE_ID=broadsheet-news; SKELETON=SK-SCOREBOARD; TYPE_ERA=TY-SERIF-TEXT; CONTROL=ink-underline; MATERIAL=newsprint; COLOUR_STRAT=CS-OCEAN; CHROME=CH-DENSE; FEEL=columns rules authority
C0886	tabloid-scream	Tabloid	print-editorial	SK-COCKPIT-STRIP	TY-INDUSTRIAL-COND	filled-block	newsprint	CS-NEON-ON-DARK	CH-IMMERSIVE	app	STYLE_ID=tabloid-scream; SKELETON=SK-COCKPIT-STRIP; TYPE_ERA=TY-INDUSTRIAL-COND; CONTROL=filled-block; MATERIAL=newsprint; COLOUR_STRAT=CS-NEON-ON-DARK; CHROME=CH-IMMERSIVE; FEEL=loud headlines red boxes
C0887	magazine-vogue	Fashion Magazine	print-editorial	SK-FOLIO-SPREAD	TY-DIDONE-LUX	ink-underline	photo-led	CS-DESAT-CORP	CH-NONE	marketing	STYLE_ID=magazine-vogue; SKELETON=SK-FOLIO-SPREAD; TYPE_ERA=TY-DIDONE-LUX; CONTROL=ink-underline; MATERIAL=photo-led; COLOUR_STRAT=CS-DESAT-CORP; CHROME=CH-NONE; FEEL=whitespace full-bleed photo
C0888	magazine-natgeo	Documentary Magazine	print-editorial	SK-STAMP-SHEET	TY-HUMANIST	ink-underline	photo-led	CS-HIGH-KEY	CH-MIN	marketing	STYLE_ID=magazine-natgeo; SKELETON=SK-STAMP-SHEET; TYPE_ERA=TY-HUMANIST; CONTROL=ink-underline; MATERIAL=photo-led; COLOUR_STRAT=CS-HIGH-KEY; CHROME=CH-MIN; FEEL=photo essay maps captions
C0889	zine-diy	DIY Zine	print-editorial	SK-DOCKED-FAB	TY-MIXED-HIGH-CONTRAST	ticket	toner	CS-LOW-KEY	CH-STANDARD	mobile	STYLE_ID=zine-diy; SKELETON=SK-DOCKED-FAB; TYPE_ERA=TY-MIXED-HIGH-CONTRAST; CONTROL=ticket; MATERIAL=toner; COLOUR_STRAT=CS-LOW-KEY; CHROME=CH-STANDARD; FEEL=photocopy cut-up tape
C0890	risograph-print	Risograph	print-editorial	SK-PEEK-CARDS	TY-GROTESQUE	chunk-border	risograph	CS-SEPIA	CH-APP	mobile	STYLE_ID=risograph-print; SKELETON=SK-PEEK-CARDS; TYPE_ERA=TY-GROTESQUE; CONTROL=chunk-border; MATERIAL=risograph; COLOUR_STRAT=CS-SEPIA; CHROME=CH-APP; FEEL=misregister limited inks
C0891	swiss-poster	Swiss Poster	print-editorial	SK-RADIO-TUNER	TY-GROTESQUE	sharp-0	paper-ink	CS-INVERTED	CH-DENSE	app	STYLE_ID=swiss-poster; SKELETON=SK-RADIO-TUNER; TYPE_ERA=TY-GROTESQUE; CONTROL=sharp-0; MATERIAL=paper-ink; COLOUR_STRAT=CS-INVERTED; CHROME=CH-DENSE; FEEL=monumental type one idea
C0892	polish-poster	Polish School of Posters	print-editorial	SK-FILMSTRIP	TY-DISPLAY-EXTREME	sharp-0	screenprint	CS-REGIONAL-FLAG	CH-IMMERSIVE	marketing	STYLE_ID=polish-poster; SKELETON=SK-FILMSTRIP; TYPE_ERA=TY-DISPLAY-EXTREME; CONTROL=sharp-0; MATERIAL=screenprint; COLOUR_STRAT=CS-REGIONAL-FLAG; CHROME=CH-IMMERSIVE; FEEL=metaphor illustration bold
C0893	japanese-editorial	Japanese Editorial	print-editorial	SK-ORBIT-META	TY-SERIF-TEXT	ink-underline	sumi-ink	CS-BRAND-LOCKUP	CH-NONE	marketing	STYLE_ID=japanese-editorial; SKELETON=SK-ORBIT-META; TYPE_ERA=TY-SERIF-TEXT; CONTROL=ink-underline; MATERIAL=sumi-ink; COLOUR_STRAT=CS-BRAND-LOCKUP; CHROME=CH-NONE; FEEL=quiet gaps precise type
C0894	chinese-ink-modern	Modern Ink Tradition	print-editorial	SK-SPLIT-DEPTH	TY-SERIF-TEXT	ink-underline	sumi-ink	CS-MONO-PLUS	CH-MIN	marketing	STYLE_ID=chinese-ink-modern; SKELETON=SK-SPLIT-DEPTH; TYPE_ERA=TY-SERIF-TEXT; CONTROL=ink-underline; MATERIAL=sumi-ink; COLOUR_STRAT=CS-MONO-PLUS; CHROME=CH-MIN; FEEL=ink wash empty space
C0895	korean-webtoon-clean	Clean Webtoon/App KR	print-editorial	SK-CHECKOUT-TUNNEL	TY-ROUNDED	pill	soft-grey	CS-DUOTONE	CH-STANDARD	marketing	STYLE_ID=korean-webtoon-clean; SKELETON=SK-CHECKOUT-TUNNEL; TYPE_ERA=TY-ROUNDED; CONTROL=pill; MATERIAL=soft-grey; COLOUR_STRAT=CS-DUOTONE; CHROME=CH-STANDARD; FEEL=soft cards large type mobile
C0896	scientific-atlas	Scientific Atlas	print-editorial	SK-CHAT-THREAD	TY-SERIF-TEXT	sharp-0	atlas-plate	CS-PRIMARY-TRIO	CH-APP	app	STYLE_ID=scientific-atlas; SKELETON=SK-CHAT-THREAD; TYPE_ERA=TY-SERIF-TEXT; CONTROL=sharp-0; MATERIAL=atlas-plate; COLOUR_STRAT=CS-PRIMARY-TRIO; CHROME=CH-APP; FEEL=plates figures captions
C0897	field-guide	Field Guide	print-editorial	SK-NOTIFICATION-STACK	TY-HUMANIST	ink-underline	specimen-paper	CS-TONAL	CH-DENSE	mobile	STYLE_ID=field-guide; SKELETON=SK-NOTIFICATION-STACK; TYPE_ERA=TY-HUMANIST; CONTROL=ink-underline; MATERIAL=specimen-paper; COLOUR_STRAT=CS-TONAL; CHROME=CH-DENSE; FEEL=specimen + key
C0898	recipe-card	Recipe Card Classic	print-editorial	SK-DIRECTORY	TY-SLAB	ticket	index-card	CS-PAPER-INK	CH-IMMERSIVE	app	STYLE_ID=recipe-card; SKELETON=SK-DIRECTORY; TYPE_ERA=TY-SLAB; CONTROL=ticket; MATERIAL=index-card; COLOUR_STRAT=CS-PAPER-INK; CHROME=CH-IMMERSIVE; FEEL=index card steps
C0899	sheet-music	Sheet Music	print-editorial	SK-ATLAS-PLATES	TY-SERIF-TEXT	ink-underline	staff-paper	CS-DARK-STAGE	CH-NONE	marketing	STYLE_ID=sheet-music; SKELETON=SK-ATLAS-PLATES; TYPE_ERA=TY-SERIF-TEXT; CONTROL=ink-underline; MATERIAL=staff-paper; COLOUR_STRAT=CS-DARK-STAGE; CHROME=CH-NONE; FEEL=staves notation rhythm
C0900	map-ordnance	Ordnance Survey Map	print-editorial	SK-HERO-SPLIT	TY-HUMANIST	sharp-0	map-paper	CS-PASTEL-POP	CH-MIN	marketing	STYLE_ID=map-ordnance; SKELETON=SK-HERO-SPLIT; TYPE_ERA=TY-HUMANIST; CONTROL=sharp-0; MATERIAL=map-paper; COLOUR_STRAT=CS-PASTEL-POP; CHROME=CH-MIN; FEEL=contour information density
C0901	blueprint	Blueprint	print-editorial	SK-SINGLE-STICKY	TY-MONO-DATA	sharp-0	blueprint-cyan	CS-SIGNAL	CH-STANDARD	marketing	STYLE_ID=blueprint; SKELETON=SK-SINGLE-STICKY; TYPE_ERA=TY-MONO-DATA; CONTROL=sharp-0; MATERIAL=blueprint-cyan; COLOUR_STRAT=CS-SIGNAL; CHROME=CH-STANDARD; FEEL=cyanotype technical lines
C0902	patent-drawing	Patent Drawing	print-editorial	SK-EDITORIAL-LONG	TY-SYSTEM-RAW	sharp-0	line-ink	CS-PHOTO-LED	CH-APP	marketing	STYLE_ID=patent-drawing; SKELETON=SK-EDITORIAL-LONG; TYPE_ERA=TY-SYSTEM-RAW; CONTROL=sharp-0; MATERIAL=line-ink; COLOUR_STRAT=CS-PHOTO-LED; CHROME=CH-APP; FEEL=line invention figures
C0903	yearbook-retro	Retro Yearbook	print-editorial	SK-BENTO	TY-SCRIPT-SPARSE	soft-rect	photo-grid	CS-CMYK-PROCESS	CH-DENSE	marketing	STYLE_ID=yearbook-retro; SKELETON=SK-BENTO; TYPE_ERA=TY-SCRIPT-SPARSE; CONTROL=soft-rect; MATERIAL=photo-grid; COLOUR_STRAT=CS-CMYK-PROCESS; CHROME=CH-DENSE; FEEL=portrait grids signatures
C0904	mail-order-catalog	Mail-Order Catalogue	print-editorial	SK-TABLE-FIRST	TY-SYSTEM-RAW	ink-underline	catalog-paper	CS-EARTH	CH-IMMERSIVE	app	STYLE_ID=mail-order-catalog; SKELETON=SK-TABLE-FIRST; TYPE_ERA=TY-SYSTEM-RAW; CONTROL=ink-underline; MATERIAL=catalog-paper; COLOUR_STRAT=CS-EARTH; CHROME=CH-IMMERSIVE; FEEL=dense product grid prices
C0905	vaporwave	Vaporwave	internet-aesthetic	SK-TIMELINE	TY-GEOMETRIC	soft-rect	crt-pastel	CS-OCEAN	CH-NONE	app	STYLE_ID=vaporwave; SKELETON=SK-TIMELINE; TYPE_ERA=TY-GEOMETRIC; CONTROL=soft-rect; MATERIAL=crt-pastel; COLOUR_STRAT=CS-OCEAN; CHROME=CH-NONE; FEEL=retro computing pastel classical glitch
C0906	synthwave	Synthwave	internet-aesthetic	SK-MAP-STAGE	TY-DISPLAY-EXTREME	sharp-0	neon-grid	CS-NEON-ON-DARK	CH-MIN	app	STYLE_ID=synthwave; SKELETON=SK-MAP-STAGE; TYPE_ERA=TY-DISPLAY-EXTREME; CONTROL=sharp-0; MATERIAL=neon-grid; COLOUR_STRAT=CS-NEON-ON-DARK; CHROME=CH-MIN; FEEL=80s sunset grid neon
C0907	outrun	Outrun	internet-aesthetic	SK-BOARD-KANBAN	TY-DISPLAY-EXTREME	sharp-0	sunset-chrome	CS-DESAT-CORP	CH-STANDARD	app	STYLE_ID=outrun; SKELETON=SK-BOARD-KANBAN; TYPE_ERA=TY-DISPLAY-EXTREME; CONTROL=sharp-0; MATERIAL=sunset-chrome; COLOUR_STRAT=CS-DESAT-CORP; CHROME=CH-STANDARD; FEEL=retro racer sun stripes
C0908	cottagecore	Cottagecore	internet-aesthetic	SK-TICKET-STUB	TY-OLDSTYLE-SERIF	soft-rect	linen-meadow	CS-HIGH-KEY	CH-APP	marketing	STYLE_ID=cottagecore; SKELETON=SK-TICKET-STUB; TYPE_ERA=TY-OLDSTYLE-SERIF; CONTROL=soft-rect; MATERIAL=linen-meadow; COLOUR_STRAT=CS-HIGH-KEY; CHROME=CH-APP; FEEL=pastoral soft rural romance
C0909	dark-academia	Dark Academia	internet-aesthetic	SK-LEDGER	TY-OLDSTYLE-SERIF	ink-underline	library-oak	CS-LOW-KEY	CH-DENSE	app	STYLE_ID=dark-academia; SKELETON=SK-LEDGER; TYPE_ERA=TY-OLDSTYLE-SERIF; CONTROL=ink-underline; MATERIAL=library-oak; COLOUR_STRAT=CS-LOW-KEY; CHROME=CH-DENSE; FEEL=moody library scholarly gothic
C0910	light-academia	Light Academia	internet-aesthetic	SK-TERMINAL	TY-OLDSTYLE-SERIF	ink-underline	cream-cotton	CS-SEPIA	CH-IMMERSIVE	app	STYLE_ID=light-academia; SKELETON=SK-TERMINAL; TYPE_ERA=TY-OLDSTYLE-SERIF; CONTROL=ink-underline; MATERIAL=cream-cotton; COLOUR_STRAT=CS-SEPIA; CHROME=CH-IMMERSIVE; FEEL=sunny scholarly cream linen
C0911	chaotic-academia	Chaotic Academia	internet-aesthetic	SK-POSTER	TY-MIXED-HIGH-CONTRAST	ticket	manila-folder	CS-INVERTED	CH-NONE	marketing	STYLE_ID=chaotic-academia; SKELETON=SK-POSTER; TYPE_ERA=TY-MIXED-HIGH-CONTRAST; CONTROL=ticket; MATERIAL=manila-folder; COLOUR_STRAT=CS-INVERTED; CHROME=CH-NONE; FEEL=messy notes stacked papers
C0912	romantic-academia	Romantic Academia	internet-aesthetic	SK-BOTTOM-SHEET	TY-OLDSTYLE-SERIF	ink-underline	vellum	CS-REGIONAL-FLAG	CH-MIN	mobile	STYLE_ID=romantic-academia; SKELETON=SK-BOTTOM-SHEET; TYPE_ERA=TY-OLDSTYLE-SERIF; CONTROL=ink-underline; MATERIAL=vellum; COLOUR_STRAT=CS-REGIONAL-FLAG; CHROME=CH-MIN; FEEL=soft scholarly florals
C0913	goblincore	Goblincore	internet-aesthetic	SK-TAB-DECK	TY-SYSTEM-RAW	chunk-border	moss-pebble	CS-BRAND-LOCKUP	CH-STANDARD	mobile	STYLE_ID=goblincore; SKELETON=SK-TAB-DECK; TYPE_ERA=TY-SYSTEM-RAW; CONTROL=chunk-border; MATERIAL=moss-pebble; COLOUR_STRAT=CS-BRAND-LOCKUP; CHROME=CH-STANDARD; FEEL=shiny trash nature hoard
C0914	fairycore	Fairycore	internet-aesthetic	SK-WIZARD-STEPS	TY-SCRIPT-SPARSE	pill	dew-forest	CS-MONO-PLUS	CH-APP	app	STYLE_ID=fairycore; SKELETON=SK-WIZARD-STEPS; TYPE_ERA=TY-SCRIPT-SPARSE; CONTROL=pill; MATERIAL=dew-forest; COLOUR_STRAT=CS-MONO-PLUS; CHROME=CH-APP; FEEL=ethereal glitter forest soft
C0915	angelcore	Angelcore	internet-aesthetic	SK-SPLIT-INSPECTOR	TY-DIDONE-LUX	pill	cloud-gold	CS-DUOTONE	CH-DENSE	app	STYLE_ID=angelcore; SKELETON=SK-SPLIT-INSPECTOR; TYPE_ERA=TY-DIDONE-LUX; CONTROL=pill; MATERIAL=cloud-gold; COLOUR_STRAT=CS-DUOTONE; CHROME=CH-DENSE; FEEL=soft white gold ethereal
C0916	devilcore	Devilcore	internet-aesthetic	SK-DASH-METRIC	TY-DISPLAY-EXTREME	sharp-0	black-red	CS-PRIMARY-TRIO	CH-IMMERSIVE	app	STYLE_ID=devilcore; SKELETON=SK-DASH-METRIC; TYPE_ERA=TY-DISPLAY-EXTREME; CONTROL=sharp-0; MATERIAL=black-red; COLOUR_STRAT=CS-PRIMARY-TRIO; CHROME=CH-IMMERSIVE; FEEL=red black occult drama
C0917	witchcore	Witchcore	internet-aesthetic	SK-GALLERY-INDEX	TY-OLDSTYLE-SERIF	ink-underline	herb-candle	CS-TONAL	CH-NONE	marketing	STYLE_ID=witchcore; SKELETON=SK-GALLERY-INDEX; TYPE_ERA=TY-OLDSTYLE-SERIF; CONTROL=ink-underline; MATERIAL=herb-candle; COLOUR_STRAT=CS-TONAL; CHROME=CH-NONE; FEEL=herbs candles mystic dark
C0918	cottagegoth	Cottagegoth	internet-aesthetic	SK-ZINE-COLLAGE	TY-OLDSTYLE-SERIF	chunk-border	dark-linen	CS-PAPER-INK	CH-MIN	marketing	STYLE_ID=cottagegoth; SKELETON=SK-ZINE-COLLAGE; TYPE_ERA=TY-OLDSTYLE-SERIF; CONTROL=chunk-border; MATERIAL=dark-linen; COLOUR_STRAT=CS-PAPER-INK; CHROME=CH-MIN; FEEL=pastoral gothic hybrid
C0919	grandmacore	Grandmacore	internet-aesthetic	SK-BRUTAL-BLOCKS	TY-OLDSTYLE-SERIF	soft-rect	doily-knit	CS-DARK-STAGE	CH-STANDARD	any	STYLE_ID=grandmacore; SKELETON=SK-BRUTAL-BLOCKS; TYPE_ERA=TY-OLDSTYLE-SERIF; CONTROL=soft-rect; MATERIAL=doily-knit; COLOUR_STRAT=CS-DARK-STAGE; CHROME=CH-STANDARD; FEEL=doilies knits cozy vintage
C0920	weirdcore	Weirdcore	internet-aesthetic	SK-RAIL-DOCK	TY-SYSTEM-RAW	sharp-0	jpeg-artifact	CS-PASTEL-POP	CH-APP	app	STYLE_ID=weirdcore; SKELETON=SK-RAIL-DOCK; TYPE_ERA=TY-SYSTEM-RAW; CONTROL=sharp-0; MATERIAL=jpeg-artifact; COLOUR_STRAT=CS-PASTEL-POP; CHROME=CH-APP; FEEL=liminal uncanny low-fi
C0921	traumacore	Traumacore	internet-aesthetic	SK-CENTER-STAGE	TY-SYSTEM-RAW	ink-underline	diary	CS-SIGNAL	CH-DENSE	marketing	STYLE_ID=traumacore; SKELETON=SK-CENTER-STAGE; TYPE_ERA=TY-SYSTEM-RAW; CONTROL=ink-underline; MATERIAL=diary; COLOUR_STRAT=CS-SIGNAL; CHROME=CH-DENSE; FEEL=glitch diary sensitive
C0922	dreamcore	Dreamcore	internet-aesthetic	SK-NEWS-RIVER	TY-ROUNDED	pill	fog-pastel	CS-PHOTO-LED	CH-IMMERSIVE	app	STYLE_ID=dreamcore; SKELETON=SK-NEWS-RIVER; TYPE_ERA=TY-ROUNDED; CONTROL=pill; MATERIAL=fog-pastel; COLOUR_STRAT=CS-PHOTO-LED; CHROME=CH-IMMERSIVE; FEEL=soft surreal dream logic
C0923	kidcore	Kidcore	internet-aesthetic	SK-CALENDAR-SPINE	TY-ROUNDED	pill	toy-plastic	CS-CMYK-PROCESS	CH-NONE	app	STYLE_ID=kidcore; SKELETON=SK-CALENDAR-SPINE; TYPE_ERA=TY-ROUNDED; CONTROL=pill; MATERIAL=toy-plastic; COLOUR_STRAT=CS-CMYK-PROCESS; CHROME=CH-NONE; FEEL=primary toys loud play
C0924	babycore	Babycore	internet-aesthetic	SK-MASONRY	TY-ROUNDED	pill	pastel-soft	CS-EARTH	CH-MIN	marketing	STYLE_ID=babycore; SKELETON=SK-MASONRY; TYPE_ERA=TY-ROUNDED; CONTROL=pill; MATERIAL=pastel-soft; COLOUR_STRAT=CS-EARTH; CHROME=CH-MIN; FEEL=pastel soft infant cute
C0925	animecore	Animecore	internet-aesthetic	SK-SPLIT-DIAGONAL	TY-DISPLAY-EXTREME	pill	anime-cel	CS-OCEAN	CH-STANDARD	marketing	STYLE_ID=animecore; SKELETON=SK-SPLIT-DIAGONAL; TYPE_ERA=TY-DISPLAY-EXTREME; CONTROL=pill; MATERIAL=anime-cel; COLOUR_STRAT=CS-OCEAN; CHROME=CH-STANDARD; FEEL=anime screencap energy
C0926	kawaii	Kawaii	internet-aesthetic	SK-FRAME-IN-FRAME	TY-ROUNDED	pill	pastel-plastic	CS-NEON-ON-DARK	CH-APP	marketing	STYLE_ID=kawaii; SKELETON=SK-FRAME-IN-FRAME; TYPE_ERA=TY-ROUNDED; CONTROL=pill; MATERIAL=pastel-plastic; COLOUR_STRAT=CS-NEON-ON-DARK; CHROME=CH-APP; FEEL=cute pastel rounded JP
C0927	yami-kawaii	Yami Kawaii	internet-aesthetic	SK-SIDE-SCROLL	TY-ROUNDED	pill	pastel-menace	CS-DESAT-CORP	CH-DENSE	marketing	STYLE_ID=yami-kawaii; SKELETON=SK-SIDE-SCROLL; TYPE_ERA=TY-ROUNDED; CONTROL=pill; MATERIAL=pastel-menace; COLOUR_STRAT=CS-DESAT-CORP; CHROME=CH-DENSE; FEEL=cute dark medical twist
C0928	gurokawaii	Gurokawa	internet-aesthetic	SK-FIXED-TOC	TY-MIXED-HIGH-CONTRAST	chunk-border	cute-horror	CS-HIGH-KEY	CH-IMMERSIVE	marketing	STYLE_ID=gurokawaii; SKELETON=SK-FIXED-TOC; TYPE_ERA=TY-MIXED-HIGH-CONTRAST; CONTROL=chunk-border; MATERIAL=cute-horror; COLOUR_STRAT=CS-HIGH-KEY; CHROME=CH-IMMERSIVE; FEEL=cute grotesque
C0929	pastel-goth	Pastel Goth	internet-aesthetic	SK-COMMAND-CENTER	TY-DISPLAY-EXTREME	chunk-border	pastel-black	CS-LOW-KEY	CH-NONE	app	STYLE_ID=pastel-goth; SKELETON=SK-COMMAND-CENTER; TYPE_ERA=TY-DISPLAY-EXTREME; CONTROL=chunk-border; MATERIAL=pastel-black; COLOUR_STRAT=CS-LOW-KEY; CHROME=CH-NONE; FEEL=pastel + black occult
C0930	health-goth	Health Goth	internet-aesthetic	SK-INBOX-ZERO	TY-INDUSTRIAL-COND	sharp-0	techwear-black	CS-SEPIA	CH-MIN	app	STYLE_ID=health-goth; SKELETON=SK-INBOX-ZERO; TYPE_ERA=TY-INDUSTRIAL-COND; CONTROL=sharp-0; MATERIAL=techwear-black; COLOUR_STRAT=CS-SEPIA; CHROME=CH-MIN; FEEL=athletic black techwear
C0931	normcore	Normcore	internet-aesthetic	SK-STUDIO-CANVAS	TY-SYSTEM-RAW	soft-rect	mall-basic	CS-INVERTED	CH-STANDARD	app	STYLE_ID=normcore; SKELETON=SK-STUDIO-CANVAS; TYPE_ERA=TY-SYSTEM-RAW; CONTROL=soft-rect; MATERIAL=mall-basic; COLOUR_STRAT=CS-INVERTED; CHROME=CH-STANDARD; FEEL=aggressively ordinary
C0932	balletcore	Balletcore	internet-aesthetic	SK-COMPARISON	TY-DIDONE-LUX	pill	tulle-pink	CS-REGIONAL-FLAG	CH-APP	marketing	STYLE_ID=balletcore; SKELETON=SK-COMPARISON; TYPE_ERA=TY-DIDONE-LUX; CONTROL=pill; MATERIAL=tulle-pink; COLOUR_STRAT=CS-REGIONAL-FLAG; CHROME=CH-APP; FEEL=soft pink tulle poise
C0933	coquette	Coquette	internet-aesthetic	SK-PRICING-LADDER	TY-SCRIPT-SPARSE	pill	lace-pink	CS-BRAND-LOCKUP	CH-DENSE	marketing	STYLE_ID=coquette; SKELETON=SK-PRICING-LADDER; TYPE_ERA=TY-SCRIPT-SPARSE; CONTROL=pill; MATERIAL=lace-pink; COLOUR_STRAT=CS-BRAND-LOCKUP; CHROME=CH-DENSE; FEEL=bows lace hyper-femme
C0934	blokecore	Blokecore	internet-aesthetic	SK-MANIFEST-LIST	TY-INDUSTRIAL-COND	sharp-0	kit-stripes	CS-MONO-PLUS	CH-IMMERSIVE	app	STYLE_ID=blokecore; SKELETON=SK-MANIFEST-LIST; TYPE_ERA=TY-INDUSTRIAL-COND; CONTROL=sharp-0; MATERIAL=kit-stripes; COLOUR_STRAT=CS-MONO-PLUS; CHROME=CH-IMMERSIVE; FEEL=football kits terrace energy
C0935	gorpcore	Gorpcore	internet-aesthetic	SK-SCOREBOARD	TY-HUMANIST	chunk-border	goretex	CS-DUOTONE	CH-NONE	app	STYLE_ID=gorpcore; SKELETON=SK-SCOREBOARD; TYPE_ERA=TY-HUMANIST; CONTROL=chunk-border; MATERIAL=goretex; COLOUR_STRAT=CS-DUOTONE; CHROME=CH-NONE; FEEL=outdoor tech fleece trail
C0936	coastal-grandmother	Coastal Grandmother	internet-aesthetic	SK-COCKPIT-STRIP	TY-HUMANIST	soft-rect	linen-sea	CS-PRIMARY-TRIO	CH-MIN	app	STYLE_ID=coastal-grandmother; SKELETON=SK-COCKPIT-STRIP; TYPE_ERA=TY-HUMANIST; CONTROL=soft-rect; MATERIAL=linen-sea; COLOUR_STRAT=CS-PRIMARY-TRIO; CHROME=CH-MIN; FEEL=linen sea calm wealthy calm
C0937	clean-girl	Clean Girl	internet-aesthetic	SK-FOLIO-SPREAD	TY-GROTESK-SOFT	pill	neutral-beauty	CS-TONAL	CH-STANDARD	marketing	STYLE_ID=clean-girl; SKELETON=SK-FOLIO-SPREAD; TYPE_ERA=TY-GROTESK-SOFT; CONTROL=pill; MATERIAL=neutral-beauty; COLOUR_STRAT=CS-TONAL; CHROME=CH-STANDARD; FEEL=minimal sleek neutral beauty
C0938	old-money	Old Money	internet-aesthetic	SK-STAMP-SHEET	TY-TRANSITIONAL-SERIF	ink-underline	navy-cream	CS-PAPER-INK	CH-APP	marketing	STYLE_ID=old-money; SKELETON=SK-STAMP-SHEET; TYPE_ERA=TY-TRANSITIONAL-SERIF; CONTROL=ink-underline; MATERIAL=navy-cream; COLOUR_STRAT=CS-PAPER-INK; CHROME=CH-APP; FEEL=heritage quiet wealth
C0939	new-money	New Money	internet-aesthetic	SK-DOCKED-FAB	TY-DIDONE-LUX	filled-block	chrome-gold	CS-DARK-STAGE	CH-DENSE	mobile	STYLE_ID=new-money; SKELETON=SK-DOCKED-FAB; TYPE_ERA=TY-DIDONE-LUX; CONTROL=filled-block; MATERIAL=chrome-gold; COLOUR_STRAT=CS-DARK-STAGE; CHROME=CH-DENSE; FEEL=loud luxury logos shine
C0940	dark-feminine	Dark Feminine	internet-aesthetic	SK-PEEK-CARDS	TY-DIDONE-LUX	sharp-0	black-velvet	CS-PASTEL-POP	CH-IMMERSIVE	mobile	STYLE_ID=dark-feminine; SKELETON=SK-PEEK-CARDS; TYPE_ERA=TY-DIDONE-LUX; CONTROL=sharp-0; MATERIAL=black-velvet; COLOUR_STRAT=CS-PASTEL-POP; CHROME=CH-IMMERSIVE; FEEL=glamour power black red
C0941	soft-boy	Soft Boy	internet-aesthetic	SK-RADIO-TUNER	TY-HUMANIST	soft-rect	pastel-denim	CS-SIGNAL	CH-NONE	app	STYLE_ID=soft-boy; SKELETON=SK-RADIO-TUNER; TYPE_ERA=TY-HUMANIST; CONTROL=soft-rect; MATERIAL=pastel-denim; COLOUR_STRAT=CS-SIGNAL; CHROME=CH-NONE; FEEL=pastel indie soft masc
C0942	egirl-eboy	E-girl / E-boy	internet-aesthetic	SK-FILMSTRIP	TY-MIXED-HIGH-CONTRAST	chunk-border	alt-platform	CS-PHOTO-LED	CH-MIN	marketing	STYLE_ID=egirl-eboy; SKELETON=SK-FILMSTRIP; TYPE_ERA=TY-MIXED-HIGH-CONTRAST; CONTROL=chunk-border; MATERIAL=alt-platform; COLOUR_STRAT=CS-PHOTO-LED; CHROME=CH-MIN; FEEL=alt platform indie dark cute
C0943	scene-emo	Scene / Emo revival	internet-aesthetic	SK-ORBIT-META	TY-DISPLAY-EXTREME	chunk-border	neon-black	CS-CMYK-PROCESS	CH-STANDARD	marketing	STYLE_ID=scene-emo; SKELETON=SK-ORBIT-META; TYPE_ERA=TY-DISPLAY-EXTREME; CONTROL=chunk-border; MATERIAL=neon-black; COLOUR_STRAT=CS-CMYK-PROCESS; CHROME=CH-STANDARD; FEEL=sharp hair colours myspace
C0944	y2k-cyber	Y2K Cyber	internet-aesthetic	SK-SPLIT-DEPTH	TY-GEOMETRIC	pill	chrome-ice	CS-EARTH	CH-APP	marketing	STYLE_ID=y2k-cyber; SKELETON=SK-SPLIT-DEPTH; TYPE_ERA=TY-GEOMETRIC; CONTROL=pill; MATERIAL=chrome-ice; COLOUR_STRAT=CS-EARTH; CHROME=CH-APP; FEEL=futuristic chrome early web
C0945	frutiger-aero	Frutiger Aero	internet-aesthetic	SK-CHECKOUT-TUNNEL	TY-HUMANIST	pill	aqua-sky	CS-OCEAN	CH-DENSE	marketing	STYLE_ID=frutiger-aero; SKELETON=SK-CHECKOUT-TUNNEL; TYPE_ERA=TY-HUMANIST; CONTROL=pill; MATERIAL=aqua-sky; COLOUR_STRAT=CS-OCEAN; CHROME=CH-DENSE; FEEL=glossy nature tech optimistic 2000s
C0946	frutiger-metro	Frutiger Metro	internet-aesthetic	SK-CHAT-THREAD	TY-GROTESK-SOFT	soft-rect	metro-icon	CS-NEON-ON-DARK	CH-IMMERSIVE	app	STYLE_ID=frutiger-metro; SKELETON=SK-CHAT-THREAD; TYPE_ERA=TY-GROTESK-SOFT; CONTROL=soft-rect; MATERIAL=metro-icon; COLOUR_STRAT=CS-NEON-ON-DARK; CHROME=CH-IMMERSIVE; FEEL=metro icons soft 2010s
C0947	heliotrope	Heliotrope / Aero cousins	internet-aesthetic	SK-NOTIFICATION-STACK	TY-ROUNDED	pill	sky-water	CS-DESAT-CORP	CH-NONE	mobile	STYLE_ID=heliotrope; SKELETON=SK-NOTIFICATION-STACK; TYPE_ERA=TY-ROUNDED; CONTROL=pill; MATERIAL=sky-water; COLOUR_STRAT=CS-DESAT-CORP; CHROME=CH-NONE; FEEL=bright sky water bubbles
C0948	cassette-futurism	Cassette Futurism	internet-aesthetic	SK-DIRECTORY	TY-SYSTEM-RAW	chunk-border	crt-plastic	CS-HIGH-KEY	CH-MIN	app	STYLE_ID=cassette-futurism; SKELETON=SK-DIRECTORY; TYPE_ERA=TY-SYSTEM-RAW; CONTROL=chunk-border; MATERIAL=crt-plastic; COLOUR_STRAT=CS-HIGH-KEY; CHROME=CH-MIN; FEEL=chunky buttons CRT no touch glass
C0949	sovietwave	Sovietwave	internet-aesthetic	SK-ATLAS-PLATES	TY-GROTESQUE	sharp-0	concrete-red	CS-LOW-KEY	CH-STANDARD	marketing	STYLE_ID=sovietwave; SKELETON=SK-ATLAS-PLATES; TYPE_ERA=TY-GROTESQUE; CONTROL=sharp-0; MATERIAL=concrete-red; COLOUR_STRAT=CS-LOW-KEY; CHROME=CH-STANDARD; FEEL=socialist modern nostalgia
C0950	laborwave	Laborwave	internet-aesthetic	SK-HERO-SPLIT	TY-INDUSTRIAL-COND	chunk-border	poster-red	CS-SEPIA	CH-APP	marketing	STYLE_ID=laborwave; SKELETON=SK-HERO-SPLIT; TYPE_ERA=TY-INDUSTRIAL-COND; CONTROL=chunk-border; MATERIAL=poster-red; COLOUR_STRAT=CS-SEPIA; CHROME=CH-APP; FEEL=worker poster vapor hybrid
C0951	dinosauriac	Dinosauriac	internet-aesthetic	SK-SINGLE-STICKY	TY-SLAB	chunk-border	fossil-sand	CS-INVERTED	CH-DENSE	marketing	STYLE_ID=dinosauriac; SKELETON=SK-SINGLE-STICKY; TYPE_ERA=TY-SLAB; CONTROL=chunk-border; MATERIAL=fossil-sand; COLOUR_STRAT=CS-INVERTED; CHROME=CH-DENSE; FEEL=museum fossil educational
C0952	tropicalcore	Tropicalcore	internet-aesthetic	SK-EDITORIAL-LONG	TY-DISPLAY-EXTREME	pill	fruit-leaf	CS-REGIONAL-FLAG	CH-IMMERSIVE	marketing	STYLE_ID=tropicalcore; SKELETON=SK-EDITORIAL-LONG; TYPE_ERA=TY-DISPLAY-EXTREME; CONTROL=pill; MATERIAL=fruit-leaf; COLOUR_STRAT=CS-REGIONAL-FLAG; CHROME=CH-IMMERSIVE; FEEL=lush fruit humid bright
C0953	desertcore	Desertcore	internet-aesthetic	SK-BENTO	TY-HUMANIST	sharp-0	sandstone	CS-BRAND-LOCKUP	CH-NONE	marketing	STYLE_ID=desertcore; SKELETON=SK-BENTO; TYPE_ERA=TY-HUMANIST; CONTROL=sharp-0; MATERIAL=sandstone; COLOUR_STRAT=CS-BRAND-LOCKUP; CHROME=CH-NONE; FEEL=arid sun adobe dust
C0954	arcticcore	Arcticcore	internet-aesthetic	SK-TABLE-FIRST	TY-GROTESK-SOFT	sharp-0	ice-white	CS-MONO-PLUS	CH-MIN	app	STYLE_ID=arcticcore; SKELETON=SK-TABLE-FIRST; TYPE_ERA=TY-GROTESK-SOFT; CONTROL=sharp-0; MATERIAL=ice-white; COLOUR_STRAT=CS-MONO-PLUS; CHROME=CH-MIN; FEEL=ice blue sparse cold
C0955	ocean-core	Ocean core	internet-aesthetic	SK-TIMELINE	TY-HUMANIST	chunk-border	sea-glass	CS-DUOTONE	CH-STANDARD	app	STYLE_ID=ocean-core; SKELETON=SK-TIMELINE; TYPE_ERA=TY-HUMANIST; CONTROL=chunk-border; MATERIAL=sea-glass; COLOUR_STRAT=CS-DUOTONE; CHROME=CH-STANDARD; FEEL=deep sea foam maritime
C0956	forestcore	Forestcore	internet-aesthetic	SK-MAP-STAGE	TY-OLDSTYLE-SERIF	ink-underline	moss	CS-PRIMARY-TRIO	CH-APP	app	STYLE_ID=forestcore; SKELETON=SK-MAP-STAGE; TYPE_ERA=TY-OLDSTYLE-SERIF; CONTROL=ink-underline; MATERIAL=moss; COLOUR_STRAT=CS-PRIMARY-TRIO; CHROME=CH-APP; FEEL=deep green moss canopy
C0957	citycore	Citycore	internet-aesthetic	SK-BOARD-KANBAN	TY-INDUSTRIAL-COND	sharp-0	neon-street	CS-TONAL	CH-DENSE	app	STYLE_ID=citycore; SKELETON=SK-BOARD-KANBAN; TYPE_ERA=TY-INDUSTRIAL-COND; CONTROL=sharp-0; MATERIAL=neon-street; COLOUR_STRAT=CS-TONAL; CHROME=CH-DENSE; FEEL=urban night dense signage
C0958	liminal-space	Liminal Space	internet-aesthetic	SK-TICKET-STUB	TY-SYSTEM-RAW	sharp-0	fluorescent-empty	CS-PAPER-INK	CH-IMMERSIVE	marketing	STYLE_ID=liminal-space; SKELETON=SK-TICKET-STUB; TYPE_ERA=TY-SYSTEM-RAW; CONTROL=sharp-0; MATERIAL=fluorescent-empty; COLOUR_STRAT=CS-PAPER-INK; CHROME=CH-IMMERSIVE; FEEL=empty transitional eerie
C0959	backrooms	Backrooms	internet-aesthetic	SK-LEDGER	TY-SYSTEM-RAW	sharp-0	yellow-room	CS-DARK-STAGE	CH-NONE	app	STYLE_ID=backrooms; SKELETON=SK-LEDGER; TYPE_ERA=TY-SYSTEM-RAW; CONTROL=sharp-0; MATERIAL=yellow-room; COLOUR_STRAT=CS-DARK-STAGE; CHROME=CH-NONE; FEEL=yellow rooms endless fluorescent
C0960	poolcore	Poolcore	internet-aesthetic	SK-TERMINAL	TY-GEOMETRIC	sharp-0	pool-tile	CS-PASTEL-POP	CH-MIN	app	STYLE_ID=poolcore; SKELETON=SK-TERMINAL; TYPE_ERA=TY-GEOMETRIC; CONTROL=sharp-0; MATERIAL=pool-tile; COLOUR_STRAT=CS-PASTEL-POP; CHROME=CH-MIN; FEEL=empty pools tile water echo
C0961	abandoned-mall	Abandoned Mallwave	internet-aesthetic	SK-POSTER	TY-GROTESK-SOFT	soft-rect	mall-tile	CS-SIGNAL	CH-STANDARD	marketing	STYLE_ID=abandoned-mall; SKELETON=SK-POSTER; TYPE_ERA=TY-GROTESK-SOFT; CONTROL=soft-rect; MATERIAL=mall-tile; COLOUR_STRAT=CS-SIGNAL; CHROME=CH-STANDARD; FEEL=dead mall nostalgia
C0962	vapor-noir	Vapor Noir	internet-aesthetic	SK-BOTTOM-SHEET	TY-DISPLAY-EXTREME	sharp-0	neon-noir	CS-PHOTO-LED	CH-APP	mobile	STYLE_ID=vapor-noir; SKELETON=SK-BOTTOM-SHEET; TYPE_ERA=TY-DISPLAY-EXTREME; CONTROL=sharp-0; MATERIAL=neon-noir; COLOUR_STRAT=CS-PHOTO-LED; CHROME=CH-APP; FEEL=vaporwave + noir
C0963	danish-pastel	Danish Pastel	internet-aesthetic	SK-TAB-DECK	TY-ROUNDED	soft-rect	pastel-block	CS-CMYK-PROCESS	CH-DENSE	mobile	STYLE_ID=danish-pastel; SKELETON=SK-TAB-DECK; TYPE_ERA=TY-ROUNDED; CONTROL=soft-rect; MATERIAL=pastel-block; COLOUR_STRAT=CS-CMYK-PROCESS; CHROME=CH-DENSE; FEEL=soft scandi pastel blocks
C0964	mob-wife	Mob Wife Aesthetic	internet-aesthetic	SK-WIZARD-STEPS	TY-DIDONE-LUX	filled-block	fur-gold	CS-EARTH	CH-IMMERSIVE	app	STYLE_ID=mob-wife; SKELETON=SK-WIZARD-STEPS; TYPE_ERA=TY-DIDONE-LUX; CONTROL=filled-block; MATERIAL=fur-gold; COLOUR_STRAT=CS-EARTH; CHROME=CH-IMMERSIVE; FEEL=fur glam animal print drama
C0965	tomato-girl	Tomato Girl Summer	internet-aesthetic	SK-SPLIT-INSPECTOR	TY-HUMANIST	soft-rect	tomato-olive	CS-OCEAN	CH-NONE	app	STYLE_ID=tomato-girl; SKELETON=SK-SPLIT-INSPECTOR; TYPE_ERA=TY-HUMANIST; CONTROL=soft-rect; MATERIAL=tomato-olive; COLOUR_STRAT=CS-OCEAN; CHROME=CH-NONE; FEEL=mediterranean red green sun
C0966	blueberry-girl	Blueberry Girl	internet-aesthetic	SK-DASH-METRIC	TY-HUMANIST	pill	blueberry	CS-NEON-ON-DARK	CH-MIN	app	STYLE_ID=blueberry-girl; SKELETON=SK-DASH-METRIC; TYPE_ERA=TY-HUMANIST; CONTROL=pill; MATERIAL=blueberry; COLOUR_STRAT=CS-NEON-ON-DARK; CHROME=CH-MIN; FEEL=cool blue soft summer
C0967	office-siren	Office Siren	internet-aesthetic	SK-GALLERY-INDEX	TY-GROTESK-SOFT	soft-rect	corp-gloss	CS-DESAT-CORP	CH-STANDARD	marketing	STYLE_ID=office-siren; SKELETON=SK-GALLERY-INDEX; TYPE_ERA=TY-GROTESK-SOFT; CONTROL=soft-rect; MATERIAL=corp-gloss; COLOUR_STRAT=CS-DESAT-CORP; CHROME=CH-STANDARD; FEEL=Y2K corporate glam
C0968	ballet-aesthetic	Ballet Aesthetic UI	internet-aesthetic	SK-ZINE-COLLAGE	TY-DIDONE-LUX	ink-underline	studio-wood	CS-HIGH-KEY	CH-APP	marketing	STYLE_ID=ballet-aesthetic; SKELETON=SK-ZINE-COLLAGE; TYPE_ERA=TY-DIDONE-LUX; CONTROL=ink-underline; MATERIAL=studio-wood; COLOUR_STRAT=CS-HIGH-KEY; CHROME=CH-APP; FEEL=rehearsal sparse soft discipline
C0969	punk-flyer	Punk Flyer	music-subculture	SK-BRUTAL-BLOCKS	TY-MIXED-HIGH-CONTRAST	chunk-border	xerox	CS-LOW-KEY	CH-DENSE	any	STYLE_ID=punk-flyer; SKELETON=SK-BRUTAL-BLOCKS; TYPE_ERA=TY-MIXED-HIGH-CONTRAST; CONTROL=chunk-border; MATERIAL=xerox; COLOUR_STRAT=CS-LOW-KEY; CHROME=CH-DENSE; FEEL=ransom type xerox anger
C0970	post-punk	Post-Punk	music-subculture	SK-RAIL-DOCK	TY-GROTESQUE	sharp-0	black-white	CS-SEPIA	CH-IMMERSIVE	app	STYLE_ID=post-punk; SKELETON=SK-RAIL-DOCK; TYPE_ERA=TY-GROTESQUE; CONTROL=sharp-0; MATERIAL=black-white; COLOUR_STRAT=CS-SEPIA; CHROME=CH-IMMERSIVE; FEEL=stark mono angular
C0971	goth-romantic	Goth Romantic	music-subculture	SK-CENTER-STAGE	TY-OLDSTYLE-SERIF	ink-underline	black-lace	CS-INVERTED	CH-NONE	marketing	STYLE_ID=goth-romantic; SKELETON=SK-CENTER-STAGE; TYPE_ERA=TY-OLDSTYLE-SERIF; CONTROL=ink-underline; MATERIAL=black-lace; COLOUR_STRAT=CS-INVERTED; CHROME=CH-NONE; FEEL=black lace Victorian dark
C0972	industrial-music	Industrial	music-subculture	SK-NEWS-RIVER	TY-MONO-DATA	sharp-0	steel-rust	CS-REGIONAL-FLAG	CH-MIN	app	STYLE_ID=industrial-music; SKELETON=SK-NEWS-RIVER; TYPE_ERA=TY-MONO-DATA; CONTROL=sharp-0; MATERIAL=steel-rust; COLOUR_STRAT=CS-REGIONAL-FLAG; CHROME=CH-MIN; FEEL=cold machine harsh
C0973	techno-warehouse	Techno Warehouse	music-subculture	SK-CALENDAR-SPINE	TY-GROTESQUE	sharp-0	warehouse-black	CS-BRAND-LOCKUP	CH-STANDARD	app	STYLE_ID=techno-warehouse; SKELETON=SK-CALENDAR-SPINE; TYPE_ERA=TY-GROTESQUE; CONTROL=sharp-0; MATERIAL=warehouse-black; COLOUR_STRAT=CS-BRAND-LOCKUP; CHROME=CH-STANDARD; FEEL=dark strobe minimal type
C0974	rave-flyer-90s	90s Rave Flyer	music-subculture	SK-MASONRY	TY-DISPLAY-EXTREME	chunk-border	acid-print	CS-MONO-PLUS	CH-APP	marketing	STYLE_ID=rave-flyer-90s; SKELETON=SK-MASONRY; TYPE_ERA=TY-DISPLAY-EXTREME; CONTROL=chunk-border; MATERIAL=acid-print; COLOUR_STRAT=CS-MONO-PLUS; CHROME=CH-APP; FEEL=acid colours chaos type
C0975	disco-studio54	Disco Glam	music-subculture	SK-SPLIT-DIAGONAL	TY-DIDONE-LUX	pill	mirror-gold	CS-DUOTONE	CH-DENSE	marketing	STYLE_ID=disco-studio54; SKELETON=SK-SPLIT-DIAGONAL; TYPE_ERA=TY-DIDONE-LUX; CONTROL=pill; MATERIAL=mirror-gold; COLOUR_STRAT=CS-DUOTONE; CHROME=CH-DENSE; FEEL=mirrorball gold night
C0976	hip-hop-gold-era	Hip-Hop Gold Era	music-subculture	SK-FRAME-IN-FRAME	TY-INDUSTRIAL-COND	chunk-border	brick-gold	CS-PRIMARY-TRIO	CH-IMMERSIVE	marketing	STYLE_ID=hip-hop-gold-era; SKELETON=SK-FRAME-IN-FRAME; TYPE_ERA=TY-INDUSTRIAL-COND; CONTROL=chunk-border; MATERIAL=brick-gold; COLOUR_STRAT=CS-PRIMARY-TRIO; CHROME=CH-IMMERSIVE; FEEL=bold type brick city
C0977	graffiti-wildstyle	Graffiti Wildstyle	music-subculture	SK-SIDE-SCROLL	TY-DISPLAY-EXTREME	chunk-border	spray-brick	CS-TONAL	CH-NONE	marketing	STYLE_ID=graffiti-wildstyle; SKELETON=SK-SIDE-SCROLL; TYPE_ERA=TY-DISPLAY-EXTREME; CONTROL=chunk-border; MATERIAL=spray-brick; COLOUR_STRAT=CS-TONAL; CHROME=CH-NONE; FEEL=letter complexity street
C0978	skater-zine	Skater Zine	music-subculture	SK-FIXED-TOC	TY-MIXED-HIGH-CONTRAST	chunk-border	polaroid-grit	CS-PAPER-INK	CH-MIN	marketing	STYLE_ID=skater-zine; SKELETON=SK-FIXED-TOC; TYPE_ERA=TY-MIXED-HIGH-CONTRAST; CONTROL=chunk-border; MATERIAL=polaroid-grit; COLOUR_STRAT=CS-PAPER-INK; CHROME=CH-MIN; FEEL=photo crash diy type
C0979	surf-poster	Surf Poster	music-subculture	SK-COMMAND-CENTER	TY-DISPLAY-EXTREME	pill	wave-sun	CS-DARK-STAGE	CH-STANDARD	app	STYLE_ID=surf-poster; SKELETON=SK-COMMAND-CENTER; TYPE_ERA=TY-DISPLAY-EXTREME; CONTROL=pill; MATERIAL=wave-sun; COLOUR_STRAT=CS-DARK-STAGE; CHROME=CH-STANDARD; FEEL=wave sun beach type
C0980	metal-album	Metal Album	music-subculture	SK-INBOX-ZERO	TY-BLACKLETTER-SPARSE	sharp-0	chrome-black	CS-PASTEL-POP	CH-APP	app	STYLE_ID=metal-album; SKELETON=SK-INBOX-ZERO; TYPE_ERA=TY-BLACKLETTER-SPARSE; CONTROL=sharp-0; MATERIAL=chrome-black; COLOUR_STRAT=CS-PASTEL-POP; CHROME=CH-APP; FEEL=blackletter chrome dark
C0981	jazz-blue-note	Blue Note Jazz	music-subculture	SK-STUDIO-CANVAS	TY-GROTESQUE	sharp-0	blue-note	CS-SIGNAL	CH-DENSE	app	STYLE_ID=jazz-blue-note; SKELETON=SK-STUDIO-CANVAS; TYPE_ERA=TY-GROTESQUE; CONTROL=sharp-0; MATERIAL=blue-note; COLOUR_STRAT=CS-SIGNAL; CHROME=CH-DENSE; FEEL=duotone photo bold type
C0982	folk-revival	Folk Revival	music-subculture	SK-COMPARISON	TY-OLDSTYLE-SERIF	ink-underline	woodcut	CS-PHOTO-LED	CH-IMMERSIVE	marketing	STYLE_ID=folk-revival; SKELETON=SK-COMPARISON; TYPE_ERA=TY-OLDSTYLE-SERIF; CONTROL=ink-underline; MATERIAL=woodcut; COLOUR_STRAT=CS-PHOTO-LED; CHROME=CH-IMMERSIVE; FEEL=woodcut acoustic warm
C0983	country-western	Country Western	music-subculture	SK-PRICING-LADDER	TY-SLAB	ticket	barn-wood	CS-CMYK-PROCESS	CH-NONE	marketing	STYLE_ID=country-western; SKELETON=SK-PRICING-LADDER; TYPE_ERA=TY-SLAB; CONTROL=ticket; MATERIAL=barn-wood; COLOUR_STRAT=CS-CMYK-PROCESS; CHROME=CH-NONE; FEEL=barnwood rope spur
C0984	reggae-dub	Reggae / Dub	music-subculture	SK-MANIFEST-LIST	TY-HUMANIST	chunk-border	vinyl-warm	CS-EARTH	CH-MIN	app	STYLE_ID=reggae-dub; SKELETON=SK-MANIFEST-LIST; TYPE_ERA=TY-HUMANIST; CONTROL=chunk-border; MATERIAL=vinyl-warm; COLOUR_STRAT=CS-EARTH; CHROME=CH-MIN; FEEL=roots colours vinyl warm
C0985	k-pop-idol	K-pop Idol	music-subculture	SK-SCOREBOARD	TY-ROUNDED	pill	gloss-pastel	CS-OCEAN	CH-STANDARD	app	STYLE_ID=k-pop-idol; SKELETON=SK-SCOREBOARD; TYPE_ERA=TY-ROUNDED; CONTROL=pill; MATERIAL=gloss-pastel; COLOUR_STRAT=CS-OCEAN; CHROME=CH-STANDARD; FEEL=high gloss idol photocard
C0986	j-rock-visual-kei	Visual Kei	music-subculture	SK-COCKPIT-STRIP	TY-DISPLAY-EXTREME	sharp-0	stage-black	CS-NEON-ON-DARK	CH-APP	app	STYLE_ID=j-rock-visual-kei; SKELETON=SK-COCKPIT-STRIP; TYPE_ERA=TY-DISPLAY-EXTREME; CONTROL=sharp-0; MATERIAL=stage-black; COLOUR_STRAT=CS-NEON-ON-DARK; CHROME=CH-APP; FEEL=dramatic makeup theatrical
C0987	city-pop	City Pop	music-subculture	SK-FOLIO-SPREAD	TY-GEOMETRIC	pill	city-dusk	CS-DESAT-CORP	CH-DENSE	marketing	STYLE_ID=city-pop; SKELETON=SK-FOLIO-SPREAD; TYPE_ERA=TY-GEOMETRIC; CONTROL=pill; MATERIAL=city-dusk; COLOUR_STRAT=CS-DESAT-CORP; CHROME=CH-DENSE; FEEL=80s JP soft luxury leisure
C0988	lofi-beats	Lo-fi Beats	music-subculture	SK-STAMP-SHEET	TY-HUMANIST	soft-rect	vinyl-dust	CS-HIGH-KEY	CH-IMMERSIVE	marketing	STYLE_ID=lofi-beats; SKELETON=SK-STAMP-SHEET; TYPE_ERA=TY-HUMANIST; CONTROL=soft-rect; MATERIAL=vinyl-dust; COLOUR_STRAT=CS-HIGH-KEY; CHROME=CH-IMMERSIVE; FEEL=study girl vinyl dust soft
C0989	fintech-trust	Fintech Trust	industry	SK-DOCKED-FAB	TY-GROTESK-SOFT	soft-rect	cool-grey	CS-LOW-KEY	CH-NONE	mobile	STYLE_ID=fintech-trust; SKELETON=SK-DOCKED-FAB; TYPE_ERA=TY-GROTESK-SOFT; CONTROL=soft-rect; MATERIAL=cool-grey; COLOUR_STRAT=CS-LOW-KEY; CHROME=CH-NONE; FEEL=calm numbers serious blue
C0990	fintech-crypto-neon	Crypto Neon	industry	SK-PEEK-CARDS	TY-MONO-DATA	sharp-0	neon-dark	CS-SEPIA	CH-MIN	mobile	STYLE_ID=fintech-crypto-neon; SKELETON=SK-PEEK-CARDS; TYPE_ERA=TY-MONO-DATA; CONTROL=sharp-0; MATERIAL=neon-dark; COLOUR_STRAT=CS-SEPIA; CHROME=CH-MIN; FEEL=dark neon charts hype
C0991	banking-classic	Classic Banking	industry	SK-RADIO-TUNER	TY-TRANSITIONAL-SERIF	ink-underline	navy-cream	CS-INVERTED	CH-STANDARD	app	STYLE_ID=banking-classic; SKELETON=SK-RADIO-TUNER; TYPE_ERA=TY-TRANSITIONAL-SERIF; CONTROL=ink-underline; MATERIAL=navy-cream; COLOUR_STRAT=CS-INVERTED; CHROME=CH-STANDARD; FEEL=heritage navy serif trust
C0992	insurance-plain	Insurance Plain Language	industry	SK-FILMSTRIP	TY-HUMANIST	soft-rect	plain-white	CS-REGIONAL-FLAG	CH-APP	marketing	STYLE_ID=insurance-plain; SKELETON=SK-FILMSTRIP; TYPE_ERA=TY-HUMANIST; CONTROL=soft-rect; MATERIAL=plain-white; COLOUR_STRAT=CS-REGIONAL-FLAG; CHROME=CH-APP; FEEL=clear forms low drama
C0993	health-clinical	Clinical Health	industry	SK-ORBIT-META	TY-HUMANIST	soft-rect	clinic-white	CS-BRAND-LOCKUP	CH-DENSE	marketing	STYLE_ID=health-clinical; SKELETON=SK-ORBIT-META; TYPE_ERA=TY-HUMANIST; CONTROL=soft-rect; MATERIAL=clinic-white; COLOUR_STRAT=CS-BRAND-LOCKUP; CHROME=CH-DENSE; FEEL=sterile calm precise
C0994	health-wellness	Wellness Soft	industry	SK-SPLIT-DEPTH	TY-ROUNDED	pill	mint-sand	CS-MONO-PLUS	CH-IMMERSIVE	marketing	STYLE_ID=health-wellness; SKELETON=SK-SPLIT-DEPTH; TYPE_ERA=TY-ROUNDED; CONTROL=pill; MATERIAL=mint-sand; COLOUR_STRAT=CS-MONO-PLUS; CHROME=CH-IMMERSIVE; FEEL=calm mint breathy
C0995	pharma-pack	Pharma Packaging	industry	SK-CHECKOUT-TUNNEL	TY-HUMANIST	sharp-0	pack-white	CS-DUOTONE	CH-NONE	marketing	STYLE_ID=pharma-pack; SKELETON=SK-CHECKOUT-TUNNEL; TYPE_ERA=TY-HUMANIST; CONTROL=sharp-0; MATERIAL=pack-white; COLOUR_STRAT=CS-DUOTONE; CHROME=CH-NONE; FEEL=regulated clear hierarchy
C0996	edu-primary	Primary Education	industry	SK-CHAT-THREAD	TY-ROUNDED	pill	school-primary	CS-PRIMARY-TRIO	CH-MIN	app	STYLE_ID=edu-primary; SKELETON=SK-CHAT-THREAD; TYPE_ERA=TY-ROUNDED; CONTROL=pill; MATERIAL=school-primary; COLOUR_STRAT=CS-PRIMARY-TRIO; CHROME=CH-MIN; FEEL=large type playful clear
C0997	edu-university	University Academic	industry	SK-NOTIFICATION-STACK	TY-OLDSTYLE-SERIF	ink-underline	crest-paper	CS-TONAL	CH-STANDARD	mobile	STYLE_ID=edu-university; SKELETON=SK-NOTIFICATION-STACK; TYPE_ERA=TY-OLDSTYLE-SERIF; CONTROL=ink-underline; MATERIAL=crest-paper; COLOUR_STRAT=CS-TONAL; CHROME=CH-STANDARD; FEEL=crest scholarship calm
C0998	gov-uk-like	Civic GOV-like	industry	SK-DIRECTORY	TY-HUMANIST	sharp-0	gov-yellow	CS-PAPER-INK	CH-APP	app	STYLE_ID=gov-uk-like; SKELETON=SK-DIRECTORY; TYPE_ERA=TY-HUMANIST; CONTROL=sharp-0; MATERIAL=gov-yellow; COLOUR_STRAT=CS-PAPER-INK; CHROME=CH-APP; FEEL=plain language black yellow
C0999	gov-us-formal	US Federal Formal	industry	SK-ATLAS-PLATES	TY-TRANSITIONAL-SERIF	sharp-0	seal-blue	CS-DARK-STAGE	CH-DENSE	marketing	STYLE_ID=gov-us-formal; SKELETON=SK-ATLAS-PLATES; TYPE_ERA=TY-TRANSITIONAL-SERIF; CONTROL=sharp-0; MATERIAL=seal-blue; COLOUR_STRAT=CS-DARK-STAGE; CHROME=CH-DENSE; FEEL=formal seal structured
C1000	legal-chambers	Legal Chambers	industry	SK-HERO-SPLIT	TY-OLDSTYLE-SERIF	ink-underline	law-paper	CS-PASTEL-POP	CH-IMMERSIVE	marketing	STYLE_ID=legal-chambers; SKELETON=SK-HERO-SPLIT; TYPE_ERA=TY-OLDSTYLE-SERIF; CONTROL=ink-underline; MATERIAL=law-paper; COLOUR_STRAT=CS-PASTEL-POP; CHROME=CH-IMMERSIVE; FEEL=dense text authority
C1001	real-estate-luxury	Luxury Real Estate	industry	SK-SINGLE-STICKY	TY-DIDONE-LUX	ink-underline	photo-arch	CS-SIGNAL	CH-NONE	marketing	STYLE_ID=real-estate-luxury; SKELETON=SK-SINGLE-STICKY; TYPE_ERA=TY-DIDONE-LUX; CONTROL=ink-underline; MATERIAL=photo-arch; COLOUR_STRAT=CS-SIGNAL; CHROME=CH-NONE; FEEL=photo-first sparse type
C1002	real-estate-portal	Property Portal	industry	SK-EDITORIAL-LONG	TY-GROTESK-SOFT	soft-rect	portal-grey	CS-PHOTO-LED	CH-MIN	marketing	STYLE_ID=real-estate-portal; SKELETON=SK-EDITORIAL-LONG; TYPE_ERA=TY-GROTESK-SOFT; CONTROL=soft-rect; MATERIAL=portal-grey; COLOUR_STRAT=CS-PHOTO-LED; CHROME=CH-MIN; FEEL=filters cards map hybrid
C1003	travel-ota	OTA Travel	industry	SK-BENTO	TY-GROTESK-SOFT	pill	sky-deal	CS-CMYK-PROCESS	CH-STANDARD	marketing	STYLE_ID=travel-ota; SKELETON=SK-BENTO; TYPE_ERA=TY-GROTESK-SOFT; CONTROL=pill; MATERIAL=sky-deal; COLOUR_STRAT=CS-CMYK-PROCESS; CHROME=CH-STANDARD; FEEL=deals cards trust badges careful
C1004	airline	Airline	industry	SK-TABLE-FIRST	TY-HUMANIST	sharp-0	airline-blue	CS-EARTH	CH-APP	app	STYLE_ID=airline; SKELETON=SK-TABLE-FIRST; TYPE_ERA=TY-HUMANIST; CONTROL=sharp-0; MATERIAL=airline-blue; COLOUR_STRAT=CS-EARTH; CHROME=CH-APP; FEEL=wayfinding seats status
C1005	hotel-boutique	Boutique Hotel	industry	SK-TIMELINE	TY-SERIF-TEXT	ink-underline	local-material	CS-OCEAN	CH-DENSE	app	STYLE_ID=hotel-boutique; SKELETON=SK-TIMELINE; TYPE_ERA=TY-SERIF-TEXT; CONTROL=ink-underline; MATERIAL=local-material; COLOUR_STRAT=CS-OCEAN; CHROME=CH-DENSE; FEEL=tactile local material
C1006	restaurant-fine	Fine Dining	industry	SK-MAP-STAGE	TY-DIDONE-LUX	ink-underline	menu-paper	CS-NEON-ON-DARK	CH-IMMERSIVE	app	STYLE_ID=restaurant-fine; SKELETON=SK-MAP-STAGE; TYPE_ERA=TY-DIDONE-LUX; CONTROL=ink-underline; MATERIAL=menu-paper; COLOUR_STRAT=CS-NEON-ON-DARK; CHROME=CH-IMMERSIVE; FEEL=menu quiet luxury
C1007	restaurant-diner	Diner	industry	SK-BOARD-KANBAN	TY-DISPLAY-EXTREME	chunk-border	diner-chrome	CS-DESAT-CORP	CH-NONE	app	STYLE_ID=restaurant-diner; SKELETON=SK-BOARD-KANBAN; TYPE_ERA=TY-DISPLAY-EXTREME; CONTROL=chunk-border; MATERIAL=diner-chrome; COLOUR_STRAT=CS-DESAT-CORP; CHROME=CH-NONE; FEEL=chrome neon menu board
C1008	cafe-third-wave	Third Wave Café	industry	SK-TICKET-STUB	TY-HUMANIST	soft-rect	craft-paper	CS-HIGH-KEY	CH-MIN	marketing	STYLE_ID=cafe-third-wave; SKELETON=SK-TICKET-STUB; TYPE_ERA=TY-HUMANIST; CONTROL=soft-rect; MATERIAL=craft-paper; COLOUR_STRAT=CS-HIGH-KEY; CHROME=CH-MIN; FEEL=craft minimal origin story
C1009	qsr-fast	Quick Service	industry	SK-LEDGER	TY-INDUSTRIAL-COND	filled-block	qsr-bright	CS-LOW-KEY	CH-STANDARD	app	STYLE_ID=qsr-fast; SKELETON=SK-LEDGER; TYPE_ERA=TY-INDUSTRIAL-COND; CONTROL=filled-block; MATERIAL=qsr-bright; COLOUR_STRAT=CS-LOW-KEY; CHROME=CH-STANDARD; FEEL=speed menu big calories
C1010	grocery	Grocery Retail	industry	SK-TERMINAL	TY-HUMANIST	soft-rect	retail-white	CS-SEPIA	CH-APP	app	STYLE_ID=grocery; SKELETON=SK-TERMINAL; TYPE_ERA=TY-HUMANIST; CONTROL=soft-rect; MATERIAL=retail-white; COLOUR_STRAT=CS-SEPIA; CHROME=CH-APP; FEEL=aisles promos dense
C1011	fashion-luxury	Luxury Fashion	industry	SK-POSTER	TY-DIDONE-LUX	ink-underline	campaign-photo	CS-INVERTED	CH-DENSE	marketing	STYLE_ID=fashion-luxury; SKELETON=SK-POSTER; TYPE_ERA=TY-DIDONE-LUX; CONTROL=ink-underline; MATERIAL=campaign-photo; COLOUR_STRAT=CS-INVERTED; CHROME=CH-DENSE; FEEL=campaign image type quiet
C1012	fashion-street	Streetwear	industry	SK-BOTTOM-SHEET	TY-INDUSTRIAL-COND	sharp-0	drop-black	CS-REGIONAL-FLAG	CH-IMMERSIVE	mobile	STYLE_ID=fashion-street; SKELETON=SK-BOTTOM-SHEET; TYPE_ERA=TY-INDUSTRIAL-COND; CONTROL=sharp-0; MATERIAL=drop-black; COLOUR_STRAT=CS-REGIONAL-FLAG; CHROME=CH-IMMERSIVE; FEEL=drop hype bold type
C1013	sports-retail	Sports Retail	industry	SK-TAB-DECK	TY-INDUSTRIAL-COND	sharp-0	volt-black	CS-BRAND-LOCKUP	CH-NONE	mobile	STYLE_ID=sports-retail; SKELETON=SK-TAB-DECK; TYPE_ERA=TY-INDUSTRIAL-COND; CONTROL=sharp-0; MATERIAL=volt-black; COLOUR_STRAT=CS-BRAND-LOCKUP; CHROME=CH-NONE; FEEL=energy motion athletes
C1014	sports-broadcast	Sports Broadcast	industry	SK-WIZARD-STEPS	TY-INDUSTRIAL-COND	sharp-0	broadcast-black	CS-MONO-PLUS	CH-MIN	app	STYLE_ID=sports-broadcast; SKELETON=SK-WIZARD-STEPS; TYPE_ERA=TY-INDUSTRIAL-COND; CONTROL=sharp-0; MATERIAL=broadcast-black; COLOUR_STRAT=CS-MONO-PLUS; CHROME=CH-MIN; FEEL=score bug live urgency
C1015	gaming-aaa	AAA Gaming HUD	industry	SK-SPLIT-INSPECTOR	TY-INDUSTRIAL-COND	sharp-0	hud-metal	CS-DUOTONE	CH-STANDARD	app	STYLE_ID=gaming-aaa; SKELETON=SK-SPLIT-INSPECTOR; TYPE_ERA=TY-INDUSTRIAL-COND; CONTROL=sharp-0; MATERIAL=hud-metal; COLOUR_STRAT=CS-DUOTONE; CHROME=CH-STANDARD; FEEL=immersive diegetic HUD
C1016	gaming-cozy	Cozy Game	industry	SK-DASH-METRIC	TY-ROUNDED	pill	cozy-wool	CS-PRIMARY-TRIO	CH-APP	app	STYLE_ID=gaming-cozy; SKELETON=SK-DASH-METRIC; TYPE_ERA=TY-ROUNDED; CONTROL=pill; MATERIAL=cozy-wool; COLOUR_STRAT=CS-PRIMARY-TRIO; CHROME=CH-APP; FEEL=soft stickers warm
C1017	gaming-retro	Retro Game UI	industry	SK-GALLERY-INDEX	TY-PIXEL	sharp-0	pixel-crt	CS-TONAL	CH-DENSE	marketing	STYLE_ID=gaming-retro; SKELETON=SK-GALLERY-INDEX; TYPE_ERA=TY-PIXEL; CONTROL=sharp-0; MATERIAL=pixel-crt; COLOUR_STRAT=CS-TONAL; CHROME=CH-DENSE; FEEL=pixel frames limited colour
C1018	dev-tool	Developer Tool	industry	SK-ZINE-COLLAGE	TY-MONO-DATA	sharp-0	terminal-dark	CS-PAPER-INK	CH-IMMERSIVE	marketing	STYLE_ID=dev-tool; SKELETON=SK-ZINE-COLLAGE; TYPE_ERA=TY-MONO-DATA; CONTROL=sharp-0; MATERIAL=terminal-dark; COLOUR_STRAT=CS-PAPER-INK; CHROME=CH-IMMERSIVE; FEEL=dense mono panels
C1019	design-tool	Design Tool	industry	SK-BRUTAL-BLOCKS	TY-GROTESK-SOFT	soft-rect	artboard	CS-DARK-STAGE	CH-NONE	any	STYLE_ID=design-tool; SKELETON=SK-BRUTAL-BLOCKS; TYPE_ERA=TY-GROTESK-SOFT; CONTROL=soft-rect; MATERIAL=artboard; COLOUR_STRAT=CS-DARK-STAGE; CHROME=CH-NONE; FEEL=canvas infinite artboard
C1020	music-daw	DAW / Music Tool	industry	SK-RAIL-DOCK	TY-SYSTEM-RAW	sharp-0	daw-dark	CS-PASTEL-POP	CH-MIN	app	STYLE_ID=music-daw; SKELETON=SK-RAIL-DOCK; TYPE_ERA=TY-SYSTEM-RAW; CONTROL=sharp-0; MATERIAL=daw-dark; COLOUR_STRAT=CS-PASTEL-POP; CHROME=CH-MIN; FEEL=timeline tracks transport
C1021	photo-editor	Photo Editor	industry	SK-CENTER-STAGE	TY-GROTESK-SOFT	soft-rect	preview-stage	CS-SIGNAL	CH-STANDARD	marketing	STYLE_ID=photo-editor; SKELETON=SK-CENTER-STAGE; TYPE_ERA=TY-GROTESK-SOFT; CONTROL=soft-rect; MATERIAL=preview-stage; COLOUR_STRAT=CS-SIGNAL; CHROME=CH-STANDARD; FEEL=preview first tools dock
C1022	maps-nav	Maps Navigation	industry	SK-NEWS-RIVER	TY-HUMANIST	pill	map-stage	CS-PHOTO-LED	CH-APP	app	STYLE_ID=maps-nav; SKELETON=SK-NEWS-RIVER; TYPE_ERA=TY-HUMANIST; CONTROL=pill; MATERIAL=map-stage; COLOUR_STRAT=CS-PHOTO-LED; CHROME=CH-APP; FEEL=map is UI chrome minimal
C1023	iot-dashboard	IoT Dashboard	industry	SK-CALENDAR-SPINE	TY-GROTESK-SOFT	soft-rect	device-tile	CS-CMYK-PROCESS	CH-DENSE	app	STYLE_ID=iot-dashboard; SKELETON=SK-CALENDAR-SPINE; TYPE_ERA=TY-GROTESK-SOFT; CONTROL=soft-rect; MATERIAL=device-tile; COLOUR_STRAT=CS-CMYK-PROCESS; CHROME=CH-DENSE; FEEL=device status tiles
C1024	industrial-scada	SCADA Industrial	industry	SK-MASONRY	TY-MONO-DATA	sharp-0	panel-grey	CS-EARTH	CH-IMMERSIVE	marketing	STYLE_ID=industrial-scada; SKELETON=SK-MASONRY; TYPE_ERA=TY-MONO-DATA; CONTROL=sharp-0; MATERIAL=panel-grey; COLOUR_STRAT=CS-EARTH; CHROME=CH-IMMERSIVE; FEEL=mimic panels alarms
C1025	lab-lims	Lab LIMS	industry	SK-SPLIT-DIAGONAL	TY-MONO-DATA	sharp-0	lab-laminate	CS-OCEAN	CH-NONE	marketing	STYLE_ID=lab-lims; SKELETON=SK-SPLIT-DIAGONAL; TYPE_ERA=TY-MONO-DATA; CONTROL=sharp-0; MATERIAL=lab-laminate; COLOUR_STRAT=CS-OCEAN; CHROME=CH-NONE; FEEL=samples chain of custody
C1026	logistics	Logistics Ops	industry	SK-FRAME-IN-FRAME	TY-INDUSTRIAL-COND	chunk-border	warehouse	CS-NEON-ON-DARK	CH-MIN	marketing	STYLE_ID=logistics; SKELETON=SK-FRAME-IN-FRAME; TYPE_ERA=TY-INDUSTRIAL-COND; CONTROL=chunk-border; MATERIAL=warehouse; COLOUR_STRAT=CS-NEON-ON-DARK; CHROME=CH-MIN; FEEL=manifests lanes ETAs
C1027	warehouse-wms	Warehouse WMS	industry	SK-SIDE-SCROLL	TY-INDUSTRIAL-COND	chunk-border	rugged-handheld	CS-DESAT-CORP	CH-STANDARD	marketing	STYLE_ID=warehouse-wms; SKELETON=SK-SIDE-SCROLL; TYPE_ERA=TY-INDUSTRIAL-COND; CONTROL=chunk-border; MATERIAL=rugged-handheld; COLOUR_STRAT=CS-DESAT-CORP; CHROME=CH-STANDARD; FEEL=bins scans rugged
C1028	maritime-ops	Maritime Ops	industry	SK-FIXED-TOC	TY-HUMANIST	chunk-border	navy-signal	CS-HIGH-KEY	CH-APP	marketing	STYLE_ID=maritime-ops; SKELETON=SK-FIXED-TOC; TYPE_ERA=TY-HUMANIST; CONTROL=chunk-border; MATERIAL=navy-signal; COLOUR_STRAT=CS-HIGH-KEY; CHROME=CH-APP; FEEL=tide berths signals
C1029	aviation-ops	Aviation Ops	industry	SK-COMMAND-CENTER	TY-HUMANIST	sharp-0	aviation-grey	CS-LOW-KEY	CH-DENSE	app	STYLE_ID=aviation-ops; SKELETON=SK-COMMAND-CENTER; TYPE_ERA=TY-HUMANIST; CONTROL=sharp-0; MATERIAL=aviation-grey; COLOUR_STRAT=CS-LOW-KEY; CHROME=CH-DENSE; FEEL=gates turns safety
C1030	energy-grid	Energy Grid	industry	SK-INBOX-ZERO	TY-MONO-DATA	sharp-0	grid-blue	CS-SEPIA	CH-IMMERSIVE	app	STYLE_ID=energy-grid; SKELETON=SK-INBOX-ZERO; TYPE_ERA=TY-MONO-DATA; CONTROL=sharp-0; MATERIAL=grid-blue; COLOUR_STRAT=CS-SEPIA; CHROME=CH-IMMERSIVE; FEEL=network status load
C1031	agritech	Agritech	industry	SK-STUDIO-CANVAS	TY-HUMANIST	chunk-border	field-green	CS-INVERTED	CH-NONE	app	STYLE_ID=agritech; SKELETON=SK-STUDIO-CANVAS; TYPE_ERA=TY-HUMANIST; CONTROL=chunk-border; MATERIAL=field-green; COLOUR_STRAT=CS-INVERTED; CHROME=CH-NONE; FEEL=fields sensors seasons
C1032	climate-data	Climate Data	industry	SK-COMPARISON	TY-GROTESK-SOFT	sharp-0	earth-data	CS-REGIONAL-FLAG	CH-MIN	marketing	STYLE_ID=climate-data; SKELETON=SK-COMPARISON; TYPE_ERA=TY-GROTESK-SOFT; CONTROL=sharp-0; MATERIAL=earth-data; COLOUR_STRAT=CS-REGIONAL-FLAG; CHROME=CH-MIN; FEEL=charts earth tones serious
C1033	nonprofit-campaign	Nonprofit Campaign	industry	SK-PRICING-LADDER	TY-HUMANIST	filled-block	campaign-photo	CS-BRAND-LOCKUP	CH-STANDARD	marketing	STYLE_ID=nonprofit-campaign; SKELETON=SK-PRICING-LADDER; TYPE_ERA=TY-HUMANIST; CONTROL=filled-block; MATERIAL=campaign-photo; COLOUR_STRAT=CS-BRAND-LOCKUP; CHROME=CH-STANDARD; FEEL=urgency story donate
C1034	museum	Museum	industry	SK-MANIFEST-LIST	TY-SERIF-TEXT	ink-underline	gallery-white	CS-MONO-PLUS	CH-APP	app	STYLE_ID=museum; SKELETON=SK-MANIFEST-LIST; TYPE_ERA=TY-SERIF-TEXT; CONTROL=ink-underline; MATERIAL=gallery-white; COLOUR_STRAT=CS-MONO-PLUS; CHROME=CH-APP; FEEL=collection quiet captions
C1035	theatre	Theatre	industry	SK-SCOREBOARD	TY-DISPLAY-EXTREME	ticket	marquee	CS-DUOTONE	CH-DENSE	app	STYLE_ID=theatre; SKELETON=SK-SCOREBOARD; TYPE_ERA=TY-DISPLAY-EXTREME; CONTROL=ticket; MATERIAL=marquee; COLOUR_STRAT=CS-DUOTONE; CHROME=CH-DENSE; FEEL=dark house marquee
C1036	cinema	Cinema	industry	SK-COCKPIT-STRIP	TY-DISPLAY-EXTREME	sharp-0	cinema-dark	CS-PRIMARY-TRIO	CH-IMMERSIVE	app	STYLE_ID=cinema; SKELETON=SK-COCKPIT-STRIP; TYPE_ERA=TY-DISPLAY-EXTREME; CONTROL=sharp-0; MATERIAL=cinema-dark; COLOUR_STRAT=CS-PRIMARY-TRIO; CHROME=CH-IMMERSIVE; FEEL=poster stills showtimes
C1037	publishing-house	Publishing House	industry	SK-FOLIO-SPREAD	TY-SERIF-TEXT	ink-underline	book-cloth	CS-TONAL	CH-NONE	marketing	STYLE_ID=publishing-house; SKELETON=SK-FOLIO-SPREAD; TYPE_ERA=TY-SERIF-TEXT; CONTROL=ink-underline; MATERIAL=book-cloth; COLOUR_STRAT=CS-TONAL; CHROME=CH-NONE; FEEL=bookish typographic
C1038	newsroom-cms	Newsroom CMS	industry	SK-STAMP-SHEET	TY-GROTESQUE	sharp-0	newsroom	CS-PAPER-INK	CH-MIN	marketing	STYLE_ID=newsroom-cms; SKELETON=SK-STAMP-SHEET; TYPE_ERA=TY-GROTESQUE; CONTROL=sharp-0; MATERIAL=newsroom; COLOUR_STRAT=CS-PAPER-INK; CHROME=CH-MIN; FEEL=deadlines queues desks
C1039	church-parish	Parish / Church	industry	SK-DOCKED-FAB	TY-OLDSTYLE-SERIF	ink-underline	stone-wood	CS-DARK-STAGE	CH-STANDARD	mobile	STYLE_ID=church-parish; SKELETON=SK-DOCKED-FAB; TYPE_ERA=TY-OLDSTYLE-SERIF; CONTROL=ink-underline; MATERIAL=stone-wood; COLOUR_STRAT=CS-DARK-STAGE; CHROME=CH-STANDARD; FEEL=communal quiet liturgical
C1040	sports-club	Local Sports Club	industry	SK-PEEK-CARDS	TY-INDUSTRIAL-COND	chunk-border	kit	CS-PASTEL-POP	CH-APP	mobile	STYLE_ID=sports-club; SKELETON=SK-PEEK-CARDS; TYPE_ERA=TY-INDUSTRIAL-COND; CONTROL=chunk-border; MATERIAL=kit; COLOUR_STRAT=CS-PASTEL-POP; CHROME=CH-APP; FEEL=kit colours fixtures
C1041	union-labour	Labour Union	industry	SK-RADIO-TUNER	TY-INDUSTRIAL-COND	chunk-border	poster-red-black	CS-SIGNAL	CH-DENSE	app	STYLE_ID=union-labour; SKELETON=SK-RADIO-TUNER; TYPE_ERA=TY-INDUSTRIAL-COND; CONTROL=chunk-border; MATERIAL=poster-red-black; COLOUR_STRAT=CS-SIGNAL; CHROME=CH-DENSE; FEEL=solidarity bold simple
C1042	swiss-grid-regional	Swiss Grid Regional	regional	SK-FILMSTRIP	TY-GROTESQUE	ink-underline	paper-ink	CS-PHOTO-LED	CH-IMMERSIVE	marketing	STYLE_ID=swiss-grid-regional; SKELETON=SK-FILMSTRIP; TYPE_ERA=TY-GROTESQUE; CONTROL=ink-underline; MATERIAL=paper-ink; COLOUR_STRAT=CS-PHOTO-LED; CHROME=CH-IMMERSIVE; FEEL=Basel grid precision
C1043	dutch-modern	Dutch Modern	regional	SK-ORBIT-META	TY-GROTESQUE	sharp-0	bold-print	CS-CMYK-PROCESS	CH-NONE	marketing	STYLE_ID=dutch-modern; SKELETON=SK-ORBIT-META; TYPE_ERA=TY-GROTESQUE; CONTROL=sharp-0; MATERIAL=bold-print; COLOUR_STRAT=CS-CMYK-PROCESS; CHROME=CH-NONE; FEEL=bold type conceptual NL
C1044	scandi-lagom	Scandi Lagom	regional	SK-SPLIT-DEPTH	TY-HUMANIST	soft-rect	birch	CS-EARTH	CH-MIN	marketing	STYLE_ID=scandi-lagom; SKELETON=SK-SPLIT-DEPTH; TYPE_ERA=TY-HUMANIST; CONTROL=soft-rect; MATERIAL=birch; COLOUR_STRAT=CS-EARTH; CHROME=CH-MIN; FEEL=just enough calm
C1045	german-industrial	German Industrial	regional	SK-CHECKOUT-TUNNEL	TY-GROTESQUE	sharp-0	engineering-grey	CS-OCEAN	CH-STANDARD	marketing	STYLE_ID=german-industrial; SKELETON=SK-CHECKOUT-TUNNEL; TYPE_ERA=TY-GROTESQUE; CONTROL=sharp-0; MATERIAL=engineering-grey; COLOUR_STRAT=CS-OCEAN; CHROME=CH-STANDARD; FEEL=precise engineering type
C1046	italian-fashion	Italian Fashion Print	regional	SK-CHAT-THREAD	TY-DIDONE-LUX	ink-underline	fashion-print	CS-NEON-ON-DARK	CH-APP	app	STYLE_ID=italian-fashion; SKELETON=SK-CHAT-THREAD; TYPE_ERA=TY-DIDONE-LUX; CONTROL=ink-underline; MATERIAL=fashion-print; COLOUR_STRAT=CS-NEON-ON-DARK; CHROME=CH-APP; FEEL=elegance sensual type
C1047	french-editorial	French Editorial	regional	SK-NOTIFICATION-STACK	TY-MODERN-SERIF	ink-underline	cream-edit	CS-DESAT-CORP	CH-DENSE	mobile	STYLE_ID=french-editorial; SKELETON=SK-NOTIFICATION-STACK; TYPE_ERA=TY-MODERN-SERIF; CONTROL=ink-underline; MATERIAL=cream-edit; COLOUR_STRAT=CS-DESAT-CORP; CHROME=CH-DENSE; FEEL=intellectual airy type
C1048	iberian-azulejo	Iberian Azulejo	regional	SK-DIRECTORY	TY-HUMANIST	chunk-border	azulejo	CS-HIGH-KEY	CH-IMMERSIVE	app	STYLE_ID=iberian-azulejo; SKELETON=SK-DIRECTORY; TYPE_ERA=TY-HUMANIST; CONTROL=chunk-border; MATERIAL=azulejo; COLOUR_STRAT=CS-HIGH-KEY; CHROME=CH-IMMERSIVE; FEEL=tile patterns ceramic blue
C1049	nordic-runelike	Nordic Stark	regional	SK-ATLAS-PLATES	TY-GROTESQUE	sharp-0	fjord-stone	CS-LOW-KEY	CH-NONE	marketing	STYLE_ID=nordic-runelike; SKELETON=SK-ATLAS-PLATES; TYPE_ERA=TY-GROTESQUE; CONTROL=sharp-0; MATERIAL=fjord-stone; COLOUR_STRAT=CS-LOW-KEY; CHROME=CH-NONE; FEEL=cold stark nature type
C1050	east-euro-poster	Eastern European Poster	regional	SK-HERO-SPLIT	TY-DISPLAY-EXTREME	sharp-0	poster-print	CS-SEPIA	CH-MIN	marketing	STYLE_ID=east-euro-poster; SKELETON=SK-HERO-SPLIT; TYPE_ERA=TY-DISPLAY-EXTREME; CONTROL=sharp-0; MATERIAL=poster-print; COLOUR_STRAT=CS-SEPIA; CHROME=CH-MIN; FEEL=metaphor bold concept
C1051	soviet-construct-poster	Soviet Poster Tradition	regional	SK-SINGLE-STICKY	TY-INDUSTRIAL-COND	chunk-border	red-black	CS-INVERTED	CH-STANDARD	marketing	STYLE_ID=soviet-construct-poster; SKELETON=SK-SINGLE-STICKY; TYPE_ERA=TY-INDUSTRIAL-COND; CONTROL=chunk-border; MATERIAL=red-black; COLOUR_STRAT=CS-INVERTED; CHROME=CH-STANDARD; FEEL=worker geometry slogan
C1052	middle-east-geometric	Islamic Geometric Influence	regional	SK-EDITORIAL-LONG	TY-GEOMETRIC	ink-underline	geometric-tile	CS-REGIONAL-FLAG	CH-APP	marketing	STYLE_ID=middle-east-geometric; SKELETON=SK-EDITORIAL-LONG; TYPE_ERA=TY-GEOMETRIC; CONTROL=ink-underline; MATERIAL=geometric-tile; COLOUR_STRAT=CS-REGIONAL-FLAG; CHROME=CH-APP; FEEL=pattern geometry calligraphy care
C1053	west-african-textile	West African Textile Inspired	regional	SK-BENTO	TY-DISPLAY-EXTREME	chunk-border	ankara-inspired	CS-BRAND-LOCKUP	CH-DENSE	marketing	STYLE_ID=west-african-textile; SKELETON=SK-BENTO; TYPE_ERA=TY-DISPLAY-EXTREME; CONTROL=chunk-border; MATERIAL=ankara-inspired; COLOUR_STRAT=CS-BRAND-LOCKUP; CHROME=CH-DENSE; FEEL=bold pattern rhythm colour
C1054	east-african-urban	East African Urban Contemporary	regional	SK-TABLE-FIRST	TY-HUMANIST	chunk-border	urban-colour	CS-MONO-PLUS	CH-IMMERSIVE	app	STYLE_ID=east-african-urban; SKELETON=SK-TABLE-FIRST; TYPE_ERA=TY-HUMANIST; CONTROL=chunk-border; MATERIAL=urban-colour; COLOUR_STRAT=CS-MONO-PLUS; CHROME=CH-IMMERSIVE; FEEL=city colour bold type
C1055	indic-modern	Indic Modern	regional	SK-TIMELINE	TY-HUMANIST	pill	festive-colour	CS-DUOTONE	CH-NONE	app	STYLE_ID=indic-modern; SKELETON=SK-TIMELINE; TYPE_ERA=TY-HUMANIST; CONTROL=pill; MATERIAL=festive-colour; COLOUR_STRAT=CS-DUOTONE; CHROME=CH-NONE; FEEL=festive colour modern type
C1056	se-asian-tropical-modern	SE Asian Tropical Modern	regional	SK-MAP-STAGE	TY-HUMANIST	soft-rect	tropical-modern	CS-PRIMARY-TRIO	CH-MIN	app	STYLE_ID=se-asian-tropical-modern; SKELETON=SK-MAP-STAGE; TYPE_ERA=TY-HUMANIST; CONTROL=soft-rect; MATERIAL=tropical-modern; COLOUR_STRAT=CS-PRIMARY-TRIO; CHROME=CH-MIN; FEEL=humid green modern calm
C1057	latin-american-modern	Latin American Modern	regional	SK-BOARD-KANBAN	TY-DISPLAY-EXTREME	chunk-border	mural-colour	CS-TONAL	CH-STANDARD	app	STYLE_ID=latin-american-modern; SKELETON=SK-BOARD-KANBAN; TYPE_ERA=TY-DISPLAY-EXTREME; CONTROL=chunk-border; MATERIAL=mural-colour; COLOUR_STRAT=CS-TONAL; CHROME=CH-STANDARD; FEEL=bold colour mural energy
C1058	brazilian-tropicalia	Tropicália Inspired	regional	SK-TICKET-STUB	TY-MIXED-HIGH-CONTRAST	chunk-border	tropical-clash	CS-PAPER-INK	CH-APP	marketing	STYLE_ID=brazilian-tropicalia; SKELETON=SK-TICKET-STUB; TYPE_ERA=TY-MIXED-HIGH-CONTRAST; CONTROL=chunk-border; MATERIAL=tropical-clash; COLOUR_STRAT=CS-PAPER-INK; CHROME=CH-APP; FEEL=clash tropical modern
C1059	mexican-muralist	Mexican Muralist Inspired	regional	SK-LEDGER	TY-DISPLAY-EXTREME	filled-block	mural	CS-DARK-STAGE	CH-DENSE	app	STYLE_ID=mexican-muralist; SKELETON=SK-LEDGER; TYPE_ERA=TY-DISPLAY-EXTREME; CONTROL=filled-block; MATERIAL=mural; COLOUR_STRAT=CS-DARK-STAGE; CHROME=CH-DENSE; FEEL=public narrative bold figures
C1060	us-roadside	US Roadside Vernacular	regional	SK-TERMINAL	TY-DISPLAY-EXTREME	chunk-border	motel-neon	CS-PASTEL-POP	CH-IMMERSIVE	app	STYLE_ID=us-roadside; SKELETON=SK-TERMINAL; TYPE_ERA=TY-DISPLAY-EXTREME; CONTROL=chunk-border; MATERIAL=motel-neon; COLOUR_STRAT=CS-PASTEL-POP; CHROME=CH-IMMERSIVE; FEEL=motel signs big type
C1061	us-national-park	US National Park Service	regional	SK-POSTER	TY-SLAB	chunk-border	park-poster	CS-SIGNAL	CH-NONE	marketing	STYLE_ID=us-national-park; SKELETON=SK-POSTER; TYPE_ERA=TY-SLAB; CONTROL=chunk-border; MATERIAL=park-poster; COLOUR_STRAT=CS-SIGNAL; CHROME=CH-NONE; FEEL=badge poster nature type
C1062	canadian-modern	Canadian Modern Public	regional	SK-BOTTOM-SHEET	TY-HUMANIST	soft-rect	public-clear	CS-PHOTO-LED	CH-MIN	mobile	STYLE_ID=canadian-modern; SKELETON=SK-BOTTOM-SHEET; TYPE_ERA=TY-HUMANIST; CONTROL=soft-rect; MATERIAL=public-clear; COLOUR_STRAT=CS-PHOTO-LED; CHROME=CH-MIN; FEEL=clear bilingual calm
C1063	australian-modern	Australian Modern	regional	SK-TAB-DECK	TY-HUMANIST	soft-rect	sun-urban	CS-CMYK-PROCESS	CH-STANDARD	mobile	STYLE_ID=australian-modern; SKELETON=SK-TAB-DECK; TYPE_ERA=TY-HUMANIST; CONTROL=soft-rect; MATERIAL=sun-urban; COLOUR_STRAT=CS-CMYK-PROCESS; CHROME=CH-STANDARD; FEEL=sun beach urban mix
C1064	nz-clean-green	NZ Clean Green	regional	SK-WIZARD-STEPS	TY-HUMANIST	soft-rect	green-clean	CS-EARTH	CH-APP	app	STYLE_ID=nz-clean-green; SKELETON=SK-WIZARD-STEPS; TYPE_ERA=TY-HUMANIST; CONTROL=soft-rect; MATERIAL=green-clean; COLOUR_STRAT=CS-EARTH; CHROME=CH-APP; FEEL=nature clarity open
C1065	uk-brutal-public	UK Public Brutal	regional	SK-SPLIT-INSPECTOR	TY-GROTESQUE	sharp-0	civic-concrete	CS-OCEAN	CH-DENSE	app	STYLE_ID=uk-brutal-public; SKELETON=SK-SPLIT-INSPECTOR; TYPE_ERA=TY-GROTESQUE; CONTROL=sharp-0; MATERIAL=civic-concrete; COLOUR_STRAT=CS-OCEAN; CHROME=CH-DENSE; FEEL=civic concrete practical
C1066	uk-railway	UK Railway Poster	regional	SK-DASH-METRIC	TY-HUMANIST	ticket	lithograph	CS-NEON-ON-DARK	CH-IMMERSIVE	app	STYLE_ID=uk-railway; SKELETON=SK-DASH-METRIC; TYPE_ERA=TY-HUMANIST; CONTROL=ticket; MATERIAL=lithograph; COLOUR_STRAT=CS-NEON-ON-DARK; CHROME=CH-IMMERSIVE; FEEL=travel lithograph charm
C1067	london-underground	London Underground	regional	SK-GALLERY-INDEX	TY-HUMANIST	sharp-0	roundel-wayfinding	CS-DESAT-CORP	CH-NONE	marketing	STYLE_ID=london-underground; SKELETON=SK-GALLERY-INDEX; TYPE_ERA=TY-HUMANIST; CONTROL=sharp-0; MATERIAL=roundel-wayfinding; COLOUR_STRAT=CS-DESAT-CORP; CHROME=CH-NONE; FEEL=Johnston-like wayfinding
C1068	paris-metro	Paris Métro	regional	SK-ZINE-COLLAGE	TY-DISPLAY-EXTREME	ink-underline	metro-iron	CS-HIGH-KEY	CH-MIN	marketing	STYLE_ID=paris-metro; SKELETON=SK-ZINE-COLLAGE; TYPE_ERA=TY-DISPLAY-EXTREME; CONTROL=ink-underline; MATERIAL=metro-iron; COLOUR_STRAT=CS-HIGH-KEY; CHROME=CH-MIN; FEEL=Guimard curves / modern hybrid
C1069	tokyo-dense	Tokyo Dense Urban UI	regional	SK-BRUTAL-BLOCKS	TY-GROTESK-SOFT	sharp-0	dense-signage	CS-LOW-KEY	CH-STANDARD	any	STYLE_ID=tokyo-dense; SKELETON=SK-BRUTAL-BLOCKS; TYPE_ERA=TY-GROTESK-SOFT; CONTROL=sharp-0; MATERIAL=dense-signage; COLOUR_STRAT=CS-LOW-KEY; CHROME=CH-STANDARD; FEEL=information dense precise
C1070	seoul-soft-product	Seoul Soft Product	regional	SK-RAIL-DOCK	TY-ROUNDED	pill	soft-card	CS-SEPIA	CH-APP	app	STYLE_ID=seoul-soft-product; SKELETON=SK-RAIL-DOCK; TYPE_ERA=TY-ROUNDED; CONTROL=pill; MATERIAL=soft-card; COLOUR_STRAT=CS-SEPIA; CHROME=CH-APP; FEEL=polished soft app cards
C1071	shanghai-neon	Shanghai Neon Night	regional	SK-CENTER-STAGE	TY-DISPLAY-EXTREME	sharp-0	neon-night	CS-INVERTED	CH-DENSE	marketing	STYLE_ID=shanghai-neon; SKELETON=SK-CENTER-STAGE; TYPE_ERA=TY-DISPLAY-EXTREME; CONTROL=sharp-0; MATERIAL=neon-night; COLOUR_STRAT=CS-INVERTED; CHROME=CH-DENSE; FEEL=neon hanzi skyline energy
C1072	letterpress	Letterpress	craft-material	SK-NEWS-RIVER	TY-OLDSTYLE-SERIF	chunk-border	letterpress	CS-REGIONAL-FLAG	CH-IMMERSIVE	app	STYLE_ID=letterpress; SKELETON=SK-NEWS-RIVER; TYPE_ERA=TY-OLDSTYLE-SERIF; CONTROL=chunk-border; MATERIAL=letterpress; COLOUR_STRAT=CS-REGIONAL-FLAG; CHROME=CH-IMMERSIVE; FEEL=impression ink paper bite
C1073	woodblock	Woodblock	craft-material	SK-CALENDAR-SPINE	TY-DISPLAY-EXTREME	sharp-0	woodblock	CS-BRAND-LOCKUP	CH-NONE	app	STYLE_ID=woodblock; SKELETON=SK-CALENDAR-SPINE; TYPE_ERA=TY-DISPLAY-EXTREME; CONTROL=sharp-0; MATERIAL=woodblock; COLOUR_STRAT=CS-BRAND-LOCKUP; CHROME=CH-NONE; FEEL=carved ink grain
C1074	screenprint-poster	Screenprint Poster	craft-material	SK-MASONRY	TY-INDUSTRIAL-COND	chunk-border	screenprint	CS-MONO-PLUS	CH-MIN	marketing	STYLE_ID=screenprint-poster; SKELETON=SK-MASONRY; TYPE_ERA=TY-INDUSTRIAL-COND; CONTROL=chunk-border; MATERIAL=screenprint; COLOUR_STRAT=CS-MONO-PLUS; CHROME=CH-MIN; FEEL=flat ink layers registration
C1075	embroidery-ui	Embroidery Inspired	craft-material	SK-SPLIT-DIAGONAL	TY-HUMANIST	soft-rect	stitch	CS-DUOTONE	CH-STANDARD	marketing	STYLE_ID=embroidery-ui; SKELETON=SK-SPLIT-DIAGONAL; TYPE_ERA=TY-HUMANIST; CONTROL=soft-rect; MATERIAL=stitch; COLOUR_STRAT=CS-DUOTONE; CHROME=CH-STANDARD; FEEL=stitch texture folk
C1076	ceramics-studio	Ceramics Studio	craft-material	SK-FRAME-IN-FRAME	TY-HUMANIST	pill	ceramic-glaze	CS-PRIMARY-TRIO	CH-APP	marketing	STYLE_ID=ceramics-studio; SKELETON=SK-FRAME-IN-FRAME; TYPE_ERA=TY-HUMANIST; CONTROL=pill; MATERIAL=ceramic-glaze; COLOUR_STRAT=CS-PRIMARY-TRIO; CHROME=CH-APP; FEEL=glaze clay kiln calm
C1077	glassblowing	Glass Studio	craft-material	SK-SIDE-SCROLL	TY-GROTESK-SOFT	pill	hot-glass	CS-TONAL	CH-DENSE	marketing	STYLE_ID=glassblowing; SKELETON=SK-SIDE-SCROLL; TYPE_ERA=TY-GROTESK-SOFT; CONTROL=pill; MATERIAL=hot-glass; COLOUR_STRAT=CS-TONAL; CHROME=CH-DENSE; FEEL=transparent colour heat
C1078	blacksmith	Blacksmith	craft-material	SK-FIXED-TOC	TY-INDUSTRIAL-COND	chunk-border	forged-iron	CS-PAPER-INK	CH-IMMERSIVE	marketing	STYLE_ID=blacksmith; SKELETON=SK-FIXED-TOC; TYPE_ERA=TY-INDUSTRIAL-COND; CONTROL=chunk-border; MATERIAL=forged-iron; COLOUR_STRAT=CS-PAPER-INK; CHROME=CH-IMMERSIVE; FEEL=forge iron heat spark
C1079	bookbinding	Bookbinding	craft-material	SK-COMMAND-CENTER	TY-OLDSTYLE-SERIF	ink-underline	book-cloth	CS-DARK-STAGE	CH-NONE	app	STYLE_ID=bookbinding; SKELETON=SK-COMMAND-CENTER; TYPE_ERA=TY-OLDSTYLE-SERIF; CONTROL=ink-underline; MATERIAL=book-cloth; COLOUR_STRAT=CS-DARK-STAGE; CHROME=CH-NONE; FEEL=cloth boards endpapers
C1080	stationery-luxe	Luxury Stationery	craft-material	SK-INBOX-ZERO	TY-DIDONE-LUX	ink-underline	deboss-foil	CS-PASTEL-POP	CH-MIN	app	STYLE_ID=stationery-luxe; SKELETON=SK-INBOX-ZERO; TYPE_ERA=TY-DIDONE-LUX; CONTROL=ink-underline; MATERIAL=deboss-foil; COLOUR_STRAT=CS-PASTEL-POP; CHROME=CH-MIN; FEEL=foil deboss paper grades
C1081	packing-tape-warehouse	Warehouse Packing	craft-material	SK-STUDIO-CANVAS	TY-STENCIL	chunk-border	packing-tape	CS-SIGNAL	CH-STANDARD	app	STYLE_ID=packing-tape-warehouse; SKELETON=SK-STUDIO-CANVAS; TYPE_ERA=TY-STENCIL; CONTROL=chunk-border; MATERIAL=packing-tape; COLOUR_STRAT=CS-SIGNAL; CHROME=CH-STANDARD; FEEL=tape labels stencil
C1082	saas-default-anti	SaaS Default (BAN often)	digital-product	SK-COMPARISON	TY-GROTESK-SOFT	soft-rect	saas-white	CS-PHOTO-LED	CH-APP	marketing	STYLE_ID=saas-default-anti; SKELETON=SK-COMPARISON; TYPE_ERA=TY-GROTESK-SOFT; CONTROL=soft-rect; MATERIAL=saas-white; COLOUR_STRAT=CS-PHOTO-LED; CHROME=CH-APP; FEEL=Inter soft cards purple accent — use as refuse
C1083	docs-site	Docs Site	digital-product	SK-PRICING-LADDER	TY-GROTESK-SOFT	ink-underline	docs-grey	CS-CMYK-PROCESS	CH-DENSE	marketing	STYLE_ID=docs-site; SKELETON=SK-PRICING-LADDER; TYPE_ERA=TY-GROTESK-SOFT; CONTROL=ink-underline; MATERIAL=docs-grey; COLOUR_STRAT=CS-CMYK-PROCESS; CHROME=CH-DENSE; FEEL=TOC content code
C1084	marketing-launch	Launch Marketing	digital-product	SK-MANIFEST-LIST	TY-GROTESK-SOFT	soft-rect	launch	CS-EARTH	CH-IMMERSIVE	app	STYLE_ID=marketing-launch; SKELETON=SK-MANIFEST-LIST; TYPE_ERA=TY-GROTESK-SOFT; CONTROL=soft-rect; MATERIAL=launch; COLOUR_STRAT=CS-EARTH; CHROME=CH-IMMERSIVE; FEEL=hero proof CTA
C1085	waitlist-minimal	Waitlist Minimal	digital-product	SK-SCOREBOARD	TY-SANS-ONLY-TIGHT	ink-underline	void	CS-OCEAN	CH-NONE	app	STYLE_ID=waitlist-minimal; SKELETON=SK-SCOREBOARD; TYPE_ERA=TY-SANS-ONLY-TIGHT; CONTROL=ink-underline; MATERIAL=void; COLOUR_STRAT=CS-OCEAN; CHROME=CH-NONE; FEEL=almost nothing email
C1086	onboarding-friendly	Friendly Onboarding	digital-product	SK-COCKPIT-STRIP	TY-ROUNDED	pill	friendly	CS-NEON-ON-DARK	CH-MIN	app	STYLE_ID=onboarding-friendly; SKELETON=SK-COCKPIT-STRIP; TYPE_ERA=TY-ROUNDED; CONTROL=pill; MATERIAL=friendly; COLOUR_STRAT=CS-NEON-ON-DARK; CHROME=CH-MIN; FEEL=steps illustration calm
C1087	empty-state-art	Empty-State Artful	digital-product	SK-FOLIO-SPREAD	TY-HUMANIST	soft-rect	empty-art	CS-DESAT-CORP	CH-STANDARD	marketing	STYLE_ID=empty-state-art; SKELETON=SK-FOLIO-SPREAD; TYPE_ERA=TY-HUMANIST; CONTROL=soft-rect; MATERIAL=empty-art; COLOUR_STRAT=CS-DESAT-CORP; CHROME=CH-STANDARD; FEEL=empty as designed moment
C1088	settings-dense	Settings Dense	digital-product	SK-STAMP-SHEET	TY-SYSTEM-RAW	sharp-0	settings	CS-HIGH-KEY	CH-APP	marketing	STYLE_ID=settings-dense; SKELETON=SK-STAMP-SHEET; TYPE_ERA=TY-SYSTEM-RAW; CONTROL=sharp-0; MATERIAL=settings; COLOUR_STRAT=CS-HIGH-KEY; CHROME=CH-APP; FEEL=groups search shortcuts
C1089	analytics-serious	Analytics Serious	digital-product	SK-DOCKED-FAB	TY-MONO-DATA	sharp-0	chart-ink	CS-LOW-KEY	CH-DENSE	mobile	STYLE_ID=analytics-serious; SKELETON=SK-DOCKED-FAB; TYPE_ERA=TY-MONO-DATA; CONTROL=sharp-0; MATERIAL=chart-ink; COLOUR_STRAT=CS-LOW-KEY; CHROME=CH-DENSE; FEEL=charts first quiet chrome
C1090	social-feed	Social Feed	digital-product	SK-PEEK-CARDS	TY-GROTESK-SOFT	pill	feed	CS-SEPIA	CH-IMMERSIVE	mobile	STYLE_ID=social-feed; SKELETON=SK-PEEK-CARDS; TYPE_ERA=TY-GROTESK-SOFT; CONTROL=pill; MATERIAL=feed; COLOUR_STRAT=CS-SEPIA; CHROME=CH-IMMERSIVE; FEEL=cards infinite careful
C1091	marketplace	Marketplace	digital-product	SK-RADIO-TUNER	TY-GROTESK-SOFT	soft-rect	market-grid	CS-INVERTED	CH-NONE	app	STYLE_ID=marketplace; SKELETON=SK-RADIO-TUNER; TYPE_ERA=TY-GROTESK-SOFT; CONTROL=soft-rect; MATERIAL=market-grid; COLOUR_STRAT=CS-INVERTED; CHROME=CH-NONE; FEEL=search grid trust
C1092	booking-calendar	Booking Calendar	digital-product	SK-FILMSTRIP	TY-HUMANIST	soft-rect	calendar	CS-REGIONAL-FLAG	CH-MIN	marketing	STYLE_ID=booking-calendar; SKELETON=SK-FILMSTRIP; TYPE_ERA=TY-HUMANIST; CONTROL=soft-rect; MATERIAL=calendar; COLOUR_STRAT=CS-REGIONAL-FLAG; CHROME=CH-MIN; FEEL=availability spine
C1093	chat-support	Support Chat	digital-product	SK-ORBIT-META	TY-HUMANIST	pill	support	CS-BRAND-LOCKUP	CH-STANDARD	marketing	STYLE_ID=chat-support; SKELETON=SK-ORBIT-META; TYPE_ERA=TY-HUMANIST; CONTROL=pill; MATERIAL=support; COLOUR_STRAT=CS-BRAND-LOCKUP; CHROME=CH-STANDARD; FEEL=thread + context not triple AI
C1094	email-client	Email Client	digital-product	SK-SPLIT-DEPTH	TY-HUMANIST	sharp-0	mail	CS-MONO-PLUS	CH-APP	marketing	STYLE_ID=email-client; SKELETON=SK-SPLIT-DEPTH; TYPE_ERA=TY-HUMANIST; CONTROL=sharp-0; MATERIAL=mail; COLOUR_STRAT=CS-MONO-PLUS; CHROME=CH-APP; FEEL=list reading pane
C1095	notes-plain	Plain Notes	digital-product	SK-CHECKOUT-TUNNEL	TY-SERIF-TEXT	ink-underline	paper	CS-DUOTONE	CH-DENSE	marketing	STYLE_ID=notes-plain; SKELETON=SK-CHECKOUT-TUNNEL; TYPE_ERA=TY-SERIF-TEXT; CONTROL=ink-underline; MATERIAL=paper; COLOUR_STRAT=CS-DUOTONE; CHROME=CH-DENSE; FEEL=writing first almost no chrome
C1096	wiki-internal	Internal Wiki	digital-product	SK-CHAT-THREAD	TY-SYSTEM-RAW	ink-underline	wiki	CS-PRIMARY-TRIO	CH-IMMERSIVE	app	STYLE_ID=wiki-internal; SKELETON=SK-CHAT-THREAD; TYPE_ERA=TY-SYSTEM-RAW; CONTROL=ink-underline; MATERIAL=wiki; COLOUR_STRAT=CS-PRIMARY-TRIO; CHROME=CH-IMMERSIVE; FEEL=tree content breadcrumbs
C1097	status-page	Status Page	digital-product	SK-NOTIFICATION-STACK	TY-SYSTEM-RAW	sharp-0	status	CS-TONAL	CH-NONE	mobile	STYLE_ID=status-page; SKELETON=SK-NOTIFICATION-STACK; TYPE_ERA=TY-SYSTEM-RAW; CONTROL=sharp-0; MATERIAL=status; COLOUR_STRAT=CS-TONAL; CHROME=CH-NONE; FEEL=uptime honest plain
C1098	error-playful	Playful Error	digital-product	SK-DIRECTORY	TY-ROUNDED	pill	error-play	CS-PAPER-INK	CH-MIN	app	STYLE_ID=error-playful; SKELETON=SK-DIRECTORY; TYPE_ERA=TY-ROUNDED; CONTROL=pill; MATERIAL=error-play; COLOUR_STRAT=CS-PAPER-INK; CHROME=CH-MIN; FEEL=404 character without cruelty
C1099	paywall-fair	Fair Paywall	digital-product	SK-ATLAS-PLATES	TY-HUMANIST	filled-block	paywall	CS-DARK-STAGE	CH-STANDARD	marketing	STYLE_ID=paywall-fair; SKELETON=SK-ATLAS-PLATES; TYPE_ERA=TY-HUMANIST; CONTROL=filled-block; MATERIAL=paywall; COLOUR_STRAT=CS-DARK-STAGE; CHROME=CH-STANDARD; FEEL=clear offer no dark patterns
C1100	accessibility-first	Accessibility-First Chrome	digital-product	SK-HERO-SPLIT	TY-HUMANIST	chunk-border	a11y-high	CS-PASTEL-POP	CH-APP	marketing	STYLE_ID=accessibility-first; SKELETON=SK-HERO-SPLIT; TYPE_ERA=TY-HUMANIST; CONTROL=chunk-border; MATERIAL=a11y-high; COLOUR_STRAT=CS-PASTEL-POP; CHROME=CH-APP; FEEL=high contrast large targets explicit
C1101	low-bandwidth	Low Bandwidth	digital-product	SK-SINGLE-STICKY	TY-SYSTEM-RAW	ink-underline	system	CS-SIGNAL	CH-DENSE	marketing	STYLE_ID=low-bandwidth; SKELETON=SK-SINGLE-STICKY; TYPE_ERA=TY-SYSTEM-RAW; CONTROL=ink-underline; MATERIAL=system; COLOUR_STRAT=CS-SIGNAL; CHROME=CH-DENSE; FEEL=few assets system fonts
C1102	print-stylesheet-web	Print-First Web	digital-product	SK-EDITORIAL-LONG	TY-SERIF-TEXT	ink-underline	print-paper	CS-PHOTO-LED	CH-IMMERSIVE	marketing	STYLE_ID=print-stylesheet-web; SKELETON=SK-EDITORIAL-LONG; TYPE_ERA=TY-SERIF-TEXT; CONTROL=ink-underline; MATERIAL=print-paper; COLOUR_STRAT=CS-PHOTO-LED; CHROME=CH-IMMERSIVE; FEEL=designed to print clean
C1103	amp-bare	Bare Content	digital-product	SK-BENTO	TY-SERIF-TEXT	ink-underline	reader	CS-CMYK-PROCESS	CH-NONE	marketing	STYLE_ID=amp-bare; SKELETON=SK-BENTO; TYPE_ERA=TY-SERIF-TEXT; CONTROL=ink-underline; MATERIAL=reader; COLOUR_STRAT=CS-CMYK-PROCESS; CHROME=CH-NONE; FEEL=reader mode aesthetic
C1104	newsletter-html	HTML Newsletter	digital-product	SK-TABLE-FIRST	TY-HUMANIST	filled-block	email-safe	CS-EARTH	CH-MIN	app	STYLE_ID=newsletter-html; SKELETON=SK-TABLE-FIRST; TYPE_ERA=TY-HUMANIST; CONTROL=filled-block; MATERIAL=email-safe; COLOUR_STRAT=CS-EARTH; CHROME=CH-MIN; FEEL=single column email constraints
C1105	pwa-install	PWA Utility	digital-product	SK-TIMELINE	TY-GROTESK-SOFT	pill	pwa	CS-OCEAN	CH-STANDARD	app	STYLE_ID=pwa-install; SKELETON=SK-TIMELINE; TYPE_ERA=TY-GROTESK-SOFT; CONTROL=pill; MATERIAL=pwa; COLOUR_STRAT=CS-OCEAN; CHROME=CH-STANDARD; FEEL=app-like simple install
C1106	ar-overlay	AR Overlay UI	digital-product	SK-MAP-STAGE	TY-GROTESK-SOFT	pill	hud-clear	CS-NEON-ON-DARK	CH-APP	app	STYLE_ID=ar-overlay; SKELETON=SK-MAP-STAGE; TYPE_ERA=TY-GROTESK-SOFT; CONTROL=pill; MATERIAL=hud-clear; COLOUR_STRAT=CS-NEON-ON-DARK; CHROME=CH-APP; FEEL=transparent HUD real world
C1107	watch-complication	Watch-scale	digital-product	SK-BOARD-KANBAN	TY-SYSTEM-RAW	sharp-0	watch	CS-DESAT-CORP	CH-DENSE	app	STYLE_ID=watch-complication; SKELETON=SK-BOARD-KANBAN; TYPE_ERA=TY-SYSTEM-RAW; CONTROL=sharp-0; MATERIAL=watch; COLOUR_STRAT=CS-DESAT-CORP; CHROME=CH-DENSE; FEEL=tiny dense complications
C1108	tv-10foot	10-foot UI	digital-product	SK-TICKET-STUB	TY-GROTESQUE	soft-rect	tv-dark	CS-HIGH-KEY	CH-IMMERSIVE	marketing	STYLE_ID=tv-10foot; SKELETON=SK-TICKET-STUB; TYPE_ERA=TY-GROTESQUE; CONTROL=soft-rect; MATERIAL=tv-dark; COLOUR_STRAT=CS-HIGH-KEY; CHROME=CH-IMMERSIVE; FEEL=huge focus living room
C1109	kiosk	Kiosk	digital-product	SK-LEDGER	TY-HUMANIST	filled-block	kiosk	CS-LOW-KEY	CH-NONE	app	STYLE_ID=kiosk; SKELETON=SK-LEDGER; TYPE_ERA=TY-HUMANIST; CONTROL=filled-block; MATERIAL=kiosk; COLOUR_STRAT=CS-LOW-KEY; CHROME=CH-NONE; FEEL=touch first timeout
C1110	pos-till	POS Till	digital-product	SK-TERMINAL	TY-INDUSTRIAL-COND	chunk-border	till	CS-SEPIA	CH-MIN	app	STYLE_ID=pos-till; SKELETON=SK-TERMINAL; TYPE_ERA=TY-INDUSTRIAL-COND; CONTROL=chunk-border; MATERIAL=till; COLOUR_STRAT=CS-SEPIA; CHROME=CH-MIN; FEEL=fast keys total
C1111	signage-digital	Digital Signage	digital-product	SK-POSTER	TY-INDUSTRIAL-COND	sharp-0	signage	CS-INVERTED	CH-STANDARD	marketing	STYLE_ID=signage-digital; SKELETON=SK-POSTER; TYPE_ERA=TY-INDUSTRIAL-COND; CONTROL=sharp-0; MATERIAL=signage; COLOUR_STRAT=CS-INVERTED; CHROME=CH-STANDARD; FEEL=distance legible loop
C1112	acid-graphix	Acid Graphics	internet-expanded	SK-BOTTOM-SHEET	TY-DISPLAY-EXTREME	chunk-border	acid-mesh	CS-REGIONAL-FLAG	CH-APP	mobile	STYLE_ID=acid-graphix; SKELETON=SK-BOTTOM-SHEET; TYPE_ERA=TY-DISPLAY-EXTREME; CONTROL=chunk-border; MATERIAL=acid-mesh; COLOUR_STRAT=CS-REGIONAL-FLAG; CHROME=CH-APP; FEEL=chaotic gradient mesh 90s revival
C1113	afrofuturism	Afrofuturism	internet-expanded	SK-TAB-DECK	TY-DISPLAY-EXTREME	sharp-0	futurist-pattern	CS-BRAND-LOCKUP	CH-DENSE	mobile	STYLE_ID=afrofuturism; SKELETON=SK-TAB-DECK; TYPE_ERA=TY-DISPLAY-EXTREME; CONTROL=sharp-0; MATERIAL=futurist-pattern; COLOUR_STRAT=CS-BRAND-LOCKUP; CHROME=CH-DENSE; FEEL=black futures tech myth
C1114	analog-horror	Analog Horror	internet-expanded	SK-WIZARD-STEPS	TY-SYSTEM-RAW	sharp-0	vhs-static	CS-MONO-PLUS	CH-IMMERSIVE	app	STYLE_ID=analog-horror; SKELETON=SK-WIZARD-STEPS; TYPE_ERA=TY-SYSTEM-RAW; CONTROL=sharp-0; MATERIAL=vhs-static; COLOUR_STRAT=CS-MONO-PLUS; CHROME=CH-IMMERSIVE; FEEL=VHS threat static
C1115	androgyne	Androgynous Fashion UI	internet-expanded	SK-SPLIT-INSPECTOR	TY-GROTESK-SOFT	ink-underline	fashion-min	CS-DUOTONE	CH-NONE	app	STYLE_ID=androgyne; SKELETON=SK-SPLIT-INSPECTOR; TYPE_ERA=TY-GROTESK-SOFT; CONTROL=ink-underline; MATERIAL=fashion-min; COLOUR_STRAT=CS-DUOTONE; CHROME=CH-NONE; FEEL=fluid minimal fashion
C1116	arcade-carpet	Arcade Carpet	internet-expanded	SK-DASH-METRIC	TY-PIXEL	chunk-border	arcade-carpet	CS-PRIMARY-TRIO	CH-MIN	app	STYLE_ID=arcade-carpet; SKELETON=SK-DASH-METRIC; TYPE_ERA=TY-PIXEL; CONTROL=chunk-border; MATERIAL=arcade-carpet; COLOUR_STRAT=CS-PRIMARY-TRIO; CHROME=CH-MIN; FEEL=wild pattern dark play
C1117	art-hoe	Art Hoe	internet-expanded	SK-GALLERY-INDEX	TY-MIXED-HIGH-CONTRAST	soft-rect	plant-collage	CS-TONAL	CH-STANDARD	marketing	STYLE_ID=art-hoe; SKELETON=SK-GALLERY-INDEX; TYPE_ERA=TY-MIXED-HIGH-CONTRAST; CONTROL=soft-rect; MATERIAL=plant-collage; COLOUR_STRAT=CS-TONAL; CHROME=CH-STANDARD; FEEL=creative colour plant collage
C1118	barbiecore	Barbiecore	internet-expanded	SK-ZINE-COLLAGE	TY-ROUNDED	pill	pink-plastic	CS-PAPER-INK	CH-APP	marketing	STYLE_ID=barbiecore; SKELETON=SK-ZINE-COLLAGE; TYPE_ERA=TY-ROUNDED; CONTROL=pill; MATERIAL=pink-plastic; COLOUR_STRAT=CS-PAPER-INK; CHROME=CH-APP; FEEL=hot pink plastic glamour
C1119	basement-swamp	Basement Swamp	internet-expanded	SK-BRUTAL-BLOCKS	TY-SYSTEM-RAW	chunk-border	damp	CS-DARK-STAGE	CH-DENSE	any	STYLE_ID=basement-swamp; SKELETON=SK-BRUTAL-BLOCKS; TYPE_ERA=TY-SYSTEM-RAW; CONTROL=chunk-border; MATERIAL=damp; COLOUR_STRAT=CS-DARK-STAGE; CHROME=CH-DENSE; FEEL=damp low-fi gross cute
C1120	beatnik	Beatnik	internet-expanded	SK-RAIL-DOCK	TY-OLDSTYLE-SERIF	ink-underline	black-coffee	CS-PASTEL-POP	CH-IMMERSIVE	app	STYLE_ID=beatnik; SKELETON=SK-RAIL-DOCK; TYPE_ERA=TY-OLDSTYLE-SERIF; CONTROL=ink-underline; MATERIAL=black-coffee; COLOUR_STRAT=CS-PASTEL-POP; CHROME=CH-IMMERSIVE; FEEL=black turtleneck jazz type
C1121	bioluminescent	Bioluminescent	internet-expanded	SK-CENTER-STAGE	TY-GROTESK-SOFT	pill	deep-glow	CS-SIGNAL	CH-NONE	marketing	STYLE_ID=bioluminescent; SKELETON=SK-CENTER-STAGE; TYPE_ERA=TY-GROTESK-SOFT; CONTROL=pill; MATERIAL=deep-glow; COLOUR_STRAT=CS-SIGNAL; CHROME=CH-NONE; FEEL=deep ocean glow
C1122	bookstore	Bookstore	internet-expanded	SK-NEWS-RIVER	TY-OLDSTYLE-SERIF	ink-underline	book-stack	CS-PHOTO-LED	CH-MIN	app	STYLE_ID=bookstore; SKELETON=SK-NEWS-RIVER; TYPE_ERA=TY-OLDSTYLE-SERIF; CONTROL=ink-underline; MATERIAL=book-stack; COLOUR_STRAT=CS-PHOTO-LED; CHROME=CH-MIN; FEEL=stacks stickers handwritten
C1123	bubblegum-crisis	Bubblegum 80s Anime	internet-expanded	SK-CALENDAR-SPINE	TY-GEOMETRIC	pill	chrome-pink	CS-CMYK-PROCESS	CH-STANDARD	app	STYLE_ID=bubblegum-crisis; SKELETON=SK-CALENDAR-SPINE; TYPE_ERA=TY-GEOMETRIC; CONTROL=pill; MATERIAL=chrome-pink; COLOUR_STRAT=CS-CMYK-PROCESS; CHROME=CH-STANDARD; FEEL=80s JP chrome pink
C1124	cabincore	Cabincore	internet-expanded	SK-MASONRY	TY-SLAB	chunk-border	log-cabin	CS-EARTH	CH-APP	marketing	STYLE_ID=cabincore; SKELETON=SK-MASONRY; TYPE_ERA=TY-SLAB; CONTROL=chunk-border; MATERIAL=log-cabin; COLOUR_STRAT=CS-EARTH; CHROME=CH-APP; FEEL=log cabin cozy forest
C1125	carnival	Carnival	internet-expanded	SK-SPLIT-DIAGONAL	TY-DISPLAY-EXTREME	ticket	carnival	CS-OCEAN	CH-DENSE	marketing	STYLE_ID=carnival; SKELETON=SK-SPLIT-DIAGONAL; TYPE_ERA=TY-DISPLAY-EXTREME; CONTROL=ticket; MATERIAL=carnival; COLOUR_STRAT=CS-OCEAN; CHROME=CH-DENSE; FEEL=tickets stripes loud fun
C1126	cartography-fantasy	Fantasy Map	internet-expanded	SK-FRAME-IN-FRAME	TY-OLDSTYLE-SERIF	ticket	parchment-map	CS-NEON-ON-DARK	CH-IMMERSIVE	marketing	STYLE_ID=cartography-fantasy; SKELETON=SK-FRAME-IN-FRAME; TYPE_ERA=TY-OLDSTYLE-SERIF; CONTROL=ticket; MATERIAL=parchment-map; COLOUR_STRAT=CS-NEON-ON-DARK; CHROME=CH-IMMERSIVE; FEEL=parchment compass roses
C1127	celtic-knot	Celtic Inspired	internet-expanded	SK-SIDE-SCROLL	TY-OLDSTYLE-SERIF	ink-underline	knot-stone	CS-DESAT-CORP	CH-NONE	marketing	STYLE_ID=celtic-knot; SKELETON=SK-SIDE-SCROLL; TYPE_ERA=TY-OLDSTYLE-SERIF; CONTROL=ink-underline; MATERIAL=knot-stone; COLOUR_STRAT=CS-DESAT-CORP; CHROME=CH-NONE; FEEL=knots stone green
C1128	chalkboard-menu	Chalkboard Menu	internet-expanded	SK-FIXED-TOC	TY-SCRIPT-SPARSE	chunk-border	chalkboard	CS-HIGH-KEY	CH-MIN	marketing	STYLE_ID=chalkboard-menu; SKELETON=SK-FIXED-TOC; TYPE_ERA=TY-SCRIPT-SPARSE; CONTROL=chunk-border; MATERIAL=chalkboard; COLOUR_STRAT=CS-HIGH-KEY; CHROME=CH-MIN; FEEL=hand chalk specials
C1129	circus-vintage	Vintage Circus	internet-expanded	SK-COMMAND-CENTER	TY-DISPLAY-EXTREME	ticket	circus	CS-LOW-KEY	CH-STANDARD	app	STYLE_ID=circus-vintage; SKELETON=SK-COMMAND-CENTER; TYPE_ERA=TY-DISPLAY-EXTREME; CONTROL=ticket; MATERIAL=circus; COLOUR_STRAT=CS-LOW-KEY; CHROME=CH-STANDARD; FEEL=rings posters spectacle
C1130	clockpunk	Clockpunk	internet-expanded	SK-INBOX-ZERO	TY-OLDSTYLE-SERIF	ticket	clockwork	CS-SEPIA	CH-APP	app	STYLE_ID=clockpunk; SKELETON=SK-INBOX-ZERO; TYPE_ERA=TY-OLDSTYLE-SERIF; CONTROL=ticket; MATERIAL=clockwork; COLOUR_STRAT=CS-SEPIA; CHROME=CH-APP; FEEL=clockwork precision
C1131	cloudcore	Cloudcore	internet-expanded	SK-STUDIO-CANVAS	TY-ROUNDED	pill	cloud	CS-INVERTED	CH-DENSE	app	STYLE_ID=cloudcore; SKELETON=SK-STUDIO-CANVAS; TYPE_ERA=TY-ROUNDED; CONTROL=pill; MATERIAL=cloud; COLOUR_STRAT=CS-INVERTED; CHROME=CH-DENSE; FEEL=soft sky dream clouds
C1132	clowncore	Clowncore	internet-expanded	SK-COMPARISON	TY-DISPLAY-EXTREME	chunk-border	clown-primary	CS-REGIONAL-FLAG	CH-IMMERSIVE	marketing	STYLE_ID=clowncore; SKELETON=SK-COMPARISON; TYPE_ERA=TY-DISPLAY-EXTREME; CONTROL=chunk-border; MATERIAL=clown-primary; COLOUR_STRAT=CS-REGIONAL-FLAG; CHROME=CH-IMMERSIVE; FEEL=chaotic primary silly
C1133	coral-reef	Coral Reef	internet-expanded	SK-PRICING-LADDER	TY-ROUNDED	pill	coral	CS-BRAND-LOCKUP	CH-NONE	marketing	STYLE_ID=coral-reef; SKELETON=SK-PRICING-LADDER; TYPE_ERA=TY-ROUNDED; CONTROL=pill; MATERIAL=coral; COLOUR_STRAT=CS-BRAND-LOCKUP; CHROME=CH-NONE; FEEL=underwater saturated life
C1134	corporate-grunge	Corporate Grunge	internet-expanded	SK-MANIFEST-LIST	TY-MIXED-HIGH-CONTRAST	chunk-border	office-decay	CS-MONO-PLUS	CH-MIN	app	STYLE_ID=corporate-grunge; SKELETON=SK-MANIFEST-LIST; TYPE_ERA=TY-MIXED-HIGH-CONTRAST; CONTROL=chunk-border; MATERIAL=office-decay; COLOUR_STRAT=CS-MONO-PLUS; CHROME=CH-MIN; FEEL=office decay irony
C1135	cozy-game-ui	Cozy Stardew-like	internet-expanded	SK-SCOREBOARD	TY-ROUNDED	pill	cozy-farm	CS-DUOTONE	CH-STANDARD	app	STYLE_ID=cozy-game-ui; SKELETON=SK-SCOREBOARD; TYPE_ERA=TY-ROUNDED; CONTROL=pill; MATERIAL=cozy-farm; COLOUR_STRAT=CS-DUOTONE; CHROME=CH-STANDARD; FEEL=farm soft pixel-adjacent
C1136	cyber-pretty	Cyber Pretty	internet-expanded	SK-COCKPIT-STRIP	TY-ROUNDED	pill	pink-chrome	CS-PRIMARY-TRIO	CH-APP	app	STYLE_ID=cyber-pretty; SKELETON=SK-COCKPIT-STRIP; TYPE_ERA=TY-ROUNDED; CONTROL=pill; MATERIAL=pink-chrome; COLOUR_STRAT=CS-PRIMARY-TRIO; CHROME=CH-APP; FEEL=cute tech pink chrome
C1137	dark-ocean	Dark Ocean	internet-expanded	SK-FOLIO-SPREAD	TY-GROTESK-SOFT	sharp-0	abyss	CS-TONAL	CH-DENSE	marketing	STYLE_ID=dark-ocean; SKELETON=SK-FOLIO-SPREAD; TYPE_ERA=TY-GROTESK-SOFT; CONTROL=sharp-0; MATERIAL=abyss; COLOUR_STRAT=CS-TONAL; CHROME=CH-DENSE; FEEL=abyss pressure blue-black
C1138	desert-modern	Desert Modern	internet-expanded	SK-STAMP-SHEET	TY-HUMANIST	sharp-0	adobe	CS-PAPER-INK	CH-IMMERSIVE	marketing	STYLE_ID=desert-modern; SKELETON=SK-STAMP-SHEET; TYPE_ERA=TY-HUMANIST; CONTROL=sharp-0; MATERIAL=adobe; COLOUR_STRAT=CS-PAPER-INK; CHROME=CH-IMMERSIVE; FEEL=adobe midcentury heat
C1139	diesel-workshop	Diesel Workshop	internet-expanded	SK-DOCKED-FAB	TY-INDUSTRIAL-COND	chunk-border	oil-rag	CS-DARK-STAGE	CH-NONE	mobile	STYLE_ID=diesel-workshop; SKELETON=SK-DOCKED-FAB; TYPE_ERA=TY-INDUSTRIAL-COND; CONTROL=chunk-border; MATERIAL=oil-rag; COLOUR_STRAT=CS-DARK-STAGE; CHROME=CH-NONE; FEEL=oil tools manuals
C1140	diner-americana	Americana Diner	internet-expanded	SK-PEEK-CARDS	TY-DISPLAY-EXTREME	chunk-border	checkered	CS-PASTEL-POP	CH-MIN	mobile	STYLE_ID=diner-americana; SKELETON=SK-PEEK-CARDS; TYPE_ERA=TY-DISPLAY-EXTREME; CONTROL=chunk-border; MATERIAL=checkered; COLOUR_STRAT=CS-PASTEL-POP; CHROME=CH-MIN; FEEL=checkered cherry red
C1141	dungeon-synth	Dungeon Synth	internet-expanded	SK-RADIO-TUNER	TY-BLACKLETTER-SPARSE	sharp-0	dungeon	CS-SIGNAL	CH-STANDARD	app	STYLE_ID=dungeon-synth; SKELETON=SK-RADIO-TUNER; TYPE_ERA=TY-BLACKLETTER-SPARSE; CONTROL=sharp-0; MATERIAL=dungeon; COLOUR_STRAT=CS-SIGNAL; CHROME=CH-STANDARD; FEEL=lo-fi medieval dark
C1142	editorial-new-york	NY Editorial	internet-expanded	SK-FILMSTRIP	TY-MODERN-SERIF	ink-underline	ny-edit	CS-PHOTO-LED	CH-APP	marketing	STYLE_ID=editorial-new-york; SKELETON=SK-FILMSTRIP; TYPE_ERA=TY-MODERN-SERIF; CONTROL=ink-underline; MATERIAL=ny-edit; COLOUR_STRAT=CS-PHOTO-LED; CHROME=CH-APP; FEEL=intellectual black white
C1143	egyptian-revival	Egyptian Revival	internet-expanded	SK-ORBIT-META	TY-GEOMETRIC	sharp-0	nile-gold	CS-CMYK-PROCESS	CH-DENSE	marketing	STYLE_ID=egyptian-revival; SKELETON=SK-ORBIT-META; TYPE_ERA=TY-GEOMETRIC; CONTROL=sharp-0; MATERIAL=nile-gold; COLOUR_STRAT=CS-CMYK-PROCESS; CHROME=CH-DENSE; FEEL=deco nile geometry
C1144	electroclash	Electroclash	internet-expanded	SK-SPLIT-DEPTH	TY-DISPLAY-EXTREME	sharp-0	club-irony	CS-EARTH	CH-IMMERSIVE	marketing	STYLE_ID=electroclash; SKELETON=SK-SPLIT-DEPTH; TYPE_ERA=TY-DISPLAY-EXTREME; CONTROL=sharp-0; MATERIAL=club-irony; COLOUR_STRAT=CS-EARTH; CHROME=CH-IMMERSIVE; FEEL=2000s club irony
C1145	elfcore	Elfcore	internet-expanded	SK-CHECKOUT-TUNNEL	TY-DIDONE-LUX	ink-underline	forest-ethereal	CS-OCEAN	CH-NONE	marketing	STYLE_ID=elfcore; SKELETON=SK-CHECKOUT-TUNNEL; TYPE_ERA=TY-DIDONE-LUX; CONTROL=ink-underline; MATERIAL=forest-ethereal; COLOUR_STRAT=CS-OCEAN; CHROME=CH-NONE; FEEL=ethereal forest elegant
C1146	equestrian	Equestrian	internet-expanded	SK-CHAT-THREAD	TY-TRANSITIONAL-SERIF	chunk-border	leather-brass	CS-NEON-ON-DARK	CH-MIN	app	STYLE_ID=equestrian; SKELETON=SK-CHAT-THREAD; TYPE_ERA=TY-TRANSITIONAL-SERIF; CONTROL=chunk-border; MATERIAL=leather-brass; COLOUR_STRAT=CS-NEON-ON-DARK; CHROME=CH-MIN; FEEL=leather brass riding
C1147	estate-sale	Estate Sale	internet-expanded	SK-NOTIFICATION-STACK	TY-MIXED-HIGH-CONTRAST	ticket	thrift	CS-DESAT-CORP	CH-STANDARD	mobile	STYLE_ID=estate-sale; SKELETON=SK-NOTIFICATION-STACK; TYPE_ERA=TY-MIXED-HIGH-CONTRAST; CONTROL=ticket; MATERIAL=thrift; COLOUR_STRAT=CS-DESAT-CORP; CHROME=CH-STANDARD; FEEL=thrifted mixed decades
C1148	fantasy-rpg-ui	Fantasy RPG UI	internet-expanded	SK-DIRECTORY	TY-OLDSTYLE-SERIF	ticket	rpg-parchment	CS-HIGH-KEY	CH-APP	app	STYLE_ID=fantasy-rpg-ui; SKELETON=SK-DIRECTORY; TYPE_ERA=TY-OLDSTYLE-SERIF; CONTROL=ticket; MATERIAL=rpg-parchment; COLOUR_STRAT=CS-HIGH-KEY; CHROME=CH-APP; FEEL=parchment bars spells
C1149	fauvist	Fauvist Colour	internet-expanded	SK-ATLAS-PLATES	TY-DISPLAY-EXTREME	chunk-border	wild-colour	CS-LOW-KEY	CH-DENSE	marketing	STYLE_ID=fauvist; SKELETON=SK-ATLAS-PLATES; TYPE_ERA=TY-DISPLAY-EXTREME; CONTROL=chunk-border; MATERIAL=wild-colour; COLOUR_STRAT=CS-LOW-KEY; CHROME=CH-DENSE; FEEL=wild non-natural colour
C1150	festival-boho	Festival Boho	internet-expanded	SK-HERO-SPLIT	TY-HUMANIST	pill	dust-sunset	CS-SEPIA	CH-IMMERSIVE	marketing	STYLE_ID=festival-boho; SKELETON=SK-HERO-SPLIT; TYPE_ERA=TY-HUMANIST; CONTROL=pill; MATERIAL=dust-sunset; COLOUR_STRAT=CS-SEPIA; CHROME=CH-IMMERSIVE; FEEL=fringe dust sunset
C1151	film-noir	Film Noir	internet-expanded	SK-SINGLE-STICKY	TY-TRANSITIONAL-SERIF	sharp-0	noir-shadow	CS-INVERTED	CH-NONE	marketing	STYLE_ID=film-noir; SKELETON=SK-SINGLE-STICKY; TYPE_ERA=TY-TRANSITIONAL-SERIF; CONTROL=sharp-0; MATERIAL=noir-shadow; COLOUR_STRAT=CS-INVERTED; CHROME=CH-NONE; FEEL=venetian blinds shadow
C1152	flatwood	Flatwoods	internet-expanded	SK-EDITORIAL-LONG	TY-SYSTEM-RAW	sharp-0	fog-rural	CS-REGIONAL-FLAG	CH-MIN	marketing	STYLE_ID=flatwood; SKELETON=SK-EDITORIAL-LONG; TYPE_ERA=TY-SYSTEM-RAW; CONTROL=sharp-0; MATERIAL=fog-rural; COLOUR_STRAT=CS-REGIONAL-FLAG; CHROME=CH-MIN; FEEL=cryptid fog rural
C1153	floral-maximal	Floral Maximal	internet-expanded	SK-BENTO	TY-OLDSTYLE-SERIF	soft-rect	floral-max	CS-BRAND-LOCKUP	CH-STANDARD	marketing	STYLE_ID=floral-maximal; SKELETON=SK-BENTO; TYPE_ERA=TY-OLDSTYLE-SERIF; CONTROL=soft-rect; MATERIAL=floral-max; COLOUR_STRAT=CS-BRAND-LOCKUP; CHROME=CH-STANDARD; FEEL=wall-to-wall botanicals
C1154	forest-punk	Forest Punk	internet-expanded	SK-TABLE-FIRST	TY-MIXED-HIGH-CONTRAST	chunk-border	green-tech	CS-MONO-PLUS	CH-APP	app	STYLE_ID=forest-punk; SKELETON=SK-TABLE-FIRST; TYPE_ERA=TY-MIXED-HIGH-CONTRAST; CONTROL=chunk-border; MATERIAL=green-tech; COLOUR_STRAT=CS-MONO-PLUS; CHROME=CH-APP; FEEL=green anarchic nature tech
C1155	frozen-dairy	Ice Cream Parlour	internet-expanded	SK-TIMELINE	TY-ROUNDED	pill	ice-cream	CS-DUOTONE	CH-DENSE	app	STYLE_ID=frozen-dairy; SKELETON=SK-TIMELINE; TYPE_ERA=TY-ROUNDED; CONTROL=pill; MATERIAL=ice-cream; COLOUR_STRAT=CS-DUOTONE; CHROME=CH-DENSE; FEEL=pastel scoops chrome
C1156	garage-kit	Garage Kit	internet-expanded	SK-MAP-STAGE	TY-SYSTEM-RAW	chunk-border	model-paint	CS-PRIMARY-TRIO	CH-IMMERSIVE	app	STYLE_ID=garage-kit; SKELETON=SK-MAP-STAGE; TYPE_ERA=TY-SYSTEM-RAW; CONTROL=chunk-border; MATERIAL=model-paint; COLOUR_STRAT=CS-PRIMARY-TRIO; CHROME=CH-IMMERSIVE; FEEL=hobby model paint
C1157	garden-formal	Formal Garden	internet-expanded	SK-BOARD-KANBAN	TY-TRANSITIONAL-SERIF	ink-underline	hedge	CS-TONAL	CH-NONE	app	STYLE_ID=garden-formal; SKELETON=SK-BOARD-KANBAN; TYPE_ERA=TY-TRANSITIONAL-SERIF; CONTROL=ink-underline; MATERIAL=hedge; COLOUR_STRAT=CS-TONAL; CHROME=CH-NONE; FEEL=symmetry hedges paths
C1158	gas-station-night	Night Gas Station	internet-expanded	SK-TICKET-STUB	TY-SYSTEM-RAW	sharp-0	fluorescent	CS-PAPER-INK	CH-MIN	marketing	STYLE_ID=gas-station-night; SKELETON=SK-TICKET-STUB; TYPE_ERA=TY-SYSTEM-RAW; CONTROL=sharp-0; MATERIAL=fluorescent; COLOUR_STRAT=CS-PAPER-INK; CHROME=CH-MIN; FEEL=fluorescent loneliness
C1159	glitch-art	Glitch Art	internet-expanded	SK-LEDGER	TY-MONO-DATA	sharp-0	rgb-split	CS-DARK-STAGE	CH-STANDARD	app	STYLE_ID=glitch-art; SKELETON=SK-LEDGER; TYPE_ERA=TY-MONO-DATA; CONTROL=sharp-0; MATERIAL=rgb-split; COLOUR_STRAT=CS-DARK-STAGE; CHROME=CH-STANDARD; FEEL=corruption RGB split
C1160	gothic-revival	Gothic Revival	internet-expanded	SK-TERMINAL	TY-BLACKLETTER-SPARSE	ink-underline	gothic-stone	CS-PASTEL-POP	CH-APP	app	STYLE_ID=gothic-revival; SKELETON=SK-TERMINAL; TYPE_ERA=TY-BLACKLETTER-SPARSE; CONTROL=ink-underline; MATERIAL=gothic-stone; COLOUR_STRAT=CS-PASTEL-POP; CHROME=CH-APP; FEEL=pointed arches romantic
C1161	grand-budapest	Grand Budapest-like	internet-expanded	SK-POSTER	TY-DIDONE-LUX	soft-rect	pastel-hotel	CS-SIGNAL	CH-DENSE	marketing	STYLE_ID=grand-budapest; SKELETON=SK-POSTER; TYPE_ERA=TY-DIDONE-LUX; CONTROL=soft-rect; MATERIAL=pastel-hotel; COLOUR_STRAT=CS-SIGNAL; CHROME=CH-DENSE; FEEL=pastel symmetric hotel
C1162	greenhouse	Greenhouse	internet-expanded	SK-BOTTOM-SHEET	TY-HUMANIST	soft-rect	greenhouse	CS-PHOTO-LED	CH-IMMERSIVE	mobile	STYLE_ID=greenhouse; SKELETON=SK-BOTTOM-SHEET; TYPE_ERA=TY-HUMANIST; CONTROL=soft-rect; MATERIAL=greenhouse; COLOUR_STRAT=CS-PHOTO-LED; CHROME=CH-IMMERSIVE; FEEL=glass humidity plants
C1163	grocery-90s	90s Grocery	internet-expanded	SK-TAB-DECK	TY-SYSTEM-RAW	filled-block	promo-clip	CS-CMYK-PROCESS	CH-NONE	mobile	STYLE_ID=grocery-90s; SKELETON=SK-TAB-DECK; TYPE_ERA=TY-SYSTEM-RAW; CONTROL=filled-block; MATERIAL=promo-clip; COLOUR_STRAT=CS-CMYK-PROCESS; CHROME=CH-NONE; FEEL=loud promo clipart
C1164	grunge-90s	90s Grunge	internet-expanded	SK-WIZARD-STEPS	TY-MIXED-HIGH-CONTRAST	chunk-border	flannel	CS-EARTH	CH-MIN	app	STYLE_ID=grunge-90s; SKELETON=SK-WIZARD-STEPS; TYPE_ERA=TY-MIXED-HIGH-CONTRAST; CONTROL=chunk-border; MATERIAL=flannel; COLOUR_STRAT=CS-EARTH; CHROME=CH-MIN; FEEL=flannel dirt type
C1165	halloween-classic	Classic Halloween	internet-expanded	SK-SPLIT-INSPECTOR	TY-DISPLAY-EXTREME	chunk-border	orange-black	CS-OCEAN	CH-STANDARD	app	STYLE_ID=halloween-classic; SKELETON=SK-SPLIT-INSPECTOR; TYPE_ERA=TY-DISPLAY-EXTREME; CONTROL=chunk-border; MATERIAL=orange-black; COLOUR_STRAT=CS-OCEAN; CHROME=CH-STANDARD; FEEL=orange black cutout
C1166	harbor-fog	Harbor Fog	internet-expanded	SK-DASH-METRIC	TY-HUMANIST	chunk-border	fog-harbour	CS-NEON-ON-DARK	CH-APP	app	STYLE_ID=harbor-fog; SKELETON=SK-DASH-METRIC; TYPE_ERA=TY-HUMANIST; CONTROL=chunk-border; MATERIAL=fog-harbour; COLOUR_STRAT=CS-NEON-ON-DARK; CHROME=CH-APP; FEEL=grey wet horns
C1167	harlem-renaissance	Harlem Renaissance Inspired	internet-expanded	SK-GALLERY-INDEX	TY-DIDONE-LUX	ink-underline	jazz-gold	CS-DESAT-CORP	CH-DENSE	marketing	STYLE_ID=harlem-renaissance; SKELETON=SK-GALLERY-INDEX; TYPE_ERA=TY-DIDONE-LUX; CONTROL=ink-underline; MATERIAL=jazz-gold; COLOUR_STRAT=CS-DESAT-CORP; CHROME=CH-DENSE; FEEL=jazz art deco black culture
C1168	haunted-mansion	Haunted Mansion	internet-expanded	SK-ZINE-COLLAGE	TY-OLDSTYLE-SERIF	ink-underline	haunted-victorian	CS-HIGH-KEY	CH-IMMERSIVE	marketing	STYLE_ID=haunted-mansion; SKELETON=SK-ZINE-COLLAGE; TYPE_ERA=TY-OLDSTYLE-SERIF; CONTROL=ink-underline; MATERIAL=haunted-victorian; COLOUR_STRAT=CS-HIGH-KEY; CHROME=CH-IMMERSIVE; FEEL=victorian gloom fun
C1169	hedgewitch	Hedge Witch	internet-expanded	SK-BRUTAL-BLOCKS	TY-OLDSTYLE-SERIF	ink-underline	herb	CS-LOW-KEY	CH-NONE	any	STYLE_ID=hedgewitch; SKELETON=SK-BRUTAL-BLOCKS; TYPE_ERA=TY-OLDSTYLE-SERIF; CONTROL=ink-underline; MATERIAL=herb; COLOUR_STRAT=CS-LOW-KEY; CHROME=CH-NONE; FEEL=herbal practical mystic
C1170	hikecore	Hikecore	internet-expanded	SK-RAIL-DOCK	TY-HUMANIST	chunk-border	trail-map	CS-SEPIA	CH-MIN	app	STYLE_ID=hikecore; SKELETON=SK-RAIL-DOCK; TYPE_ERA=TY-HUMANIST; CONTROL=chunk-border; MATERIAL=trail-map; COLOUR_STRAT=CS-SEPIA; CHROME=CH-MIN; FEEL=trail maps layers packs
C1171	holiday-resort	Holiday Resort	internet-expanded	SK-CENTER-STAGE	TY-HUMANIST	pill	resort-blue	CS-INVERTED	CH-STANDARD	marketing	STYLE_ID=holiday-resort; SKELETON=SK-CENTER-STAGE; TYPE_ERA=TY-HUMANIST; CONTROL=pill; MATERIAL=resort-blue; COLOUR_STRAT=CS-INVERTED; CHROME=CH-STANDARD; FEEL=brochure pool blue
C1172	horror-pulp	Pulp Horror	internet-expanded	SK-NEWS-RIVER	TY-DISPLAY-EXTREME	chunk-border	pulp	CS-REGIONAL-FLAG	CH-APP	app	STYLE_ID=horror-pulp; SKELETON=SK-NEWS-RIVER; TYPE_ERA=TY-DISPLAY-EXTREME; CONTROL=chunk-border; MATERIAL=pulp; COLOUR_STRAT=CS-REGIONAL-FLAG; CHROME=CH-APP; FEEL=lurid covers type
C1173	hospital-retro	Retro Hospital	internet-expanded	SK-CALENDAR-SPINE	TY-HUMANIST	soft-rect	mint-tile	CS-BRAND-LOCKUP	CH-DENSE	app	STYLE_ID=hospital-retro; SKELETON=SK-CALENDAR-SPINE; TYPE_ERA=TY-HUMANIST; CONTROL=soft-rect; MATERIAL=mint-tile; COLOUR_STRAT=CS-BRAND-LOCKUP; CHROME=CH-DENSE; FEEL=mint tile midcentury med
C1174	hot-rod	Hot Rod	internet-expanded	SK-MASONRY	TY-DISPLAY-EXTREME	sharp-0	flame-chrome	CS-MONO-PLUS	CH-IMMERSIVE	marketing	STYLE_ID=hot-rod; SKELETON=SK-MASONRY; TYPE_ERA=TY-DISPLAY-EXTREME; CONTROL=sharp-0; MATERIAL=flame-chrome; COLOUR_STRAT=CS-MONO-PLUS; CHROME=CH-IMMERSIVE; FEEL=flames chrome racing
C1175	iceberg	Iceberg	internet-expanded	SK-SPLIT-DIAGONAL	TY-GROTESK-SOFT	sharp-0	iceberg	CS-DUOTONE	CH-NONE	marketing	STYLE_ID=iceberg; SKELETON=SK-SPLIT-DIAGONAL; TYPE_ERA=TY-GROTESK-SOFT; CONTROL=sharp-0; MATERIAL=iceberg; COLOUR_STRAT=CS-DUOTONE; CHROME=CH-NONE; FEEL=cold minimal tip deep
C1176	indie-folk-web	Indie Folk Web	internet-expanded	SK-FRAME-IN-FRAME	TY-OLDSTYLE-SERIF	soft-rect	handdrawn	CS-PRIMARY-TRIO	CH-MIN	marketing	STYLE_ID=indie-folk-web; SKELETON=SK-FRAME-IN-FRAME; TYPE_ERA=TY-OLDSTYLE-SERIF; CONTROL=soft-rect; MATERIAL=handdrawn; COLOUR_STRAT=CS-PRIMARY-TRIO; CHROME=CH-MIN; FEEL=handdrawn soft acoustic
C1177	industrial-ballet	Industrial Ballet	internet-expanded	SK-SIDE-SCROLL	TY-MIXED-HIGH-CONTRAST	sharp-0	machine-grace	CS-TONAL	CH-STANDARD	marketing	STYLE_ID=industrial-ballet; SKELETON=SK-SIDE-SCROLL; TYPE_ERA=TY-MIXED-HIGH-CONTRAST; CONTROL=sharp-0; MATERIAL=machine-grace; COLOUR_STRAT=CS-TONAL; CHROME=CH-STANDARD; FEEL=grace in machinery
C1178	ink-bleed	Ink Bleed	internet-expanded	SK-FIXED-TOC	TY-OLDSTYLE-SERIF	ink-underline	wet-ink	CS-PAPER-INK	CH-APP	marketing	STYLE_ID=ink-bleed; SKELETON=SK-FIXED-TOC; TYPE_ERA=TY-OLDSTYLE-SERIF; CONTROL=ink-underline; MATERIAL=wet-ink; COLOUR_STRAT=CS-PAPER-INK; CHROME=CH-APP; FEEL=wet paper spread
C1179	jazz-club	Jazz Club	internet-expanded	SK-COMMAND-CENTER	TY-DIDONE-LUX	ink-underline	brass-smoke	CS-DARK-STAGE	CH-DENSE	app	STYLE_ID=jazz-club; SKELETON=SK-COMMAND-CENTER; TYPE_ERA=TY-DIDONE-LUX; CONTROL=ink-underline; MATERIAL=brass-smoke; COLOUR_STRAT=CS-DARK-STAGE; CHROME=CH-DENSE; FEEL=low light brass smoke
C1180	journal-bullet	Bullet Journal	internet-expanded	SK-INBOX-ZERO	TY-HUMANIST	soft-rect	dot-grid	CS-PASTEL-POP	CH-IMMERSIVE	app	STYLE_ID=journal-bullet; SKELETON=SK-INBOX-ZERO; TYPE_ERA=TY-HUMANIST; CONTROL=soft-rect; MATERIAL=dot-grid; COLOUR_STRAT=CS-PASTEL-POP; CHROME=CH-IMMERSIVE; FEEL=dotted grids habit
C1181	jungle-modern	Jungle Modern	internet-expanded	SK-STUDIO-CANVAS	TY-HUMANIST	soft-rect	jungle-modern	CS-SIGNAL	CH-NONE	app	STYLE_ID=jungle-modern; SKELETON=SK-STUDIO-CANVAS; TYPE_ERA=TY-HUMANIST; CONTROL=soft-rect; MATERIAL=jungle-modern; COLOUR_STRAT=CS-SIGNAL; CHROME=CH-NONE; FEEL=lush leaf modern furniture
C1182	kayak-outdoor	Paddle Outdoor	internet-expanded	SK-COMPARISON	TY-HUMANIST	chunk-border	river	CS-PHOTO-LED	CH-MIN	marketing	STYLE_ID=kayak-outdoor; SKELETON=SK-COMPARISON; TYPE_ERA=TY-HUMANIST; CONTROL=chunk-border; MATERIAL=river; COLOUR_STRAT=CS-PHOTO-LED; CHROME=CH-MIN; FEEL=river bright functional
C1183	kitchen-70s	1970s Kitchen	internet-expanded	SK-PRICING-LADDER	TY-GEOMETRIC	soft-rect	avocado-gold	CS-CMYK-PROCESS	CH-STANDARD	marketing	STYLE_ID=kitchen-70s; SKELETON=SK-PRICING-LADDER; TYPE_ERA=TY-GEOMETRIC; CONTROL=soft-rect; MATERIAL=avocado-gold; COLOUR_STRAT=CS-CMYK-PROCESS; CHROME=CH-STANDARD; FEEL=avocado harvest gold
C1184	lab-core	Labcore	internet-expanded	SK-MANIFEST-LIST	TY-MONO-DATA	sharp-0	beaker	CS-EARTH	CH-APP	app	STYLE_ID=lab-core; SKELETON=SK-MANIFEST-LIST; TYPE_ERA=TY-MONO-DATA; CONTROL=sharp-0; MATERIAL=beaker; COLOUR_STRAT=CS-EARTH; CHROME=CH-APP; FEEL=beakers clean curiosity
C1185	library-public	Public Library	internet-expanded	SK-SCOREBOARD	TY-HUMANIST	ink-underline	library-public	CS-OCEAN	CH-DENSE	app	STYLE_ID=library-public; SKELETON=SK-SCOREBOARD; TYPE_ERA=TY-HUMANIST; CONTROL=ink-underline; MATERIAL=library-public; COLOUR_STRAT=CS-OCEAN; CHROME=CH-DENSE; FEEL= Dewey calm helpful
C1186	lighthouse	Lighthouse	internet-expanded	SK-COCKPIT-STRIP	TY-HUMANIST	chunk-border	lighthouse	CS-NEON-ON-DARK	CH-IMMERSIVE	app	STYLE_ID=lighthouse; SKELETON=SK-COCKPIT-STRIP; TYPE_ERA=TY-HUMANIST; CONTROL=chunk-border; MATERIAL=lighthouse; COLOUR_STRAT=CS-NEON-ON-DARK; CHROME=CH-IMMERSIVE; FEEL=beam night sea
C1187	linen-spa	Linen Spa	internet-expanded	SK-FOLIO-SPREAD	TY-HUMANIST	pill	linen-spa	CS-DESAT-CORP	CH-NONE	marketing	STYLE_ID=linen-spa; SKELETON=SK-FOLIO-SPREAD; TYPE_ERA=TY-HUMANIST; CONTROL=pill; MATERIAL=linen-spa; COLOUR_STRAT=CS-DESAT-CORP; CHROME=CH-NONE; FEEL=beige calm wellness
C1188	lipstick-print	Lipstick Pop	internet-expanded	SK-STAMP-SHEET	TY-DIDONE-LUX	pill	lipstick	CS-HIGH-KEY	CH-MIN	marketing	STYLE_ID=lipstick-print; SKELETON=SK-STAMP-SHEET; TYPE_ERA=TY-DIDONE-LUX; CONTROL=pill; MATERIAL=lipstick; COLOUR_STRAT=CS-HIGH-KEY; CHROME=CH-MIN; FEEL=beauty print bold
C1189	loft-artist	Artist Loft	internet-expanded	SK-DOCKED-FAB	TY-MIXED-HIGH-CONTRAST	sharp-0	paint-loft	CS-LOW-KEY	CH-STANDARD	mobile	STYLE_ID=loft-artist; SKELETON=SK-DOCKED-FAB; TYPE_ERA=TY-MIXED-HIGH-CONTRAST; CONTROL=sharp-0; MATERIAL=paint-loft; COLOUR_STRAT=CS-LOW-KEY; CHROME=CH-STANDARD; FEEL=paint splatter white space
C1190	lumberjack	Lumberjack	internet-expanded	SK-PEEK-CARDS	TY-SLAB	chunk-border	plaid	CS-SEPIA	CH-APP	mobile	STYLE_ID=lumberjack; SKELETON=SK-PEEK-CARDS; TYPE_ERA=TY-SLAB; CONTROL=chunk-border; MATERIAL=plaid; COLOUR_STRAT=CS-SEPIA; CHROME=CH-APP; FEEL=plaid timber axe
C1191	lunar	Lunar	internet-expanded	SK-RADIO-TUNER	TY-GROTESK-SOFT	sharp-0	moon-dust	CS-INVERTED	CH-DENSE	app	STYLE_ID=lunar; SKELETON=SK-RADIO-TUNER; TYPE_ERA=TY-GROTESK-SOFT; CONTROL=sharp-0; MATERIAL=moon-dust; COLOUR_STRAT=CS-INVERTED; CHROME=CH-DENSE; FEEL=moon dust silver quiet
C1192	magic-marker	Magic Marker	internet-expanded	SK-FILMSTRIP	TY-DISPLAY-EXTREME	chunk-border	marker	CS-REGIONAL-FLAG	CH-IMMERSIVE	marketing	STYLE_ID=magic-marker; SKELETON=SK-FILMSTRIP; TYPE_ERA=TY-DISPLAY-EXTREME; CONTROL=chunk-border; MATERIAL=marker; COLOUR_STRAT=CS-REGIONAL-FLAG; CHROME=CH-IMMERSIVE; FEEL=hand thick marker
C1193	marine-biology	Marine Biology	internet-expanded	SK-ORBIT-META	TY-SERIF-TEXT	sharp-0	specimen-blue	CS-BRAND-LOCKUP	CH-NONE	marketing	STYLE_ID=marine-biology; SKELETON=SK-ORBIT-META; TYPE_ERA=TY-SERIF-TEXT; CONTROL=sharp-0; MATERIAL=specimen-blue; COLOUR_STRAT=CS-BRAND-LOCKUP; CHROME=CH-NONE; FEEL=specimen blue scientific
C1194	marketplace-bazaar	Bazaar	internet-expanded	SK-SPLIT-DEPTH	TY-MIXED-HIGH-CONTRAST	chunk-border	bazaar	CS-MONO-PLUS	CH-MIN	marketing	STYLE_ID=marketplace-bazaar; SKELETON=SK-SPLIT-DEPTH; TYPE_ERA=TY-MIXED-HIGH-CONTRAST; CONTROL=chunk-border; MATERIAL=bazaar; COLOUR_STRAT=CS-MONO-PLUS; CHROME=CH-MIN; FEEL=dense stalls colour
C1195	meadow	Meadow	internet-expanded	SK-CHECKOUT-TUNNEL	TY-OLDSTYLE-SERIF	soft-rect	wildflower	CS-DUOTONE	CH-STANDARD	marketing	STYLE_ID=meadow; SKELETON=SK-CHECKOUT-TUNNEL; TYPE_ERA=TY-OLDSTYLE-SERIF; CONTROL=soft-rect; MATERIAL=wildflower; COLOUR_STRAT=CS-DUOTONE; CHROME=CH-STANDARD; FEEL=wildflower soft horizontal
C1196	medical-flat	Medical Flat Iconic	internet-expanded	SK-CHAT-THREAD	TY-HUMANIST	soft-rect	medical-flat	CS-PRIMARY-TRIO	CH-APP	app	STYLE_ID=medical-flat; SKELETON=SK-CHAT-THREAD; TYPE_ERA=TY-HUMANIST; CONTROL=soft-rect; MATERIAL=medical-flat; COLOUR_STRAT=CS-PRIMARY-TRIO; CHROME=CH-APP; FEEL=clean clinical flat
C1197	memphis-lite	Memphis Lite	internet-expanded	SK-NOTIFICATION-STACK	TY-GEOMETRIC	pill	memphis-soft	CS-TONAL	CH-DENSE	mobile	STYLE_ID=memphis-lite; SKELETON=SK-NOTIFICATION-STACK; TYPE_ERA=TY-GEOMETRIC; CONTROL=pill; MATERIAL=memphis-soft; COLOUR_STRAT=CS-TONAL; CHROME=CH-DENSE; FEEL=softer memphis shapes
C1198	military-surplus	Military Surplus	internet-expanded	SK-DIRECTORY	TY-STENCIL	chunk-border	olive-drab	CS-PAPER-INK	CH-IMMERSIVE	app	STYLE_ID=military-surplus; SKELETON=SK-DIRECTORY; TYPE_ERA=TY-STENCIL; CONTROL=chunk-border; MATERIAL=olive-drab; COLOUR_STRAT=CS-PAPER-INK; CHROME=CH-IMMERSIVE; FEEL=olive stencil util
C1199	mineral	Mineral	internet-expanded	SK-ATLAS-PLATES	TY-GEOMETRIC	sharp-0	crystal	CS-DARK-STAGE	CH-NONE	marketing	STYLE_ID=mineral; SKELETON=SK-ATLAS-PLATES; TYPE_ERA=TY-GEOMETRIC; CONTROL=sharp-0; MATERIAL=crystal; COLOUR_STRAT=CS-DARK-STAGE; CHROME=CH-NONE; FEEL=geodes crystal facets
C1200	minimal-swiss-dark	Dark Swiss	internet-expanded	SK-HERO-SPLIT	TY-GROTESQUE	ink-underline	dark-swiss	CS-PASTEL-POP	CH-MIN	marketing	STYLE_ID=minimal-swiss-dark; SKELETON=SK-HERO-SPLIT; TYPE_ERA=TY-GROTESQUE; CONTROL=ink-underline; MATERIAL=dark-swiss; COLOUR_STRAT=CS-PASTEL-POP; CHROME=CH-MIN; FEEL=swiss on near-black
C1201	modular-synth	Modular Synth	internet-expanded	SK-SINGLE-STICKY	TY-MONO-DATA	chunk-border	synth-panel	CS-SIGNAL	CH-STANDARD	marketing	STYLE_ID=modular-synth; SKELETON=SK-SINGLE-STICKY; TYPE_ERA=TY-MONO-DATA; CONTROL=chunk-border; MATERIAL=synth-panel; COLOUR_STRAT=CS-SIGNAL; CHROME=CH-STANDARD; FEEL=patch cables knobs
C1202	monastic	Monastic	internet-expanded	SK-EDITORIAL-LONG	TY-OLDSTYLE-SERIF	ink-underline	stone-quiet	CS-PHOTO-LED	CH-APP	marketing	STYLE_ID=monastic; SKELETON=SK-EDITORIAL-LONG; TYPE_ERA=TY-OLDSTYLE-SERIF; CONTROL=ink-underline; MATERIAL=stone-quiet; COLOUR_STRAT=CS-PHOTO-LED; CHROME=CH-APP; FEEL=quiet stone script spare
C1203	monochrome-red	Red Monochrome	internet-expanded	SK-BENTO	TY-GROTESQUE	sharp-0	red-ink	CS-CMYK-PROCESS	CH-DENSE	marketing	STYLE_ID=monochrome-red; SKELETON=SK-BENTO; TYPE_ERA=TY-GROTESQUE; CONTROL=sharp-0; MATERIAL=red-ink; COLOUR_STRAT=CS-CMYK-PROCESS; CHROME=CH-DENSE; FEEL=one red ink system
C1204	motel-seedy	Seedy Motel	internet-expanded	SK-TABLE-FIRST	TY-DISPLAY-EXTREME	chunk-border	vacancy-neon	CS-EARTH	CH-IMMERSIVE	app	STYLE_ID=motel-seedy; SKELETON=SK-TABLE-FIRST; TYPE_ERA=TY-DISPLAY-EXTREME; CONTROL=chunk-border; MATERIAL=vacancy-neon; COLOUR_STRAT=CS-EARTH; CHROME=CH-IMMERSIVE; FEEL=neon vacancy loneliness
C1205	mountain-badge	Mountain Badge	internet-expanded	SK-TIMELINE	TY-SLAB	ticket	badge-patch	CS-OCEAN	CH-NONE	app	STYLE_ID=mountain-badge; SKELETON=SK-TIMELINE; TYPE_ERA=TY-SLAB; CONTROL=ticket; MATERIAL=badge-patch; COLOUR_STRAT=CS-OCEAN; CHROME=CH-NONE; FEEL=park badge patches
C1206	movie-prop	Movie Prop UI	internet-expanded	SK-MAP-STAGE	TY-MONO-DATA	sharp-0	prop-ui	CS-NEON-ON-DARK	CH-MIN	app	STYLE_ID=movie-prop; SKELETON=SK-MAP-STAGE; TYPE_ERA=TY-MONO-DATA; CONTROL=sharp-0; MATERIAL=prop-ui; COLOUR_STRAT=CS-NEON-ON-DARK; CHROME=CH-MIN; FEEL=diegetic fake interfaces
C1207	municipal	Municipal	internet-expanded	SK-BOARD-KANBAN	TY-SYSTEM-RAW	sharp-0	municipal	CS-DESAT-CORP	CH-STANDARD	app	STYLE_ID=municipal; SKELETON=SK-BOARD-KANBAN; TYPE_ERA=TY-SYSTEM-RAW; CONTROL=sharp-0; MATERIAL=municipal; COLOUR_STRAT=CS-DESAT-CORP; CHROME=CH-STANDARD; FEEL=forms stamps civic beige
C1208	museum-label	Museum Label	internet-expanded	SK-TICKET-STUB	TY-SERIF-TEXT	ink-underline	label	CS-HIGH-KEY	CH-APP	marketing	STYLE_ID=museum-label; SKELETON=SK-TICKET-STUB; TYPE_ERA=TY-SERIF-TEXT; CONTROL=ink-underline; MATERIAL=label; COLOUR_STRAT=CS-HIGH-KEY; CHROME=CH-APP; FEEL=tiny captions rigor
C1209	mushroom	Mushroom	internet-expanded	SK-LEDGER	TY-ROUNDED	pill	mushroom	CS-LOW-KEY	CH-DENSE	app	STYLE_ID=mushroom; SKELETON=SK-LEDGER; TYPE_ERA=TY-ROUNDED; CONTROL=pill; MATERIAL=mushroom; COLOUR_STRAT=CS-LOW-KEY; CHROME=CH-DENSE; FEEL=forest fungi soft weird
C1210	nautical-flag	Nautical Flag	internet-expanded	SK-TERMINAL	TY-HUMANIST	chunk-border	signal-flags	CS-SEPIA	CH-IMMERSIVE	app	STYLE_ID=nautical-flag; SKELETON=SK-TERMINAL; TYPE_ERA=TY-HUMANIST; CONTROL=chunk-border; MATERIAL=signal-flags; COLOUR_STRAT=CS-SEPIA; CHROME=CH-IMMERSIVE; FEEL=signal flags code
C1211	neo-geo	Neo-Geo 80s	internet-expanded	SK-POSTER	TY-GEOMETRIC	sharp-0	neo-geo	CS-INVERTED	CH-NONE	marketing	STYLE_ID=neo-geo; SKELETON=SK-POSTER; TYPE_ERA=TY-GEOMETRIC; CONTROL=sharp-0; MATERIAL=neo-geo; COLOUR_STRAT=CS-INVERTED; CHROME=CH-NONE; FEEL=memphis geometry cousin
C1212	neo-tokyo	Neo Tokyo	internet-expanded	SK-BOTTOM-SHEET	TY-DISPLAY-EXTREME	sharp-0	neo-tokyo	CS-REGIONAL-FLAG	CH-MIN	mobile	STYLE_ID=neo-tokyo; SKELETON=SK-BOTTOM-SHEET; TYPE_ERA=TY-DISPLAY-EXTREME; CONTROL=sharp-0; MATERIAL=neo-tokyo; COLOUR_STRAT=CS-REGIONAL-FLAG; CHROME=CH-MIN; FEEL=anime rain neon density
C1213	newspaper-sports	Sports Page	internet-expanded	SK-TAB-DECK	TY-INDUSTRIAL-COND	sharp-0	sports-page	CS-BRAND-LOCKUP	CH-STANDARD	mobile	STYLE_ID=newspaper-sports; SKELETON=SK-TAB-DECK; TYPE_ERA=TY-INDUSTRIAL-COND; CONTROL=sharp-0; MATERIAL=sports-page; COLOUR_STRAT=CS-BRAND-LOCKUP; CHROME=CH-STANDARD; FEEL=stats columns bold
C1214	night-market	Night Market	internet-expanded	SK-WIZARD-STEPS	TY-MIXED-HIGH-CONTRAST	chunk-border	lantern	CS-MONO-PLUS	CH-APP	app	STYLE_ID=night-market; SKELETON=SK-WIZARD-STEPS; TYPE_ERA=TY-MIXED-HIGH-CONTRAST; CONTROL=chunk-border; MATERIAL=lantern; COLOUR_STRAT=CS-MONO-PLUS; CHROME=CH-APP; FEEL=lanterns steam stalls
C1215	noir-detective	Detective Noir	internet-expanded	SK-SPLIT-INSPECTOR	TY-TRANSITIONAL-SERIF	ticket	case-file	CS-DUOTONE	CH-DENSE	app	STYLE_ID=noir-detective; SKELETON=SK-SPLIT-INSPECTOR; TYPE_ERA=TY-TRANSITIONAL-SERIF; CONTROL=ticket; MATERIAL=case-file; COLOUR_STRAT=CS-DUOTONE; CHROME=CH-DENSE; FEEL=case files stamps
C1216	nordic-noir	Nordic Noir	internet-expanded	SK-DASH-METRIC	TY-GROTESQUE	sharp-0	cold-crime	CS-PRIMARY-TRIO	CH-IMMERSIVE	app	STYLE_ID=nordic-noir; SKELETON=SK-DASH-METRIC; TYPE_ERA=TY-GROTESQUE; CONTROL=sharp-0; MATERIAL=cold-crime; COLOUR_STRAT=CS-PRIMARY-TRIO; CHROME=CH-IMMERSIVE; FEEL=cold crime quiet
C1217	notebook-lab	Lab Notebook	internet-expanded	SK-GALLERY-INDEX	TY-MONO-DATA	sharp-0	lab-notebook	CS-TONAL	CH-NONE	marketing	STYLE_ID=notebook-lab; SKELETON=SK-GALLERY-INDEX; TYPE_ERA=TY-MONO-DATA; CONTROL=sharp-0; MATERIAL=lab-notebook; COLOUR_STRAT=CS-TONAL; CHROME=CH-NONE; FEEL=grid ink stains
C1218	observatory	Observatory	internet-expanded	SK-ZINE-COLLAGE	TY-SERIF-TEXT	ink-underline	star-chart	CS-PAPER-INK	CH-MIN	marketing	STYLE_ID=observatory; SKELETON=SK-ZINE-COLLAGE; TYPE_ERA=TY-SERIF-TEXT; CONTROL=ink-underline; MATERIAL=star-chart; COLOUR_STRAT=CS-PAPER-INK; CHROME=CH-MIN; FEEL=stars charts navy
C1219	office-90s	90s Office	internet-expanded	SK-BRUTAL-BLOCKS	TY-SYSTEM-RAW	soft-rect	office-beige	CS-DARK-STAGE	CH-STANDARD	any	STYLE_ID=office-90s; SKELETON=SK-BRUTAL-BLOCKS; TYPE_ERA=TY-SYSTEM-RAW; CONTROL=soft-rect; MATERIAL=office-beige; COLOUR_STRAT=CS-DARK-STAGE; CHROME=CH-STANDARD; FEEL=clipart beige CRT
C1220	oil-paint-gallery	Oil Gallery	internet-expanded	SK-RAIL-DOCK	TY-OLDSTYLE-SERIF	ink-underline	varnish	CS-PASTEL-POP	CH-APP	app	STYLE_ID=oil-paint-gallery; SKELETON=SK-RAIL-DOCK; TYPE_ERA=TY-OLDSTYLE-SERIF; CONTROL=ink-underline; MATERIAL=varnish; COLOUR_STRAT=CS-PASTEL-POP; CHROME=CH-APP; FEEL=heavy frames varnish
C1221	olive-garden-italian-american	Italian-American Red Sauce	internet-expanded	SK-CENTER-STAGE	TY-HUMANIST	soft-rect	check-red	CS-SIGNAL	CH-DENSE	marketing	STYLE_ID=olive-garden-italian-american; SKELETON=SK-CENTER-STAGE; TYPE_ERA=TY-HUMANIST; CONTROL=soft-rect; MATERIAL=check-red; COLOUR_STRAT=CS-SIGNAL; CHROME=CH-DENSE; FEEL=checkered warm family
C1222	opera	Opera	internet-expanded	SK-NEWS-RIVER	TY-DIDONE-LUX	ink-underline	velvet-gold	CS-PHOTO-LED	CH-IMMERSIVE	app	STYLE_ID=opera; SKELETON=SK-NEWS-RIVER; TYPE_ERA=TY-DIDONE-LUX; CONTROL=ink-underline; MATERIAL=velvet-gold; COLOUR_STRAT=CS-PHOTO-LED; CHROME=CH-IMMERSIVE; FEEL=velvet gold drama
C1223	oracle-mystic	Oracle Mystic	internet-expanded	SK-CALENDAR-SPINE	TY-OLDSTYLE-SERIF	ticket	oracle	CS-CMYK-PROCESS	CH-NONE	app	STYLE_ID=oracle-mystic; SKELETON=SK-CALENDAR-SPINE; TYPE_ERA=TY-OLDSTYLE-SERIF; CONTROL=ticket; MATERIAL=oracle; COLOUR_STRAT=CS-CMYK-PROCESS; CHROME=CH-NONE; FEEL=cards symbols dusk
C1224	organic-grocery	Organic Grocery	internet-expanded	SK-MASONRY	TY-HUMANIST	soft-rect	kraft-green	CS-EARTH	CH-MIN	marketing	STYLE_ID=organic-grocery; SKELETON=SK-MASONRY; TYPE_ERA=TY-HUMANIST; CONTROL=soft-rect; MATERIAL=kraft-green; COLOUR_STRAT=CS-EARTH; CHROME=CH-MIN; FEEL=kraft green leaf
C1225	origami	Origami	internet-expanded	SK-SPLIT-DIAGONAL	TY-GEOMETRIC	sharp-0	folded-paper	CS-OCEAN	CH-STANDARD	marketing	STYLE_ID=origami; SKELETON=SK-SPLIT-DIAGONAL; TYPE_ERA=TY-GEOMETRIC; CONTROL=sharp-0; MATERIAL=folded-paper; COLOUR_STRAT=CS-OCEAN; CHROME=CH-STANDARD; FEEL=folded paper geometry
C1226	ornithology	Ornithology	internet-expanded	SK-FRAME-IN-FRAME	TY-SERIF-TEXT	ink-underline	bird-plate	CS-NEON-ON-DARK	CH-APP	marketing	STYLE_ID=ornithology; SKELETON=SK-FRAME-IN-FRAME; TYPE_ERA=TY-SERIF-TEXT; CONTROL=ink-underline; MATERIAL=bird-plate; COLOUR_STRAT=CS-NEON-ON-DARK; CHROME=CH-APP; FEEL=bird plates field
C1227	outdoor-brands	Outdoor Brand	internet-expanded	SK-SIDE-SCROLL	TY-HUMANIST	chunk-border	topo	CS-DESAT-CORP	CH-DENSE	marketing	STYLE_ID=outdoor-brands; SKELETON=SK-SIDE-SCROLL; TYPE_ERA=TY-HUMANIST; CONTROL=chunk-border; MATERIAL=topo; COLOUR_STRAT=CS-DESAT-CORP; CHROME=CH-DENSE; FEEL=topo maps functional
C1228	pagan-folk	Pagan Folk	internet-expanded	SK-FIXED-TOC	TY-OLDSTYLE-SERIF	ink-underline	season-earth	CS-HIGH-KEY	CH-IMMERSIVE	marketing	STYLE_ID=pagan-folk; SKELETON=SK-FIXED-TOC; TYPE_ERA=TY-OLDSTYLE-SERIF; CONTROL=ink-underline; MATERIAL=season-earth; COLOUR_STRAT=CS-HIGH-KEY; CHROME=CH-IMMERSIVE; FEEL=symbols seasons earth
C1229	paintball	Paintball	internet-expanded	SK-COMMAND-CENTER	TY-INDUSTRIAL-COND	chunk-border	splatter	CS-LOW-KEY	CH-NONE	app	STYLE_ID=paintball; SKELETON=SK-COMMAND-CENTER; TYPE_ERA=TY-INDUSTRIAL-COND; CONTROL=chunk-border; MATERIAL=splatter; COLOUR_STRAT=CS-LOW-KEY; CHROME=CH-NONE; FEEL=splatter sport energy
C1230	palace	Palace	internet-expanded	SK-INBOX-ZERO	TY-DIDONE-LUX	ink-underline	palace-gold	CS-SEPIA	CH-MIN	app	STYLE_ID=palace; SKELETON=SK-INBOX-ZERO; TYPE_ERA=TY-DIDONE-LUX; CONTROL=ink-underline; MATERIAL=palace-gold; COLOUR_STRAT=CS-SEPIA; CHROME=CH-MIN; FEEL=ornate symmetry gold
C1231	papercraft	Papercraft	internet-expanded	SK-STUDIO-CANVAS	TY-HUMANIST	soft-rect	paper-layer	CS-INVERTED	CH-STANDARD	app	STYLE_ID=papercraft; SKELETON=SK-STUDIO-CANVAS; TYPE_ERA=TY-HUMANIST; CONTROL=soft-rect; MATERIAL=paper-layer; COLOUR_STRAT=CS-INVERTED; CHROME=CH-STANDARD; FEEL=cut layers shadow boxes
C1232	parade	Parade	internet-expanded	SK-COMPARISON	TY-DISPLAY-EXTREME	pill	confetti	CS-REGIONAL-FLAG	CH-APP	marketing	STYLE_ID=parade; SKELETON=SK-COMPARISON; TYPE_ERA=TY-DISPLAY-EXTREME; CONTROL=pill; MATERIAL=confetti; COLOUR_STRAT=CS-REGIONAL-FLAG; CHROME=CH-APP; FEEL=confetti floats bright
C1233	park-municipal	Municipal Park	internet-expanded	SK-PRICING-LADDER	TY-HUMANIST	chunk-border	park-sign	CS-BRAND-LOCKUP	CH-DENSE	marketing	STYLE_ID=park-municipal; SKELETON=SK-PRICING-LADDER; TYPE_ERA=TY-HUMANIST; CONTROL=chunk-border; MATERIAL=park-sign; COLOUR_STRAT=CS-BRAND-LOCKUP; CHROME=CH-DENSE; FEEL=signs maps green
C1234	pastel-memphis	Pastel Memphis	internet-expanded	SK-MANIFEST-LIST	TY-GEOMETRIC	pill	pastel-memphis	CS-MONO-PLUS	CH-IMMERSIVE	app	STYLE_ID=pastel-memphis; SKELETON=SK-MANIFEST-LIST; TYPE_ERA=TY-GEOMETRIC; CONTROL=pill; MATERIAL=pastel-memphis; COLOUR_STRAT=CS-MONO-PLUS; CHROME=CH-IMMERSIVE; FEEL=memphis pastel soft
C1235	patio	Patio	internet-expanded	SK-SCOREBOARD	TY-HUMANIST	soft-rect	terracotta	CS-DUOTONE	CH-NONE	app	STYLE_ID=patio; SKELETON=SK-SCOREBOARD; TYPE_ERA=TY-HUMANIST; CONTROL=soft-rect; MATERIAL=terracotta; COLOUR_STRAT=CS-DUOTONE; CHROME=CH-NONE; FEEL=terracotta sun leisure
C1236	pattern-liberation	Pattern Liberation	internet-expanded	SK-COCKPIT-STRIP	TY-DISPLAY-EXTREME	chunk-border	textile-loud	CS-PRIMARY-TRIO	CH-MIN	app	STYLE_ID=pattern-liberation; SKELETON=SK-COCKPIT-STRIP; TYPE_ERA=TY-DISPLAY-EXTREME; CONTROL=chunk-border; MATERIAL=textile-loud; COLOUR_STRAT=CS-PRIMARY-TRIO; CHROME=CH-MIN; FEEL=loud textile proud
C1237	pavilion	Pavilion	internet-expanded	SK-FOLIO-SPREAD	TY-GEOMETRIC	sharp-0	expo	CS-TONAL	CH-STANDARD	marketing	STYLE_ID=pavilion; SKELETON=SK-FOLIO-SPREAD; TYPE_ERA=TY-GEOMETRIC; CONTROL=sharp-0; MATERIAL=expo; COLOUR_STRAT=CS-TONAL; CHROME=CH-STANDARD; FEEL=expo temporary architecture
C1238	pebble-beach	Pebble Beach	internet-expanded	SK-STAMP-SHEET	TY-HUMANIST	soft-rect	pebble	CS-PAPER-INK	CH-APP	marketing	STYLE_ID=pebble-beach; SKELETON=SK-STAMP-SHEET; TYPE_ERA=TY-HUMANIST; CONTROL=soft-rect; MATERIAL=pebble; COLOUR_STRAT=CS-PAPER-INK; CHROME=CH-APP; FEEL=stones seafoam calm
C1239	pencil-sketch	Pencil Sketch	internet-expanded	SK-DOCKED-FAB	TY-SYSTEM-RAW	ink-underline	graphite	CS-DARK-STAGE	CH-DENSE	mobile	STYLE_ID=pencil-sketch; SKELETON=SK-DOCKED-FAB; TYPE_ERA=TY-SYSTEM-RAW; CONTROL=ink-underline; MATERIAL=graphite; COLOUR_STRAT=CS-DARK-STAGE; CHROME=CH-DENSE; FEEL=graphite construction lines
C1240	persian-miniature-inspired	Miniature Inspired	internet-expanded	SK-PEEK-CARDS	TY-OLDSTYLE-SERIF	ink-underline	miniature	CS-PASTEL-POP	CH-IMMERSIVE	mobile	STYLE_ID=persian-miniature-inspired; SKELETON=SK-PEEK-CARDS; TYPE_ERA=TY-OLDSTYLE-SERIF; CONTROL=ink-underline; MATERIAL=miniature; COLOUR_STRAT=CS-PASTEL-POP; CHROME=CH-IMMERSIVE; FEEL=dense narrative detail care
C1241	pharmacy-retro	Retro Pharmacy	internet-expanded	SK-RADIO-TUNER	TY-HUMANIST	soft-rect	pharmacy-green	CS-SIGNAL	CH-NONE	app	STYLE_ID=pharmacy-retro; SKELETON=SK-RADIO-TUNER; TYPE_ERA=TY-HUMANIST; CONTROL=soft-rect; MATERIAL=pharmacy-green; COLOUR_STRAT=CS-SIGNAL; CHROME=CH-NONE; FEEL=green cross vintage
C1242	photobooth	Photobooth	internet-expanded	SK-FILMSTRIP	TY-ROUNDED	pill	photo-strip	CS-PHOTO-LED	CH-MIN	marketing	STYLE_ID=photobooth; SKELETON=SK-FILMSTRIP; TYPE_ERA=TY-ROUNDED; CONTROL=pill; MATERIAL=photo-strip; COLOUR_STRAT=CS-PHOTO-LED; CHROME=CH-MIN; FEEL=strips curtains fun
C1243	picnic	Picnic	internet-expanded	SK-ORBIT-META	TY-HUMANIST	soft-rect	gingham	CS-CMYK-PROCESS	CH-STANDARD	marketing	STYLE_ID=picnic; SKELETON=SK-ORBIT-META; TYPE_ERA=TY-HUMANIST; CONTROL=soft-rect; MATERIAL=gingham; COLOUR_STRAT=CS-CMYK-PROCESS; CHROME=CH-STANDARD; FEEL=gingham basket sun
C1244	pixel-office	Pixel Office	internet-expanded	SK-SPLIT-DEPTH	TY-PIXEL	sharp-0	pixel-office	CS-EARTH	CH-APP	marketing	STYLE_ID=pixel-office; SKELETON=SK-SPLIT-DEPTH; TYPE_ERA=TY-PIXEL; CONTROL=sharp-0; MATERIAL=pixel-office; COLOUR_STRAT=CS-EARTH; CHROME=CH-APP; FEEL=16-bit cubicle humor
C1245	planetarium	Planetarium	internet-expanded	SK-CHECKOUT-TUNNEL	TY-GROTESK-SOFT	sharp-0	dome-stars	CS-OCEAN	CH-DENSE	marketing	STYLE_ID=planetarium; SKELETON=SK-CHECKOUT-TUNNEL; TYPE_ERA=TY-GROTESK-SOFT; CONTROL=sharp-0; MATERIAL=dome-stars; COLOUR_STRAT=CS-OCEAN; CHROME=CH-DENSE; FEEL=dome stars education
C1246	plant-shop	Plant Shop	internet-expanded	SK-CHAT-THREAD	TY-HUMANIST	soft-rect	plant-pots	CS-NEON-ON-DARK	CH-IMMERSIVE	app	STYLE_ID=plant-shop; SKELETON=SK-CHAT-THREAD; TYPE_ERA=TY-HUMANIST; CONTROL=soft-rect; MATERIAL=plant-pots; COLOUR_STRAT=CS-NEON-ON-DARK; CHROME=CH-IMMERSIVE; FEEL=pots humidity labels
C1247	polar	Polar	internet-expanded	SK-NOTIFICATION-STACK	TY-GROTESQUE	chunk-border	expedition	CS-DESAT-CORP	CH-NONE	mobile	STYLE_ID=polar; SKELETON=SK-NOTIFICATION-STACK; TYPE_ERA=TY-GROTESQUE; CONTROL=chunk-border; MATERIAL=expedition; COLOUR_STRAT=CS-DESAT-CORP; CHROME=CH-NONE; FEEL=expedition red on white
C1248	police-procedural	Procedural	internet-expanded	SK-DIRECTORY	TY-SYSTEM-RAW	sharp-0	evidence-board	CS-HIGH-KEY	CH-MIN	app	STYLE_ID=police-procedural; SKELETON=SK-DIRECTORY; TYPE_ERA=TY-SYSTEM-RAW; CONTROL=sharp-0; MATERIAL=evidence-board; COLOUR_STRAT=CS-HIGH-KEY; CHROME=CH-MIN; FEEL=evidence boards pins
C1249	pop-surreal	Pop Surreal	internet-expanded	SK-ATLAS-PLATES	TY-DISPLAY-EXTREME	chunk-border	pop-surreal	CS-LOW-KEY	CH-STANDARD	marketing	STYLE_ID=pop-surreal; SKELETON=SK-ATLAS-PLATES; TYPE_ERA=TY-DISPLAY-EXTREME; CONTROL=chunk-border; MATERIAL=pop-surreal; COLOUR_STRAT=CS-LOW-KEY; CHROME=CH-STANDARD; FEEL=lowbrow gallery weird
C1250	porcelain	Porcelain	internet-expanded	SK-HERO-SPLIT	TY-DIDONE-LUX	ink-underline	porcelain-blue	CS-SEPIA	CH-APP	marketing	STYLE_ID=porcelain; SKELETON=SK-HERO-SPLIT; TYPE_ERA=TY-DIDONE-LUX; CONTROL=ink-underline; MATERIAL=porcelain-blue; COLOUR_STRAT=CS-SEPIA; CHROME=CH-APP; FEEL=fragile blue white
C1251	postal	Postal	internet-expanded	SK-SINGLE-STICKY	TY-HUMANIST	ticket	airmail	CS-INVERTED	CH-DENSE	marketing	STYLE_ID=postal; SKELETON=SK-SINGLE-STICKY; TYPE_ERA=TY-HUMANIST; CONTROL=ticket; MATERIAL=airmail; COLOUR_STRAT=CS-INVERTED; CHROME=CH-DENSE; FEEL=stamps cancels airmail
C1252	pottery-barn-soft	Soft Retail Home	internet-expanded	SK-EDITORIAL-LONG	TY-HUMANIST	soft-rect	home-catalog	CS-REGIONAL-FLAG	CH-IMMERSIVE	marketing	STYLE_ID=pottery-barn-soft; SKELETON=SK-EDITORIAL-LONG; TYPE_ERA=TY-HUMANIST; CONTROL=soft-rect; MATERIAL=home-catalog; COLOUR_STRAT=CS-REGIONAL-FLAG; CHROME=CH-IMMERSIVE; FEEL=safe lifestyle catalog
C1253	power-station	Power Station	internet-expanded	SK-BENTO	TY-INDUSTRIAL-COND	chunk-border	warning-stripe	CS-BRAND-LOCKUP	CH-NONE	marketing	STYLE_ID=power-station; SKELETON=SK-BENTO; TYPE_ERA=TY-INDUSTRIAL-COND; CONTROL=chunk-border; MATERIAL=warning-stripe; COLOUR_STRAT=CS-BRAND-LOCKUP; CHROME=CH-NONE; FEEL=warning stripes industrial
C1254	prairie	Prairie	internet-expanded	SK-TABLE-FIRST	TY-HUMANIST	soft-rect	prairie	CS-MONO-PLUS	CH-MIN	app	STYLE_ID=prairie; SKELETON=SK-TABLE-FIRST; TYPE_ERA=TY-HUMANIST; CONTROL=soft-rect; MATERIAL=prairie; COLOUR_STRAT=CS-MONO-PLUS; CHROME=CH-MIN; FEEL=horizontal land sky
C1255	preppy	Preppy	internet-expanded	SK-TIMELINE	TY-TRANSITIONAL-SERIF	soft-rect	navy-stripe	CS-DUOTONE	CH-STANDARD	app	STYLE_ID=preppy; SKELETON=SK-TIMELINE; TYPE_ERA=TY-TRANSITIONAL-SERIF; CONTROL=soft-rect; MATERIAL=navy-stripe; COLOUR_STRAT=CS-DUOTONE; CHROME=CH-STANDARD; FEEL=navy stripes collegiate
C1256	printers-workshop	Printers Workshop	internet-expanded	SK-MAP-STAGE	TY-OLDSTYLE-SERIF	chunk-border	type-case	CS-PRIMARY-TRIO	CH-APP	app	STYLE_ID=printers-workshop; SKELETON=SK-MAP-STAGE; TYPE_ERA=TY-OLDSTYLE-SERIF; CONTROL=chunk-border; MATERIAL=type-case; COLOUR_STRAT=CS-PRIMARY-TRIO; CHROME=CH-APP; FEEL=type cases ink
C1257	protest-poster	Protest Poster	internet-expanded	SK-BOARD-KANBAN	TY-INDUSTRIAL-COND	filled-block	protest	CS-TONAL	CH-DENSE	app	STYLE_ID=protest-poster; SKELETON=SK-BOARD-KANBAN; TYPE_ERA=TY-INDUSTRIAL-COND; CONTROL=filled-block; MATERIAL=protest; COLOUR_STRAT=CS-TONAL; CHROME=CH-DENSE; FEEL=urgent one demand
C1258	psychedelic-modern	Modern Psychedelic	internet-expanded	SK-TICKET-STUB	TY-DISPLAY-EXTREME	chunk-border	psych-modern	CS-PAPER-INK	CH-IMMERSIVE	marketing	STYLE_ID=psychedelic-modern; SKELETON=SK-TICKET-STUB; TYPE_ERA=TY-DISPLAY-EXTREME; CONTROL=chunk-border; MATERIAL=psych-modern; COLOUR_STRAT=CS-PAPER-INK; CHROME=CH-IMMERSIVE; FEEL=controlled chaos colour
C1259	public-access	Public Access TV	internet-expanded	SK-LEDGER	TY-SYSTEM-RAW	sharp-0	public-access	CS-DARK-STAGE	CH-NONE	app	STYLE_ID=public-access; SKELETON=SK-LEDGER; TYPE_ERA=TY-SYSTEM-RAW; CONTROL=sharp-0; MATERIAL=public-access; COLOUR_STRAT=CS-DARK-STAGE; CHROME=CH-NONE; FEEL=low budget crawl
C1260	pulp-sci-fi	Pulp Sci-Fi	internet-expanded	SK-TERMINAL	TY-DISPLAY-EXTREME	chunk-border	pulp-rocket	CS-PASTEL-POP	CH-MIN	app	STYLE_ID=pulp-sci-fi; SKELETON=SK-TERMINAL; TYPE_ERA=TY-DISPLAY-EXTREME; CONTROL=chunk-border; MATERIAL=pulp-rocket; COLOUR_STRAT=CS-PASTEL-POP; CHROME=CH-MIN; FEEL=rocket covers lurid
C1261	quarry	Quarry	internet-expanded	SK-POSTER	TY-GROTESQUE	sharp-0	stone-cut	CS-SIGNAL	CH-STANDARD	marketing	STYLE_ID=quarry; SKELETON=SK-POSTER; TYPE_ERA=TY-GROTESQUE; CONTROL=sharp-0; MATERIAL=stone-cut; COLOUR_STRAT=CS-SIGNAL; CHROME=CH-STANDARD; FEEL=stone cut dust
C1262	quilt	Quilt	internet-expanded	SK-BOTTOM-SHEET	TY-HUMANIST	soft-rect	quilt-block	CS-PHOTO-LED	CH-APP	mobile	STYLE_ID=quilt; SKELETON=SK-BOTTOM-SHEET; TYPE_ERA=TY-HUMANIST; CONTROL=soft-rect; MATERIAL=quilt-block; COLOUR_STRAT=CS-PHOTO-LED; CHROME=CH-APP; FEEL=block patterns warm
C1263	racing-livery	Racing Livery	internet-expanded	SK-TAB-DECK	TY-INDUSTRIAL-COND	sharp-0	livery	CS-CMYK-PROCESS	CH-DENSE	mobile	STYLE_ID=racing-livery; SKELETON=SK-TAB-DECK; TYPE_ERA=TY-INDUSTRIAL-COND; CONTROL=sharp-0; MATERIAL=livery; COLOUR_STRAT=CS-CMYK-PROCESS; CHROME=CH-DENSE; FEEL=sponsor stripes speed
C1264	radio-ham	Ham Radio	internet-expanded	SK-WIZARD-STEPS	TY-MONO-DATA	chunk-border	radio-dial	CS-EARTH	CH-IMMERSIVE	app	STYLE_ID=radio-ham; SKELETON=SK-WIZARD-STEPS; TYPE_ERA=TY-MONO-DATA; CONTROL=chunk-border; MATERIAL=radio-dial; COLOUR_STRAT=CS-EARTH; CHROME=CH-IMMERSIVE; FEEL=dials meters frequencies
C1265	rainy-city	Rainy City	internet-expanded	SK-SPLIT-INSPECTOR	TY-GROTESK-SOFT	soft-rect	rain-reflect	CS-OCEAN	CH-NONE	app	STYLE_ID=rainy-city; SKELETON=SK-SPLIT-INSPECTOR; TYPE_ERA=TY-GROTESK-SOFT; CONTROL=soft-rect; MATERIAL=rain-reflect; COLOUR_STRAT=CS-OCEAN; CHROME=CH-NONE; FEEL=reflections umbrellas
C1266	ranch	Ranch	internet-expanded	SK-DASH-METRIC	TY-SLAB	chunk-border	ranch-leather	CS-NEON-ON-DARK	CH-MIN	app	STYLE_ID=ranch; SKELETON=SK-DASH-METRIC; TYPE_ERA=TY-SLAB; CONTROL=chunk-border; MATERIAL=ranch-leather; COLOUR_STRAT=CS-NEON-ON-DARK; CHROME=CH-MIN; FEEL=leather fence open
C1267	record-shop	Record Shop	internet-expanded	SK-GALLERY-INDEX	TY-MIXED-HIGH-CONTRAST	chunk-border	record-sleeve	CS-DESAT-CORP	CH-STANDARD	marketing	STYLE_ID=record-shop; SKELETON=SK-GALLERY-INDEX; TYPE_ERA=TY-MIXED-HIGH-CONTRAST; CONTROL=chunk-border; MATERIAL=record-sleeve; COLOUR_STRAT=CS-DESAT-CORP; CHROME=CH-STANDARD; FEEL=bins sleeves stickers
C1268	red-envelope	Festive Red Envelope	internet-expanded	SK-ZINE-COLLAGE	TY-DISPLAY-EXTREME	ticket	red-gold	CS-HIGH-KEY	CH-APP	marketing	STYLE_ID=red-envelope; SKELETON=SK-ZINE-COLLAGE; TYPE_ERA=TY-DISPLAY-EXTREME; CONTROL=ticket; MATERIAL=red-gold; COLOUR_STRAT=CS-HIGH-KEY; CHROME=CH-APP; FEEL=celebration gold red care
C1269	research-institute	Research Institute	internet-expanded	SK-BRUTAL-BLOCKS	TY-SERIF-TEXT	sharp-0	research-paper	CS-LOW-KEY	CH-DENSE	any	STYLE_ID=research-institute; SKELETON=SK-BRUTAL-BLOCKS; TYPE_ERA=TY-SERIF-TEXT; CONTROL=sharp-0; MATERIAL=research-paper; COLOUR_STRAT=CS-LOW-KEY; CHROME=CH-DENSE; FEEL=papers diagrams calm
C1270	resort-brutal	Brutalist Resort	internet-expanded	SK-RAIL-DOCK	TY-GROTESQUE	sharp-0	concrete-holiday	CS-SEPIA	CH-IMMERSIVE	app	STYLE_ID=resort-brutal; SKELETON=SK-RAIL-DOCK; TYPE_ERA=TY-GROTESQUE; CONTROL=sharp-0; MATERIAL=concrete-holiday; COLOUR_STRAT=CS-SEPIA; CHROME=CH-IMMERSIVE; FEEL=concrete holiday contrast
C1271	retro-future-50s	50s Retrofuture	internet-expanded	SK-CENTER-STAGE	TY-GEOMETRIC	pill	atom-car	CS-INVERTED	CH-NONE	marketing	STYLE_ID=retro-future-50s; SKELETON=SK-CENTER-STAGE; TYPE_ERA=TY-GEOMETRIC; CONTROL=pill; MATERIAL=atom-car; COLOUR_STRAT=CS-INVERTED; CHROME=CH-NONE; FEEL=atom cars optimism
C1272	ribbon	Ribbon	internet-expanded	SK-NEWS-RIVER	TY-DIDONE-LUX	ticket	ribbon	CS-REGIONAL-FLAG	CH-MIN	app	STYLE_ID=ribbon; SKELETON=SK-NEWS-RIVER; TYPE_ERA=TY-DIDONE-LUX; CONTROL=ticket; MATERIAL=ribbon; COLOUR_STRAT=CS-REGIONAL-FLAG; CHROME=CH-MIN; FEEL=banners awards ceremonial
C1273	riverboat	Riverboat	internet-expanded	SK-CALENDAR-SPINE	TY-OLDSTYLE-SERIF	ticket	riverboat	CS-BRAND-LOCKUP	CH-STANDARD	app	STYLE_ID=riverboat; SKELETON=SK-CALENDAR-SPINE; TYPE_ERA=TY-OLDSTYLE-SERIF; CONTROL=ticket; MATERIAL=riverboat; COLOUR_STRAT=CS-BRAND-LOCKUP; CHROME=CH-STANDARD; FEEL=paddle steam mark twain
C1274	road-atlas	Road Atlas	internet-expanded	SK-MASONRY	TY-HUMANIST	sharp-0	road-atlas	CS-MONO-PLUS	CH-APP	marketing	STYLE_ID=road-atlas; SKELETON=SK-MASONRY; TYPE_ERA=TY-HUMANIST; CONTROL=sharp-0; MATERIAL=road-atlas; COLOUR_STRAT=CS-MONO-PLUS; CHROME=CH-APP; FEEL=highways legends
C1275	robot-toy	Toy Robot	internet-expanded	SK-SPLIT-DIAGONAL	TY-GEOMETRIC	chunk-border	tin-toy	CS-DUOTONE	CH-DENSE	marketing	STYLE_ID=robot-toy; SKELETON=SK-SPLIT-DIAGONAL; TYPE_ERA=TY-GEOMETRIC; CONTROL=chunk-border; MATERIAL=tin-toy; COLOUR_STRAT=CS-DUOTONE; CHROME=CH-DENSE; FEEL=tin litho cute machine
C1276	rock-climbing	Climbing Gym	internet-expanded	SK-FRAME-IN-FRAME	TY-INDUSTRIAL-COND	chunk-border	climbing-hold	CS-PRIMARY-TRIO	CH-IMMERSIVE	marketing	STYLE_ID=rock-climbing; SKELETON=SK-FRAME-IN-FRAME; TYPE_ERA=TY-INDUSTRIAL-COND; CONTROL=chunk-border; MATERIAL=climbing-hold; COLOUR_STRAT=CS-PRIMARY-TRIO; CHROME=CH-IMMERSIVE; FEEL=holds chalk bright
C1277	rococo-pastel	Rococo Pastel Soft	internet-expanded	SK-SIDE-SCROLL	TY-SCRIPT-SPARSE	pill	rococo-pastel	CS-TONAL	CH-NONE	marketing	STYLE_ID=rococo-pastel; SKELETON=SK-SIDE-SCROLL; TYPE_ERA=TY-SCRIPT-SPARSE; CONTROL=pill; MATERIAL=rococo-pastel; COLOUR_STRAT=CS-TONAL; CHROME=CH-NONE; FEEL=pastel scroll soft UI
C1278	romantic-comedy	Romcom	internet-expanded	SK-FIXED-TOC	TY-HUMANIST	pill	warm-soft	CS-PAPER-INK	CH-MIN	marketing	STYLE_ID=romantic-comedy; SKELETON=SK-FIXED-TOC; TYPE_ERA=TY-HUMANIST; CONTROL=pill; MATERIAL=warm-soft; COLOUR_STRAT=CS-PAPER-INK; CHROME=CH-MIN; FEEL=warm soft focus type
C1279	rooftop-bar	Rooftop Bar	internet-expanded	SK-COMMAND-CENTER	TY-DIDONE-LUX	pill	skyline-night	CS-DARK-STAGE	CH-STANDARD	app	STYLE_ID=rooftop-bar; SKELETON=SK-COMMAND-CENTER; TYPE_ERA=TY-DIDONE-LUX; CONTROL=pill; MATERIAL=skyline-night; COLOUR_STRAT=CS-DARK-STAGE; CHROME=CH-STANDARD; FEEL=night skyline cocktails
C1280	rubber-hose	Rubber Hose Animation	internet-expanded	SK-INBOX-ZERO	TY-ROUNDED	pill	rubber-hose	CS-PASTEL-POP	CH-APP	app	STYLE_ID=rubber-hose; SKELETON=SK-INBOX-ZERO; TYPE_ERA=TY-ROUNDED; CONTROL=pill; MATERIAL=rubber-hose; COLOUR_STRAT=CS-PASTEL-POP; CHROME=CH-APP; FEEL=1920s bouncy characters
C1281	rust-belt	Rust Belt	internet-expanded	SK-STUDIO-CANVAS	TY-INDUSTRIAL-COND	chunk-border	rust	CS-SIGNAL	CH-DENSE	app	STYLE_ID=rust-belt; SKELETON=SK-STUDIO-CANVAS; TYPE_ERA=TY-INDUSTRIAL-COND; CONTROL=chunk-border; MATERIAL=rust; COLOUR_STRAT=CS-SIGNAL; CHROME=CH-DENSE; FEEL=decay industry honest
C1282	safari-colonial-careful	Field Safari Graphic	internet-expanded	SK-COMPARISON	TY-HUMANIST	ink-underline	field-note	CS-PHOTO-LED	CH-IMMERSIVE	marketing	STYLE_ID=safari-colonial-careful; SKELETON=SK-COMPARISON; TYPE_ERA=TY-HUMANIST; CONTROL=ink-underline; MATERIAL=field-note; COLOUR_STRAT=CS-PHOTO-LED; CHROME=CH-IMMERSIVE; FEEL=field notes careful not stereotype
C1283	sailcloth	Sailcloth	internet-expanded	SK-PRICING-LADDER	TY-HUMANIST	chunk-border	sailcloth	CS-CMYK-PROCESS	CH-NONE	marketing	STYLE_ID=sailcloth; SKELETON=SK-PRICING-LADDER; TYPE_ERA=TY-HUMANIST; CONTROL=chunk-border; MATERIAL=sailcloth; COLOUR_STRAT=CS-CMYK-PROCESS; CHROME=CH-NONE; FEEL=nautical fabric hardware
C1284	salon-hair	Hair Salon	internet-expanded	SK-MANIFEST-LIST	TY-DIDONE-LUX	pill	salon-gloss	CS-EARTH	CH-MIN	app	STYLE_ID=salon-hair; SKELETON=SK-MANIFEST-LIST; TYPE_ERA=TY-DIDONE-LUX; CONTROL=pill; MATERIAL=salon-gloss; COLOUR_STRAT=CS-EARTH; CHROME=CH-MIN; FEEL=gloss mirrors fashion
C1285	sandcastle	Sandcastle	internet-expanded	SK-SCOREBOARD	TY-ROUNDED	pill	sand	CS-OCEAN	CH-STANDARD	app	STYLE_ID=sandcastle; SKELETON=SK-SCOREBOARD; TYPE_ERA=TY-ROUNDED; CONTROL=pill; MATERIAL=sand; COLOUR_STRAT=CS-OCEAN; CHROME=CH-STANDARD; FEEL=temporary playful grain
C1286	sauna	Sauna	internet-expanded	SK-COCKPIT-STRIP	TY-HUMANIST	soft-rect	sauna-wood	CS-NEON-ON-DARK	CH-APP	app	STYLE_ID=sauna; SKELETON=SK-COCKPIT-STRIP; TYPE_ERA=TY-HUMANIST; CONTROL=soft-rect; MATERIAL=sauna-wood; COLOUR_STRAT=CS-NEON-ON-DARK; CHROME=CH-APP; FEEL=wood heat steam calm
C1287	sci-fi-minimal	Minimal Sci-Fi	internet-expanded	SK-FOLIO-SPREAD	TY-GROTESK-SOFT	sharp-0	future-white	CS-DESAT-CORP	CH-DENSE	marketing	STYLE_ID=sci-fi-minimal; SKELETON=SK-FOLIO-SPREAD; TYPE_ERA=TY-GROTESK-SOFT; CONTROL=sharp-0; MATERIAL=future-white; COLOUR_STRAT=CS-DESAT-CORP; CHROME=CH-DENSE; FEEL=clean future sparse
C1288	scrapbook	Scrapbook	internet-expanded	SK-STAMP-SHEET	TY-MIXED-HIGH-CONTRAST	ticket	scrapbook	CS-HIGH-KEY	CH-IMMERSIVE	marketing	STYLE_ID=scrapbook; SKELETON=SK-STAMP-SHEET; TYPE_ERA=TY-MIXED-HIGH-CONTRAST; CONTROL=ticket; MATERIAL=scrapbook; COLOUR_STRAT=CS-HIGH-KEY; CHROME=CH-IMMERSIVE; FEEL=photos tape ephemera
C1289	scuba	Scuba	internet-expanded	SK-DOCKED-FAB	TY-MONO-DATA	chunk-border	depth-gauge	CS-LOW-KEY	CH-NONE	mobile	STYLE_ID=scuba; SKELETON=SK-DOCKED-FAB; TYPE_ERA=TY-MONO-DATA; CONTROL=chunk-border; MATERIAL=depth-gauge; COLOUR_STRAT=CS-LOW-KEY; CHROME=CH-NONE; FEEL=depth gauges blue
C1290	sculptural	Sculptural UI	internet-expanded	SK-PEEK-CARDS	TY-GROTESK-SOFT	soft-rect	sculpture-form	CS-SEPIA	CH-MIN	mobile	STYLE_ID=sculptural; SKELETON=SK-PEEK-CARDS; TYPE_ERA=TY-GROTESK-SOFT; CONTROL=soft-rect; MATERIAL=sculpture-form; COLOUR_STRAT=CS-SEPIA; CHROME=CH-MIN; FEEL=forms as structure 3D
C1291	seafood-shack	Seafood Shack	internet-expanded	SK-RADIO-TUNER	TY-SLAB	chunk-border	shack	CS-INVERTED	CH-STANDARD	app	STYLE_ID=seafood-shack; SKELETON=SK-RADIO-TUNER; TYPE_ERA=TY-SLAB; CONTROL=chunk-border; MATERIAL=shack; COLOUR_STRAT=CS-INVERTED; CHROME=CH-STANDARD; FEEL=picnic tables salt
C1292	secret-society	Secret Society	internet-expanded	SK-FILMSTRIP	TY-OLDSTYLE-SERIF	ticket	wax-seal	CS-REGIONAL-FLAG	CH-APP	marketing	STYLE_ID=secret-society; SKELETON=SK-FILMSTRIP; TYPE_ERA=TY-OLDSTYLE-SERIF; CONTROL=ticket; MATERIAL=wax-seal; COLOUR_STRAT=CS-REGIONAL-FLAG; CHROME=CH-APP; FEEL=seals wax mystery
C1293	seersucker	Seersucker Summer	internet-expanded	SK-ORBIT-META	TY-HUMANIST	soft-rect	seersucker	CS-BRAND-LOCKUP	CH-DENSE	marketing	STYLE_ID=seersucker; SKELETON=SK-ORBIT-META; TYPE_ERA=TY-HUMANIST; CONTROL=soft-rect; MATERIAL=seersucker; COLOUR_STRAT=CS-BRAND-LOCKUP; CHROME=CH-DENSE; FEEL=striped light south
C1294	sewer	Sewer Punk	internet-expanded	SK-SPLIT-DEPTH	TY-MONO-DATA	chunk-border	pipes	CS-MONO-PLUS	CH-IMMERSIVE	marketing	STYLE_ID=sewer; SKELETON=SK-SPLIT-DEPTH; TYPE_ERA=TY-MONO-DATA; CONTROL=chunk-border; MATERIAL=pipes; COLOUR_STRAT=CS-MONO-PLUS; CHROME=CH-IMMERSIVE; FEEL=underground pipes grime
C1295	sewing-pattern	Sewing Pattern	internet-expanded	SK-CHECKOUT-TUNNEL	TY-SYSTEM-RAW	sharp-0	pattern-tissue	CS-DUOTONE	CH-NONE	marketing	STYLE_ID=sewing-pattern; SKELETON=SK-CHECKOUT-TUNNEL; TYPE_ERA=TY-SYSTEM-RAW; CONTROL=sharp-0; MATERIAL=pattern-tissue; COLOUR_STRAT=CS-DUOTONE; CHROME=CH-NONE; FEEL=tissue notches grainlines
C1296	shipyard	Shipyard	internet-expanded	SK-CHAT-THREAD	TY-INDUSTRIAL-COND	chunk-border	shipyard	CS-PRIMARY-TRIO	CH-MIN	app	STYLE_ID=shipyard; SKELETON=SK-CHAT-THREAD; TYPE_ERA=TY-INDUSTRIAL-COND; CONTROL=chunk-border; MATERIAL=shipyard; COLOUR_STRAT=CS-PRIMARY-TRIO; CHROME=CH-MIN; FEEL=cranes steel harbour
C1297	shoegaze	Shoegaze	internet-expanded	SK-NOTIFICATION-STACK	TY-GROTESK-SOFT	soft-rect	blur-dream	CS-TONAL	CH-STANDARD	mobile	STYLE_ID=shoegaze; SKELETON=SK-NOTIFICATION-STACK; TYPE_ERA=TY-GROTESK-SOFT; CONTROL=soft-rect; MATERIAL=blur-dream; COLOUR_STRAT=CS-TONAL; CHROME=CH-STANDARD; FEEL=blur dream guitar
C1298	shop-front	High Street Shopfront	internet-expanded	SK-DIRECTORY	TY-HUMANIST	chunk-border	shopfront	CS-PAPER-INK	CH-APP	app	STYLE_ID=shop-front; SKELETON=SK-DIRECTORY; TYPE_ERA=TY-HUMANIST; CONTROL=chunk-border; MATERIAL=shopfront; COLOUR_STRAT=CS-PAPER-INK; CHROME=CH-APP; FEEL=awnings painted wood
C1299	sixties-mod	60s Mod	internet-expanded	SK-ATLAS-PLATES	TY-GEOMETRIC	sharp-0	mod-target	CS-DARK-STAGE	CH-DENSE	marketing	STYLE_ID=sixties-mod; SKELETON=SK-ATLAS-PLATES; TYPE_ERA=TY-GEOMETRIC; CONTROL=sharp-0; MATERIAL=mod-target; COLOUR_STRAT=CS-DARK-STAGE; CHROME=CH-DENSE; FEEL=target circles sharp fashion
C1300	sketch-app	Sketch App Classic	internet-expanded	SK-HERO-SPLIT	TY-GROTESK-SOFT	soft-rect	artboard-light	CS-PASTEL-POP	CH-IMMERSIVE	marketing	STYLE_ID=sketch-app; SKELETON=SK-HERO-SPLIT; TYPE_ERA=TY-GROTESK-SOFT; CONTROL=soft-rect; MATERIAL=artboard-light; COLOUR_STRAT=CS-PASTEL-POP; CHROME=CH-IMMERSIVE; FEEL=artboard layers light
C1301	ski-resort	Ski Resort	internet-expanded	SK-SINGLE-STICKY	TY-INDUSTRIAL-COND	sharp-0	ski-red	CS-SIGNAL	CH-NONE	marketing	STYLE_ID=ski-resort; SKELETON=SK-SINGLE-STICKY; TYPE_ERA=TY-INDUSTRIAL-COND; CONTROL=sharp-0; MATERIAL=ski-red; COLOUR_STRAT=CS-SIGNAL; CHROME=CH-NONE; FEEL=snow red lift
C1302	sky-writing	Sky Writing	internet-expanded	SK-EDITORIAL-LONG	TY-DISPLAY-EXTREME	ink-underline	sky	CS-PHOTO-LED	CH-MIN	marketing	STYLE_ID=sky-writing; SKELETON=SK-EDITORIAL-LONG; TYPE_ERA=TY-DISPLAY-EXTREME; CONTROL=ink-underline; MATERIAL=sky; COLOUR_STRAT=CS-PHOTO-LED; CHROME=CH-MIN; FEEL=air type ephemeral
C1303	slate	Slate	internet-expanded	SK-BENTO	TY-GROTESQUE	sharp-0	slate	CS-CMYK-PROCESS	CH-STANDARD	marketing	STYLE_ID=slate; SKELETON=SK-BENTO; TYPE_ERA=TY-GROTESQUE; CONTROL=sharp-0; MATERIAL=slate; COLOUR_STRAT=CS-CMYK-PROCESS; CHROME=CH-STANDARD; FEEL=stone chalk grey-blue
C1304	smog-city	Smog City	internet-expanded	SK-TABLE-FIRST	TY-GROTESK-SOFT	sharp-0	smog	CS-EARTH	CH-APP	app	STYLE_ID=smog-city; SKELETON=SK-TABLE-FIRST; TYPE_ERA=TY-GROTESK-SOFT; CONTROL=sharp-0; MATERIAL=smog; COLOUR_STRAT=CS-EARTH; CHROME=CH-APP; FEEL=polluted orange dusk
C1305	soda-fountain	Soda Fountain	internet-expanded	SK-TIMELINE	TY-ROUNDED	pill	soda-chrome	CS-OCEAN	CH-DENSE	app	STYLE_ID=soda-fountain; SKELETON=SK-TIMELINE; TYPE_ERA=TY-ROUNDED; CONTROL=pill; MATERIAL=soda-chrome; COLOUR_STRAT=CS-OCEAN; CHROME=CH-DENSE; FEEL=chrome stools pastel
C1306	soft-grunge	Soft Grunge	internet-expanded	SK-MAP-STAGE	TY-MIXED-HIGH-CONTRAST	soft-rect	tumblr-mute	CS-NEON-ON-DARK	CH-IMMERSIVE	app	STYLE_ID=soft-grunge; SKELETON=SK-MAP-STAGE; TYPE_ERA=TY-MIXED-HIGH-CONTRAST; CONTROL=soft-rect; MATERIAL=tumblr-mute; COLOUR_STRAT=CS-NEON-ON-DARK; CHROME=CH-IMMERSIVE; FEEL=muted 2014 tumblr
C1307	solar	Solar	internet-expanded	SK-BOARD-KANBAN	TY-GEOMETRIC	sharp-0	solar-yellow	CS-DESAT-CORP	CH-NONE	app	STYLE_ID=solar; SKELETON=SK-BOARD-KANBAN; TYPE_ERA=TY-GEOMETRIC; CONTROL=sharp-0; MATERIAL=solar-yellow; COLOUR_STRAT=CS-DESAT-CORP; CHROME=CH-NONE; FEEL=panels sun yellow tech
C1308	spa-japanese	Onsen Minimal	internet-expanded	SK-TICKET-STUB	TY-SERIF-TEXT	ink-underline	onsen	CS-HIGH-KEY	CH-MIN	marketing	STYLE_ID=spa-japanese; SKELETON=SK-TICKET-STUB; TYPE_ERA=TY-SERIF-TEXT; CONTROL=ink-underline; MATERIAL=onsen; COLOUR_STRAT=CS-HIGH-KEY; CHROME=CH-MIN; FEEL=stone water steam quiet
C1309	space-agency	Space Agency	internet-expanded	SK-LEDGER	TY-GROTESQUE	sharp-0	mission-patch	CS-LOW-KEY	CH-STANDARD	app	STYLE_ID=space-agency; SKELETON=SK-LEDGER; TYPE_ERA=TY-GROTESQUE; CONTROL=sharp-0; MATERIAL=mission-patch; COLOUR_STRAT=CS-LOW-KEY; CHROME=CH-STANDARD; FEEL=patches mission type
C1310	speakeasy	Speakeasy	internet-expanded	SK-TERMINAL	TY-DIDONE-LUX	ink-underline	speakeasy	CS-SEPIA	CH-APP	app	STYLE_ID=speakeasy; SKELETON=SK-TERMINAL; TYPE_ERA=TY-DIDONE-LUX; CONTROL=ink-underline; MATERIAL=speakeasy; COLOUR_STRAT=CS-SEPIA; CHROME=CH-APP; FEEL=hidden door gold dark
C1311	spice-market	Spice Market	internet-expanded	SK-POSTER	TY-HUMANIST	chunk-border	spice	CS-INVERTED	CH-DENSE	marketing	STYLE_ID=spice-market; SKELETON=SK-POSTER; TYPE_ERA=TY-HUMANIST; CONTROL=chunk-border; MATERIAL=spice; COLOUR_STRAT=CS-INVERTED; CHROME=CH-DENSE; FEEL=warm piles colour
C1312	sportswear-90s	90s Sportswear	internet-expanded	SK-BOTTOM-SHEET	TY-INDUSTRIAL-COND	pill	windbreaker	CS-REGIONAL-FLAG	CH-IMMERSIVE	mobile	STYLE_ID=sportswear-90s; SKELETON=SK-BOTTOM-SHEET; TYPE_ERA=TY-INDUSTRIAL-COND; CONTROL=pill; MATERIAL=windbreaker; COLOUR_STRAT=CS-REGIONAL-FLAG; CHROME=CH-IMMERSIVE; FEEL=neon windbreaker
C1313	stained-glass	Stained Glass	internet-expanded	SK-TAB-DECK	TY-OLDSTYLE-SERIF	ink-underline	stained-glass	CS-BRAND-LOCKUP	CH-NONE	mobile	STYLE_ID=stained-glass; SKELETON=SK-TAB-DECK; TYPE_ERA=TY-OLDSTYLE-SERIF; CONTROL=ink-underline; MATERIAL=stained-glass; COLOUR_STRAT=CS-BRAND-LOCKUP; CHROME=CH-NONE; FEEL=lead lines coloured light
C1314	stationers	Stationers	internet-expanded	SK-WIZARD-STEPS	TY-HUMANIST	ink-underline	stationery	CS-MONO-PLUS	CH-MIN	app	STYLE_ID=stationers; SKELETON=SK-WIZARD-STEPS; TYPE_ERA=TY-HUMANIST; CONTROL=ink-underline; MATERIAL=stationery; COLOUR_STRAT=CS-MONO-PLUS; CHROME=CH-MIN; FEEL=ruled pads stamps
C1315	steam-railway	Steam Railway	internet-expanded	SK-SPLIT-INSPECTOR	TY-HUMANIST	ticket	enamel-railway	CS-DUOTONE	CH-STANDARD	app	STYLE_ID=steam-railway; SKELETON=SK-SPLIT-INSPECTOR; TYPE_ERA=TY-HUMANIST; CONTROL=ticket; MATERIAL=enamel-railway; COLOUR_STRAT=CS-DUOTONE; CHROME=CH-STANDARD; FEEL=timetables enamel
C1316	steel-mill	Steel Mill	internet-expanded	SK-DASH-METRIC	TY-INDUSTRIAL-COND	chunk-border	steel-heat	CS-PRIMARY-TRIO	CH-APP	app	STYLE_ID=steel-mill; SKELETON=SK-DASH-METRIC; TYPE_ERA=TY-INDUSTRIAL-COND; CONTROL=chunk-border; MATERIAL=steel-heat; COLOUR_STRAT=CS-PRIMARY-TRIO; CHROME=CH-APP; FEEL=heat orange industry
C1317	stencil-street	Street Stencil	internet-expanded	SK-GALLERY-INDEX	TY-STENCIL	sharp-0	spray	CS-TONAL	CH-DENSE	marketing	STYLE_ID=stencil-street; SKELETON=SK-GALLERY-INDEX; TYPE_ERA=TY-STENCIL; CONTROL=sharp-0; MATERIAL=spray; COLOUR_STRAT=CS-TONAL; CHROME=CH-DENSE; FEEL=protest spray quick
C1318	stone-circle	Stone Circle	internet-expanded	SK-ZINE-COLLAGE	TY-OLDSTYLE-SERIF	ink-underline	standing-stone	CS-PAPER-INK	CH-IMMERSIVE	marketing	STYLE_ID=stone-circle; SKELETON=SK-ZINE-COLLAGE; TYPE_ERA=TY-OLDSTYLE-SERIF; CONTROL=ink-underline; MATERIAL=standing-stone; COLOUR_STRAT=CS-PAPER-INK; CHROME=CH-IMMERSIVE; FEEL=ancient quiet land
C1319	subway-map	Subway Map	internet-expanded	SK-BRUTAL-BLOCKS	TY-HUMANIST	sharp-0	subway-map	CS-DARK-STAGE	CH-NONE	any	STYLE_ID=subway-map; SKELETON=SK-BRUTAL-BLOCKS; TYPE_ERA=TY-HUMANIST; CONTROL=sharp-0; MATERIAL=subway-map; COLOUR_STRAT=CS-DARK-STAGE; CHROME=CH-NONE; FEEL=lines transfers colour code
C1320	sugar-high	Sugar High	internet-expanded	SK-RAIL-DOCK	TY-ROUNDED	pill	candy	CS-PASTEL-POP	CH-MIN	app	STYLE_ID=sugar-high; SKELETON=SK-RAIL-DOCK; TYPE_ERA=TY-ROUNDED; CONTROL=pill; MATERIAL=candy; COLOUR_STRAT=CS-PASTEL-POP; CHROME=CH-MIN; FEEL=candy hyper colour
C1321	summit	Summit	internet-expanded	SK-CENTER-STAGE	TY-GROTESQUE	sharp-0	alpine	CS-SIGNAL	CH-STANDARD	marketing	STYLE_ID=summit; SKELETON=SK-CENTER-STAGE; TYPE_ERA=TY-GROTESQUE; CONTROL=sharp-0; MATERIAL=alpine; COLOUR_STRAT=CS-SIGNAL; CHROME=CH-STANDARD; FEEL=alpine sparse air
C1322	supermarket-japan	JP Supermarket	internet-expanded	SK-NEWS-RIVER	TY-GROTESK-SOFT	soft-rect	jp-dense-label	CS-PHOTO-LED	CH-APP	app	STYLE_ID=supermarket-japan; SKELETON=SK-NEWS-RIVER; TYPE_ERA=TY-GROTESK-SOFT; CONTROL=soft-rect; MATERIAL=jp-dense-label; COLOUR_STRAT=CS-PHOTO-LED; CHROME=CH-APP; FEEL=dense labels polite
C1323	surf-shack	Surf Shack	internet-expanded	SK-CALENDAR-SPINE	TY-HUMANIST	chunk-border	surf-wood	CS-CMYK-PROCESS	CH-DENSE	app	STYLE_ID=surf-shack; SKELETON=SK-CALENDAR-SPINE; TYPE_ERA=TY-HUMANIST; CONTROL=chunk-border; MATERIAL=surf-wood; COLOUR_STRAT=CS-CMYK-PROCESS; CHROME=CH-DENSE; FEEL=wax boards salt wood
C1324	surgical	Surgical	internet-expanded	SK-MASONRY	TY-MONO-DATA	sharp-0	surgical	CS-EARTH	CH-IMMERSIVE	marketing	STYLE_ID=surgical; SKELETON=SK-MASONRY; TYPE_ERA=TY-MONO-DATA; CONTROL=sharp-0; MATERIAL=surgical; COLOUR_STRAT=CS-EARTH; CHROME=CH-IMMERSIVE; FEEL=extreme clinical precision
C1325	swamp	Swamp	internet-expanded	SK-SPLIT-DIAGONAL	TY-HUMANIST	chunk-border	swamp-green	CS-OCEAN	CH-NONE	marketing	STYLE_ID=swamp; SKELETON=SK-SPLIT-DIAGONAL; TYPE_ERA=TY-HUMANIST; CONTROL=chunk-border; MATERIAL=swamp-green; COLOUR_STRAT=CS-OCEAN; CHROME=CH-NONE; FEEL=humid green murk
C1326	sweater-weather	Sweater Weather	internet-expanded	SK-FRAME-IN-FRAME	TY-HUMANIST	soft-rect	knit	CS-NEON-ON-DARK	CH-MIN	marketing	STYLE_ID=sweater-weather; SKELETON=SK-FRAME-IN-FRAME; TYPE_ERA=TY-HUMANIST; CONTROL=soft-rect; MATERIAL=knit; COLOUR_STRAT=CS-NEON-ON-DARK; CHROME=CH-MIN; FEEL=knit warm autumn
C1327	synthetic-biology	Synbio	internet-expanded	SK-SIDE-SCROLL	TY-MONO-DATA	sharp-0	synbio	CS-DESAT-CORP	CH-STANDARD	marketing	STYLE_ID=synthetic-biology; SKELETON=SK-SIDE-SCROLL; TYPE_ERA=TY-MONO-DATA; CONTROL=sharp-0; MATERIAL=synbio; COLOUR_STRAT=CS-DESAT-CORP; CHROME=CH-STANDARD; FEEL=lab future organic tech
C1328	tableau-classic	Classic Infographic	internet-expanded	SK-FIXED-TOC	TY-GROTESK-SOFT	soft-rect	infographic	CS-HIGH-KEY	CH-APP	marketing	STYLE_ID=tableau-classic; SKELETON=SK-FIXED-TOC; TYPE_ERA=TY-GROTESK-SOFT; CONTROL=soft-rect; MATERIAL=infographic; COLOUR_STRAT=CS-HIGH-KEY; CHROME=CH-APP; FEEL=charticle 2010s
C1329	tavern	Tavern	internet-expanded	SK-COMMAND-CENTER	TY-OLDSTYLE-SERIF	chunk-border	tavern-wood	CS-LOW-KEY	CH-DENSE	app	STYLE_ID=tavern; SKELETON=SK-COMMAND-CENTER; TYPE_ERA=TY-OLDSTYLE-SERIF; CONTROL=chunk-border; MATERIAL=tavern-wood; COLOUR_STRAT=CS-LOW-KEY; CHROME=CH-DENSE; FEEL=wood ale warm
C1330	taxi	Taxi	internet-expanded	SK-INBOX-ZERO	TY-INDUSTRIAL-COND	sharp-0	taxi-yellow	CS-SEPIA	CH-IMMERSIVE	app	STYLE_ID=taxi; SKELETON=SK-INBOX-ZERO; TYPE_ERA=TY-INDUSTRIAL-COND; CONTROL=sharp-0; MATERIAL=taxi-yellow; COLOUR_STRAT=CS-SEPIA; CHROME=CH-IMMERSIVE; FEEL=yellow black city
C1331	tea-ceremony	Tea Ceremony Inspired	internet-expanded	SK-STUDIO-CANVAS	TY-SERIF-TEXT	ink-underline	tea-spare	CS-INVERTED	CH-NONE	app	STYLE_ID=tea-ceremony; SKELETON=SK-STUDIO-CANVAS; TYPE_ERA=TY-SERIF-TEXT; CONTROL=ink-underline; MATERIAL=tea-spare; COLOUR_STRAT=CS-INVERTED; CHROME=CH-NONE; FEEL=spare ritual calm
C1332	techwear	Techwear	internet-expanded	SK-COMPARISON	TY-GROTESK-SOFT	sharp-0	techwear	CS-REGIONAL-FLAG	CH-MIN	marketing	STYLE_ID=techwear; SKELETON=SK-COMPARISON; TYPE_ERA=TY-GROTESK-SOFT; CONTROL=sharp-0; MATERIAL=techwear; COLOUR_STRAT=CS-REGIONAL-FLAG; CHROME=CH-MIN; FEEL=black modular utility
C1333	temple-quiet	Temple Quiet	internet-expanded	SK-PRICING-LADDER	TY-SERIF-TEXT	ink-underline	temple-stone	CS-BRAND-LOCKUP	CH-STANDARD	marketing	STYLE_ID=temple-quiet; SKELETON=SK-PRICING-LADDER; TYPE_ERA=TY-SERIF-TEXT; CONTROL=ink-underline; MATERIAL=temple-stone; COLOUR_STRAT=CS-BRAND-LOCKUP; CHROME=CH-STANDARD; FEEL=stone quiet threshold
C1334	tennis-club	Tennis Club	internet-expanded	SK-MANIFEST-LIST	TY-HUMANIST	soft-rect	tennis-white	CS-MONO-PLUS	CH-APP	app	STYLE_ID=tennis-club; SKELETON=SK-MANIFEST-LIST; TYPE_ERA=TY-HUMANIST; CONTROL=soft-rect; MATERIAL=tennis-white; COLOUR_STRAT=CS-MONO-PLUS; CHROME=CH-APP; FEEL=white green preppy sport
C1335	terminal-amber	Amber Terminal	internet-expanded	SK-SCOREBOARD	TY-MONO-DATA	sharp-0	amber-crt	CS-DUOTONE	CH-DENSE	app	STYLE_ID=terminal-amber; SKELETON=SK-SCOREBOARD; TYPE_ERA=TY-MONO-DATA; CONTROL=sharp-0; MATERIAL=amber-crt; COLOUR_STRAT=CS-DUOTONE; CHROME=CH-DENSE; FEEL=warm phosphor classic
C1336	terminal-green	Green Terminal	internet-expanded	SK-COCKPIT-STRIP	TY-MONO-DATA	sharp-0	green-crt	CS-PRIMARY-TRIO	CH-IMMERSIVE	app	STYLE_ID=terminal-green; SKELETON=SK-COCKPIT-STRIP; TYPE_ERA=TY-MONO-DATA; CONTROL=sharp-0; MATERIAL=green-crt; COLOUR_STRAT=CS-PRIMARY-TRIO; CHROME=CH-IMMERSIVE; FEEL=classic phosphor
C1337	terracotta-army	Terracotta Inspired	internet-expanded	SK-FOLIO-SPREAD	TY-HUMANIST	sharp-0	terracotta-earth	CS-TONAL	CH-NONE	marketing	STYLE_ID=terracotta-army; SKELETON=SK-FOLIO-SPREAD; TYPE_ERA=TY-HUMANIST; CONTROL=sharp-0; MATERIAL=terracotta-earth; COLOUR_STRAT=CS-TONAL; CHROME=CH-NONE; FEEL=earth ranks pattern care
C1338	textile-mill	Textile Mill	internet-expanded	SK-STAMP-SHEET	TY-INDUSTRIAL-COND	chunk-border	loom	CS-PAPER-INK	CH-MIN	marketing	STYLE_ID=textile-mill; SKELETON=SK-STAMP-SHEET; TYPE_ERA=TY-INDUSTRIAL-COND; CONTROL=chunk-border; MATERIAL=loom; COLOUR_STRAT=CS-PAPER-INK; CHROME=CH-MIN; FEEL=looms thread industry
C1339	theater-backstage	Backstage	internet-expanded	SK-DOCKED-FAB	TY-SYSTEM-RAW	chunk-border	glow-tape	CS-DARK-STAGE	CH-STANDARD	mobile	STYLE_ID=theater-backstage; SKELETON=SK-DOCKED-FAB; TYPE_ERA=TY-SYSTEM-RAW; CONTROL=chunk-border; MATERIAL=glow-tape; COLOUR_STRAT=CS-DARK-STAGE; CHROME=CH-STANDARD; FEEL=glow tape black
C1340	tide-pool-sci	Tide Pool Science	internet-expanded	SK-PEEK-CARDS	TY-SERIF-TEXT	ink-underline	tide-pool	CS-PASTEL-POP	CH-APP	mobile	STYLE_ID=tide-pool-sci; SKELETON=SK-PEEK-CARDS; TYPE_ERA=TY-SERIF-TEXT; CONTROL=ink-underline; MATERIAL=tide-pool; COLOUR_STRAT=CS-PASTEL-POP; CHROME=CH-APP; FEEL=creatures catalog
C1341	tin-ceiling	Tin Ceiling	internet-expanded	SK-RADIO-TUNER	TY-DIDONE-LUX	ink-underline	tin-ceiling	CS-SIGNAL	CH-DENSE	app	STYLE_ID=tin-ceiling; SKELETON=SK-RADIO-TUNER; TYPE_ERA=TY-DIDONE-LUX; CONTROL=ink-underline; MATERIAL=tin-ceiling; COLOUR_STRAT=CS-SIGNAL; CHROME=CH-DENSE; FEEL=pressed metal ornate
C1342	toolbox	Toolbox	internet-expanded	SK-FILMSTRIP	TY-INDUSTRIAL-COND	chunk-border	tool-foam	CS-PHOTO-LED	CH-IMMERSIVE	marketing	STYLE_ID=toolbox; SKELETON=SK-FILMSTRIP; TYPE_ERA=TY-INDUSTRIAL-COND; CONTROL=chunk-border; MATERIAL=tool-foam; COLOUR_STRAT=CS-PHOTO-LED; CHROME=CH-IMMERSIVE; FEEL=foam cutouts tools
C1343	topo-only	Topo Only	internet-expanded	SK-ORBIT-META	TY-HUMANIST	sharp-0	contours	CS-CMYK-PROCESS	CH-NONE	marketing	STYLE_ID=topo-only; SKELETON=SK-ORBIT-META; TYPE_ERA=TY-HUMANIST; CONTROL=sharp-0; MATERIAL=contours; COLOUR_STRAT=CS-CMYK-PROCESS; CHROME=CH-NONE; FEEL=contour lines pure
C1344	toy-store	Toy Store	internet-expanded	SK-SPLIT-DEPTH	TY-ROUNDED	pill	toy-shelf	CS-EARTH	CH-MIN	marketing	STYLE_ID=toy-store; SKELETON=SK-SPLIT-DEPTH; TYPE_ERA=TY-ROUNDED; CONTROL=pill; MATERIAL=toy-shelf; COLOUR_STRAT=CS-EARTH; CHROME=CH-MIN; FEEL=primary shelves joy
C1345	trade-show	Trade Show	internet-expanded	SK-CHECKOUT-TUNNEL	TY-GROTESK-SOFT	filled-block	booth	CS-OCEAN	CH-STANDARD	marketing	STYLE_ID=trade-show; SKELETON=SK-CHECKOUT-TUNNEL; TYPE_ERA=TY-GROTESK-SOFT; CONTROL=filled-block; MATERIAL=booth; COLOUR_STRAT=CS-OCEAN; CHROME=CH-STANDARD; FEEL=booth banners leads
C1346	train-compartment	Train Compartment	internet-expanded	SK-CHAT-THREAD	TY-HUMANIST	ticket	compartment	CS-NEON-ON-DARK	CH-APP	app	STYLE_ID=train-compartment; SKELETON=SK-CHAT-THREAD; TYPE_ERA=TY-HUMANIST; CONTROL=ticket; MATERIAL=compartment; COLOUR_STRAT=CS-NEON-ON-DARK; CHROME=CH-APP; FEEL=window seats timetable
C1347	trench	Trench	internet-expanded	SK-NOTIFICATION-STACK	TY-STENCIL	chunk-border	trench	CS-DESAT-CORP	CH-DENSE	mobile	STYLE_ID=trench; SKELETON=SK-NOTIFICATION-STACK; TYPE_ERA=TY-STENCIL; CONTROL=chunk-border; MATERIAL=trench; COLOUR_STRAT=CS-DESAT-CORP; CHROME=CH-DENSE; FEEL=mud util military careful
C1348	tribal-tech	Tribal-Tech Hybrid careful	internet-expanded	SK-DIRECTORY	TY-MIXED-HIGH-CONTRAST	sharp-0	pattern-hud	CS-HIGH-KEY	CH-IMMERSIVE	app	STYLE_ID=tribal-tech; SKELETON=SK-DIRECTORY; TYPE_ERA=TY-MIXED-HIGH-CONTRAST; CONTROL=sharp-0; MATERIAL=pattern-hud; COLOUR_STRAT=CS-HIGH-KEY; CHROME=CH-IMMERSIVE; FEEL=pattern + HUD careful
C1349	tropical-modernism	Tropical Modernism	internet-expanded	SK-ATLAS-PLATES	TY-HUMANIST	soft-rect	shade-modern	CS-LOW-KEY	CH-NONE	marketing	STYLE_ID=tropical-modernism; SKELETON=SK-ATLAS-PLATES; TYPE_ERA=TY-HUMANIST; CONTROL=soft-rect; MATERIAL=shade-modern; COLOUR_STRAT=CS-LOW-KEY; CHROME=CH-NONE; FEEL=climate modern shade
C1350	truck-stop	Truck Stop	internet-expanded	SK-HERO-SPLIT	TY-INDUSTRIAL-COND	chunk-border	highway-neon	CS-SEPIA	CH-MIN	marketing	STYLE_ID=truck-stop; SKELETON=SK-HERO-SPLIT; TYPE_ERA=TY-INDUSTRIAL-COND; CONTROL=chunk-border; MATERIAL=highway-neon; COLOUR_STRAT=CS-SEPIA; CHROME=CH-MIN; FEEL=highway coffee neon
C1351	typewriter	Typewriter	internet-expanded	SK-SINGLE-STICKY	TY-MONO-DATA	ink-underline	typewriter	CS-INVERTED	CH-STANDARD	marketing	STYLE_ID=typewriter; SKELETON=SK-SINGLE-STICKY; TYPE_ERA=TY-MONO-DATA; CONTROL=ink-underline; MATERIAL=typewriter; COLOUR_STRAT=CS-INVERTED; CHROME=CH-STANDARD; FEEL=monospace letters ink
C1352	typography-only	Typography Only	internet-expanded	SK-EDITORIAL-LONG	TY-DISPLAY-EXTREME	ink-underline	type-only	CS-REGIONAL-FLAG	CH-APP	marketing	STYLE_ID=typography-only; SKELETON=SK-EDITORIAL-LONG; TYPE_ERA=TY-DISPLAY-EXTREME; CONTROL=ink-underline; MATERIAL=type-only; COLOUR_STRAT=CS-REGIONAL-FLAG; CHROME=CH-APP; FEEL=no images type composition
C1353	underground-club	Underground Club	internet-expanded	SK-BENTO	TY-DISPLAY-EXTREME	sharp-0	blacklight	CS-BRAND-LOCKUP	CH-DENSE	marketing	STYLE_ID=underground-club; SKELETON=SK-BENTO; TYPE_ERA=TY-DISPLAY-EXTREME; CONTROL=sharp-0; MATERIAL=blacklight; COLOUR_STRAT=CS-BRAND-LOCKUP; CHROME=CH-DENSE; FEEL=black light low fi
C1354	university-lab	University Lab	internet-expanded	SK-TABLE-FIRST	TY-SERIF-TEXT	sharp-0	grant-poster	CS-MONO-PLUS	CH-IMMERSIVE	app	STYLE_ID=university-lab; SKELETON=SK-TABLE-FIRST; TYPE_ERA=TY-SERIF-TEXT; CONTROL=sharp-0; MATERIAL=grant-poster; COLOUR_STRAT=CS-MONO-PLUS; CHROME=CH-IMMERSIVE; FEEL=grant posters diagrams
C1355	urban-gardening	Urban Gardening	internet-expanded	SK-TIMELINE	TY-HUMANIST	soft-rect	planter	CS-DUOTONE	CH-NONE	app	STYLE_ID=urban-gardening; SKELETON=SK-TIMELINE; TYPE_ERA=TY-HUMANIST; CONTROL=soft-rect; MATERIAL=planter; COLOUR_STRAT=CS-DUOTONE; CHROME=CH-NONE; FEEL=planters city green
C1356	utility-bill	Utility Bill	internet-expanded	SK-MAP-STAGE	TY-SYSTEM-RAW	sharp-0	utility-form	CS-PRIMARY-TRIO	CH-MIN	app	STYLE_ID=utility-bill; SKELETON=SK-MAP-STAGE; TYPE_ERA=TY-SYSTEM-RAW; CONTROL=sharp-0; MATERIAL=utility-form; COLOUR_STRAT=CS-PRIMARY-TRIO; CHROME=CH-MIN; FEEL=tables due dates plain
C1357	utopia	Utopia	internet-expanded	SK-BOARD-KANBAN	TY-GEOMETRIC	soft-rect	utopia	CS-TONAL	CH-STANDARD	app	STYLE_ID=utopia; SKELETON=SK-BOARD-KANBAN; TYPE_ERA=TY-GEOMETRIC; CONTROL=soft-rect; MATERIAL=utopia; COLOUR_STRAT=CS-TONAL; CHROME=CH-STANDARD; FEEL=soft future hopeful diagrams
C1358	vacation-slideshow	Vacation Slideshow	internet-expanded	SK-TICKET-STUB	TY-HUMANIST	soft-rect	kodak	CS-PAPER-INK	CH-APP	marketing	STYLE_ID=vacation-slideshow; SKELETON=SK-TICKET-STUB; TYPE_ERA=TY-HUMANIST; CONTROL=soft-rect; MATERIAL=kodak; COLOUR_STRAT=CS-PAPER-INK; CHROME=CH-APP; FEEL=kodak carousels
C1359	valley	Valley	internet-expanded	SK-LEDGER	TY-HUMANIST	soft-rect	vineyard	CS-DARK-STAGE	CH-DENSE	app	STYLE_ID=valley; SKELETON=SK-LEDGER; TYPE_ERA=TY-HUMANIST; CONTROL=soft-rect; MATERIAL=vineyard; COLOUR_STRAT=CS-DARK-STAGE; CHROME=CH-DENSE; FEEL=vineyard rows calm
C1360	vaudeville	Vaudeville	internet-expanded	SK-TERMINAL	TY-DISPLAY-EXTREME	ticket	vaudeville	CS-PASTEL-POP	CH-IMMERSIVE	app	STYLE_ID=vaudeville; SKELETON=SK-TERMINAL; TYPE_ERA=TY-DISPLAY-EXTREME; CONTROL=ticket; MATERIAL=vaudeville; COLOUR_STRAT=CS-PASTEL-POP; CHROME=CH-IMMERSIVE; FEEL=stage lights variety
C1361	vector-flat-2013	2013 Flat Vector	internet-expanded	SK-POSTER	TY-GROTESK-SOFT	soft-rect	long-shadow	CS-SIGNAL	CH-NONE	marketing	STYLE_ID=vector-flat-2013; SKELETON=SK-POSTER; TYPE_ERA=TY-GROTESK-SOFT; CONTROL=soft-rect; MATERIAL=long-shadow; COLOUR_STRAT=CS-SIGNAL; CHROME=CH-NONE; FEEL=long shadow icons
C1362	velour	Velour	internet-expanded	SK-BOTTOM-SHEET	TY-DIDONE-LUX	pill	velour	CS-PHOTO-LED	CH-MIN	mobile	STYLE_ID=velour; SKELETON=SK-BOTTOM-SHEET; TYPE_ERA=TY-DIDONE-LUX; CONTROL=pill; MATERIAL=velour; COLOUR_STRAT=CS-PHOTO-LED; CHROME=CH-MIN; FEEL=soft luxe 70s
C1363	venetian	Venetian	internet-expanded	SK-TAB-DECK	TY-DIDONE-LUX	ink-underline	venetian	CS-CMYK-PROCESS	CH-STANDARD	mobile	STYLE_ID=venetian; SKELETON=SK-TAB-DECK; TYPE_ERA=TY-DIDONE-LUX; CONTROL=ink-underline; MATERIAL=venetian; COLOUR_STRAT=CS-CMYK-PROCESS; CHROME=CH-STANDARD; FEEL=canals ornate decay beauty
C1364	video-store	Video Store	internet-expanded	SK-WIZARD-STEPS	TY-DISPLAY-EXTREME	chunk-border	vhs-wall	CS-EARTH	CH-APP	app	STYLE_ID=video-store; SKELETON=SK-WIZARD-STEPS; TYPE_ERA=TY-DISPLAY-EXTREME; CONTROL=chunk-border; MATERIAL=vhs-wall; COLOUR_STRAT=CS-EARTH; CHROME=CH-APP; FEEL=VHS walls neon
C1365	villa	Villa	internet-expanded	SK-SPLIT-INSPECTOR	TY-HUMANIST	soft-rect	villa	CS-OCEAN	CH-DENSE	app	STYLE_ID=villa; SKELETON=SK-SPLIT-INSPECTOR; TYPE_ERA=TY-HUMANIST; CONTROL=soft-rect; MATERIAL=villa; COLOUR_STRAT=CS-OCEAN; CHROME=CH-DENSE; FEEL=mediterranean leisure
C1366	vintage-computer	Vintage Computer	internet-expanded	SK-DASH-METRIC	TY-SYSTEM-RAW	sharp-0	beige-crt	CS-NEON-ON-DARK	CH-IMMERSIVE	app	STYLE_ID=vintage-computer; SKELETON=SK-DASH-METRIC; TYPE_ERA=TY-SYSTEM-RAW; CONTROL=sharp-0; MATERIAL=beige-crt; COLOUR_STRAT=CS-NEON-ON-DARK; CHROME=CH-IMMERSIVE; FEEL=beige CRT UI
C1367	vintage-sports	Vintage Sports	internet-expanded	SK-GALLERY-INDEX	TY-INDUSTRIAL-COND	ticket	letterman	CS-DESAT-CORP	CH-NONE	marketing	STYLE_ID=vintage-sports; SKELETON=SK-GALLERY-INDEX; TYPE_ERA=TY-INDUSTRIAL-COND; CONTROL=ticket; MATERIAL=letterman; COLOUR_STRAT=CS-DESAT-CORP; CHROME=CH-NONE; FEEL=letterman patches
C1368	volcanic	Volcanic	internet-expanded	SK-ZINE-COLLAGE	TY-GROTESQUE	sharp-0	basalt-lava	CS-HIGH-KEY	CH-MIN	marketing	STYLE_ID=volcanic; SKELETON=SK-ZINE-COLLAGE; TYPE_ERA=TY-GROTESQUE; CONTROL=sharp-0; MATERIAL=basalt-lava; COLOUR_STRAT=CS-HIGH-KEY; CHROME=CH-MIN; FEEL=basalt lava heat
C1369	voyager	Voyager	internet-expanded	SK-BRUTAL-BLOCKS	TY-GROTESQUE	sharp-0	golden-record	CS-LOW-KEY	CH-STANDARD	any	STYLE_ID=voyager; SKELETON=SK-BRUTAL-BLOCKS; TYPE_ERA=TY-GROTESQUE; CONTROL=sharp-0; MATERIAL=golden-record; COLOUR_STRAT=CS-LOW-KEY; CHROME=CH-STANDARD; FEEL=golden record space
C1370	wallpaper-william-morris	Morris Wallpaper	internet-expanded	SK-RAIL-DOCK	TY-OLDSTYLE-SERIF	ink-underline	morris-botanical	CS-SEPIA	CH-APP	app	STYLE_ID=wallpaper-william-morris; SKELETON=SK-RAIL-DOCK; TYPE_ERA=TY-OLDSTYLE-SERIF; CONTROL=ink-underline; MATERIAL=morris-botanical; COLOUR_STRAT=CS-SEPIA; CHROME=CH-APP; FEEL=dense botanical craft
C1371	warehouse-rave	Warehouse Rave	internet-expanded	SK-CENTER-STAGE	TY-GROTESQUE	sharp-0	rave-warehouse	CS-INVERTED	CH-DENSE	marketing	STYLE_ID=warehouse-rave; SKELETON=SK-CENTER-STAGE; TYPE_ERA=TY-GROTESQUE; CONTROL=sharp-0; MATERIAL=rave-warehouse; COLOUR_STRAT=CS-INVERTED; CHROME=CH-DENSE; FEEL=industrial dance
C1372	watercolor-soft	Soft Watercolour	internet-expanded	SK-NEWS-RIVER	TY-HUMANIST	soft-rect	watercolour	CS-REGIONAL-FLAG	CH-IMMERSIVE	app	STYLE_ID=watercolor-soft; SKELETON=SK-NEWS-RIVER; TYPE_ERA=TY-HUMANIST; CONTROL=soft-rect; MATERIAL=watercolour; COLOUR_STRAT=CS-REGIONAL-FLAG; CHROME=CH-IMMERSIVE; FEEL=washes edges bleed
C1373	weather-channel-90s	90s Weather	internet-expanded	SK-CALENDAR-SPINE	TY-SYSTEM-RAW	soft-rect	weather-map	CS-BRAND-LOCKUP	CH-NONE	app	STYLE_ID=weather-channel-90s; SKELETON=SK-CALENDAR-SPINE; TYPE_ERA=TY-SYSTEM-RAW; CONTROL=soft-rect; MATERIAL=weather-map; COLOUR_STRAT=CS-BRAND-LOCKUP; CHROME=CH-NONE; FEEL=maps gradients local
C1374	wedding-stationery	Wedding Stationery	internet-expanded	SK-MASONRY	TY-SCRIPT-SPARSE	ink-underline	wedding-paper	CS-MONO-PLUS	CH-MIN	marketing	STYLE_ID=wedding-stationery; SKELETON=SK-MASONRY; TYPE_ERA=TY-SCRIPT-SPARSE; CONTROL=ink-underline; MATERIAL=wedding-paper; COLOUR_STRAT=CS-MONO-PLUS; CHROME=CH-MIN; FEEL=calligraphy suites
C1375	weird-nature	Weird Nature	internet-expanded	SK-SPLIT-DIAGONAL	TY-MIXED-HIGH-CONTRAST	chunk-border	weird-plant	CS-DUOTONE	CH-STANDARD	marketing	STYLE_ID=weird-nature; SKELETON=SK-SPLIT-DIAGONAL; TYPE_ERA=TY-MIXED-HIGH-CONTRAST; CONTROL=chunk-border; MATERIAL=weird-plant; COLOUR_STRAT=CS-DUOTONE; CHROME=CH-STANDARD; FEEL=uncanny plants
C1376	western-saloon	Western Saloon	internet-expanded	SK-FRAME-IN-FRAME	TY-SLAB	chunk-border	saloon	CS-PRIMARY-TRIO	CH-APP	marketing	STYLE_ID=western-saloon; SKELETON=SK-FRAME-IN-FRAME; TYPE_ERA=TY-SLAB; CONTROL=chunk-border; MATERIAL=saloon; COLOUR_STRAT=CS-PRIMARY-TRIO; CHROME=CH-APP; FEEL=wood swinging doors
C1377	wet-market-careful	Market Fresh Graphic	internet-expanded	SK-SIDE-SCROLL	TY-HUMANIST	chunk-border	produce	CS-TONAL	CH-DENSE	marketing	STYLE_ID=wet-market-careful; SKELETON=SK-SIDE-SCROLL; TYPE_ERA=TY-HUMANIST; CONTROL=chunk-border; MATERIAL=produce; COLOUR_STRAT=CS-TONAL; CHROME=CH-DENSE; FEEL=produce abundance careful
C1378	whale	Whale	internet-expanded	SK-FIXED-TOC	TY-SERIF-TEXT	ink-underline	whale-blue	CS-PAPER-INK	CH-IMMERSIVE	marketing	STYLE_ID=whale; SKELETON=SK-FIXED-TOC; TYPE_ERA=TY-SERIF-TEXT; CONTROL=ink-underline; MATERIAL=whale-blue; COLOUR_STRAT=CS-PAPER-INK; CHROME=CH-IMMERSIVE; FEEL=deep blue scale awe
C1379	wheatpaste	Wheatpaste	internet-expanded	SK-COMMAND-CENTER	TY-INDUSTRIAL-COND	chunk-border	wheatpaste	CS-DARK-STAGE	CH-NONE	app	STYLE_ID=wheatpaste; SKELETON=SK-COMMAND-CENTER; TYPE_ERA=TY-INDUSTRIAL-COND; CONTROL=chunk-border; MATERIAL=wheatpaste; COLOUR_STRAT=CS-DARK-STAGE; CHROME=CH-NONE; FEEL=street posters layers
C1380	whimsical-map	Whimsical Map	internet-expanded	SK-INBOX-ZERO	TY-OLDSTYLE-SERIF	ticket	whimsy-map	CS-PASTEL-POP	CH-MIN	app	STYLE_ID=whimsical-map; SKELETON=SK-INBOX-ZERO; TYPE_ERA=TY-OLDSTYLE-SERIF; CONTROL=ticket; MATERIAL=whimsy-map; COLOUR_STRAT=CS-PASTEL-POP; CHROME=CH-MIN; FEEL=illustrated lands labels
C1381	white-cube	White Cube Gallery	internet-expanded	SK-STUDIO-CANVAS	TY-GROTESK-SOFT	ink-underline	white-cube	CS-SIGNAL	CH-STANDARD	app	STYLE_ID=white-cube; SKELETON=SK-STUDIO-CANVAS; TYPE_ERA=TY-GROTESK-SOFT; CONTROL=ink-underline; MATERIAL=white-cube; COLOUR_STRAT=CS-SIGNAL; CHROME=CH-STANDARD; FEEL=neutral art container
C1382	wilderness	Wilderness	internet-expanded	SK-COMPARISON	TY-HUMANIST	chunk-border	wilderness	CS-PHOTO-LED	CH-APP	marketing	STYLE_ID=wilderness; SKELETON=SK-COMPARISON; TYPE_ERA=TY-HUMANIST; CONTROL=chunk-border; MATERIAL=wilderness; COLOUR_STRAT=CS-PHOTO-LED; CHROME=CH-APP; FEEL=topo trail risk
C1383	windmill	Windmill	internet-expanded	SK-PRICING-LADDER	TY-HUMANIST	soft-rect	windmill	CS-CMYK-PROCESS	CH-DENSE	marketing	STYLE_ID=windmill; SKELETON=SK-PRICING-LADDER; TYPE_ERA=TY-HUMANIST; CONTROL=soft-rect; MATERIAL=windmill; COLOUR_STRAT=CS-CMYK-PROCESS; CHROME=CH-DENSE; FEEL=dutch landscape type
C1384	winter-cabin	Winter Cabin	internet-expanded	SK-MANIFEST-LIST	TY-SLAB	chunk-border	cabin-winter	CS-EARTH	CH-IMMERSIVE	app	STYLE_ID=winter-cabin; SKELETON=SK-MANIFEST-LIST; TYPE_ERA=TY-SLAB; CONTROL=chunk-border; MATERIAL=cabin-winter; COLOUR_STRAT=CS-EARTH; CHROME=CH-IMMERSIVE; FEEL=fire snow wood
C1385	wireframe-aesthetic	Wireframe Aesthetic	internet-expanded	SK-SCOREBOARD	TY-SYSTEM-RAW	sharp-0	wireframe	CS-OCEAN	CH-NONE	app	STYLE_ID=wireframe-aesthetic; SKELETON=SK-SCOREBOARD; TYPE_ERA=TY-SYSTEM-RAW; CONTROL=sharp-0; MATERIAL=wireframe; COLOUR_STRAT=CS-OCEAN; CHROME=CH-NONE; FEEL=intentionally unfinished
C1386	woodcut-modern	Modern Woodcut	internet-expanded	SK-COCKPIT-STRIP	TY-DISPLAY-EXTREME	chunk-border	modern-woodcut	CS-NEON-ON-DARK	CH-MIN	app	STYLE_ID=woodcut-modern; SKELETON=SK-COCKPIT-STRIP; TYPE_ERA=TY-DISPLAY-EXTREME; CONTROL=chunk-border; MATERIAL=modern-woodcut; COLOUR_STRAT=CS-NEON-ON-DARK; CHROME=CH-MIN; FEEL=bold carved contemporary
C1387	workshop-manual	Workshop Manual	internet-expanded	SK-FOLIO-SPREAD	TY-MONO-DATA	sharp-0	exploded-diagram	CS-DESAT-CORP	CH-STANDARD	marketing	STYLE_ID=workshop-manual; SKELETON=SK-FOLIO-SPREAD; TYPE_ERA=TY-MONO-DATA; CONTROL=sharp-0; MATERIAL=exploded-diagram; COLOUR_STRAT=CS-DESAT-CORP; CHROME=CH-STANDARD; FEEL=exploded diagrams
C1388	world-fair	World Fair	internet-expanded	SK-STAMP-SHEET	TY-GEOMETRIC	ticket	expo-fair	CS-HIGH-KEY	CH-APP	marketing	STYLE_ID=world-fair; SKELETON=SK-STAMP-SHEET; TYPE_ERA=TY-GEOMETRIC; CONTROL=ticket; MATERIAL=expo-fair; COLOUR_STRAT=CS-HIGH-KEY; CHROME=CH-APP; FEEL=expo optimism pavilions
C1389	wreck	Shipwreck	internet-expanded	SK-DOCKED-FAB	TY-MIXED-HIGH-CONTRAST	chunk-border	salvage	CS-LOW-KEY	CH-DENSE	mobile	STYLE_ID=wreck; SKELETON=SK-DOCKED-FAB; TYPE_ERA=TY-MIXED-HIGH-CONTRAST; CONTROL=chunk-border; MATERIAL=salvage; COLOUR_STRAT=CS-LOW-KEY; CHROME=CH-DENSE; FEEL=salt decay salvage
C1390	writing-desk	Writing Desk	internet-expanded	SK-PEEK-CARDS	TY-OLDSTYLE-SERIF	ink-underline	blotter	CS-SEPIA	CH-IMMERSIVE	mobile	STYLE_ID=writing-desk; SKELETON=SK-PEEK-CARDS; TYPE_ERA=TY-OLDSTYLE-SERIF; CONTROL=ink-underline; MATERIAL=blotter; COLOUR_STRAT=CS-SEPIA; CHROME=CH-IMMERSIVE; FEEL=blotter pen inkwell
C1391	xray	X-Ray	internet-expanded	SK-RADIO-TUNER	TY-MONO-DATA	sharp-0	xray	CS-INVERTED	CH-NONE	app	STYLE_ID=xray; SKELETON=SK-RADIO-TUNER; TYPE_ERA=TY-MONO-DATA; CONTROL=sharp-0; MATERIAL=xray; COLOUR_STRAT=CS-INVERTED; CHROME=CH-NONE; FEEL=ghost anatomy blue
C1392	yacht	Yacht	internet-expanded	SK-FILMSTRIP	TY-HUMANIST	soft-rect	yacht-navy	CS-REGIONAL-FLAG	CH-MIN	marketing	STYLE_ID=yacht; SKELETON=SK-FILMSTRIP; TYPE_ERA=TY-HUMANIST; CONTROL=soft-rect; MATERIAL=yacht-navy; COLOUR_STRAT=CS-REGIONAL-FLAG; CHROME=CH-MIN; FEEL=navy white rope polish
C1393	yard-sale	Yard Sale	internet-expanded	SK-ORBIT-META	TY-MIXED-HIGH-CONTRAST	ticket	yard-sale	CS-BRAND-LOCKUP	CH-STANDARD	marketing	STYLE_ID=yard-sale; SKELETON=SK-ORBIT-META; TYPE_ERA=TY-MIXED-HIGH-CONTRAST; CONTROL=ticket; MATERIAL=yard-sale; COLOUR_STRAT=CS-BRAND-LOCKUP; CHROME=CH-STANDARD; FEEL=handwritten prices chaos
C1394	yellow-pages	Yellow Pages	internet-expanded	SK-SPLIT-DEPTH	TY-SYSTEM-RAW	ink-underline	yellow-pages	CS-MONO-PLUS	CH-APP	marketing	STYLE_ID=yellow-pages; SKELETON=SK-SPLIT-DEPTH; TYPE_ERA=TY-SYSTEM-RAW; CONTROL=ink-underline; MATERIAL=yellow-pages; COLOUR_STRAT=CS-MONO-PLUS; CHROME=CH-APP; FEEL=dense directories ads
C1395	zen-garden	Zen Garden	internet-expanded	SK-CHECKOUT-TUNNEL	TY-SERIF-TEXT	ink-underline	raked-gravel	CS-DUOTONE	CH-DENSE	marketing	STYLE_ID=zen-garden; SKELETON=SK-CHECKOUT-TUNNEL; TYPE_ERA=TY-SERIF-TEXT; CONTROL=ink-underline; MATERIAL=raked-gravel; COLOUR_STRAT=CS-DUOTONE; CHROME=CH-DENSE; FEEL=raked gravel spare
C1396	zero-waste	Zero Waste	internet-expanded	SK-CHAT-THREAD	TY-HUMANIST	chunk-border	repair-kraft	CS-PRIMARY-TRIO	CH-IMMERSIVE	app	STYLE_ID=zero-waste; SKELETON=SK-CHAT-THREAD; TYPE_ERA=TY-HUMANIST; CONTROL=chunk-border; MATERIAL=repair-kraft; COLOUR_STRAT=CS-PRIMARY-TRIO; CHROME=CH-IMMERSIVE; FEEL=kraft repair reuse
C1397	zoo-signage	Zoo Signage	internet-expanded	SK-NOTIFICATION-STACK	TY-HUMANIST	chunk-border	species-panel	CS-TONAL	CH-NONE	mobile	STYLE_ID=zoo-signage; SKELETON=SK-NOTIFICATION-STACK; TYPE_ERA=TY-HUMANIST; CONTROL=chunk-border; MATERIAL=species-panel; COLOUR_STRAT=CS-TONAL; CHROME=CH-NONE; FEEL=species panels kids adult
C1398	zine-music	Music Zine	internet-expanded	SK-DIRECTORY	TY-MIXED-HIGH-CONTRAST	chunk-border	music-zine	CS-PAPER-INK	CH-MIN	app	STYLE_ID=zine-music; SKELETON=SK-DIRECTORY; TYPE_ERA=TY-MIXED-HIGH-CONTRAST; CONTROL=chunk-border; MATERIAL=music-zine; COLOUR_STRAT=CS-PAPER-INK; CHROME=CH-MIN; FEEL=interviews xerox photos
C1399	airline-lcc	Low-Cost Carrier	industry-expanded	SK-ATLAS-PLATES	TY-INDUSTRIAL-COND	filled-block	lcc-bright	CS-DARK-STAGE	CH-STANDARD	marketing	STYLE_ID=airline-lcc; SKELETON=SK-ATLAS-PLATES; TYPE_ERA=TY-INDUSTRIAL-COND; CONTROL=filled-block; MATERIAL=lcc-bright; COLOUR_STRAT=CS-DARK-STAGE; CHROME=CH-STANDARD; FEEL=bright fees clear
C1400	airline-legacy	Legacy Carrier	industry-expanded	SK-HERO-SPLIT	TY-HUMANIST	soft-rect	legacy-blue	CS-PASTEL-POP	CH-APP	marketing	STYLE_ID=airline-legacy; SKELETON=SK-HERO-SPLIT; TYPE_ERA=TY-HUMANIST; CONTROL=soft-rect; MATERIAL=legacy-blue; COLOUR_STRAT=CS-PASTEL-POP; CHROME=CH-APP; FEEL=trust blue calm
C1401	airport-wayfinding	Airport Wayfinding	industry-expanded	SK-SINGLE-STICKY	TY-HUMANIST	sharp-0	airport	CS-SIGNAL	CH-DENSE	marketing	STYLE_ID=airport-wayfinding; SKELETON=SK-SINGLE-STICKY; TYPE_ERA=TY-HUMANIST; CONTROL=sharp-0; MATERIAL=airport; COLOUR_STRAT=CS-SIGNAL; CHROME=CH-DENSE; FEEL=pictograms distances
C1402	ambulance-dispatch	Ambulance Dispatch	industry-expanded	SK-EDITORIAL-LONG	TY-HUMANIST	chunk-border	dispatch	CS-PHOTO-LED	CH-IMMERSIVE	marketing	STYLE_ID=ambulance-dispatch; SKELETON=SK-EDITORIAL-LONG; TYPE_ERA=TY-HUMANIST; CONTROL=chunk-border; MATERIAL=dispatch; COLOUR_STRAT=CS-PHOTO-LED; CHROME=CH-IMMERSIVE; FEEL=urgency calm clarity
C1403	architecture-portfolio	Architecture Portfolio	industry-expanded	SK-BENTO	TY-GROTESQUE	ink-underline	portfolio-arch	CS-CMYK-PROCESS	CH-NONE	marketing	STYLE_ID=architecture-portfolio; SKELETON=SK-BENTO; TYPE_ERA=TY-GROTESQUE; CONTROL=ink-underline; MATERIAL=portfolio-arch; COLOUR_STRAT=CS-CMYK-PROCESS; CHROME=CH-NONE; FEEL=project grids plans
C1404	art-school	Art School	industry-expanded	SK-TABLE-FIRST	TY-MIXED-HIGH-CONTRAST	chunk-border	critique-wall	CS-EARTH	CH-MIN	app	STYLE_ID=art-school; SKELETON=SK-TABLE-FIRST; TYPE_ERA=TY-MIXED-HIGH-CONTRAST; CONTROL=chunk-border; MATERIAL=critique-wall; COLOUR_STRAT=CS-EARTH; CHROME=CH-MIN; FEEL=critique walls mess creative
C1405	auction-house	Auction House	industry-expanded	SK-TIMELINE	TY-TRANSITIONAL-SERIF	ticket	auction	CS-OCEAN	CH-STANDARD	app	STYLE_ID=auction-house; SKELETON=SK-TIMELINE; TYPE_ERA=TY-TRANSITIONAL-SERIF; CONTROL=ticket; MATERIAL=auction; COLOUR_STRAT=CS-OCEAN; CHROME=CH-STANDARD; FEEL=lot numbers paddles
C1406	auto-dealer	Auto Dealer	industry-expanded	SK-MAP-STAGE	TY-GROTESK-SOFT	soft-rect	dealer	CS-NEON-ON-DARK	CH-APP	app	STYLE_ID=auto-dealer; SKELETON=SK-MAP-STAGE; TYPE_ERA=TY-GROTESK-SOFT; CONTROL=soft-rect; MATERIAL=dealer; COLOUR_STRAT=CS-NEON-ON-DARK; CHROME=CH-APP; FEEL=inventory hero finance
C1407	auto-repair	Auto Repair	industry-expanded	SK-BOARD-KANBAN	TY-INDUSTRIAL-COND	chunk-border	garage	CS-DESAT-CORP	CH-DENSE	app	STYLE_ID=auto-repair; SKELETON=SK-BOARD-KANBAN; TYPE_ERA=TY-INDUSTRIAL-COND; CONTROL=chunk-border; MATERIAL=garage; COLOUR_STRAT=CS-DESAT-CORP; CHROME=CH-DENSE; FEEL=work orders grease
C1408	bakery	Bakery	industry-expanded	SK-TICKET-STUB	TY-OLDSTYLE-SERIF	soft-rect	bakery	CS-HIGH-KEY	CH-IMMERSIVE	marketing	STYLE_ID=bakery; SKELETON=SK-TICKET-STUB; TYPE_ERA=TY-OLDSTYLE-SERIF; CONTROL=soft-rect; MATERIAL=bakery; COLOUR_STRAT=CS-HIGH-KEY; CHROME=CH-IMMERSIVE; FEEL=warm type flour
C1409	barbershop	Barbershop	industry-expanded	SK-LEDGER	TY-DISPLAY-EXTREME	chunk-border	barber	CS-LOW-KEY	CH-NONE	app	STYLE_ID=barbershop; SKELETON=SK-LEDGER; TYPE_ERA=TY-DISPLAY-EXTREME; CONTROL=chunk-border; MATERIAL=barber; COLOUR_STRAT=CS-LOW-KEY; CHROME=CH-NONE; FEEL=stripes classic chairs
C1410	bike-shop	Bike Shop	industry-expanded	SK-TERMINAL	TY-HUMANIST	chunk-border	bike-shop	CS-SEPIA	CH-MIN	app	STYLE_ID=bike-shop; SKELETON=SK-TERMINAL; TYPE_ERA=TY-HUMANIST; CONTROL=chunk-border; MATERIAL=bike-shop; COLOUR_STRAT=CS-SEPIA; CHROME=CH-MIN; FEEL=parts racks grease
C1411	biotech	Biotech	industry-expanded	SK-POSTER	TY-GROTESK-SOFT	soft-rect	biotech	CS-INVERTED	CH-STANDARD	marketing	STYLE_ID=biotech; SKELETON=SK-POSTER; TYPE_ERA=TY-GROTESK-SOFT; CONTROL=soft-rect; MATERIAL=biotech; COLOUR_STRAT=CS-INVERTED; CHROME=CH-STANDARD; FEEL=DNA calm science
C1412	bookstore-indie	Indie Bookstore	industry-expanded	SK-BOTTOM-SHEET	TY-OLDSTYLE-SERIF	ink-underline	indie-books	CS-REGIONAL-FLAG	CH-APP	mobile	STYLE_ID=bookstore-indie; SKELETON=SK-BOTTOM-SHEET; TYPE_ERA=TY-OLDSTYLE-SERIF; CONTROL=ink-underline; MATERIAL=indie-books; COLOUR_STRAT=CS-REGIONAL-FLAG; CHROME=CH-APP; FEEL=staff picks shelves
C1413	brewery	Brewery	industry-expanded	SK-TAB-DECK	TY-SLAB	chunk-border	brewery	CS-BRAND-LOCKUP	CH-DENSE	mobile	STYLE_ID=brewery; SKELETON=SK-TAB-DECK; TYPE_ERA=TY-SLAB; CONTROL=chunk-border; MATERIAL=brewery; COLOUR_STRAT=CS-BRAND-LOCKUP; CHROME=CH-DENSE; FEEL=taps grain industrial craft
C1414	broadcast-news	Broadcast News	industry-expanded	SK-WIZARD-STEPS	TY-INDUSTRIAL-COND	sharp-0	lower-third	CS-MONO-PLUS	CH-IMMERSIVE	app	STYLE_ID=broadcast-news; SKELETON=SK-WIZARD-STEPS; TYPE_ERA=TY-INDUSTRIAL-COND; CONTROL=sharp-0; MATERIAL=lower-third; COLOUR_STRAT=CS-MONO-PLUS; CHROME=CH-IMMERSIVE; FEEL=lower thirds urgency
C1415	builders-merchant	Builders Merchant	industry-expanded	SK-SPLIT-INSPECTOR	TY-INDUSTRIAL-COND	chunk-border	trade-counter	CS-DUOTONE	CH-NONE	app	STYLE_ID=builders-merchant; SKELETON=SK-SPLIT-INSPECTOR; TYPE_ERA=TY-INDUSTRIAL-COND; CONTROL=chunk-border; MATERIAL=trade-counter; COLOUR_STRAT=CS-DUOTONE; CHROME=CH-NONE; FEEL=SKU dense trade
C1416	butcher	Butcher	industry-expanded	SK-DASH-METRIC	TY-SLAB	chunk-border	butcher-tile	CS-PRIMARY-TRIO	CH-MIN	app	STYLE_ID=butcher; SKELETON=SK-DASH-METRIC; TYPE_ERA=TY-SLAB; CONTROL=chunk-border; MATERIAL=butcher-tile; COLOUR_STRAT=CS-PRIMARY-TRIO; CHROME=CH-MIN; FEEL=classic shop tiles
C1417	campus-portal	Campus Portal	industry-expanded	SK-GALLERY-INDEX	TY-HUMANIST	soft-rect	campus	CS-TONAL	CH-STANDARD	marketing	STYLE_ID=campus-portal; SKELETON=SK-GALLERY-INDEX; TYPE_ERA=TY-HUMANIST; CONTROL=soft-rect; MATERIAL=campus; COLOUR_STRAT=CS-TONAL; CHROME=CH-STANDARD; FEEL=courses deadlines
C1418	car-share	Car Share	industry-expanded	SK-ZINE-COLLAGE	TY-GROTESK-SOFT	pill	car-share	CS-PAPER-INK	CH-APP	marketing	STYLE_ID=car-share; SKELETON=SK-ZINE-COLLAGE; TYPE_ERA=TY-GROTESK-SOFT; CONTROL=pill; MATERIAL=car-share; COLOUR_STRAT=CS-PAPER-INK; CHROME=CH-APP; FEEL=map unlock trip
C1419	care-home	Care Home	industry-expanded	SK-BRUTAL-BLOCKS	TY-HUMANIST	soft-rect	care	CS-DARK-STAGE	CH-DENSE	any	STYLE_ID=care-home; SKELETON=SK-BRUTAL-BLOCKS; TYPE_ERA=TY-HUMANIST; CONTROL=soft-rect; MATERIAL=care; COLOUR_STRAT=CS-DARK-STAGE; CHROME=CH-DENSE; FEEL=calm large type dignity
C1420	charity-kids	Kids Charity	industry-expanded	SK-RAIL-DOCK	TY-ROUNDED	pill	charity-kids	CS-PASTEL-POP	CH-IMMERSIVE	app	STYLE_ID=charity-kids; SKELETON=SK-RAIL-DOCK; TYPE_ERA=TY-ROUNDED; CONTROL=pill; MATERIAL=charity-kids; COLOUR_STRAT=CS-PASTEL-POP; CHROME=CH-IMMERSIVE; FEEL=hopeful careful not exploitative
C1421	chemist-uk	UK Chemist	industry-expanded	SK-CENTER-STAGE	TY-HUMANIST	soft-rect	chemist	CS-SIGNAL	CH-NONE	marketing	STYLE_ID=chemist-uk; SKELETON=SK-CENTER-STAGE; TYPE_ERA=TY-HUMANIST; CONTROL=soft-rect; MATERIAL=chemist; COLOUR_STRAT=CS-SIGNAL; CHROME=CH-NONE; FEEL=green cross practical
C1422	childcare	Childcare	industry-expanded	SK-NEWS-RIVER	TY-ROUNDED	pill	childcare	CS-PHOTO-LED	CH-MIN	app	STYLE_ID=childcare; SKELETON=SK-NEWS-RIVER; TYPE_ERA=TY-ROUNDED; CONTROL=pill; MATERIAL=childcare; COLOUR_STRAT=CS-PHOTO-LED; CHROME=CH-MIN; FEEL=schedules bright clear
C1423	cinema-arthouse	Arthouse Cinema	industry-expanded	SK-CALENDAR-SPINE	TY-DIDONE-LUX	ink-underline	arthouse	CS-CMYK-PROCESS	CH-STANDARD	app	STYLE_ID=cinema-arthouse; SKELETON=SK-CALENDAR-SPINE; TYPE_ERA=TY-DIDONE-LUX; CONTROL=ink-underline; MATERIAL=arthouse; COLOUR_STRAT=CS-CMYK-PROCESS; CHROME=CH-STANDARD; FEEL=poster critical
C1424	city-council	City Council	industry-expanded	SK-MASONRY	TY-HUMANIST	sharp-0	council	CS-EARTH	CH-APP	marketing	STYLE_ID=city-council; SKELETON=SK-MASONRY; TYPE_ERA=TY-HUMANIST; CONTROL=sharp-0; MATERIAL=council; COLOUR_STRAT=CS-EARTH; CHROME=CH-APP; FEEL=services plain
C1425	cleaning-service	Cleaning Service	industry-expanded	SK-SPLIT-DIAGONAL	TY-HUMANIST	pill	clean	CS-OCEAN	CH-DENSE	marketing	STYLE_ID=cleaning-service; SKELETON=SK-SPLIT-DIAGONAL; TYPE_ERA=TY-HUMANIST; CONTROL=pill; MATERIAL=clean; COLOUR_STRAT=CS-OCEAN; CHROME=CH-DENSE; FEEL=fresh simple trust
C1426	clinic-dental	Dental Clinic	industry-expanded	SK-FRAME-IN-FRAME	TY-HUMANIST	pill	dental	CS-NEON-ON-DARK	CH-IMMERSIVE	marketing	STYLE_ID=clinic-dental; SKELETON=SK-FRAME-IN-FRAME; TYPE_ERA=TY-HUMANIST; CONTROL=pill; MATERIAL=dental; COLOUR_STRAT=CS-NEON-ON-DARK; CHROME=CH-IMMERSIVE; FEEL=bright clean calm
C1427	co-working	Co-working	industry-expanded	SK-SIDE-SCROLL	TY-GROTESK-SOFT	soft-rect	cowork	CS-DESAT-CORP	CH-NONE	marketing	STYLE_ID=co-working; SKELETON=SK-SIDE-SCROLL; TYPE_ERA=TY-GROTESK-SOFT; CONTROL=soft-rect; MATERIAL=cowork; COLOUR_STRAT=CS-DESAT-CORP; CHROME=CH-NONE; FEEL=community boards booking
C1428	coffee-roaster	Coffee Roaster	industry-expanded	SK-FIXED-TOC	TY-HUMANIST	chunk-border	roaster	CS-HIGH-KEY	CH-MIN	marketing	STYLE_ID=coffee-roaster; SKELETON=SK-FIXED-TOC; TYPE_ERA=TY-HUMANIST; CONTROL=chunk-border; MATERIAL=roaster; COLOUR_STRAT=CS-HIGH-KEY; CHROME=CH-MIN; FEEL=origin cards craft
C1429	construction	Construction	industry-expanded	SK-COMMAND-CENTER	TY-INDUSTRIAL-COND	chunk-border	site-orange	CS-LOW-KEY	CH-STANDARD	app	STYLE_ID=construction; SKELETON=SK-COMMAND-CENTER; TYPE_ERA=TY-INDUSTRIAL-COND; CONTROL=chunk-border; MATERIAL=site-orange; COLOUR_STRAT=CS-LOW-KEY; CHROME=CH-STANDARD; FEEL=site safety orange
C1430	consultancy	Consultancy	industry-expanded	SK-INBOX-ZERO	TY-GROTESK-SOFT	soft-rect	consult	CS-SEPIA	CH-APP	app	STYLE_ID=consultancy; SKELETON=SK-INBOX-ZERO; TYPE_ERA=TY-GROTESK-SOFT; CONTROL=soft-rect; MATERIAL=consult; COLOUR_STRAT=CS-SEPIA; CHROME=CH-APP; FEEL=thought leadership calm
C1431	courier	Courier	industry-expanded	SK-STUDIO-CANVAS	TY-HUMANIST	sharp-0	courier	CS-INVERTED	CH-DENSE	app	STYLE_ID=courier; SKELETON=SK-STUDIO-CANVAS; TYPE_ERA=TY-HUMANIST; CONTROL=sharp-0; MATERIAL=courier; COLOUR_STRAT=CS-INVERTED; CHROME=CH-DENSE; FEEL=tracking plain fast
C1432	craft-beer-bar	Craft Beer Bar	industry-expanded	SK-COMPARISON	TY-SLAB	chunk-border	taproom	CS-REGIONAL-FLAG	CH-IMMERSIVE	marketing	STYLE_ID=craft-beer-bar; SKELETON=SK-COMPARISON; TYPE_ERA=TY-SLAB; CONTROL=chunk-border; MATERIAL=taproom; COLOUR_STRAT=CS-REGIONAL-FLAG; CHROME=CH-IMMERSIVE; FEEL=taps boards industrial
C1433	creche	Creche	industry-expanded	SK-PRICING-LADDER	TY-ROUNDED	pill	creche	CS-BRAND-LOCKUP	CH-NONE	marketing	STYLE_ID=creche; SKELETON=SK-PRICING-LADDER; TYPE_ERA=TY-ROUNDED; CONTROL=pill; MATERIAL=creche; COLOUR_STRAT=CS-BRAND-LOCKUP; CHROME=CH-NONE; FEEL=soft large targets
C1434	crypto-exchange	Crypto Exchange	industry-expanded	SK-MANIFEST-LIST	TY-MONO-DATA	sharp-0	exchange-dark	CS-MONO-PLUS	CH-MIN	app	STYLE_ID=crypto-exchange; SKELETON=SK-MANIFEST-LIST; TYPE_ERA=TY-MONO-DATA; CONTROL=sharp-0; MATERIAL=exchange-dark; COLOUR_STRAT=CS-MONO-PLUS; CHROME=CH-MIN; FEEL=dense pairs dark
C1435	cycling-club	Cycling Club	industry-expanded	SK-SCOREBOARD	TY-HUMANIST	chunk-border	cycling	CS-DUOTONE	CH-STANDARD	app	STYLE_ID=cycling-club; SKELETON=SK-SCOREBOARD; TYPE_ERA=TY-HUMANIST; CONTROL=chunk-border; MATERIAL=cycling; COLOUR_STRAT=CS-DUOTONE; CHROME=CH-STANDARD; FEEL=routes elevation
C1436	dark-kitchen	Dark Kitchen	industry-expanded	SK-COCKPIT-STRIP	TY-INDUSTRIAL-COND	chunk-border	dark-kitchen	CS-PRIMARY-TRIO	CH-APP	app	STYLE_ID=dark-kitchen; SKELETON=SK-COCKPIT-STRIP; TYPE_ERA=TY-INDUSTRIAL-COND; CONTROL=chunk-border; MATERIAL=dark-kitchen; COLOUR_STRAT=CS-PRIMARY-TRIO; CHROME=CH-APP; FEEL=ops tickets speed
C1437	dating-app	Dating App	industry-expanded	SK-FOLIO-SPREAD	TY-ROUNDED	pill	dating	CS-TONAL	CH-DENSE	marketing	STYLE_ID=dating-app; SKELETON=SK-FOLIO-SPREAD; TYPE_ERA=TY-ROUNDED; CONTROL=pill; MATERIAL=dating; COLOUR_STRAT=CS-TONAL; CHROME=CH-DENSE; FEEL=cards profiles careful
C1438	delivery-driver	Driver App	industry-expanded	SK-STAMP-SHEET	TY-HUMANIST	filled-block	driver	CS-PAPER-INK	CH-IMMERSIVE	marketing	STYLE_ID=delivery-driver; SKELETON=SK-STAMP-SHEET; TYPE_ERA=TY-HUMANIST; CONTROL=filled-block; MATERIAL=driver; COLOUR_STRAT=CS-PAPER-INK; CHROME=CH-IMMERSIVE; FEEL=nav big buttons
C1439	dentist-pediatric	Pediatric Dental	industry-expanded	SK-DOCKED-FAB	TY-ROUNDED	pill	pedo-dental	CS-DARK-STAGE	CH-NONE	mobile	STYLE_ID=dentist-pediatric; SKELETON=SK-DOCKED-FAB; TYPE_ERA=TY-ROUNDED; CONTROL=pill; MATERIAL=pedo-dental; COLOUR_STRAT=CS-DARK-STAGE; CHROME=CH-NONE; FEEL=friendly not scary
C1440	design-agency	Design Agency	industry-expanded	SK-PEEK-CARDS	TY-GROTESQUE	sharp-0	agency	CS-PASTEL-POP	CH-MIN	mobile	STYLE_ID=design-agency; SKELETON=SK-PEEK-CARDS; TYPE_ERA=TY-GROTESQUE; CONTROL=sharp-0; MATERIAL=agency; COLOUR_STRAT=CS-PASTEL-POP; CHROME=CH-MIN; FEEL=case studies bold
C1441	distillery	Distillery	industry-expanded	SK-RADIO-TUNER	TY-OLDSTYLE-SERIF	chunk-border	cask	CS-SIGNAL	CH-STANDARD	app	STYLE_ID=distillery; SKELETON=SK-RADIO-TUNER; TYPE_ERA=TY-OLDSTYLE-SERIF; CONTROL=chunk-border; MATERIAL=cask; COLOUR_STRAT=CS-SIGNAL; CHROME=CH-STANDARD; FEEL=cask heritage liquid
C1442	diy-store	DIY Store	industry-expanded	SK-FILMSTRIP	TY-HUMANIST	chunk-border	diy	CS-PHOTO-LED	CH-APP	marketing	STYLE_ID=diy-store; SKELETON=SK-FILMSTRIP; TYPE_ERA=TY-HUMANIST; CONTROL=chunk-border; MATERIAL=diy; COLOUR_STRAT=CS-PHOTO-LED; CHROME=CH-APP; FEEL=aisles how-to
C1443	doctor-gp	GP Surgery	industry-expanded	SK-ORBIT-META	TY-HUMANIST	soft-rect	gp	CS-CMYK-PROCESS	CH-DENSE	marketing	STYLE_ID=doctor-gp; SKELETON=SK-ORBIT-META; TYPE_ERA=TY-HUMANIST; CONTROL=soft-rect; MATERIAL=gp; COLOUR_STRAT=CS-CMYK-PROCESS; CHROME=CH-DENSE; FEEL=bookings clinical calm
C1444	dog-groomer	Dog Groomer	industry-expanded	SK-SPLIT-DEPTH	TY-ROUNDED	pill	groomer	CS-EARTH	CH-IMMERSIVE	marketing	STYLE_ID=dog-groomer; SKELETON=SK-SPLIT-DEPTH; TYPE_ERA=TY-ROUNDED; CONTROL=pill; MATERIAL=groomer; COLOUR_STRAT=CS-EARTH; CHROME=CH-IMMERSIVE; FEEL=playful clean
C1445	domain-registrar	Domain Registrar	industry-expanded	SK-CHECKOUT-TUNNEL	TY-MONO-DATA	sharp-0	domains	CS-OCEAN	CH-NONE	marketing	STYLE_ID=domain-registrar; SKELETON=SK-CHECKOUT-TUNNEL; TYPE_ERA=TY-MONO-DATA; CONTROL=sharp-0; MATERIAL=domains; COLOUR_STRAT=CS-OCEAN; CHROME=CH-NONE; FEEL=search technical retail
C1446	driving-school	Driving School	industry-expanded	SK-CHAT-THREAD	TY-HUMANIST	soft-rect	driving	CS-NEON-ON-DARK	CH-MIN	app	STYLE_ID=driving-school; SKELETON=SK-CHAT-THREAD; TYPE_ERA=TY-HUMANIST; CONTROL=soft-rect; MATERIAL=driving; COLOUR_STRAT=CS-NEON-ON-DARK; CHROME=CH-MIN; FEEL=lessons progress
C1447	electronics-store	Electronics Retail	industry-expanded	SK-NOTIFICATION-STACK	TY-GROTESK-SOFT	soft-rect	electronics	CS-DESAT-CORP	CH-STANDARD	mobile	STYLE_ID=electronics-store; SKELETON=SK-NOTIFICATION-STACK; TYPE_ERA=TY-GROTESK-SOFT; CONTROL=soft-rect; MATERIAL=electronics; COLOUR_STRAT=CS-DESAT-CORP; CHROME=CH-STANDARD; FEEL=spec grids
C1448	emergency-services	Emergency Services	industry-expanded	SK-DIRECTORY	TY-HUMANIST	chunk-border	emergency	CS-HIGH-KEY	CH-APP	app	STYLE_ID=emergency-services; SKELETON=SK-DIRECTORY; TYPE_ERA=TY-HUMANIST; CONTROL=chunk-border; MATERIAL=emergency; COLOUR_STRAT=CS-HIGH-KEY; CHROME=CH-APP; FEEL=clear critical
C1449	energy-supplier	Energy Supplier	industry-expanded	SK-ATLAS-PLATES	TY-HUMANIST	soft-rect	energy-bill	CS-LOW-KEY	CH-DENSE	marketing	STYLE_ID=energy-supplier; SKELETON=SK-ATLAS-PLATES; TYPE_ERA=TY-HUMANIST; CONTROL=soft-rect; MATERIAL=energy-bill; COLOUR_STRAT=CS-LOW-KEY; CHROME=CH-DENSE; FEEL=bills usage
C1450	estate-agent-uk	UK Estate Agent	industry-expanded	SK-HERO-SPLIT	TY-HUMANIST	soft-rect	estate-agent	CS-SEPIA	CH-IMMERSIVE	marketing	STYLE_ID=estate-agent-uk; SKELETON=SK-HERO-SPLIT; TYPE_ERA=TY-HUMANIST; CONTROL=soft-rect; MATERIAL=estate-agent; COLOUR_STRAT=CS-SEPIA; CHROME=CH-IMMERSIVE; FEEL=listings rooms
C1451	event-ticketing	Event Ticketing	industry-expanded	SK-SINGLE-STICKY	TY-GROTESK-SOFT	ticket	ticketing	CS-INVERTED	CH-NONE	marketing	STYLE_ID=event-ticketing; SKELETON=SK-SINGLE-STICKY; TYPE_ERA=TY-GROTESK-SOFT; CONTROL=ticket; MATERIAL=ticketing; COLOUR_STRAT=CS-INVERTED; CHROME=CH-NONE; FEEL=dates venues QR
C1452	farm-shop	Farm Shop	industry-expanded	SK-EDITORIAL-LONG	TY-HUMANIST	chunk-border	farm-shop	CS-REGIONAL-FLAG	CH-MIN	marketing	STYLE_ID=farm-shop; SKELETON=SK-EDITORIAL-LONG; TYPE_ERA=TY-HUMANIST; CONTROL=chunk-border; MATERIAL=farm-shop; COLOUR_STRAT=CS-REGIONAL-FLAG; CHROME=CH-MIN; FEEL=produce seasons
C1453	fashion-rental	Fashion Rental	industry-expanded	SK-BENTO	TY-DIDONE-LUX	pill	rental-fashion	CS-BRAND-LOCKUP	CH-STANDARD	marketing	STYLE_ID=fashion-rental; SKELETON=SK-BENTO; TYPE_ERA=TY-DIDONE-LUX; CONTROL=pill; MATERIAL=rental-fashion; COLOUR_STRAT=CS-BRAND-LOCKUP; CHROME=CH-STANDARD; FEEL=wardrobe grid
C1454	ferry	Ferry	industry-expanded	SK-TABLE-FIRST	TY-HUMANIST	chunk-border	ferry	CS-MONO-PLUS	CH-APP	app	STYLE_ID=ferry; SKELETON=SK-TABLE-FIRST; TYPE_ERA=TY-HUMANIST; CONTROL=chunk-border; MATERIAL=ferry; COLOUR_STRAT=CS-MONO-PLUS; CHROME=CH-APP; FEEL=timetables weather
C1455	festival-org	Festival Organiser	industry-expanded	SK-TIMELINE	TY-DISPLAY-EXTREME	ticket	festival	CS-DUOTONE	CH-DENSE	app	STYLE_ID=festival-org; SKELETON=SK-TIMELINE; TYPE_ERA=TY-DISPLAY-EXTREME; CONTROL=ticket; MATERIAL=festival; COLOUR_STRAT=CS-DUOTONE; CHROME=CH-DENSE; FEEL=lineups maps
C1456	film-production	Film Production	industry-expanded	SK-MAP-STAGE	TY-SYSTEM-RAW	sharp-0	callsheet	CS-PRIMARY-TRIO	CH-IMMERSIVE	app	STYLE_ID=film-production; SKELETON=SK-MAP-STAGE; TYPE_ERA=TY-SYSTEM-RAW; CONTROL=sharp-0; MATERIAL=callsheet; COLOUR_STRAT=CS-PRIMARY-TRIO; CHROME=CH-IMMERSIVE; FEEL=call sheets sides
C1457	fishmonger	Fishmonger	industry-expanded	SK-BOARD-KANBAN	TY-SLAB	chunk-border	fish-slate	CS-TONAL	CH-NONE	app	STYLE_ID=fishmonger; SKELETON=SK-BOARD-KANBAN; TYPE_ERA=TY-SLAB; CONTROL=chunk-border; MATERIAL=fish-slate; COLOUR_STRAT=CS-TONAL; CHROME=CH-NONE; FEEL=slate ice catch
C1458	fitness-budget	Budget Gym	industry-expanded	SK-TICKET-STUB	TY-INDUSTRIAL-COND	filled-block	budget-gym	CS-PAPER-INK	CH-MIN	marketing	STYLE_ID=fitness-budget; SKELETON=SK-TICKET-STUB; TYPE_ERA=TY-INDUSTRIAL-COND; CONTROL=filled-block; MATERIAL=budget-gym; COLOUR_STRAT=CS-PAPER-INK; CHROME=CH-MIN; FEEL=hard sell energy
C1459	fitness-boutique	Boutique Fitness	industry-expanded	SK-LEDGER	TY-GROTESK-SOFT	pill	boutique-fit	CS-DARK-STAGE	CH-STANDARD	app	STYLE_ID=fitness-boutique; SKELETON=SK-LEDGER; TYPE_ERA=TY-GROTESK-SOFT; CONTROL=pill; MATERIAL=boutique-fit; COLOUR_STRAT=CS-DARK-STAGE; CHROME=CH-STANDARD; FEEL=aspirational calm sweat
C1460	florist	Florist	industry-expanded	SK-TERMINAL	TY-OLDSTYLE-SERIF	soft-rect	florist	CS-PASTEL-POP	CH-APP	app	STYLE_ID=florist; SKELETON=SK-TERMINAL; TYPE_ERA=TY-OLDSTYLE-SERIF; CONTROL=soft-rect; MATERIAL=florist; COLOUR_STRAT=CS-PASTEL-POP; CHROME=CH-APP; FEEL=seasonal delicate
C1461	food-bank	Food Bank	industry-expanded	SK-POSTER	TY-HUMANIST	chunk-border	foodbank	CS-SIGNAL	CH-DENSE	marketing	STYLE_ID=food-bank; SKELETON=SK-POSTER; TYPE_ERA=TY-HUMANIST; CONTROL=chunk-border; MATERIAL=foodbank; COLOUR_STRAT=CS-SIGNAL; CHROME=CH-DENSE; FEEL=dignity practical stock
C1462	football-club	Football Club	industry-expanded	SK-BOTTOM-SHEET	TY-INDUSTRIAL-COND	chunk-border	football	CS-PHOTO-LED	CH-IMMERSIVE	mobile	STYLE_ID=football-club; SKELETON=SK-BOTTOM-SHEET; TYPE_ERA=TY-INDUSTRIAL-COND; CONTROL=chunk-border; MATERIAL=football; COLOUR_STRAT=CS-PHOTO-LED; CHROME=CH-IMMERSIVE; FEEL=crest fixtures
C1463	funeral	Funeral Director	industry-expanded	SK-TAB-DECK	TY-OLDSTYLE-SERIF	ink-underline	funeral	CS-CMYK-PROCESS	CH-NONE	mobile	STYLE_ID=funeral; SKELETON=SK-TAB-DECK; TYPE_ERA=TY-OLDSTYLE-SERIF; CONTROL=ink-underline; MATERIAL=funeral; COLOUR_STRAT=CS-CMYK-PROCESS; CHROME=CH-NONE; FEEL=quiet respectful
C1464	furniture-scandi	Scandi Furniture	industry-expanded	SK-WIZARD-STEPS	TY-HUMANIST	soft-rect	furniture-wood	CS-EARTH	CH-MIN	app	STYLE_ID=furniture-scandi; SKELETON=SK-WIZARD-STEPS; TYPE_ERA=TY-HUMANIST; CONTROL=soft-rect; MATERIAL=furniture-wood; COLOUR_STRAT=CS-EARTH; CHROME=CH-MIN; FEEL=product air wood
C1465	gallery-commercial	Commercial Gallery	industry-expanded	SK-SPLIT-INSPECTOR	TY-GROTESK-SOFT	ink-underline	gallery-comm	CS-OCEAN	CH-STANDARD	app	STYLE_ID=gallery-commercial; SKELETON=SK-SPLIT-INSPECTOR; TYPE_ERA=TY-GROTESK-SOFT; CONTROL=ink-underline; MATERIAL=gallery-comm; COLOUR_STRAT=CS-OCEAN; CHROME=CH-STANDARD; FEEL=artists exhibitions
C1466	game-studio	Game Studio	industry-expanded	SK-DASH-METRIC	TY-GROTESK-SOFT	sharp-0	gamedev	CS-NEON-ON-DARK	CH-APP	app	STYLE_ID=game-studio; SKELETON=SK-DASH-METRIC; TYPE_ERA=TY-GROTESK-SOFT; CONTROL=sharp-0; MATERIAL=gamedev; COLOUR_STRAT=CS-NEON-ON-DARK; CHROME=CH-APP; FEEL=ship roadmap
C1467	garden-centre	Garden Centre	industry-expanded	SK-GALLERY-INDEX	TY-HUMANIST	soft-rect	garden-centre	CS-DESAT-CORP	CH-DENSE	marketing	STYLE_ID=garden-centre; SKELETON=SK-GALLERY-INDEX; TYPE_ERA=TY-HUMANIST; CONTROL=soft-rect; MATERIAL=garden-centre; COLOUR_STRAT=CS-DESAT-CORP; CHROME=CH-DENSE; FEEL=plants seasons
C1468	gas-utility	Gas Utility	industry-expanded	SK-ZINE-COLLAGE	TY-HUMANIST	chunk-border	gas-safety	CS-HIGH-KEY	CH-IMMERSIVE	marketing	STYLE_ID=gas-utility; SKELETON=SK-ZINE-COLLAGE; TYPE_ERA=TY-HUMANIST; CONTROL=chunk-border; MATERIAL=gas-safety; COLOUR_STRAT=CS-HIGH-KEY; CHROME=CH-IMMERSIVE; FEEL=safety safety safety
C1469	golf-club	Golf Club	industry-expanded	SK-BRUTAL-BLOCKS	TY-TRANSITIONAL-SERIF	soft-rect	golf	CS-LOW-KEY	CH-NONE	any	STYLE_ID=golf-club; SKELETON=SK-BRUTAL-BLOCKS; TYPE_ERA=TY-TRANSITIONAL-SERIF; CONTROL=soft-rect; MATERIAL=golf; COLOUR_STRAT=CS-LOW-KEY; CHROME=CH-NONE; FEEL=green traditional
C1470	greengrocer	Greengrocer	industry-expanded	SK-RAIL-DOCK	TY-HUMANIST	chunk-border	greengrocer	CS-SEPIA	CH-MIN	app	STYLE_ID=greengrocer; SKELETON=SK-RAIL-DOCK; TYPE_ERA=TY-HUMANIST; CONTROL=chunk-border; MATERIAL=greengrocer; COLOUR_STRAT=CS-SEPIA; CHROME=CH-MIN; FEEL=chalkboard prices
C1471	gym-climbing	Climbing Gym Ops	industry-expanded	SK-CENTER-STAGE	TY-INDUSTRIAL-COND	chunk-border	climbing-ops	CS-INVERTED	CH-STANDARD	marketing	STYLE_ID=gym-climbing; SKELETON=SK-CENTER-STAGE; TYPE_ERA=TY-INDUSTRIAL-COND; CONTROL=chunk-border; MATERIAL=climbing-ops; COLOUR_STRAT=CS-INVERTED; CHROME=CH-STANDARD; FEEL=routes grades
C1472	hair-salon-barber-modern	Modern Salon	industry-expanded	SK-NEWS-RIVER	TY-DIDONE-LUX	pill	salon-modern	CS-REGIONAL-FLAG	CH-APP	app	STYLE_ID=hair-salon-barber-modern; SKELETON=SK-NEWS-RIVER; TYPE_ERA=TY-DIDONE-LUX; CONTROL=pill; MATERIAL=salon-modern; COLOUR_STRAT=CS-REGIONAL-FLAG; CHROME=CH-APP; FEEL=booking glam
C1473	hardware-iot	Hardware IoT Brand	industry-expanded	SK-CALENDAR-SPINE	TY-GROTESK-SOFT	sharp-0	hardware	CS-BRAND-LOCKUP	CH-DENSE	app	STYLE_ID=hardware-iot; SKELETON=SK-CALENDAR-SPINE; TYPE_ERA=TY-GROTESK-SOFT; CONTROL=sharp-0; MATERIAL=hardware; COLOUR_STRAT=CS-BRAND-LOCKUP; CHROME=CH-DENSE; FEEL=product renders specs
C1474	heritage-railway	Heritage Railway	industry-expanded	SK-MASONRY	TY-HUMANIST	ticket	heritage-rail	CS-MONO-PLUS	CH-IMMERSIVE	marketing	STYLE_ID=heritage-railway; SKELETON=SK-MASONRY; TYPE_ERA=TY-HUMANIST; CONTROL=ticket; MATERIAL=heritage-rail; COLOUR_STRAT=CS-MONO-PLUS; CHROME=CH-IMMERSIVE; FEEL=timetable nostalgia
C1475	hospital-internal	Hospital Internal	industry-expanded	SK-SPLIT-DIAGONAL	TY-HUMANIST	sharp-0	hospital-ops	CS-DUOTONE	CH-NONE	marketing	STYLE_ID=hospital-internal; SKELETON=SK-SPLIT-DIAGONAL; TYPE_ERA=TY-HUMANIST; CONTROL=sharp-0; MATERIAL=hospital-ops; COLOUR_STRAT=CS-DUOTONE; CHROME=CH-NONE; FEEL=wards tasks
C1476	hostel	Hostel	industry-expanded	SK-FRAME-IN-FRAME	TY-HUMANIST	pill	hostel	CS-PRIMARY-TRIO	CH-MIN	marketing	STYLE_ID=hostel; SKELETON=SK-FRAME-IN-FRAME; TYPE_ERA=TY-HUMANIST; CONTROL=pill; MATERIAL=hostel; COLOUR_STRAT=CS-PRIMARY-TRIO; CHROME=CH-MIN; FEEL=bunks social cheap clear
C1477	hotel-budget	Budget Hotel	industry-expanded	SK-SIDE-SCROLL	TY-GROTESK-SOFT	soft-rect	budget-hotel	CS-TONAL	CH-STANDARD	marketing	STYLE_ID=hotel-budget; SKELETON=SK-SIDE-SCROLL; TYPE_ERA=TY-GROTESK-SOFT; CONTROL=soft-rect; MATERIAL=budget-hotel; COLOUR_STRAT=CS-TONAL; CHROME=CH-STANDARD; FEEL=deals clean simple
C1478	hr-portal	HR Portal	industry-expanded	SK-FIXED-TOC	TY-HUMANIST	soft-rect	hr	CS-PAPER-INK	CH-APP	marketing	STYLE_ID=hr-portal; SKELETON=SK-FIXED-TOC; TYPE_ERA=TY-HUMANIST; CONTROL=soft-rect; MATERIAL=hr; COLOUR_STRAT=CS-PAPER-INK; CHROME=CH-APP; FEEL=policies leave
C1479	hvac	HVAC Service	industry-expanded	SK-COMMAND-CENTER	TY-INDUSTRIAL-COND	chunk-border	hvac	CS-DARK-STAGE	CH-DENSE	app	STYLE_ID=hvac; SKELETON=SK-COMMAND-CENTER; TYPE_ERA=TY-INDUSTRIAL-COND; CONTROL=chunk-border; MATERIAL=hvac; COLOUR_STRAT=CS-DARK-STAGE; CHROME=CH-DENSE; FEEL=jobs routes
C1480	ice-cream-brand	Ice Cream Brand	industry-expanded	SK-INBOX-ZERO	TY-ROUNDED	pill	icecream-brand	CS-PASTEL-POP	CH-IMMERSIVE	app	STYLE_ID=ice-cream-brand; SKELETON=SK-INBOX-ZERO; TYPE_ERA=TY-ROUNDED; CONTROL=pill; MATERIAL=icecream-brand; COLOUR_STRAT=CS-PASTEL-POP; CHROME=CH-IMMERSIVE; FEEL=joy colour
C1481	immigration-help	Immigration Help	industry-expanded	SK-STUDIO-CANVAS	TY-HUMANIST	soft-rect	immigration	CS-SIGNAL	CH-NONE	app	STYLE_ID=immigration-help; SKELETON=SK-STUDIO-CANVAS; TYPE_ERA=TY-HUMANIST; CONTROL=soft-rect; MATERIAL=immigration; COLOUR_STRAT=CS-SIGNAL; CHROME=CH-NONE; FEEL=calm clear steps careful
C1482	insurance-claims	Insurance Claims	industry-expanded	SK-COMPARISON	TY-HUMANIST	sharp-0	claims	CS-PHOTO-LED	CH-MIN	marketing	STYLE_ID=insurance-claims; SKELETON=SK-COMPARISON; TYPE_ERA=TY-HUMANIST; CONTROL=sharp-0; MATERIAL=claims; COLOUR_STRAT=CS-PHOTO-LED; CHROME=CH-MIN; FEEL=status plain
C1483	interior-design	Interior Design Studio	industry-expanded	SK-PRICING-LADDER	TY-DIDONE-LUX	ink-underline	interiors	CS-CMYK-PROCESS	CH-STANDARD	marketing	STYLE_ID=interior-design; SKELETON=SK-PRICING-LADDER; TYPE_ERA=TY-DIDONE-LUX; CONTROL=ink-underline; MATERIAL=interiors; COLOUR_STRAT=CS-CMYK-PROCESS; CHROME=CH-STANDARD; FEEL=moodboards rooms
C1484	jewellery	Jewellery	industry-expanded	SK-MANIFEST-LIST	TY-DIDONE-LUX	ink-underline	jewellery	CS-EARTH	CH-APP	app	STYLE_ID=jewellery; SKELETON=SK-MANIFEST-LIST; TYPE_ERA=TY-DIDONE-LUX; CONTROL=ink-underline; MATERIAL=jewellery; COLOUR_STRAT=CS-EARTH; CHROME=CH-APP; FEEL=sparkle restraint photo
C1485	job-board	Job Board	industry-expanded	SK-SCOREBOARD	TY-GROTESK-SOFT	soft-rect	jobs	CS-OCEAN	CH-DENSE	app	STYLE_ID=job-board; SKELETON=SK-SCOREBOARD; TYPE_ERA=TY-GROTESK-SOFT; CONTROL=soft-rect; MATERIAL=jobs; COLOUR_STRAT=CS-OCEAN; CHROME=CH-DENSE; FEEL=listings filters
C1486	juice-bar	Juice Bar	industry-expanded	SK-COCKPIT-STRIP	TY-ROUNDED	pill	juice	CS-NEON-ON-DARK	CH-IMMERSIVE	app	STYLE_ID=juice-bar; SKELETON=SK-COCKPIT-STRIP; TYPE_ERA=TY-ROUNDED; CONTROL=pill; MATERIAL=juice; COLOUR_STRAT=CS-NEON-ON-DARK; CHROME=CH-IMMERSIVE; FEEL=fresh bright
C1487	karaoke	Karaoke	industry-expanded	SK-FOLIO-SPREAD	TY-DISPLAY-EXTREME	pill	karaoke	CS-DESAT-CORP	CH-NONE	marketing	STYLE_ID=karaoke; SKELETON=SK-FOLIO-SPREAD; TYPE_ERA=TY-DISPLAY-EXTREME; CONTROL=pill; MATERIAL=karaoke; COLOUR_STRAT=CS-DESAT-CORP; CHROME=CH-NONE; FEEL=neon song lists
C1488	kitchen-retail	Kitchen Retail	industry-expanded	SK-STAMP-SHEET	TY-HUMANIST	soft-rect	kitchen-retail	CS-HIGH-KEY	CH-MIN	marketing	STYLE_ID=kitchen-retail; SKELETON=SK-STAMP-SHEET; TYPE_ERA=TY-HUMANIST; CONTROL=soft-rect; MATERIAL=kitchen-retail; COLOUR_STRAT=CS-HIGH-KEY; CHROME=CH-MIN; FEEL=cabinets showroom
C1489	language-school	Language School	industry-expanded	SK-DOCKED-FAB	TY-HUMANIST	soft-rect	language-school	CS-LOW-KEY	CH-STANDARD	mobile	STYLE_ID=language-school; SKELETON=SK-DOCKED-FAB; TYPE_ERA=TY-HUMANIST; CONTROL=soft-rect; MATERIAL=language-school; COLOUR_STRAT=CS-LOW-KEY; CHROME=CH-STANDARD; FEEL=lessons progress
C1490	laundry	Laundry	industry-expanded	SK-PEEK-CARDS	TY-HUMANIST	chunk-border	laundry	CS-SEPIA	CH-APP	mobile	STYLE_ID=laundry; SKELETON=SK-PEEK-CARDS; TYPE_ERA=TY-HUMANIST; CONTROL=chunk-border; MATERIAL=laundry; COLOUR_STRAT=CS-SEPIA; CHROME=CH-APP; FEEL=tickets machines
C1491	law-firm-corporate	Corporate Law	industry-expanded	SK-RADIO-TUNER	TY-TRANSITIONAL-SERIF	ink-underline	law-corp	CS-INVERTED	CH-DENSE	app	STYLE_ID=law-firm-corporate; SKELETON=SK-RADIO-TUNER; TYPE_ERA=TY-TRANSITIONAL-SERIF; CONTROL=ink-underline; MATERIAL=law-corp; COLOUR_STRAT=CS-INVERTED; CHROME=CH-DENSE; FEEL=serious navy
C1492	library-public-ops	Library Ops	industry-expanded	SK-FILMSTRIP	TY-HUMANIST	sharp-0	library-ops	CS-REGIONAL-FLAG	CH-IMMERSIVE	marketing	STYLE_ID=library-public-ops; SKELETON=SK-FILMSTRIP; TYPE_ERA=TY-HUMANIST; CONTROL=sharp-0; MATERIAL=library-ops; COLOUR_STRAT=CS-REGIONAL-FLAG; CHROME=CH-IMMERSIVE; FEEL=loans fines holds
C1493	lighting-store	Lighting Store	industry-expanded	SK-ORBIT-META	TY-GROTESK-SOFT	soft-rect	lighting	CS-BRAND-LOCKUP	CH-NONE	marketing	STYLE_ID=lighting-store; SKELETON=SK-ORBIT-META; TYPE_ERA=TY-GROTESK-SOFT; CONTROL=soft-rect; MATERIAL=lighting; COLOUR_STRAT=CS-BRAND-LOCKUP; CHROME=CH-NONE; FEEL=glow dark showroom
C1494	live-music-venue	Live Music Venue	industry-expanded	SK-SPLIT-DEPTH	TY-DISPLAY-EXTREME	ticket	venue	CS-MONO-PLUS	CH-MIN	marketing	STYLE_ID=live-music-venue; SKELETON=SK-SPLIT-DEPTH; TYPE_ERA=TY-DISPLAY-EXTREME; CONTROL=ticket; MATERIAL=venue; COLOUR_STRAT=CS-MONO-PLUS; CHROME=CH-MIN; FEEL=listings posters
C1495	local-news	Local News	industry-expanded	SK-CHECKOUT-TUNNEL	TY-SERIF-TEXT	ink-underline	local-news	CS-DUOTONE	CH-STANDARD	marketing	STYLE_ID=local-news; SKELETON=SK-CHECKOUT-TUNNEL; TYPE_ERA=TY-SERIF-TEXT; CONTROL=ink-underline; MATERIAL=local-news; COLOUR_STRAT=CS-DUOTONE; CHROME=CH-STANDARD; FEEL=hyperlocal trust
C1496	locksmith	Locksmith	industry-expanded	SK-CHAT-THREAD	TY-HUMANIST	filled-block	locksmith	CS-PRIMARY-TRIO	CH-APP	app	STYLE_ID=locksmith; SKELETON=SK-CHAT-THREAD; TYPE_ERA=TY-HUMANIST; CONTROL=filled-block; MATERIAL=locksmith; COLOUR_STRAT=CS-PRIMARY-TRIO; CHROME=CH-APP; FEEL=emergency clear
C1497	logistics-last-mile	Last Mile	industry-expanded	SK-NOTIFICATION-STACK	TY-HUMANIST	chunk-border	last-mile	CS-TONAL	CH-DENSE	mobile	STYLE_ID=logistics-last-mile; SKELETON=SK-NOTIFICATION-STACK; TYPE_ERA=TY-HUMANIST; CONTROL=chunk-border; MATERIAL=last-mile; COLOUR_STRAT=CS-TONAL; CHROME=CH-DENSE; FEEL=stops map
C1498	makeup-brand	Makeup Brand	industry-expanded	SK-DIRECTORY	TY-DIDONE-LUX	pill	makeup	CS-PAPER-INK	CH-IMMERSIVE	app	STYLE_ID=makeup-brand; SKELETON=SK-DIRECTORY; TYPE_ERA=TY-DIDONE-LUX; CONTROL=pill; MATERIAL=makeup; COLOUR_STRAT=CS-PAPER-INK; CHROME=CH-IMMERSIVE; FEEL=swatches glam
C1499	marina	Marina	industry-expanded	SK-ATLAS-PLATES	TY-HUMANIST	chunk-border	marina	CS-DARK-STAGE	CH-NONE	marketing	STYLE_ID=marina; SKELETON=SK-ATLAS-PLATES; TYPE_ERA=TY-HUMANIST; CONTROL=chunk-border; MATERIAL=marina; COLOUR_STRAT=CS-DARK-STAGE; CHROME=CH-NONE; FEEL=berths tides
C1500	marketplace-handmade	Handmade Marketplace	industry-expanded	SK-HERO-SPLIT	TY-HUMANIST	soft-rect	handmade-mkt	CS-PASTEL-POP	CH-MIN	marketing	STYLE_ID=marketplace-handmade; SKELETON=SK-HERO-SPLIT; TYPE_ERA=TY-HUMANIST; CONTROL=soft-rect; MATERIAL=handmade-mkt; COLOUR_STRAT=CS-PASTEL-POP; CHROME=CH-MIN; FEEL=maker stories
C1501	meat-delivery	Butcher Delivery	industry-expanded	SK-SINGLE-STICKY	TY-SLAB	chunk-border	meat-delivery	CS-SIGNAL	CH-STANDARD	marketing	STYLE_ID=meat-delivery; SKELETON=SK-SINGLE-STICKY; TYPE_ERA=TY-SLAB; CONTROL=chunk-border; MATERIAL=meat-delivery; COLOUR_STRAT=CS-SIGNAL; CHROME=CH-STANDARD; FEEL=cuts schedules
C1502	medical-device	Medical Device UI	industry-expanded	SK-EDITORIAL-LONG	TY-HUMANIST	sharp-0	med-device	CS-PHOTO-LED	CH-APP	marketing	STYLE_ID=medical-device; SKELETON=SK-EDITORIAL-LONG; TYPE_ERA=TY-HUMANIST; CONTROL=sharp-0; MATERIAL=med-device; COLOUR_STRAT=CS-PHOTO-LED; CHROME=CH-APP; FEEL=regulated clear
C1503	mental-health	Mental Health App	industry-expanded	SK-BENTO	TY-HUMANIST	pill	mental-health	CS-CMYK-PROCESS	CH-DENSE	marketing	STYLE_ID=mental-health; SKELETON=SK-BENTO; TYPE_ERA=TY-HUMANIST; CONTROL=pill; MATERIAL=mental-health; COLOUR_STRAT=CS-CMYK-PROCESS; CHROME=CH-DENSE; FEEL=gentle careful
C1504	military-recruit-careful	Recruitment Careful	industry-expanded	SK-TABLE-FIRST	TY-HUMANIST	sharp-0	recruit	CS-EARTH	CH-IMMERSIVE	app	STYLE_ID=military-recruit-careful; SKELETON=SK-TABLE-FIRST; TYPE_ERA=TY-HUMANIST; CONTROL=sharp-0; MATERIAL=recruit; COLOUR_STRAT=CS-EARTH; CHROME=CH-IMMERSIVE; FEEL=formal clear not manipulative
C1505	mining-ops	Mining Ops	industry-expanded	SK-TIMELINE	TY-INDUSTRIAL-COND	chunk-border	mining	CS-OCEAN	CH-NONE	app	STYLE_ID=mining-ops; SKELETON=SK-TIMELINE; TYPE_ERA=TY-INDUSTRIAL-COND; CONTROL=chunk-border; MATERIAL=mining; COLOUR_STRAT=CS-OCEAN; CHROME=CH-NONE; FEEL=safety heavy
C1506	mobile-network	Mobile Network	industry-expanded	SK-MAP-STAGE	TY-GROTESK-SOFT	soft-rect	telco	CS-NEON-ON-DARK	CH-MIN	app	STYLE_ID=mobile-network; SKELETON=SK-MAP-STAGE; TYPE_ERA=TY-GROTESK-SOFT; CONTROL=soft-rect; MATERIAL=telco; COLOUR_STRAT=CS-NEON-ON-DARK; CHROME=CH-MIN; FEEL=plans coverage
C1507	mosque-community	Community Faith Centre careful	industry-expanded	SK-BOARD-KANBAN	TY-HUMANIST	ink-underline	community-faith	CS-DESAT-CORP	CH-STANDARD	app	STYLE_ID=mosque-community; SKELETON=SK-BOARD-KANBAN; TYPE_ERA=TY-HUMANIST; CONTROL=ink-underline; MATERIAL=community-faith; COLOUR_STRAT=CS-DESAT-CORP; CHROME=CH-STANDARD; FEEL=respectful calm
C1508	moving-company	Movers	industry-expanded	SK-TICKET-STUB	TY-HUMANIST	chunk-border	movers	CS-HIGH-KEY	CH-APP	marketing	STYLE_ID=moving-company; SKELETON=SK-TICKET-STUB; TYPE_ERA=TY-HUMANIST; CONTROL=chunk-border; MATERIAL=movers; COLOUR_STRAT=CS-HIGH-KEY; CHROME=CH-APP; FEEL=quotes inventory
C1509	music-school	Music School	industry-expanded	SK-LEDGER	TY-OLDSTYLE-SERIF	soft-rect	music-school	CS-LOW-KEY	CH-DENSE	app	STYLE_ID=music-school; SKELETON=SK-LEDGER; TYPE_ERA=TY-OLDSTYLE-SERIF; CONTROL=soft-rect; MATERIAL=music-school; COLOUR_STRAT=CS-LOW-KEY; CHROME=CH-DENSE; FEEL=lessons recitals
C1510	nail-salon	Nail Salon	industry-expanded	SK-TERMINAL	TY-ROUNDED	pill	nails	CS-SEPIA	CH-IMMERSIVE	app	STYLE_ID=nail-salon; SKELETON=SK-TERMINAL; TYPE_ERA=TY-ROUNDED; CONTROL=pill; MATERIAL=nails; COLOUR_STRAT=CS-SEPIA; CHROME=CH-IMMERSIVE; FEEL=colour glossy
C1511	national-park	National Park	industry-expanded	SK-POSTER	TY-SLAB	chunk-border	nat-park	CS-INVERTED	CH-NONE	marketing	STYLE_ID=national-park; SKELETON=SK-POSTER; TYPE_ERA=TY-SLAB; CONTROL=chunk-border; MATERIAL=nat-park; COLOUR_STRAT=CS-INVERTED; CHROME=CH-NONE; FEEL=maps rules nature
C1512	news-aggregator	News Aggregator	industry-expanded	SK-BOTTOM-SHEET	TY-GROTESK-SOFT	sharp-0	news-agg	CS-REGIONAL-FLAG	CH-MIN	mobile	STYLE_ID=news-aggregator; SKELETON=SK-BOTTOM-SHEET; TYPE_ERA=TY-GROTESK-SOFT; CONTROL=sharp-0; MATERIAL=news-agg; COLOUR_STRAT=CS-REGIONAL-FLAG; CHROME=CH-MIN; FEEL=sources river
C1513	nightclub	Nightclub	industry-expanded	SK-TAB-DECK	TY-DISPLAY-EXTREME	sharp-0	nightclub	CS-BRAND-LOCKUP	CH-STANDARD	mobile	STYLE_ID=nightclub; SKELETON=SK-TAB-DECK; TYPE_ERA=TY-DISPLAY-EXTREME; CONTROL=sharp-0; MATERIAL=nightclub; COLOUR_STRAT=CS-BRAND-LOCKUP; CHROME=CH-STANDARD; FEEL=guestlist dark
C1514	nursery-plants	Plant Nursery	industry-expanded	SK-WIZARD-STEPS	TY-HUMANIST	soft-rect	nursery	CS-MONO-PLUS	CH-APP	app	STYLE_ID=nursery-plants; SKELETON=SK-WIZARD-STEPS; TYPE_ERA=TY-HUMANIST; CONTROL=soft-rect; MATERIAL=nursery; COLOUR_STRAT=CS-MONO-PLUS; CHROME=CH-APP; FEEL=stock seasons
C1515	nutrition	Nutrition Coaching	industry-expanded	SK-SPLIT-INSPECTOR	TY-HUMANIST	pill	nutrition	CS-DUOTONE	CH-DENSE	app	STYLE_ID=nutrition; SKELETON=SK-SPLIT-INSPECTOR; TYPE_ERA=TY-HUMANIST; CONTROL=pill; MATERIAL=nutrition; COLOUR_STRAT=CS-DUOTONE; CHROME=CH-DENSE; FEEL=plans progress
C1516	office-supplies	Office Supplies	industry-expanded	SK-DASH-METRIC	TY-SYSTEM-RAW	soft-rect	office-supplies	CS-PRIMARY-TRIO	CH-IMMERSIVE	app	STYLE_ID=office-supplies; SKELETON=SK-DASH-METRIC; TYPE_ERA=TY-SYSTEM-RAW; CONTROL=soft-rect; MATERIAL=office-supplies; COLOUR_STRAT=CS-PRIMARY-TRIO; CHROME=CH-IMMERSIVE; FEEL=catalog SKUs
C1517	oil-gas	Oil and Gas Ops	industry-expanded	SK-GALLERY-INDEX	TY-INDUSTRIAL-COND	chunk-border	oilgas	CS-TONAL	CH-NONE	marketing	STYLE_ID=oil-gas; SKELETON=SK-GALLERY-INDEX; TYPE_ERA=TY-INDUSTRIAL-COND; CONTROL=chunk-border; MATERIAL=oilgas; COLOUR_STRAT=CS-TONAL; CHROME=CH-NONE; FEEL=safety industrial
C1518	online-bank	Online Bank	industry-expanded	SK-ZINE-COLLAGE	TY-GROTESK-SOFT	soft-rect	online-bank	CS-PAPER-INK	CH-MIN	marketing	STYLE_ID=online-bank; SKELETON=SK-ZINE-COLLAGE; TYPE_ERA=TY-GROTESK-SOFT; CONTROL=soft-rect; MATERIAL=online-bank; COLOUR_STRAT=CS-PAPER-INK; CHROME=CH-MIN; FEEL=balances clear
C1519	optician	Optician	industry-expanded	SK-BRUTAL-BLOCKS	TY-HUMANIST	soft-rect	optician	CS-DARK-STAGE	CH-STANDARD	any	STYLE_ID=optician; SKELETON=SK-BRUTAL-BLOCKS; TYPE_ERA=TY-HUMANIST; CONTROL=soft-rect; MATERIAL=optician; COLOUR_STRAT=CS-DARK-STAGE; CHROME=CH-STANDARD; FEEL=frames try-on
C1520	orchestra	Orchestra	industry-expanded	SK-RAIL-DOCK	TY-DIDONE-LUX	ink-underline	orchestra	CS-PASTEL-POP	CH-APP	app	STYLE_ID=orchestra; SKELETON=SK-RAIL-DOCK; TYPE_ERA=TY-DIDONE-LUX; CONTROL=ink-underline; MATERIAL=orchestra; COLOUR_STRAT=CS-PASTEL-POP; CHROME=CH-APP; FEEL=season programmes
C1521	organic-csa	CSA Box	industry-expanded	SK-CENTER-STAGE	TY-HUMANIST	chunk-border	csa	CS-SIGNAL	CH-DENSE	marketing	STYLE_ID=organic-csa; SKELETON=SK-CENTER-STAGE; TYPE_ERA=TY-HUMANIST; CONTROL=chunk-border; MATERIAL=csa; COLOUR_STRAT=CS-SIGNAL; CHROME=CH-DENSE; FEEL=shares seasons
C1522	parking	Parking	industry-expanded	SK-NEWS-RIVER	TY-HUMANIST	sharp-0	parking	CS-PHOTO-LED	CH-IMMERSIVE	app	STYLE_ID=parking; SKELETON=SK-NEWS-RIVER; TYPE_ERA=TY-HUMANIST; CONTROL=sharp-0; MATERIAL=parking; COLOUR_STRAT=CS-PHOTO-LED; CHROME=CH-IMMERSIVE; FEEL=spaces payments
C1523	passport-office	Passport Office	industry-expanded	SK-CALENDAR-SPINE	TY-HUMANIST	sharp-0	passport	CS-CMYK-PROCESS	CH-NONE	app	STYLE_ID=passport-office; SKELETON=SK-CALENDAR-SPINE; TYPE_ERA=TY-HUMANIST; CONTROL=sharp-0; MATERIAL=passport; COLOUR_STRAT=CS-CMYK-PROCESS; CHROME=CH-NONE; FEEL=steps documents
C1524	patisserie	Patisserie	industry-expanded	SK-MASONRY	TY-DIDONE-LUX	soft-rect	patisserie	CS-EARTH	CH-MIN	marketing	STYLE_ID=patisserie; SKELETON=SK-MASONRY; TYPE_ERA=TY-DIDONE-LUX; CONTROL=soft-rect; MATERIAL=patisserie; COLOUR_STRAT=CS-EARTH; CHROME=CH-MIN; FEEL=delicate type cream
C1525	pawn-shop	Pawn Shop	industry-expanded	SK-SPLIT-DIAGONAL	TY-SYSTEM-RAW	chunk-border	pawn	CS-OCEAN	CH-STANDARD	marketing	STYLE_ID=pawn-shop; SKELETON=SK-SPLIT-DIAGONAL; TYPE_ERA=TY-SYSTEM-RAW; CONTROL=chunk-border; MATERIAL=pawn; COLOUR_STRAT=CS-OCEAN; CHROME=CH-STANDARD; FEEL=tickets categories
C1526	payroll	Payroll	industry-expanded	SK-FRAME-IN-FRAME	TY-MONO-DATA	sharp-0	payroll	CS-NEON-ON-DARK	CH-APP	marketing	STYLE_ID=payroll; SKELETON=SK-FRAME-IN-FRAME; TYPE_ERA=TY-MONO-DATA; CONTROL=sharp-0; MATERIAL=payroll; COLOUR_STRAT=CS-NEON-ON-DARK; CHROME=CH-APP; FEEL=runs payslips
C1527	pet-adoption	Pet Adoption	industry-expanded	SK-SIDE-SCROLL	TY-ROUNDED	pill	pets	CS-DESAT-CORP	CH-DENSE	marketing	STYLE_ID=pet-adoption; SKELETON=SK-SIDE-SCROLL; TYPE_ERA=TY-ROUNDED; CONTROL=pill; MATERIAL=pets; COLOUR_STRAT=CS-DESAT-CORP; CHROME=CH-DENSE; FEEL=profiles careful joy
C1528	pharmacy-ops	Pharmacy Ops	industry-expanded	SK-FIXED-TOC	TY-HUMANIST	sharp-0	pharmacy-ops	CS-HIGH-KEY	CH-IMMERSIVE	marketing	STYLE_ID=pharmacy-ops; SKELETON=SK-FIXED-TOC; TYPE_ERA=TY-HUMANIST; CONTROL=sharp-0; MATERIAL=pharmacy-ops; COLOUR_STRAT=CS-HIGH-KEY; CHROME=CH-IMMERSIVE; FEEL=scripts queues
C1529	photo-studio	Photo Studio	industry-expanded	SK-COMMAND-CENTER	TY-GROTESK-SOFT	soft-rect	photo-studio	CS-LOW-KEY	CH-NONE	app	STYLE_ID=photo-studio; SKELETON=SK-COMMAND-CENTER; TYPE_ERA=TY-GROTESK-SOFT; CONTROL=soft-rect; MATERIAL=photo-studio; COLOUR_STRAT=CS-LOW-KEY; CHROME=CH-NONE; FEEL=booking gallery
C1530	physiotherapy	Physio	industry-expanded	SK-INBOX-ZERO	TY-HUMANIST	soft-rect	physio	CS-SEPIA	CH-MIN	app	STYLE_ID=physiotherapy; SKELETON=SK-INBOX-ZERO; TYPE_ERA=TY-HUMANIST; CONTROL=soft-rect; MATERIAL=physio; COLOUR_STRAT=CS-SEPIA; CHROME=CH-MIN; FEEL=exercises progress
C1531	pizza-chain	Pizza Chain	industry-expanded	SK-STUDIO-CANVAS	TY-DISPLAY-EXTREME	filled-block	pizza	CS-INVERTED	CH-STANDARD	app	STYLE_ID=pizza-chain; SKELETON=SK-STUDIO-CANVAS; TYPE_ERA=TY-DISPLAY-EXTREME; CONTROL=filled-block; MATERIAL=pizza; COLOUR_STRAT=CS-INVERTED; CHROME=CH-STANDARD; FEEL=menu deals
C1532	plumbing	Plumbing	industry-expanded	SK-COMPARISON	TY-INDUSTRIAL-COND	chunk-border	plumbing	CS-REGIONAL-FLAG	CH-APP	marketing	STYLE_ID=plumbing; SKELETON=SK-COMPARISON; TYPE_ERA=TY-INDUSTRIAL-COND; CONTROL=chunk-border; MATERIAL=plumbing; COLOUR_STRAT=CS-REGIONAL-FLAG; CHROME=CH-APP; FEEL=jobs emergency
C1533	podcast-network	Podcast Network	industry-expanded	SK-PRICING-LADDER	TY-GROTESK-SOFT	pill	podcast	CS-BRAND-LOCKUP	CH-DENSE	marketing	STYLE_ID=podcast-network; SKELETON=SK-PRICING-LADDER; TYPE_ERA=TY-GROTESK-SOFT; CONTROL=pill; MATERIAL=podcast; COLOUR_STRAT=CS-BRAND-LOCKUP; CHROME=CH-DENSE; FEEL=shows episodes
C1534	police-community	Community Policing Careful	industry-expanded	SK-MANIFEST-LIST	TY-HUMANIST	sharp-0	community-police	CS-MONO-PLUS	CH-IMMERSIVE	app	STYLE_ID=police-community; SKELETON=SK-MANIFEST-LIST; TYPE_ERA=TY-HUMANIST; CONTROL=sharp-0; MATERIAL=community-police; COLOUR_STRAT=CS-MONO-PLUS; CHROME=CH-IMMERSIVE; FEEL=info not fear
C1535	pool-service	Pool Service	industry-expanded	SK-SCOREBOARD	TY-HUMANIST	chunk-border	pool-service	CS-DUOTONE	CH-NONE	app	STYLE_ID=pool-service; SKELETON=SK-SCOREBOARD; TYPE_ERA=TY-HUMANIST; CONTROL=chunk-border; MATERIAL=pool-service; COLOUR_STRAT=CS-DUOTONE; CHROME=CH-NONE; FEEL=routes chemicals
C1536	port-authority	Port Authority	industry-expanded	SK-COCKPIT-STRIP	TY-HUMANIST	chunk-border	port	CS-PRIMARY-TRIO	CH-MIN	app	STYLE_ID=port-authority; SKELETON=SK-COCKPIT-STRIP; TYPE_ERA=TY-HUMANIST; CONTROL=chunk-border; MATERIAL=port; COLOUR_STRAT=CS-PRIMARY-TRIO; CHROME=CH-MIN; FEEL=vessels schedules
C1537	pottery-studio	Pottery Studio	industry-expanded	SK-FOLIO-SPREAD	TY-HUMANIST	soft-rect	pottery-class	CS-TONAL	CH-STANDARD	marketing	STYLE_ID=pottery-studio; SKELETON=SK-FOLIO-SPREAD; TYPE_ERA=TY-HUMANIST; CONTROL=soft-rect; MATERIAL=pottery-class; COLOUR_STRAT=CS-TONAL; CHROME=CH-STANDARD; FEEL=classes kiln
C1538	print-shop	Print Shop	industry-expanded	SK-STAMP-SHEET	TY-MONO-DATA	chunk-border	printshop	CS-PAPER-INK	CH-APP	marketing	STYLE_ID=print-shop; SKELETON=SK-STAMP-SHEET; TYPE_ERA=TY-MONO-DATA; CONTROL=chunk-border; MATERIAL=printshop; COLOUR_STRAT=CS-PAPER-INK; CHROME=CH-APP; FEEL=jobs specs
C1539	private-security	Private Security	industry-expanded	SK-DOCKED-FAB	TY-INDUSTRIAL-COND	sharp-0	security	CS-DARK-STAGE	CH-DENSE	mobile	STYLE_ID=private-security; SKELETON=SK-DOCKED-FAB; TYPE_ERA=TY-INDUSTRIAL-COND; CONTROL=sharp-0; MATERIAL=security; COLOUR_STRAT=CS-DARK-STAGE; CHROME=CH-DENSE; FEEL=logs sites
C1540	property-management	Property Management	industry-expanded	SK-PEEK-CARDS	TY-HUMANIST	soft-rect	prop-mgmt	CS-PASTEL-POP	CH-IMMERSIVE	mobile	STYLE_ID=property-management; SKELETON=SK-PEEK-CARDS; TYPE_ERA=TY-HUMANIST; CONTROL=soft-rect; MATERIAL=prop-mgmt; COLOUR_STRAT=CS-PASTEL-POP; CHROME=CH-IMMERSIVE; FEEL=tickets tenants
C1541	pub-uk	UK Pub	industry-expanded	SK-RADIO-TUNER	TY-OLDSTYLE-SERIF	chunk-border	pub	CS-SIGNAL	CH-NONE	app	STYLE_ID=pub-uk; SKELETON=SK-RADIO-TUNER; TYPE_ERA=TY-OLDSTYLE-SERIF; CONTROL=chunk-border; MATERIAL=pub; COLOUR_STRAT=CS-SIGNAL; CHROME=CH-NONE; FEEL=ale boards cosy
C1542	publishing-journal	Academic Journal	industry-expanded	SK-FILMSTRIP	TY-SERIF-TEXT	ink-underline	journal	CS-PHOTO-LED	CH-MIN	marketing	STYLE_ID=publishing-journal; SKELETON=SK-FILMSTRIP; TYPE_ERA=TY-SERIF-TEXT; CONTROL=ink-underline; MATERIAL=journal; COLOUR_STRAT=CS-PHOTO-LED; CHROME=CH-MIN; FEEL=abstracts peer
C1543	radio-station	Radio Station	industry-expanded	SK-ORBIT-META	TY-INDUSTRIAL-COND	sharp-0	radio-station	CS-CMYK-PROCESS	CH-STANDARD	marketing	STYLE_ID=radio-station; SKELETON=SK-ORBIT-META; TYPE_ERA=TY-INDUSTRIAL-COND; CONTROL=sharp-0; MATERIAL=radio-station; COLOUR_STRAT=CS-CMYK-PROCESS; CHROME=CH-STANDARD; FEEL=schedule playlists
C1544	rail-operator	Rail Operator	industry-expanded	SK-SPLIT-DEPTH	TY-HUMANIST	sharp-0	rail-op	CS-EARTH	CH-APP	marketing	STYLE_ID=rail-operator; SKELETON=SK-SPLIT-DEPTH; TYPE_ERA=TY-HUMANIST; CONTROL=sharp-0; MATERIAL=rail-op; COLOUR_STRAT=CS-EARTH; CHROME=CH-APP; FEEL=disruption clear
C1545	recruitment-agency	Recruitment Agency	industry-expanded	SK-CHECKOUT-TUNNEL	TY-GROTESK-SOFT	soft-rect	recruitment	CS-OCEAN	CH-DENSE	marketing	STYLE_ID=recruitment-agency; SKELETON=SK-CHECKOUT-TUNNEL; TYPE_ERA=TY-GROTESK-SOFT; CONTROL=soft-rect; MATERIAL=recruitment; COLOUR_STRAT=CS-OCEAN; CHROME=CH-DENSE; FEEL=roles candidates
C1546	recycling-centre	Recycling Centre	industry-expanded	SK-CHAT-THREAD	TY-HUMANIST	chunk-border	recycling	CS-NEON-ON-DARK	CH-IMMERSIVE	app	STYLE_ID=recycling-centre; SKELETON=SK-CHAT-THREAD; TYPE_ERA=TY-HUMANIST; CONTROL=chunk-border; MATERIAL=recycling; COLOUR_STRAT=CS-NEON-ON-DARK; CHROME=CH-IMMERSIVE; FEEL=streams rules
C1547	removals	Removals	industry-expanded	SK-NOTIFICATION-STACK	TY-HUMANIST	chunk-border	removals	CS-DESAT-CORP	CH-NONE	mobile	STYLE_ID=removals; SKELETON=SK-NOTIFICATION-STACK; TYPE_ERA=TY-HUMANIST; CONTROL=chunk-border; MATERIAL=removals; COLOUR_STRAT=CS-DESAT-CORP; CHROME=CH-NONE; FEEL=inventory days
C1548	rental-cars	Car Rental	industry-expanded	SK-DIRECTORY	TY-GROTESK-SOFT	soft-rect	car-rental	CS-HIGH-KEY	CH-MIN	app	STYLE_ID=rental-cars; SKELETON=SK-DIRECTORY; TYPE_ERA=TY-GROTESK-SOFT; CONTROL=soft-rect; MATERIAL=car-rental; COLOUR_STRAT=CS-HIGH-KEY; CHROME=CH-MIN; FEEL=classes extras
C1549	repair-cafe	Repair Café	industry-expanded	SK-ATLAS-PLATES	TY-HUMANIST	chunk-border	repair-cafe	CS-LOW-KEY	CH-STANDARD	marketing	STYLE_ID=repair-cafe; SKELETON=SK-ATLAS-PLATES; TYPE_ERA=TY-HUMANIST; CONTROL=chunk-border; MATERIAL=repair-cafe; COLOUR_STRAT=CS-LOW-KEY; CHROME=CH-STANDARD; FEEL=fix don't replace
C1550	research-lab-ops	Research Lab Ops	industry-expanded	SK-HERO-SPLIT	TY-MONO-DATA	sharp-0	lab-ops	CS-SEPIA	CH-APP	marketing	STYLE_ID=research-lab-ops; SKELETON=SK-HERO-SPLIT; TYPE_ERA=TY-MONO-DATA; CONTROL=sharp-0; MATERIAL=lab-ops; COLOUR_STRAT=CS-SEPIA; CHROME=CH-APP; FEEL=equipment bookings
C1551	restaurant-chain	Restaurant Chain	industry-expanded	SK-SINGLE-STICKY	TY-GROTESK-SOFT	pill	resto-chain	CS-INVERTED	CH-DENSE	marketing	STYLE_ID=restaurant-chain; SKELETON=SK-SINGLE-STICKY; TYPE_ERA=TY-GROTESK-SOFT; CONTROL=pill; MATERIAL=resto-chain; COLOUR_STRAT=CS-INVERTED; CHROME=CH-DENSE; FEEL=menu locations
C1552	retirement	Retirement Community	industry-expanded	SK-EDITORIAL-LONG	TY-HUMANIST	soft-rect	retirement	CS-REGIONAL-FLAG	CH-IMMERSIVE	marketing	STYLE_ID=retirement; SKELETON=SK-EDITORIAL-LONG; TYPE_ERA=TY-HUMANIST; CONTROL=soft-rect; MATERIAL=retirement; COLOUR_STRAT=CS-REGIONAL-FLAG; CHROME=CH-IMMERSIVE; FEEL=dignity clear
C1553	riding-school	Riding School	industry-expanded	SK-BENTO	TY-TRANSITIONAL-SERIF	soft-rect	riding	CS-BRAND-LOCKUP	CH-NONE	marketing	STYLE_ID=riding-school; SKELETON=SK-BENTO; TYPE_ERA=TY-TRANSITIONAL-SERIF; CONTROL=soft-rect; MATERIAL=riding; COLOUR_STRAT=CS-BRAND-LOCKUP; CHROME=CH-NONE; FEEL=lessons horses
C1554	roofing	Roofing	industry-expanded	SK-TABLE-FIRST	TY-INDUSTRIAL-COND	chunk-border	roofing	CS-MONO-PLUS	CH-MIN	app	STYLE_ID=roofing; SKELETON=SK-TABLE-FIRST; TYPE_ERA=TY-INDUSTRIAL-COND; CONTROL=chunk-border; MATERIAL=roofing; COLOUR_STRAT=CS-MONO-PLUS; CHROME=CH-MIN; FEEL=quotes jobs
C1555	rowing-club	Rowing Club	industry-expanded	SK-TIMELINE	TY-HUMANIST	chunk-border	rowing	CS-DUOTONE	CH-STANDARD	app	STYLE_ID=rowing-club; SKELETON=SK-TIMELINE; TYPE_ERA=TY-HUMANIST; CONTROL=chunk-border; MATERIAL=rowing; COLOUR_STRAT=CS-DUOTONE; CHROME=CH-STANDARD; FEEL=sessions water
C1556	saas-vertical-legal	Legal SaaS	industry-expanded	SK-MAP-STAGE	TY-GROTESK-SOFT	soft-rect	legal-saas	CS-PRIMARY-TRIO	CH-APP	app	STYLE_ID=saas-vertical-legal; SKELETON=SK-MAP-STAGE; TYPE_ERA=TY-GROTESK-SOFT; CONTROL=soft-rect; MATERIAL=legal-saas; COLOUR_STRAT=CS-PRIMARY-TRIO; CHROME=CH-APP; FEEL=matters documents
C1557	saas-vertical-clinic	Clinic SaaS	industry-expanded	SK-BOARD-KANBAN	TY-HUMANIST	soft-rect	clinic-saas	CS-TONAL	CH-DENSE	app	STYLE_ID=saas-vertical-clinic; SKELETON=SK-BOARD-KANBAN; TYPE_ERA=TY-HUMANIST; CONTROL=soft-rect; MATERIAL=clinic-saas; COLOUR_STRAT=CS-TONAL; CHROME=CH-DENSE; FEEL=appointments charts
C1558	sailing-club	Sailing Club	industry-expanded	SK-TICKET-STUB	TY-HUMANIST	chunk-border	sailing-club	CS-PAPER-INK	CH-IMMERSIVE	marketing	STYLE_ID=sailing-club; SKELETON=SK-TICKET-STUB; TYPE_ERA=TY-HUMANIST; CONTROL=chunk-border; MATERIAL=sailing-club; COLOUR_STRAT=CS-PAPER-INK; CHROME=CH-IMMERSIVE; FEEL=races tide
C1559	school-primary-uk	UK Primary School	industry-expanded	SK-LEDGER	TY-ROUNDED	pill	primary-school	CS-DARK-STAGE	CH-NONE	app	STYLE_ID=school-primary-uk; SKELETON=SK-LEDGER; TYPE_ERA=TY-ROUNDED; CONTROL=pill; MATERIAL=primary-school; COLOUR_STRAT=CS-DARK-STAGE; CHROME=CH-NONE; FEEL=parents homework
C1560	school-secondary	Secondary School	industry-expanded	SK-TERMINAL	TY-HUMANIST	soft-rect	secondary	CS-PASTEL-POP	CH-MIN	app	STYLE_ID=school-secondary; SKELETON=SK-TERMINAL; TYPE_ERA=TY-HUMANIST; CONTROL=soft-rect; MATERIAL=secondary; COLOUR_STRAT=CS-PASTEL-POP; CHROME=CH-MIN; FEEL=timetables grades
C1561	scrapyard	Scrapyard	industry-expanded	SK-POSTER	TY-INDUSTRIAL-COND	chunk-border	scrap	CS-SIGNAL	CH-STANDARD	marketing	STYLE_ID=scrapyard; SKELETON=SK-POSTER; TYPE_ERA=TY-INDUSTRIAL-COND; CONTROL=chunk-border; MATERIAL=scrap; COLOUR_STRAT=CS-SIGNAL; CHROME=CH-STANDARD; FEEL=inventory metal
C1562	scuba-school	Scuba School	industry-expanded	SK-BOTTOM-SHEET	TY-HUMANIST	pill	scuba-school	CS-PHOTO-LED	CH-APP	mobile	STYLE_ID=scuba-school; SKELETON=SK-BOTTOM-SHEET; TYPE_ERA=TY-HUMANIST; CONTROL=pill; MATERIAL=scuba-school; COLOUR_STRAT=CS-PHOTO-LED; CHROME=CH-APP; FEEL=courses dives
C1563	seafood-restaurant	Seafood Restaurant	industry-expanded	SK-TAB-DECK	TY-HUMANIST	soft-rect	seafood-resto	CS-CMYK-PROCESS	CH-DENSE	mobile	STYLE_ID=seafood-restaurant; SKELETON=SK-TAB-DECK; TYPE_ERA=TY-HUMANIST; CONTROL=soft-rect; MATERIAL=seafood-resto; COLOUR_STRAT=CS-CMYK-PROCESS; CHROME=CH-DENSE; FEEL=catch menu
C1564	security-soc	Security SOC	industry-expanded	SK-WIZARD-STEPS	TY-MONO-DATA	sharp-0	soc	CS-EARTH	CH-IMMERSIVE	app	STYLE_ID=security-soc; SKELETON=SK-WIZARD-STEPS; TYPE_ERA=TY-MONO-DATA; CONTROL=sharp-0; MATERIAL=soc; COLOUR_STRAT=CS-EARTH; CHROME=CH-IMMERSIVE; FEEL=alerts dark
C1565	self-storage	Self Storage	industry-expanded	SK-SPLIT-INSPECTOR	TY-HUMANIST	soft-rect	storage	CS-OCEAN	CH-NONE	app	STYLE_ID=self-storage; SKELETON=SK-SPLIT-INSPECTOR; TYPE_ERA=TY-HUMANIST; CONTROL=soft-rect; MATERIAL=storage; COLOUR_STRAT=CS-OCEAN; CHROME=CH-NONE; FEEL=units access
C1566	sewage-utility	Water Utility	industry-expanded	SK-DASH-METRIC	TY-HUMANIST	chunk-border	water-utility	CS-NEON-ON-DARK	CH-MIN	app	STYLE_ID=sewage-utility; SKELETON=SK-DASH-METRIC; TYPE_ERA=TY-HUMANIST; CONTROL=chunk-border; MATERIAL=water-utility; COLOUR_STRAT=CS-NEON-ON-DARK; CHROME=CH-MIN; FEEL=outages maps
C1567	shoe-brand	Shoe Brand	industry-expanded	SK-GALLERY-INDEX	TY-GROTESK-SOFT	pill	shoes	CS-DESAT-CORP	CH-STANDARD	marketing	STYLE_ID=shoe-brand; SKELETON=SK-GALLERY-INDEX; TYPE_ERA=TY-GROTESK-SOFT; CONTROL=pill; MATERIAL=shoes; COLOUR_STRAT=CS-DESAT-CORP; CHROME=CH-STANDARD; FEEL=product drops
C1568	skate-shop	Skate Shop	industry-expanded	SK-ZINE-COLLAGE	TY-MIXED-HIGH-CONTRAST	chunk-border	skate-shop	CS-HIGH-KEY	CH-APP	marketing	STYLE_ID=skate-shop; SKELETON=SK-ZINE-COLLAGE; TYPE_ERA=TY-MIXED-HIGH-CONTRAST; CONTROL=chunk-border; MATERIAL=skate-shop; COLOUR_STRAT=CS-HIGH-KEY; CHROME=CH-APP; FEEL=decks video
C1569	ski-school	Ski School	industry-expanded	SK-BRUTAL-BLOCKS	TY-HUMANIST	pill	ski-school	CS-LOW-KEY	CH-DENSE	any	STYLE_ID=ski-school; SKELETON=SK-BRUTAL-BLOCKS; TYPE_ERA=TY-HUMANIST; CONTROL=pill; MATERIAL=ski-school; COLOUR_STRAT=CS-LOW-KEY; CHROME=CH-DENSE; FEEL=lessons passes
C1570	social-housing	Social Housing	industry-expanded	SK-RAIL-DOCK	TY-HUMANIST	sharp-0	social-housing	CS-SEPIA	CH-IMMERSIVE	app	STYLE_ID=social-housing; SKELETON=SK-RAIL-DOCK; TYPE_ERA=TY-HUMANIST; CONTROL=sharp-0; MATERIAL=social-housing; COLOUR_STRAT=CS-SEPIA; CHROME=CH-IMMERSIVE; FEEL=repairs dignity
C1571	solarium-careful	Tanning Careful	industry-expanded	SK-CENTER-STAGE	TY-GROTESK-SOFT	pill	tanning	CS-INVERTED	CH-NONE	marketing	STYLE_ID=solarium-careful; SKELETON=SK-CENTER-STAGE; TYPE_ERA=TY-GROTESK-SOFT; CONTROL=pill; MATERIAL=tanning; COLOUR_STRAT=CS-INVERTED; CHROME=CH-NONE; FEEL=retail not harm promo
C1572	spa-day	Day Spa	industry-expanded	SK-NEWS-RIVER	TY-HUMANIST	pill	day-spa	CS-REGIONAL-FLAG	CH-MIN	app	STYLE_ID=spa-day; SKELETON=SK-NEWS-RIVER; TYPE_ERA=TY-HUMANIST; CONTROL=pill; MATERIAL=day-spa; COLOUR_STRAT=CS-REGIONAL-FLAG; CHROME=CH-MIN; FEEL=packages calm
C1573	specialty-coffee-sub	Subscription Coffee	industry-expanded	SK-CALENDAR-SPINE	TY-HUMANIST	soft-rect	coffee-sub	CS-BRAND-LOCKUP	CH-STANDARD	app	STYLE_ID=specialty-coffee-sub; SKELETON=SK-CALENDAR-SPINE; TYPE_ERA=TY-HUMANIST; CONTROL=soft-rect; MATERIAL=coffee-sub; COLOUR_STRAT=CS-BRAND-LOCKUP; CHROME=CH-STANDARD; FEEL=roasts deliveries
C1574	sports-league	Sports League	industry-expanded	SK-MASONRY	TY-INDUSTRIAL-COND	sharp-0	league	CS-MONO-PLUS	CH-APP	marketing	STYLE_ID=sports-league; SKELETON=SK-MASONRY; TYPE_ERA=TY-INDUSTRIAL-COND; CONTROL=sharp-0; MATERIAL=league; COLOUR_STRAT=CS-MONO-PLUS; CHROME=CH-APP; FEEL=tables fixtures
C1575	stadium	Stadium	industry-expanded	SK-SPLIT-DIAGONAL	TY-INDUSTRIAL-COND	chunk-border	stadium	CS-DUOTONE	CH-DENSE	marketing	STYLE_ID=stadium; SKELETON=SK-SPLIT-DIAGONAL; TYPE_ERA=TY-INDUSTRIAL-COND; CONTROL=chunk-border; MATERIAL=stadium; COLOUR_STRAT=CS-DUOTONE; CHROME=CH-DENSE; FEEL=seats wayfinding
C1576	startup-seed	Seed Startup	industry-expanded	SK-FRAME-IN-FRAME	TY-GROTESQUE	sharp-0	startup	CS-PRIMARY-TRIO	CH-IMMERSIVE	marketing	STYLE_ID=startup-seed; SKELETON=SK-FRAME-IN-FRAME; TYPE_ERA=TY-GROTESQUE; CONTROL=sharp-0; MATERIAL=startup; COLOUR_STRAT=CS-PRIMARY-TRIO; CHROME=CH-IMMERSIVE; FEEL=scrappy bold
C1577	stationery-brand	Stationery Brand	industry-expanded	SK-SIDE-SCROLL	TY-OLDSTYLE-SERIF	ink-underline	stationery-brand	CS-TONAL	CH-NONE	marketing	STYLE_ID=stationery-brand; SKELETON=SK-SIDE-SCROLL; TYPE_ERA=TY-OLDSTYLE-SERIF; CONTROL=ink-underline; MATERIAL=stationery-brand; COLOUR_STRAT=CS-TONAL; CHROME=CH-NONE; FEEL=paper product
C1578	steakhouse	Steakhouse	industry-expanded	SK-FIXED-TOC	TY-TRANSITIONAL-SERIF	chunk-border	steakhouse	CS-PAPER-INK	CH-MIN	marketing	STYLE_ID=steakhouse; SKELETON=SK-FIXED-TOC; TYPE_ERA=TY-TRANSITIONAL-SERIF; CONTROL=chunk-border; MATERIAL=steakhouse; COLOUR_STRAT=CS-PAPER-INK; CHROME=CH-MIN; FEEL=dark wood meat
C1579	stock-broker	Brokerage	industry-expanded	SK-COMMAND-CENTER	TY-MONO-DATA	sharp-0	brokerage	CS-DARK-STAGE	CH-STANDARD	app	STYLE_ID=stock-broker; SKELETON=SK-COMMAND-CENTER; TYPE_ERA=TY-MONO-DATA; CONTROL=sharp-0; MATERIAL=brokerage; COLOUR_STRAT=CS-DARK-STAGE; CHROME=CH-STANDARD; FEEL=blotters numbers
C1580	street-food	Street Food	industry-expanded	SK-INBOX-ZERO	TY-DISPLAY-EXTREME	chunk-border	street-food	CS-PASTEL-POP	CH-APP	app	STYLE_ID=street-food; SKELETON=SK-INBOX-ZERO; TYPE_ERA=TY-DISPLAY-EXTREME; CONTROL=chunk-border; MATERIAL=street-food; COLOUR_STRAT=CS-PASTEL-POP; CHROME=CH-APP; FEEL=stalls maps
C1581	student-union	Student Union	industry-expanded	SK-STUDIO-CANVAS	TY-ROUNDED	pill	student-union	CS-SIGNAL	CH-DENSE	app	STYLE_ID=student-union; SKELETON=SK-STUDIO-CANVAS; TYPE_ERA=TY-ROUNDED; CONTROL=pill; MATERIAL=student-union; COLOUR_STRAT=CS-SIGNAL; CHROME=CH-DENSE; FEEL=events services
C1582	supermarket-premium	Premium Supermarket	industry-expanded	SK-COMPARISON	TY-HUMANIST	soft-rect	premium-grocery	CS-PHOTO-LED	CH-IMMERSIVE	marketing	STYLE_ID=supermarket-premium; SKELETON=SK-COMPARISON; TYPE_ERA=TY-HUMANIST; CONTROL=soft-rect; MATERIAL=premium-grocery; COLOUR_STRAT=CS-PHOTO-LED; CHROME=CH-IMMERSIVE; FEEL=quality calm
C1583	surgery-cosmetic-careful	Cosmetic Clinic Careful	industry-expanded	SK-PRICING-LADDER	TY-HUMANIST	soft-rect	cosmetic-careful	CS-CMYK-PROCESS	CH-NONE	marketing	STYLE_ID=surgery-cosmetic-careful; SKELETON=SK-PRICING-LADDER; TYPE_ERA=TY-HUMANIST; CONTROL=soft-rect; MATERIAL=cosmetic-careful; COLOUR_STRAT=CS-CMYK-PROCESS; CHROME=CH-NONE; FEEL=informed not hype
C1584	surveying	Surveying	industry-expanded	SK-MANIFEST-LIST	TY-MONO-DATA	sharp-0	survey	CS-EARTH	CH-MIN	app	STYLE_ID=surveying; SKELETON=SK-MANIFEST-LIST; TYPE_ERA=TY-MONO-DATA; CONTROL=sharp-0; MATERIAL=survey; COLOUR_STRAT=CS-EARTH; CHROME=CH-MIN; FEEL=plans plots
C1585	sushi	Sushi Restaurant	industry-expanded	SK-SCOREBOARD	TY-GROTESK-SOFT	ink-underline	sushi-min	CS-OCEAN	CH-STANDARD	app	STYLE_ID=sushi; SKELETON=SK-SCOREBOARD; TYPE_ERA=TY-GROTESK-SOFT; CONTROL=ink-underline; MATERIAL=sushi-min; COLOUR_STRAT=CS-OCEAN; CHROME=CH-STANDARD; FEEL=minimal precise
C1586	swimming-pool-public	Public Pool	industry-expanded	SK-COCKPIT-STRIP	TY-HUMANIST	chunk-border	public-pool	CS-NEON-ON-DARK	CH-APP	app	STYLE_ID=swimming-pool-public; SKELETON=SK-COCKPIT-STRIP; TYPE_ERA=TY-HUMANIST; CONTROL=chunk-border; MATERIAL=public-pool; COLOUR_STRAT=CS-NEON-ON-DARK; CHROME=CH-APP; FEEL=timetables lanes
C1587	synagogue-community	Community Centre Faith careful	industry-expanded	SK-FOLIO-SPREAD	TY-HUMANIST	ink-underline	faith-community	CS-DESAT-CORP	CH-DENSE	marketing	STYLE_ID=synagogue-community; SKELETON=SK-FOLIO-SPREAD; TYPE_ERA=TY-HUMANIST; CONTROL=ink-underline; MATERIAL=faith-community; COLOUR_STRAT=CS-DESAT-CORP; CHROME=CH-DENSE; FEEL=respectful
C1588	takeaway	Takeaway	industry-expanded	SK-STAMP-SHEET	TY-GROTESK-SOFT	filled-block	takeaway	CS-HIGH-KEY	CH-IMMERSIVE	marketing	STYLE_ID=takeaway; SKELETON=SK-STAMP-SHEET; TYPE_ERA=TY-GROTESK-SOFT; CONTROL=filled-block; MATERIAL=takeaway; COLOUR_STRAT=CS-HIGH-KEY; CHROME=CH-IMMERSIVE; FEEL=menu cart speed
C1589	tattoo-studio	Tattoo Studio	industry-expanded	SK-DOCKED-FAB	TY-MIXED-HIGH-CONTRAST	chunk-border	tattoo	CS-LOW-KEY	CH-NONE	mobile	STYLE_ID=tattoo-studio; SKELETON=SK-DOCKED-FAB; TYPE_ERA=TY-MIXED-HIGH-CONTRAST; CONTROL=chunk-border; MATERIAL=tattoo; COLOUR_STRAT=CS-LOW-KEY; CHROME=CH-NONE; FEEL=flash portfolios
C1590	tax-advisor	Tax Advisor	industry-expanded	SK-PEEK-CARDS	TY-HUMANIST	soft-rect	tax	CS-SEPIA	CH-MIN	mobile	STYLE_ID=tax-advisor; SKELETON=SK-PEEK-CARDS; TYPE_ERA=TY-HUMANIST; CONTROL=soft-rect; MATERIAL=tax; COLOUR_STRAT=CS-SEPIA; CHROME=CH-MIN; FEEL=forms calm
C1591	taxi-dispatch	Taxi Dispatch	industry-expanded	SK-RADIO-TUNER	TY-INDUSTRIAL-COND	chunk-border	taxi-dispatch	CS-INVERTED	CH-STANDARD	app	STYLE_ID=taxi-dispatch; SKELETON=SK-RADIO-TUNER; TYPE_ERA=TY-INDUSTRIAL-COND; CONTROL=chunk-border; MATERIAL=taxi-dispatch; COLOUR_STRAT=CS-INVERTED; CHROME=CH-STANDARD; FEEL=jobs map
C1592	tea-shop	Tea Shop	industry-expanded	SK-FILMSTRIP	TY-OLDSTYLE-SERIF	soft-rect	tea-shop	CS-REGIONAL-FLAG	CH-APP	marketing	STYLE_ID=tea-shop; SKELETON=SK-FILMSTRIP; TYPE_ERA=TY-OLDSTYLE-SERIF; CONTROL=soft-rect; MATERIAL=tea-shop; COLOUR_STRAT=CS-REGIONAL-FLAG; CHROME=CH-APP; FEEL=blends calm
C1593	tech-conference	Tech Conference	industry-expanded	SK-ORBIT-META	TY-GROTESK-SOFT	sharp-0	tech-conf	CS-BRAND-LOCKUP	CH-DENSE	marketing	STYLE_ID=tech-conference; SKELETON=SK-ORBIT-META; TYPE_ERA=TY-GROTESK-SOFT; CONTROL=sharp-0; MATERIAL=tech-conf; COLOUR_STRAT=CS-BRAND-LOCKUP; CHROME=CH-DENSE; FEEL=agenda speakers
C1594	theatre-tickets	Theatre Tickets	industry-expanded	SK-SPLIT-DEPTH	TY-DIDONE-LUX	ticket	theatre-tix	CS-MONO-PLUS	CH-IMMERSIVE	marketing	STYLE_ID=theatre-tickets; SKELETON=SK-SPLIT-DEPTH; TYPE_ERA=TY-DIDONE-LUX; CONTROL=ticket; MATERIAL=theatre-tix; COLOUR_STRAT=CS-MONO-PLUS; CHROME=CH-IMMERSIVE; FEEL=seats shows
C1595	theme-park	Theme Park	industry-expanded	SK-CHECKOUT-TUNNEL	TY-ROUNDED	pill	theme-park	CS-DUOTONE	CH-NONE	marketing	STYLE_ID=theme-park; SKELETON=SK-CHECKOUT-TUNNEL; TYPE_ERA=TY-ROUNDED; CONTROL=pill; MATERIAL=theme-park; COLOUR_STRAT=CS-DUOTONE; CHROME=CH-NONE; FEEL=maps rides joy
C1596	thrift-store	Thrift Store	industry-expanded	SK-CHAT-THREAD	TY-MIXED-HIGH-CONTRAST	chunk-border	thrift-store	CS-PRIMARY-TRIO	CH-MIN	app	STYLE_ID=thrift-store; SKELETON=SK-CHAT-THREAD; TYPE_ERA=TY-MIXED-HIGH-CONTRAST; CONTROL=chunk-border; MATERIAL=thrift-store; COLOUR_STRAT=CS-PRIMARY-TRIO; CHROME=CH-MIN; FEEL=racks finds
C1597	tile-shop	Tile Shop	industry-expanded	SK-NOTIFICATION-STACK	TY-GEOMETRIC	soft-rect	tiles	CS-TONAL	CH-STANDARD	mobile	STYLE_ID=tile-shop; SKELETON=SK-NOTIFICATION-STACK; TYPE_ERA=TY-GEOMETRIC; CONTROL=soft-rect; MATERIAL=tiles; COLOUR_STRAT=CS-TONAL; CHROME=CH-STANDARD; FEEL=grids samples
C1598	tools-brand	Tools Brand	industry-expanded	SK-DIRECTORY	TY-INDUSTRIAL-COND	chunk-border	tools-brand	CS-PAPER-INK	CH-APP	app	STYLE_ID=tools-brand; SKELETON=SK-DIRECTORY; TYPE_ERA=TY-INDUSTRIAL-COND; CONTROL=chunk-border; MATERIAL=tools-brand; COLOUR_STRAT=CS-PAPER-INK; CHROME=CH-APP; FEEL=tough clear
C1599	tour-operator	Tour Operator	industry-expanded	SK-ATLAS-PLATES	TY-HUMANIST	soft-rect	tours	CS-DARK-STAGE	CH-DENSE	marketing	STYLE_ID=tour-operator; SKELETON=SK-ATLAS-PLATES; TYPE_ERA=TY-HUMANIST; CONTROL=soft-rect; MATERIAL=tours; COLOUR_STRAT=CS-DARK-STAGE; CHROME=CH-DENSE; FEEL=itineraries
C1600	toy-brand	Toy Brand	industry-expanded	SK-HERO-SPLIT	TY-ROUNDED	pill	toy-brand	CS-PASTEL-POP	CH-IMMERSIVE	marketing	STYLE_ID=toy-brand; SKELETON=SK-HERO-SPLIT; TYPE_ERA=TY-ROUNDED; CONTROL=pill; MATERIAL=toy-brand; COLOUR_STRAT=CS-PASTEL-POP; CHROME=CH-IMMERSIVE; FEEL=play safe colour
C1601	trade-union	Trade Union	industry-expanded	SK-SINGLE-STICKY	TY-INDUSTRIAL-COND	chunk-border	union	CS-SIGNAL	CH-NONE	marketing	STYLE_ID=trade-union; SKELETON=SK-SINGLE-STICKY; TYPE_ERA=TY-INDUSTRIAL-COND; CONTROL=chunk-border; MATERIAL=union; COLOUR_STRAT=CS-SIGNAL; CHROME=CH-NONE; FEEL=campaigns solidarity
C1602	trainers-brand	Sneaker Brand	industry-expanded	SK-EDITORIAL-LONG	TY-INDUSTRIAL-COND	sharp-0	sneakers	CS-PHOTO-LED	CH-MIN	marketing	STYLE_ID=trainers-brand; SKELETON=SK-EDITORIAL-LONG; TYPE_ERA=TY-INDUSTRIAL-COND; CONTROL=sharp-0; MATERIAL=sneakers; COLOUR_STRAT=CS-PHOTO-LED; CHROME=CH-MIN; FEEL=drops hype
C1603	translation	Translation Agency	industry-expanded	SK-BENTO	TY-HUMANIST	soft-rect	translation	CS-CMYK-PROCESS	CH-STANDARD	marketing	STYLE_ID=translation; SKELETON=SK-BENTO; TYPE_ERA=TY-HUMANIST; CONTROL=soft-rect; MATERIAL=translation; COLOUR_STRAT=CS-CMYK-PROCESS; CHROME=CH-STANDARD; FEEL=languages clear
C1604	transport-for-city	City Transport	industry-expanded	SK-TABLE-FIRST	TY-HUMANIST	sharp-0	city-transport	CS-EARTH	CH-APP	app	STYLE_ID=transport-for-city; SKELETON=SK-TABLE-FIRST; TYPE_ERA=TY-HUMANIST; CONTROL=sharp-0; MATERIAL=city-transport; COLOUR_STRAT=CS-EARTH; CHROME=CH-APP; FEEL=status lines
C1605	travel-agent-indie	Indie Travel Agent	industry-expanded	SK-TIMELINE	TY-HUMANIST	soft-rect	indie-travel	CS-OCEAN	CH-DENSE	app	STYLE_ID=travel-agent-indie; SKELETON=SK-TIMELINE; TYPE_ERA=TY-HUMANIST; CONTROL=soft-rect; MATERIAL=indie-travel; COLOUR_STRAT=CS-OCEAN; CHROME=CH-DENSE; FEEL=stories itineraries
C1606	tree-surgery	Tree Surgery	industry-expanded	SK-MAP-STAGE	TY-HUMANIST	chunk-border	tree-surgery	CS-NEON-ON-DARK	CH-IMMERSIVE	app	STYLE_ID=tree-surgery; SKELETON=SK-MAP-STAGE; TYPE_ERA=TY-HUMANIST; CONTROL=chunk-border; MATERIAL=tree-surgery; COLOUR_STRAT=CS-NEON-ON-DARK; CHROME=CH-IMMERSIVE; FEEL=jobs risk
C1607	university-admissions	Uni Admissions	industry-expanded	SK-BOARD-KANBAN	TY-HUMANIST	soft-rect	admissions	CS-DESAT-CORP	CH-NONE	app	STYLE_ID=university-admissions; SKELETON=SK-BOARD-KANBAN; TYPE_ERA=TY-HUMANIST; CONTROL=soft-rect; MATERIAL=admissions; COLOUR_STRAT=CS-DESAT-CORP; CHROME=CH-NONE; FEEL=deadlines forms
C1608	vape-careful	Vape Retail Careful	industry-expanded	SK-TICKET-STUB	TY-GROTESK-SOFT	soft-rect	adult-retail	CS-HIGH-KEY	CH-MIN	marketing	STYLE_ID=vape-careful; SKELETON=SK-TICKET-STUB; TYPE_ERA=TY-GROTESK-SOFT; CONTROL=soft-rect; MATERIAL=adult-retail; COLOUR_STRAT=CS-HIGH-KEY; CHROME=CH-MIN; FEEL=adult clear not youth
C1609	vegan-cafe	Vegan Café	industry-expanded	SK-LEDGER	TY-HUMANIST	soft-rect	vegan-cafe	CS-LOW-KEY	CH-STANDARD	app	STYLE_ID=vegan-cafe; SKELETON=SK-LEDGER; TYPE_ERA=TY-HUMANIST; CONTROL=soft-rect; MATERIAL=vegan-cafe; COLOUR_STRAT=CS-LOW-KEY; CHROME=CH-STANDARD; FEEL=fresh ethical
C1610	venture-capital	Venture Capital	industry-expanded	SK-TERMINAL	TY-GROTESK-SOFT	ink-underline	vc	CS-SEPIA	CH-APP	app	STYLE_ID=venture-capital; SKELETON=SK-TERMINAL; TYPE_ERA=TY-GROTESK-SOFT; CONTROL=ink-underline; MATERIAL=vc; COLOUR_STRAT=CS-SEPIA; CHROME=CH-APP; FEEL=portfolio sparse
C1611	vet	Veterinary	industry-expanded	SK-POSTER	TY-HUMANIST	soft-rect	vet	CS-INVERTED	CH-DENSE	marketing	STYLE_ID=vet; SKELETON=SK-POSTER; TYPE_ERA=TY-HUMANIST; CONTROL=soft-rect; MATERIAL=vet; COLOUR_STRAT=CS-INVERTED; CHROME=CH-DENSE; FEEL=pets care calm
C1612	video-production	Video Production	industry-expanded	SK-BOTTOM-SHEET	TY-GROTESK-SOFT	soft-rect	video-prod	CS-REGIONAL-FLAG	CH-IMMERSIVE	mobile	STYLE_ID=video-production; SKELETON=SK-BOTTOM-SHEET; TYPE_ERA=TY-GROTESK-SOFT; CONTROL=soft-rect; MATERIAL=video-prod; COLOUR_STRAT=CS-REGIONAL-FLAG; CHROME=CH-IMMERSIVE; FEEL=showreels
C1613	vintage-shop	Vintage Shop	industry-expanded	SK-TAB-DECK	TY-MIXED-HIGH-CONTRAST	ticket	vintage-shop	CS-BRAND-LOCKUP	CH-NONE	mobile	STYLE_ID=vintage-shop; SKELETON=SK-TAB-DECK; TYPE_ERA=TY-MIXED-HIGH-CONTRAST; CONTROL=ticket; MATERIAL=vintage-shop; COLOUR_STRAT=CS-BRAND-LOCKUP; CHROME=CH-NONE; FEEL=decades racks
C1614	vineyard	Vineyard	industry-expanded	SK-WIZARD-STEPS	TY-OLDSTYLE-SERIF	ink-underline	vineyard	CS-MONO-PLUS	CH-MIN	app	STYLE_ID=vineyard; SKELETON=SK-WIZARD-STEPS; TYPE_ERA=TY-OLDSTYLE-SERIF; CONTROL=ink-underline; MATERIAL=vineyard; COLOUR_STRAT=CS-MONO-PLUS; CHROME=CH-MIN; FEEL=terroir bottles
C1615	virtual-event	Virtual Event	industry-expanded	SK-SPLIT-INSPECTOR	TY-GROTESK-SOFT	soft-rect	virtual-event	CS-DUOTONE	CH-STANDARD	app	STYLE_ID=virtual-event; SKELETON=SK-SPLIT-INSPECTOR; TYPE_ERA=TY-GROTESK-SOFT; CONTROL=soft-rect; MATERIAL=virtual-event; COLOUR_STRAT=CS-DUOTONE; CHROME=CH-STANDARD; FEEL=agenda stage
C1616	vocational-college	Vocational College	industry-expanded	SK-DASH-METRIC	TY-HUMANIST	soft-rect	vocational	CS-PRIMARY-TRIO	CH-APP	app	STYLE_ID=vocational-college; SKELETON=SK-DASH-METRIC; TYPE_ERA=TY-HUMANIST; CONTROL=soft-rect; MATERIAL=vocational; COLOUR_STRAT=CS-PRIMARY-TRIO; CHROME=CH-APP; FEEL=courses practical
C1617	volunteer-platform	Volunteer Platform	industry-expanded	SK-GALLERY-INDEX	TY-HUMANIST	pill	volunteer	CS-TONAL	CH-DENSE	marketing	STYLE_ID=volunteer-platform; SKELETON=SK-GALLERY-INDEX; TYPE_ERA=TY-HUMANIST; CONTROL=pill; MATERIAL=volunteer; COLOUR_STRAT=CS-TONAL; CHROME=CH-DENSE; FEEL=shifts impact
C1618	vpn-privacy	VPN Privacy	industry-expanded	SK-ZINE-COLLAGE	TY-GROTESK-SOFT	soft-rect	vpn	CS-PAPER-INK	CH-IMMERSIVE	marketing	STYLE_ID=vpn-privacy; SKELETON=SK-ZINE-COLLAGE; TYPE_ERA=TY-GROTESK-SOFT; CONTROL=soft-rect; MATERIAL=vpn; COLOUR_STRAT=CS-PAPER-INK; CHROME=CH-IMMERSIVE; FEEL=trust technical
C1619	warehouse-club	Warehouse Club	industry-expanded	SK-BRUTAL-BLOCKS	TY-INDUSTRIAL-COND	chunk-border	warehouse-club	CS-DARK-STAGE	CH-NONE	any	STYLE_ID=warehouse-club; SKELETON=SK-BRUTAL-BLOCKS; TYPE_ERA=TY-INDUSTRIAL-COND; CONTROL=chunk-border; MATERIAL=warehouse-club; COLOUR_STRAT=CS-DARK-STAGE; CHROME=CH-NONE; FEEL=bulk value
C1620	waste-management	Waste Management	industry-expanded	SK-RAIL-DOCK	TY-HUMANIST	chunk-border	waste	CS-PASTEL-POP	CH-MIN	app	STYLE_ID=waste-management; SKELETON=SK-RAIL-DOCK; TYPE_ERA=TY-HUMANIST; CONTROL=chunk-border; MATERIAL=waste; COLOUR_STRAT=CS-PASTEL-POP; CHROME=CH-MIN; FEEL=routes bins
C1621	watch-brand	Watch Brand	industry-expanded	SK-CENTER-STAGE	TY-DIDONE-LUX	ink-underline	watches	CS-SIGNAL	CH-STANDARD	marketing	STYLE_ID=watch-brand; SKELETON=SK-CENTER-STAGE; TYPE_ERA=TY-DIDONE-LUX; CONTROL=ink-underline; MATERIAL=watches; COLOUR_STRAT=CS-SIGNAL; CHROME=CH-STANDARD; FEEL=precision luxury
C1622	weather-service	Weather Service	industry-expanded	SK-NEWS-RIVER	TY-HUMANIST	sharp-0	weather-svc	CS-PHOTO-LED	CH-APP	app	STYLE_ID=weather-service; SKELETON=SK-NEWS-RIVER; TYPE_ERA=TY-HUMANIST; CONTROL=sharp-0; MATERIAL=weather-svc; COLOUR_STRAT=CS-PHOTO-LED; CHROME=CH-APP; FEEL=maps alerts
C1623	web-hosting	Web Hosting	industry-expanded	SK-CALENDAR-SPINE	TY-MONO-DATA	soft-rect	hosting	CS-CMYK-PROCESS	CH-DENSE	app	STYLE_ID=web-hosting; SKELETON=SK-CALENDAR-SPINE; TYPE_ERA=TY-MONO-DATA; CONTROL=soft-rect; MATERIAL=hosting; COLOUR_STRAT=CS-CMYK-PROCESS; CHROME=CH-DENSE; FEEL=plans status
C1624	wedding-planner	Wedding Planner	industry-expanded	SK-MASONRY	TY-SCRIPT-SPARSE	soft-rect	wedding-plan	CS-EARTH	CH-IMMERSIVE	marketing	STYLE_ID=wedding-planner; SKELETON=SK-MASONRY; TYPE_ERA=TY-SCRIPT-SPARSE; CONTROL=soft-rect; MATERIAL=wedding-plan; COLOUR_STRAT=CS-EARTH; CHROME=CH-IMMERSIVE; FEEL=timelines romantic
C1625	wellness-retreat	Wellness Retreat	industry-expanded	SK-SPLIT-DIAGONAL	TY-HUMANIST	pill	retreat	CS-OCEAN	CH-NONE	marketing	STYLE_ID=wellness-retreat; SKELETON=SK-SPLIT-DIAGONAL; TYPE_ERA=TY-HUMANIST; CONTROL=pill; MATERIAL=retreat; COLOUR_STRAT=CS-OCEAN; CHROME=CH-NONE; FEEL=calm nature
C1626	whisky-brand	Whisky Brand	industry-expanded	SK-FRAME-IN-FRAME	TY-OLDSTYLE-SERIF	chunk-border	whisky	CS-NEON-ON-DARK	CH-MIN	marketing	STYLE_ID=whisky-brand; SKELETON=SK-FRAME-IN-FRAME; TYPE_ERA=TY-OLDSTYLE-SERIF; CONTROL=chunk-border; MATERIAL=whisky; COLOUR_STRAT=CS-NEON-ON-DARK; CHROME=CH-MIN; FEEL=heritage peat
C1627	wine-merchant	Wine Merchant	industry-expanded	SK-SIDE-SCROLL	TY-TRANSITIONAL-SERIF	ink-underline	wine-merchant	CS-DESAT-CORP	CH-STANDARD	marketing	STYLE_ID=wine-merchant; SKELETON=SK-SIDE-SCROLL; TYPE_ERA=TY-TRANSITIONAL-SERIF; CONTROL=ink-underline; MATERIAL=wine-merchant; COLOUR_STRAT=CS-DESAT-CORP; CHROME=CH-STANDARD; FEEL=cellar notes
C1628	workspace-booking	Room Booking	industry-expanded	SK-FIXED-TOC	TY-HUMANIST	soft-rect	room-book	CS-HIGH-KEY	CH-APP	marketing	STYLE_ID=workspace-booking; SKELETON=SK-FIXED-TOC; TYPE_ERA=TY-HUMANIST; CONTROL=soft-rect; MATERIAL=room-book; COLOUR_STRAT=CS-HIGH-KEY; CHROME=CH-APP; FEEL=availability
C1629	yacht-charter	Yacht Charter	industry-expanded	SK-COMMAND-CENTER	TY-HUMANIST	soft-rect	yacht-charter	CS-LOW-KEY	CH-DENSE	app	STYLE_ID=yacht-charter; SKELETON=SK-COMMAND-CENTER; TYPE_ERA=TY-HUMANIST; CONTROL=soft-rect; MATERIAL=yacht-charter; COLOUR_STRAT=CS-LOW-KEY; CHROME=CH-DENSE; FEEL=fleet calendars
C1630	yoga-studio	Yoga Studio	industry-expanded	SK-INBOX-ZERO	TY-HUMANIST	pill	yoga	CS-SEPIA	CH-IMMERSIVE	app	STYLE_ID=yoga-studio; SKELETON=SK-INBOX-ZERO; TYPE_ERA=TY-HUMANIST; CONTROL=pill; MATERIAL=yoga; COLOUR_STRAT=CS-SEPIA; CHROME=CH-IMMERSIVE; FEEL=timetable calm
C1631	youth-club	Youth Club	industry-expanded	SK-STUDIO-CANVAS	TY-ROUNDED	pill	youth-club	CS-INVERTED	CH-NONE	app	STYLE_ID=youth-club; SKELETON=SK-STUDIO-CANVAS; TYPE_ERA=TY-ROUNDED; CONTROL=pill; MATERIAL=youth-club; COLOUR_STRAT=CS-INVERTED; CHROME=CH-NONE; FEEL=events safe bright
C1632	zoo	Zoo	industry-expanded	SK-COMPARISON	TY-HUMANIST	chunk-border	zoo-map	CS-REGIONAL-FLAG	CH-MIN	marketing	STYLE_ID=zoo; SKELETON=SK-COMPARISON; TYPE_ERA=TY-HUMANIST; CONTROL=chunk-border; MATERIAL=zoo-map; COLOUR_STRAT=CS-REGIONAL-FLAG; CHROME=CH-MIN; FEEL=maps animals education
C1633	arts-and-crafts	Arts and Crafts	historical-movement	SK-COMMAND-CENTER	TY-OLDSTYLE-SERIF	chunk-border	teak	CS-SIGNAL	CH-MIN	app	STYLE_ID=arts-and-crafts; SKELETON=SK-COMMAND-CENTER; TYPE_ERA=TY-OLDSTYLE-SERIF; CONTROL=chunk-border; MATERIAL=teak; COLOUR_STRAT=CS-SIGNAL; CHROME=CH-MIN; FEEL=handmade honesty anti-industrial
C1634	art-nouveau	Art Nouveau	historical-movement	SK-INBOX-ZERO	TY-DISPLAY-EXTREME	ink-underline	brushed-steel	CS-PHOTO-LED	CH-STANDARD	app	STYLE_ID=art-nouveau; SKELETON=SK-INBOX-ZERO; TYPE_ERA=TY-DISPLAY-EXTREME; CONTROL=ink-underline; MATERIAL=brushed-steel; COLOUR_STRAT=CS-PHOTO-LED; CHROME=CH-STANDARD; FEEL=organic curves botanical line
C1635	wiener-werkstatte	Wiener Werkstätte	historical-movement	SK-STUDIO-CANVAS	TY-GEOMETRIC	sharp-0	polished-brass	CS-CMYK-PROCESS	CH-APP	app	STYLE_ID=wiener-werkstatte; SKELETON=SK-STUDIO-CANVAS; TYPE_ERA=TY-GEOMETRIC; CONTROL=sharp-0; MATERIAL=polished-brass; COLOUR_STRAT=CS-CMYK-PROCESS; CHROME=CH-APP; FEEL=geometric square modern craft
C1636	futurism	Futurism	historical-movement	SK-COMPARISON	TY-INDUSTRIAL-COND	sharp-0	enamel-sign	CS-EARTH	CH-DENSE	marketing	STYLE_ID=futurism; SKELETON=SK-COMPARISON; TYPE_ERA=TY-INDUSTRIAL-COND; CONTROL=sharp-0; MATERIAL=enamel-sign; COLOUR_STRAT=CS-EARTH; CHROME=CH-DENSE; FEEL=speed diagonals machine energy
C1637	dada	Dada	historical-movement	SK-PRICING-LADDER	TY-MIXED-HIGH-CONTRAST	chunk-border	wet-asphalt	CS-OCEAN	CH-IMMERSIVE	marketing	STYLE_ID=dada; SKELETON=SK-PRICING-LADDER; TYPE_ERA=TY-MIXED-HIGH-CONTRAST; CONTROL=chunk-border; MATERIAL=wet-asphalt; COLOUR_STRAT=CS-OCEAN; CHROME=CH-IMMERSIVE; FEEL=collage absurd anti-design
C1638	constructivism	Constructivist	historical-movement	SK-MANIFEST-LIST	TY-INDUSTRIAL-COND	chunk-border	concrete	CS-NEON-ON-DARK	CH-NONE	app	STYLE_ID=constructivism; SKELETON=SK-MANIFEST-LIST; TYPE_ERA=TY-INDUSTRIAL-COND; CONTROL=chunk-border; MATERIAL=concrete; COLOUR_STRAT=CS-NEON-ON-DARK; CHROME=CH-NONE; FEEL=bars diagonals propaganda geometry
C1639	de-stijl	De Stijl	historical-movement	SK-SCOREBOARD	TY-GEOMETRIC	sharp-0	terrazzo	CS-DESAT-CORP	CH-MIN	app	STYLE_ID=de-stijl; SKELETON=SK-SCOREBOARD; TYPE_ERA=TY-GEOMETRIC; CONTROL=sharp-0; MATERIAL=terrazzo; COLOUR_STRAT=CS-DESAT-CORP; CHROME=CH-MIN; FEEL=strict H/V primary rects
C1640	bauhaus	Bauhaus	historical-movement	SK-COCKPIT-STRIP	TY-GEOMETRIC	sharp-0	marble	CS-HIGH-KEY	CH-STANDARD	app	STYLE_ID=bauhaus; SKELETON=SK-COCKPIT-STRIP; TYPE_ERA=TY-GEOMETRIC; CONTROL=sharp-0; MATERIAL=marble; COLOUR_STRAT=CS-HIGH-KEY; CHROME=CH-STANDARD; FEEL=workshop modern geometry function
C1641	new-typography	New Typography	historical-movement	SK-FOLIO-SPREAD	TY-GROTESQUE	ink-underline	granite	CS-LOW-KEY	CH-APP	marketing	STYLE_ID=new-typography; SKELETON=SK-FOLIO-SPREAD; TYPE_ERA=TY-GROTESQUE; CONTROL=ink-underline; MATERIAL=granite; COLOUR_STRAT=CS-LOW-KEY; CHROME=CH-APP; FEEL=type as image asymmetric
C1642	art-deco	Art Deco	historical-movement	SK-STAMP-SHEET	TY-DIDONE-LUX	ticket	glass-frost	CS-SEPIA	CH-DENSE	marketing	STYLE_ID=art-deco; SKELETON=SK-STAMP-SHEET; TYPE_ERA=TY-DIDONE-LUX; CONTROL=ticket; MATERIAL=glass-frost; COLOUR_STRAT=CS-SEPIA; CHROME=CH-DENSE; FEEL=glamour verticals fan geometry
C1643	streamline-moderne	Streamline Moderne	historical-movement	SK-DOCKED-FAB	TY-GEOMETRIC	pill	smoked-glass	CS-INVERTED	CH-IMMERSIVE	mobile	STYLE_ID=streamline-moderne; SKELETON=SK-DOCKED-FAB; TYPE_ERA=TY-GEOMETRIC; CONTROL=pill; MATERIAL=smoked-glass; COLOUR_STRAT=CS-INVERTED; CHROME=CH-IMMERSIVE; FEEL=aerodynamic curves chrome speed
C1644	swiss-international	Swiss International	historical-movement	SK-PEEK-CARDS	TY-GROTESQUE	ink-underline	acrylic	CS-REGIONAL-FLAG	CH-NONE	mobile	STYLE_ID=swiss-international; SKELETON=SK-PEEK-CARDS; TYPE_ERA=TY-GROTESQUE; CONTROL=ink-underline; MATERIAL=acrylic; COLOUR_STRAT=CS-REGIONAL-FLAG; CHROME=CH-NONE; FEEL=grid objectivity quiet type
C1645	international-style-arch	International Style Architecture	historical-movement	SK-RADIO-TUNER	TY-GROTESK-SOFT	sharp-0	leather-bound	CS-BRAND-LOCKUP	CH-MIN	app	STYLE_ID=international-style-arch; SKELETON=SK-RADIO-TUNER; TYPE_ERA=TY-GROTESK-SOFT; CONTROL=sharp-0; MATERIAL=leather-bound; COLOUR_STRAT=CS-BRAND-LOCKUP; CHROME=CH-MIN; FEEL=glass box rational facade
C1646	mid-century-modern	Mid-Century Modern	historical-movement	SK-FILMSTRIP	TY-HUMANIST	soft-rect	parchment	CS-MONO-PLUS	CH-STANDARD	marketing	STYLE_ID=mid-century-modern; SKELETON=SK-FILMSTRIP; TYPE_ERA=TY-HUMANIST; CONTROL=soft-rect; MATERIAL=parchment; COLOUR_STRAT=CS-MONO-PLUS; CHROME=CH-STANDARD; FEEL=warm modern atomic optimism
C1647	scandinavian-modern	Scandinavian Modern	historical-movement	SK-ORBIT-META	TY-HUMANIST	soft-rect	vellum	CS-DUOTONE	CH-APP	marketing	STYLE_ID=scandinavian-modern; SKELETON=SK-ORBIT-META; TYPE_ERA=TY-HUMANIST; CONTROL=soft-rect; MATERIAL=vellum; COLOUR_STRAT=CS-DUOTONE; CHROME=CH-APP; FEEL=light wood honest air
C1648	pop-art	Pop Art	historical-movement	SK-SPLIT-DEPTH	TY-DISPLAY-EXTREME	sharp-0	wool-felt	CS-PRIMARY-TRIO	CH-DENSE	marketing	STYLE_ID=pop-art; SKELETON=SK-SPLIT-DEPTH; TYPE_ERA=TY-DISPLAY-EXTREME; CONTROL=sharp-0; MATERIAL=wool-felt; COLOUR_STRAT=CS-PRIMARY-TRIO; CHROME=CH-DENSE; FEEL=halftone punch everyday icons
C1649	op-art	Op Art	historical-movement	SK-CHECKOUT-TUNNEL	TY-GEOMETRIC	sharp-0	denim	CS-TONAL	CH-IMMERSIVE	marketing	STYLE_ID=op-art; SKELETON=SK-CHECKOUT-TUNNEL; TYPE_ERA=TY-GEOMETRIC; CONTROL=sharp-0; MATERIAL=denim; COLOUR_STRAT=CS-TONAL; CHROME=CH-IMMERSIVE; FEEL=optical vibration geometry
C1650	psychedelic	Psychedelic	historical-movement	SK-CHAT-THREAD	TY-DISPLAY-EXTREME	chunk-border	canvas-sail	CS-PAPER-INK	CH-NONE	app	STYLE_ID=psychedelic; SKELETON=SK-CHAT-THREAD; TYPE_ERA=TY-DISPLAY-EXTREME; CONTROL=chunk-border; MATERIAL=canvas-sail; COLOUR_STRAT=CS-PAPER-INK; CHROME=CH-NONE; FEEL=vibrating type dense poster
C1651	space-age	Space Age	historical-movement	SK-NOTIFICATION-STACK	TY-GEOMETRIC	pill	rope-hemp	CS-DARK-STAGE	CH-MIN	mobile	STYLE_ID=space-age; SKELETON=SK-NOTIFICATION-STACK; TYPE_ERA=TY-GEOMETRIC; CONTROL=pill; MATERIAL=rope-hemp; COLOUR_STRAT=CS-DARK-STAGE; CHROME=CH-MIN; FEEL=atomic age optimism plastics
C1652	minimalism	Minimalism	historical-movement	SK-DIRECTORY	TY-SANS-ONLY-TIGHT	ink-underline	vinyl-black	CS-PASTEL-POP	CH-STANDARD	app	STYLE_ID=minimalism; SKELETON=SK-DIRECTORY; TYPE_ERA=TY-SANS-ONLY-TIGHT; CONTROL=ink-underline; MATERIAL=vinyl-black; COLOUR_STRAT=CS-PASTEL-POP; CHROME=CH-STANDARD; FEEL=less almost nothing
C1653	postmodern-graphic	Postmodern Graphic	historical-movement	SK-ATLAS-PLATES	TY-MIXED-HIGH-CONTRAST	offset-shadow	chrome-metal	CS-SIGNAL	CH-APP	marketing	STYLE_ID=postmodern-graphic; SKELETON=SK-ATLAS-PLATES; TYPE_ERA=TY-MIXED-HIGH-CONTRAST; CONTROL=offset-shadow; MATERIAL=chrome-metal; COLOUR_STRAT=CS-SIGNAL; CHROME=CH-APP; FEEL=rule-break pastiche irony
C1654	memphis	Memphis	historical-movement	SK-HERO-SPLIT	TY-GEOMETRIC	chunk-border	anodised-aluminium	CS-PHOTO-LED	CH-DENSE	marketing	STYLE_ID=memphis; SKELETON=SK-HERO-SPLIT; TYPE_ERA=TY-GEOMETRIC; CONTROL=chunk-border; MATERIAL=anodised-aluminium; COLOUR_STRAT=CS-PHOTO-LED; CHROME=CH-DENSE; FEEL=playful clash laminate shapes
C1655	deconstructivism	Deconstructivism	historical-movement	SK-SINGLE-STICKY	TY-MIXED-HIGH-CONTRAST	sharp-0	bakelite	CS-CMYK-PROCESS	CH-IMMERSIVE	marketing	STYLE_ID=deconstructivism; SKELETON=SK-SINGLE-STICKY; TYPE_ERA=TY-MIXED-HIGH-CONTRAST; CONTROL=sharp-0; MATERIAL=bakelite; COLOUR_STRAT=CS-CMYK-PROCESS; CHROME=CH-IMMERSIVE; FEEL=fragmented unstable structure
C1656	grunge-print	Grunge Print	historical-movement	SK-EDITORIAL-LONG	TY-MIXED-HIGH-CONTRAST	chunk-border	ceramic-glaze	CS-EARTH	CH-NONE	marketing	STYLE_ID=grunge-print; SKELETON=SK-EDITORIAL-LONG; TYPE_ERA=TY-MIXED-HIGH-CONTRAST; CONTROL=chunk-border; MATERIAL=ceramic-glaze; COLOUR_STRAT=CS-EARTH; CHROME=CH-NONE; FEEL=distressed layered dirty type
C1657	y2k	Y2K	historical-movement	SK-BENTO	TY-ROUNDED	pill	porcelain	CS-OCEAN	CH-MIN	marketing	STYLE_ID=y2k; SKELETON=SK-BENTO; TYPE_ERA=TY-ROUNDED; CONTROL=pill; MATERIAL=porcelain; COLOUR_STRAT=CS-OCEAN; CHROME=CH-MIN; FEEL=gloss bubbles chrome stars
C1658	web-safe-classic	Web 1.0 Classic	historical-movement	SK-TABLE-FIRST	TY-SYSTEM-RAW	ink-underline	chalkboard	CS-NEON-ON-DARK	CH-STANDARD	app	STYLE_ID=web-safe-classic; SKELETON=SK-TABLE-FIRST; TYPE_ERA=TY-SYSTEM-RAW; CONTROL=ink-underline; MATERIAL=chalkboard; COLOUR_STRAT=CS-NEON-ON-DARK; CHROME=CH-STANDARD; FEEL=blue links tables honest
C1659	web-2.0-gloss	Web 2.0 Glossy	historical-movement	SK-TIMELINE	TY-GROTESK-SOFT	pill	whiteboard-lab	CS-DESAT-CORP	CH-APP	app	STYLE_ID=web-2.0-gloss; SKELETON=SK-TIMELINE; TYPE_ERA=TY-GROTESK-SOFT; CONTROL=pill; MATERIAL=whiteboard-lab; COLOUR_STRAT=CS-DESAT-CORP; CHROME=CH-APP; FEEL=bevel badges gradients
C1660	skeuomorph-ios6	Classic Skeuomorphism	historical-movement	SK-MAP-STAGE	TY-HUMANIST	soft-rect	crt-phosphor	CS-HIGH-KEY	CH-DENSE	app	STYLE_ID=skeuomorph-ios6; SKELETON=SK-MAP-STAGE; TYPE_ERA=TY-HUMANIST; CONTROL=soft-rect; MATERIAL=crt-phosphor; COLOUR_STRAT=CS-HIGH-KEY; CHROME=CH-DENSE; FEEL=leather felt stitched realism
C1661	metro-fluent-flat	Metro / flat tiles	historical-movement	SK-BOARD-KANBAN	TY-GROTESQUE	sharp-0	lcd-blue	CS-LOW-KEY	CH-IMMERSIVE	app	STYLE_ID=metro-fluent-flat; SKELETON=SK-BOARD-KANBAN; TYPE_ERA=TY-GROTESQUE; CONTROL=sharp-0; MATERIAL=lcd-blue; COLOUR_STRAT=CS-LOW-KEY; CHROME=CH-IMMERSIVE; FEEL=typography-led tile mosaic
C1662	material-design	Material Design	historical-movement	SK-TICKET-STUB	TY-HUMANIST	soft-rect	oled-black	CS-SEPIA	CH-NONE	marketing	STYLE_ID=material-design; SKELETON=SK-TICKET-STUB; TYPE_ERA=TY-HUMANIST; CONTROL=soft-rect; MATERIAL=oled-black; COLOUR_STRAT=CS-SEPIA; CHROME=CH-NONE; FEEL=paper layers FAB elevation
C1663	material-you	Material You tonal	historical-movement	SK-LEDGER	TY-ROUNDED	pill	neon-tube	CS-INVERTED	CH-MIN	app	STYLE_ID=material-you; SKELETON=SK-LEDGER; TYPE_ERA=TY-ROUNDED; CONTROL=pill; MATERIAL=neon-tube; COLOUR_STRAT=CS-INVERTED; CHROME=CH-MIN; FEEL=dynamic tonal surfaces
C1664	fluent-2	Fluent 2	historical-movement	SK-TERMINAL	TY-GROTESK-SOFT	soft-rect	led-matrix	CS-REGIONAL-FLAG	CH-STANDARD	app	STYLE_ID=fluent-2; SKELETON=SK-TERMINAL; TYPE_ERA=TY-GROTESK-SOFT; CONTROL=soft-rect; MATERIAL=led-matrix; COLOUR_STRAT=CS-REGIONAL-FLAG; CHROME=CH-STANDARD; FEEL=mica acrylic soft system
C1665	human-interface-apple	Apple HIG clean	historical-movement	SK-POSTER	TY-GROTESK-SOFT	soft-rect	holographic-foil	CS-BRAND-LOCKUP	CH-APP	marketing	STYLE_ID=human-interface-apple; SKELETON=SK-POSTER; TYPE_ERA=TY-GROTESK-SOFT; CONTROL=soft-rect; MATERIAL=holographic-foil; COLOUR_STRAT=CS-BRAND-LOCKUP; CHROME=CH-APP; FEEL=SF-like clarity large radius
C1666	glassmorphism	Glassmorphism	historical-movement	SK-BOTTOM-SHEET	TY-GROTESK-SOFT	soft-rect	iridescent-film	CS-MONO-PLUS	CH-DENSE	mobile	STYLE_ID=glassmorphism; SKELETON=SK-BOTTOM-SHEET; TYPE_ERA=TY-GROTESK-SOFT; CONTROL=soft-rect; MATERIAL=iridescent-film; COLOUR_STRAT=CS-MONO-PLUS; CHROME=CH-DENSE; FEEL=frosted panels on photo
C1667	neumorphism	Neumorphism	historical-movement	SK-TAB-DECK	TY-ROUNDED	soft-rect	bubble-plastic	CS-DUOTONE	CH-IMMERSIVE	mobile	STYLE_ID=neumorphism; SKELETON=SK-TAB-DECK; TYPE_ERA=TY-ROUNDED; CONTROL=soft-rect; MATERIAL=bubble-plastic; COLOUR_STRAT=CS-DUOTONE; CHROME=CH-IMMERSIVE; FEEL=soft extruded mono UI
C1668	claymorphism	Claymorphism	historical-movement	SK-WIZARD-STEPS	TY-ROUNDED	pill	soft-clay	CS-PRIMARY-TRIO	CH-NONE	app	STYLE_ID=claymorphism; SKELETON=SK-WIZARD-STEPS; TYPE_ERA=TY-ROUNDED; CONTROL=pill; MATERIAL=soft-clay; COLOUR_STRAT=CS-PRIMARY-TRIO; CHROME=CH-NONE; FEEL=puffy 3D clay controls
C1669	neo-brutalism	Neo-Brutalism	historical-movement	SK-SPLIT-INSPECTOR	TY-DISPLAY-EXTREME	chunk-border	rubber-matte	CS-TONAL	CH-MIN	app	STYLE_ID=neo-brutalism; SKELETON=SK-SPLIT-INSPECTOR; TYPE_ERA=TY-DISPLAY-EXTREME; CONTROL=chunk-border; MATERIAL=rubber-matte; COLOUR_STRAT=CS-TONAL; CHROME=CH-MIN; FEEL=fat borders hard shadow loud
C1670	brutalist-web	Brutalist Web	historical-movement	SK-DASH-METRIC	TY-SYSTEM-RAW	sharp-0	silicone	CS-PAPER-INK	CH-STANDARD	app	STYLE_ID=brutalist-web; SKELETON=SK-DASH-METRIC; TYPE_ERA=TY-SYSTEM-RAW; CONTROL=sharp-0; MATERIAL=silicone; COLOUR_STRAT=CS-PAPER-INK; CHROME=CH-STANDARD; FEEL=raw system anti-polish
C1671	soft-brutalism	Soft Brutalism	historical-movement	SK-GALLERY-INDEX	TY-GROTESQUE	chunk-border	carbon-fibre	CS-DARK-STAGE	CH-APP	marketing	STYLE_ID=soft-brutalism; SKELETON=SK-GALLERY-INDEX; TYPE_ERA=TY-GROTESQUE; CONTROL=chunk-border; MATERIAL=carbon-fibre; COLOUR_STRAT=CS-DARK-STAGE; CHROME=CH-APP; FEEL=bold structure softer fill
C1672	bento-ui	Bento UI	historical-movement	SK-ZINE-COLLAGE	TY-GROTESK-SOFT	soft-rect	camo-cloth	CS-PASTEL-POP	CH-DENSE	marketing	STYLE_ID=bento-ui; SKELETON=SK-ZINE-COLLAGE; TYPE_ERA=TY-GROTESK-SOFT; CONTROL=soft-rect; MATERIAL=camo-cloth; COLOUR_STRAT=CS-PASTEL-POP; CHROME=CH-DENSE; FEEL=soft mosaic large tiles
C1673	dark-mode-oled	OLED Dark Product	historical-movement	SK-BRUTAL-BLOCKS	TY-GROTESK-SOFT	sharp-0	high-vis-mesh	CS-SIGNAL	CH-IMMERSIVE	any	STYLE_ID=dark-mode-oled; SKELETON=SK-BRUTAL-BLOCKS; TYPE_ERA=TY-GROTESK-SOFT; CONTROL=sharp-0; MATERIAL=high-vis-mesh; COLOUR_STRAT=CS-SIGNAL; CHROME=CH-IMMERSIVE; FEEL=true black sparse light type
C1674	aurora-mesh	Aurora Mesh Gradient	historical-movement	SK-RAIL-DOCK	TY-GROTESK-SOFT	soft-rect	safety-yellow-paint	CS-PHOTO-LED	CH-NONE	app	STYLE_ID=aurora-mesh; SKELETON=SK-RAIL-DOCK; TYPE_ERA=TY-GROTESK-SOFT; CONTROL=soft-rect; MATERIAL=safety-yellow-paint; COLOUR_STRAT=CS-PHOTO-LED; CHROME=CH-NONE; FEEL=soft mesh atmosphere once
C1675	kinetic-type	Kinetic Typography	historical-movement	SK-CENTER-STAGE	TY-DISPLAY-EXTREME	ink-underline	signal-flags	CS-CMYK-PROCESS	CH-MIN	marketing	STYLE_ID=kinetic-type; SKELETON=SK-CENTER-STAGE; TYPE_ERA=TY-DISPLAY-EXTREME; CONTROL=ink-underline; MATERIAL=signal-flags; COLOUR_STRAT=CS-CMYK-PROCESS; CHROME=CH-MIN; FEEL=motion type first
C1676	isometric-3d	Isometric Illustration UI	historical-movement	SK-NEWS-RIVER	TY-GROTESK-SOFT	soft-rect	tide-pool	CS-EARTH	CH-STANDARD	app	STYLE_ID=isometric-3d; SKELETON=SK-NEWS-RIVER; TYPE_ERA=TY-GROTESK-SOFT; CONTROL=soft-rect; MATERIAL=tide-pool; COLOUR_STRAT=CS-EARTH; CHROME=CH-STANDARD; FEEL=3D iso scenes with UI chrome quiet
C1677	maximalism	Maximalism	historical-movement	SK-CALENDAR-SPINE	TY-MIXED-HIGH-CONTRAST	chunk-border	sea-glass	CS-OCEAN	CH-APP	app	STYLE_ID=maximalism; SKELETON=SK-CALENDAR-SPINE; TYPE_ERA=TY-MIXED-HIGH-CONTRAST; CONTROL=chunk-border; MATERIAL=sea-glass; COLOUR_STRAT=CS-OCEAN; CHROME=CH-APP; FEEL=more is more layered dense
C1678	quiet-luxury	Quiet Luxury	historical-movement	SK-MASONRY	TY-DIDONE-LUX	ink-underline	sandstone	CS-NEON-ON-DARK	CH-DENSE	marketing	STYLE_ID=quiet-luxury; SKELETON=SK-MASONRY; TYPE_ERA=TY-DIDONE-LUX; CONTROL=ink-underline; MATERIAL=sandstone; COLOUR_STRAT=CS-NEON-ON-DARK; CHROME=CH-DENSE; FEEL=restraint expensive materials
C1679	corporate-memphis	Corporate Memphis	historical-movement	SK-SPLIT-DIAGONAL	TY-GROTESK-SOFT	soft-rect	limestone	CS-DESAT-CORP	CH-IMMERSIVE	marketing	STYLE_ID=corporate-memphis; SKELETON=SK-SPLIT-DIAGONAL; TYPE_ERA=TY-GROTESK-SOFT; CONTROL=soft-rect; MATERIAL=limestone; COLOUR_STRAT=CS-DESAT-CORP; CHROME=CH-IMMERSIVE; FEEL=flat diverse vectors pastel
C1680	anti-corporate-memphis	Anti-Corporate-Memphis	historical-movement	SK-FRAME-IN-FRAME	TY-SERIF-TEXT	sharp-0	brick-industrial	CS-HIGH-KEY	CH-NONE	marketing	STYLE_ID=anti-corporate-memphis; SKELETON=SK-FRAME-IN-FRAME; TYPE_ERA=TY-SERIF-TEXT; CONTROL=sharp-0; MATERIAL=brick-industrial; COLOUR_STRAT=CS-HIGH-KEY; CHROME=CH-NONE; FEEL=reject blob people use photo/type
C1681	brutalist-architecture	Brutalist Architecture	architecture	SK-SIDE-SCROLL	TY-GROTESQUE	sharp-0	corrugated-iron	CS-LOW-KEY	CH-MIN	marketing	STYLE_ID=brutalist-architecture; SKELETON=SK-SIDE-SCROLL; TYPE_ERA=TY-GROTESQUE; CONTROL=sharp-0; MATERIAL=corrugated-iron; COLOUR_STRAT=CS-LOW-KEY; CHROME=CH-MIN; FEEL=concrete mass voids
C1682	gothic-cathedral	Gothic Cathedral	architecture	SK-FIXED-TOC	TY-BLACKLETTER-SPARSE	ink-underline	shipping-container	CS-SEPIA	CH-STANDARD	marketing	STYLE_ID=gothic-cathedral; SKELETON=SK-FIXED-TOC; TYPE_ERA=TY-BLACKLETTER-SPARSE; CONTROL=ink-underline; MATERIAL=shipping-container; COLOUR_STRAT=CS-SEPIA; CHROME=CH-STANDARD; FEEL=vertical pointed stained light
C1683	baroque-ornate	Baroque Ornate	architecture	SK-COMMAND-CENTER	TY-MODERN-SERIF	ticket	scaffold	CS-INVERTED	CH-APP	app	STYLE_ID=baroque-ornate; SKELETON=SK-COMMAND-CENTER; TYPE_ERA=TY-MODERN-SERIF; CONTROL=ticket; MATERIAL=scaffold; COLOUR_STRAT=CS-INVERTED; CHROME=CH-APP; FEEL=ornament drama gold scroll
C1684	rococo-light	Rococo Light	architecture	SK-INBOX-ZERO	TY-SCRIPT-SPARSE	pill	blueprint-cyan	CS-REGIONAL-FLAG	CH-DENSE	app	STYLE_ID=rococo-light; SKELETON=SK-INBOX-ZERO; TYPE_ERA=TY-SCRIPT-SPARSE; CONTROL=pill; MATERIAL=blueprint-cyan; COLOUR_STRAT=CS-REGIONAL-FLAG; CHROME=CH-DENSE; FEEL=pastel scroll delicate
C1685	beaux-arts	Beaux-Arts	architecture	SK-STUDIO-CANVAS	TY-TRANSITIONAL-SERIF	sharp-0	carbon-paper	CS-BRAND-LOCKUP	CH-IMMERSIVE	app	STYLE_ID=beaux-arts; SKELETON=SK-STUDIO-CANVAS; TYPE_ERA=TY-TRANSITIONAL-SERIF; CONTROL=sharp-0; MATERIAL=carbon-paper; COLOUR_STRAT=CS-BRAND-LOCKUP; CHROME=CH-IMMERSIVE; FEEL=formal classical grandeur
C1686	art-nouveau-arch	Art Nouveau Architecture	architecture	SK-COMPARISON	TY-DISPLAY-EXTREME	ink-underline	thermal-receipt	CS-MONO-PLUS	CH-NONE	marketing	STYLE_ID=art-nouveau-arch; SKELETON=SK-COMPARISON; TYPE_ERA=TY-DISPLAY-EXTREME; CONTROL=ink-underline; MATERIAL=thermal-receipt; COLOUR_STRAT=CS-MONO-PLUS; CHROME=CH-NONE; FEEL=whiplash iron botanical facade
C1687	googie	Googie	architecture	SK-PRICING-LADDER	TY-DISPLAY-EXTREME	sharp-0	dot-matrix	CS-DUOTONE	CH-MIN	marketing	STYLE_ID=googie; SKELETON=SK-PRICING-LADDER; TYPE_ERA=TY-DISPLAY-EXTREME; CONTROL=sharp-0; MATERIAL=dot-matrix; COLOUR_STRAT=CS-DUOTONE; CHROME=CH-MIN; FEEL=atomic roadside angles neon
C1688	midcentury-ranch	Mid-century Ranch Interior	architecture	SK-MANIFEST-LIST	TY-HUMANIST	soft-rect	polaroid	CS-PRIMARY-TRIO	CH-STANDARD	app	STYLE_ID=midcentury-ranch; SKELETON=SK-MANIFEST-LIST; TYPE_ERA=TY-HUMANIST; CONTROL=soft-rect; MATERIAL=polaroid; COLOUR_STRAT=CS-PRIMARY-TRIO; CHROME=CH-STANDARD; FEEL=horizontal glass indoor-outdoor
C1689	japanese-metabolist	Metabolist	architecture	SK-SCOREBOARD	TY-GEOMETRIC	sharp-0	film-grain	CS-TONAL	CH-APP	app	STYLE_ID=japanese-metabolist; SKELETON=SK-SCOREBOARD; TYPE_ERA=TY-GEOMETRIC; CONTROL=sharp-0; MATERIAL=film-grain; COLOUR_STRAT=CS-TONAL; CHROME=CH-APP; FEEL=modular capsules future
C1690	high-tech-arch	High-Tech Architecture	architecture	SK-COCKPIT-STRIP	TY-MONO-DATA	sharp-0	halftone-print	CS-PAPER-INK	CH-DENSE	app	STYLE_ID=high-tech-arch; SKELETON=SK-COCKPIT-STRIP; TYPE_ERA=TY-MONO-DATA; CONTROL=sharp-0; MATERIAL=halftone-print; COLOUR_STRAT=CS-PAPER-INK; CHROME=CH-DENSE; FEEL=exposed structure services
C1691	parametric-blob	Parametric / Blobitecture	architecture	SK-FOLIO-SPREAD	TY-GROTESK-SOFT	pill	risograph	CS-DARK-STAGE	CH-IMMERSIVE	marketing	STYLE_ID=parametric-blob; SKELETON=SK-FOLIO-SPREAD; TYPE_ERA=TY-GROTESK-SOFT; CONTROL=pill; MATERIAL=risograph; COLOUR_STRAT=CS-DARK-STAGE; CHROME=CH-IMMERSIVE; FEEL=smooth digital curves
C1692	shaker-simplicity	Shaker	architecture	SK-STAMP-SHEET	TY-HUMANIST	sharp-0	screenprint	CS-PASTEL-POP	CH-NONE	marketing	STYLE_ID=shaker-simplicity; SKELETON=SK-STAMP-SHEET; TYPE_ERA=TY-HUMANIST; CONTROL=sharp-0; MATERIAL=screenprint; COLOUR_STRAT=CS-PASTEL-POP; CHROME=CH-NONE; FEEL=utility pure spare wood
C1693	craftsman-bungalow	Craftsman Bungalow	architecture	SK-DOCKED-FAB	TY-SLAB	chunk-border	watercolor-wash	CS-SIGNAL	CH-MIN	mobile	STYLE_ID=craftsman-bungalow; SKELETON=SK-DOCKED-FAB; TYPE_ERA=TY-SLAB; CONTROL=chunk-border; MATERIAL=watercolor-wash; COLOUR_STRAT=CS-SIGNAL; CHROME=CH-MIN; FEEL=built-in wood honest joinery
C1694	industrial-loft	Industrial Loft	architecture	SK-PEEK-CARDS	TY-INDUSTRIAL-COND	chunk-border	ink-wash	CS-PHOTO-LED	CH-STANDARD	mobile	STYLE_ID=industrial-loft; SKELETON=SK-PEEK-CARDS; TYPE_ERA=TY-INDUSTRIAL-COND; CONTROL=chunk-border; MATERIAL=ink-wash; COLOUR_STRAT=CS-PHOTO-LED; CHROME=CH-STANDARD; FEEL=brick iron factory conversion
C1695	biophilic	Biophilic	architecture	SK-RADIO-TUNER	TY-HUMANIST	soft-rect	sumi-ink	CS-CMYK-PROCESS	CH-APP	app	STYLE_ID=biophilic; SKELETON=SK-RADIO-TUNER; TYPE_ERA=TY-HUMANIST; CONTROL=soft-rect; MATERIAL=sumi-ink; COLOUR_STRAT=CS-CMYK-PROCESS; CHROME=CH-APP; FEEL=plants daylight organic calm
C1696	solarpunk	Solarpunk	architecture	SK-FILMSTRIP	TY-HUMANIST	chunk-border	gold-leaf	CS-EARTH	CH-DENSE	marketing	STYLE_ID=solarpunk; SKELETON=SK-FILMSTRIP; TYPE_ERA=TY-HUMANIST; CONTROL=chunk-border; MATERIAL=gold-leaf; COLOUR_STRAT=CS-EARTH; CHROME=CH-DENSE; FEEL=hopeful green tech craft
C1697	cyberpunk-ui	Cyberpunk UI	architecture	SK-ORBIT-META	TY-MONO-DATA	sharp-0	lacquer	CS-OCEAN	CH-IMMERSIVE	marketing	STYLE_ID=cyberpunk-ui; SKELETON=SK-ORBIT-META; TYPE_ERA=TY-MONO-DATA; CONTROL=sharp-0; MATERIAL=lacquer; COLOUR_STRAT=CS-OCEAN; CHROME=CH-IMMERSIVE; FEEL=neon rain dense HUD
C1698	dieselpunk	Dieselpunk	architecture	SK-SPLIT-DEPTH	TY-INDUSTRIAL-COND	chunk-border	jade	CS-NEON-ON-DARK	CH-NONE	marketing	STYLE_ID=dieselpunk; SKELETON=SK-SPLIT-DEPTH; TYPE_ERA=TY-INDUSTRIAL-COND; CONTROL=chunk-border; MATERIAL=jade; COLOUR_STRAT=CS-NEON-ON-DARK; CHROME=CH-NONE; FEEL=interwar machines grit oil
C1699	steampunk	Steampunk	architecture	SK-CHECKOUT-TUNNEL	TY-OLDSTYLE-SERIF	ticket	lacquer-red	CS-DESAT-CORP	CH-MIN	marketing	STYLE_ID=steampunk; SKELETON=SK-CHECKOUT-TUNNEL; TYPE_ERA=TY-OLDSTYLE-SERIF; CONTROL=ticket; MATERIAL=lacquer-red; COLOUR_STRAT=CS-DESAT-CORP; CHROME=CH-MIN; FEEL=brass gears Victorian tech
C1700	atompunk	Atompunk	architecture	SK-CHAT-THREAD	TY-GEOMETRIC	pill	indigo-dye	CS-HIGH-KEY	CH-STANDARD	app	STYLE_ID=atompunk; SKELETON=SK-CHAT-THREAD; TYPE_ERA=TY-GEOMETRIC; CONTROL=pill; MATERIAL=indigo-dye; COLOUR_STRAT=CS-HIGH-KEY; CHROME=CH-STANDARD; FEEL=atomic age optimism raygun
C1701	broadsheet-news	Broadsheet Newspaper	print-editorial	SK-NOTIFICATION-STACK	TY-SERIF-TEXT	ink-underline	mudcloth	CS-LOW-KEY	CH-APP	mobile	STYLE_ID=broadsheet-news; SKELETON=SK-NOTIFICATION-STACK; TYPE_ERA=TY-SERIF-TEXT; CONTROL=ink-underline; MATERIAL=mudcloth; COLOUR_STRAT=CS-LOW-KEY; CHROME=CH-APP; FEEL=columns rules authority
C1702	tabloid-scream	Tabloid	print-editorial	SK-DIRECTORY	TY-INDUSTRIAL-COND	filled-block	batik	CS-SEPIA	CH-DENSE	app	STYLE_ID=tabloid-scream; SKELETON=SK-DIRECTORY; TYPE_ERA=TY-INDUSTRIAL-COND; CONTROL=filled-block; MATERIAL=batik; COLOUR_STRAT=CS-SEPIA; CHROME=CH-DENSE; FEEL=loud headlines red boxes
C1703	magazine-vogue	Fashion Magazine	print-editorial	SK-ATLAS-PLATES	TY-DIDONE-LUX	ink-underline	retro-formica	CS-INVERTED	CH-IMMERSIVE	marketing	STYLE_ID=magazine-vogue; SKELETON=SK-ATLAS-PLATES; TYPE_ERA=TY-DIDONE-LUX; CONTROL=ink-underline; MATERIAL=retro-formica; COLOUR_STRAT=CS-INVERTED; CHROME=CH-IMMERSIVE; FEEL=whitespace full-bleed photo
C1704	magazine-natgeo	Documentary Magazine	print-editorial	SK-HERO-SPLIT	TY-HUMANIST	ink-underline	linoleum	CS-REGIONAL-FLAG	CH-NONE	marketing	STYLE_ID=magazine-natgeo; SKELETON=SK-HERO-SPLIT; TYPE_ERA=TY-HUMANIST; CONTROL=ink-underline; MATERIAL=linoleum; COLOUR_STRAT=CS-REGIONAL-FLAG; CHROME=CH-NONE; FEEL=photo essay maps captions
C1705	zine-diy	DIY Zine	print-editorial	SK-SINGLE-STICKY	TY-MIXED-HIGH-CONTRAST	ticket	motel-neon	CS-BRAND-LOCKUP	CH-MIN	marketing	STYLE_ID=zine-diy; SKELETON=SK-SINGLE-STICKY; TYPE_ERA=TY-MIXED-HIGH-CONTRAST; CONTROL=ticket; MATERIAL=motel-neon; COLOUR_STRAT=CS-BRAND-LOCKUP; CHROME=CH-MIN; FEEL=photocopy cut-up tape
C1706	risograph-print	Risograph	print-editorial	SK-EDITORIAL-LONG	TY-GROTESQUE	chunk-border	diner-chrome	CS-MONO-PLUS	CH-STANDARD	marketing	STYLE_ID=risograph-print; SKELETON=SK-EDITORIAL-LONG; TYPE_ERA=TY-GROTESQUE; CONTROL=chunk-border; MATERIAL=diner-chrome; COLOUR_STRAT=CS-MONO-PLUS; CHROME=CH-STANDARD; FEEL=misregister limited inks
C1707	swiss-poster	Swiss Poster	print-editorial	SK-BENTO	TY-GROTESQUE	sharp-0	arcade-cabinet	CS-DUOTONE	CH-APP	marketing	STYLE_ID=swiss-poster; SKELETON=SK-BENTO; TYPE_ERA=TY-GROTESQUE; CONTROL=sharp-0; MATERIAL=arcade-cabinet; COLOUR_STRAT=CS-DUOTONE; CHROME=CH-APP; FEEL=monumental type one idea
C1708	polish-poster	Polish School of Posters	print-editorial	SK-TABLE-FIRST	TY-DISPLAY-EXTREME	sharp-0	pinball-glass	CS-PRIMARY-TRIO	CH-DENSE	app	STYLE_ID=polish-poster; SKELETON=SK-TABLE-FIRST; TYPE_ERA=TY-DISPLAY-EXTREME; CONTROL=sharp-0; MATERIAL=pinball-glass; COLOUR_STRAT=CS-PRIMARY-TRIO; CHROME=CH-DENSE; FEEL=metaphor illustration bold
C1709	japanese-editorial	Japanese Editorial	print-editorial	SK-TIMELINE	TY-SERIF-TEXT	ink-underline	flight-case	CS-TONAL	CH-IMMERSIVE	app	STYLE_ID=japanese-editorial; SKELETON=SK-TIMELINE; TYPE_ERA=TY-SERIF-TEXT; CONTROL=ink-underline; MATERIAL=flight-case; COLOUR_STRAT=CS-TONAL; CHROME=CH-IMMERSIVE; FEEL=quiet gaps precise type
C1710	chinese-ink-modern	Modern Ink Tradition	print-editorial	SK-MAP-STAGE	TY-SERIF-TEXT	ink-underline	gaffer-tape	CS-PAPER-INK	CH-NONE	app	STYLE_ID=chinese-ink-modern; SKELETON=SK-MAP-STAGE; TYPE_ERA=TY-SERIF-TEXT; CONTROL=ink-underline; MATERIAL=gaffer-tape; COLOUR_STRAT=CS-PAPER-INK; CHROME=CH-NONE; FEEL=ink wash empty space
C1711	korean-webtoon-clean	Clean Webtoon/App KR	print-editorial	SK-BOARD-KANBAN	TY-ROUNDED	pill	glow-tape	CS-DARK-STAGE	CH-MIN	app	STYLE_ID=korean-webtoon-clean; SKELETON=SK-BOARD-KANBAN; TYPE_ERA=TY-ROUNDED; CONTROL=pill; MATERIAL=glow-tape; COLOUR_STRAT=CS-DARK-STAGE; CHROME=CH-MIN; FEEL=soft cards large type mobile
C1712	scientific-atlas	Scientific Atlas	print-editorial	SK-TICKET-STUB	TY-SERIF-TEXT	sharp-0	stage-blackout	CS-PASTEL-POP	CH-STANDARD	marketing	STYLE_ID=scientific-atlas; SKELETON=SK-TICKET-STUB; TYPE_ERA=TY-SERIF-TEXT; CONTROL=sharp-0; MATERIAL=stage-blackout; COLOUR_STRAT=CS-PASTEL-POP; CHROME=CH-STANDARD; FEEL=plates figures captions
C1713	field-guide	Field Guide	print-editorial	SK-LEDGER	TY-HUMANIST	ink-underline	lab-laminate	CS-SIGNAL	CH-APP	app	STYLE_ID=field-guide; SKELETON=SK-LEDGER; TYPE_ERA=TY-HUMANIST; CONTROL=ink-underline; MATERIAL=lab-laminate; COLOUR_STRAT=CS-SIGNAL; CHROME=CH-APP; FEEL=specimen + key
C1714	recipe-card	Recipe Card Classic	print-editorial	SK-TERMINAL	TY-SLAB	ticket	petri-clear	CS-PHOTO-LED	CH-DENSE	app	STYLE_ID=recipe-card; SKELETON=SK-TERMINAL; TYPE_ERA=TY-SLAB; CONTROL=ticket; MATERIAL=petri-clear; COLOUR_STRAT=CS-PHOTO-LED; CHROME=CH-DENSE; FEEL=index card steps
C1715	sheet-music	Sheet Music	print-editorial	SK-POSTER	TY-SERIF-TEXT	ink-underline	hospital-scrub	CS-CMYK-PROCESS	CH-IMMERSIVE	marketing	STYLE_ID=sheet-music; SKELETON=SK-POSTER; TYPE_ERA=TY-SERIF-TEXT; CONTROL=ink-underline; MATERIAL=hospital-scrub; COLOUR_STRAT=CS-CMYK-PROCESS; CHROME=CH-IMMERSIVE; FEEL=staves notation rhythm
C1716	map-ordnance	Ordnance Survey Map	print-editorial	SK-BOTTOM-SHEET	TY-HUMANIST	sharp-0	clinic-white	CS-EARTH	CH-NONE	mobile	STYLE_ID=map-ordnance; SKELETON=SK-BOTTOM-SHEET; TYPE_ERA=TY-HUMANIST; CONTROL=sharp-0; MATERIAL=clinic-white; COLOUR_STRAT=CS-EARTH; CHROME=CH-NONE; FEEL=contour information density
C1717	blueprint	Blueprint	print-editorial	SK-TAB-DECK	TY-MONO-DATA	sharp-0	school-linoleum	CS-OCEAN	CH-MIN	mobile	STYLE_ID=blueprint; SKELETON=SK-TAB-DECK; TYPE_ERA=TY-MONO-DATA; CONTROL=sharp-0; MATERIAL=school-linoleum; COLOUR_STRAT=CS-OCEAN; CHROME=CH-MIN; FEEL=cyanotype technical lines
C1718	patent-drawing	Patent Drawing	print-editorial	SK-WIZARD-STEPS	TY-SYSTEM-RAW	sharp-0	gym-floor	CS-NEON-ON-DARK	CH-STANDARD	app	STYLE_ID=patent-drawing; SKELETON=SK-WIZARD-STEPS; TYPE_ERA=TY-SYSTEM-RAW; CONTROL=sharp-0; MATERIAL=gym-floor; COLOUR_STRAT=CS-NEON-ON-DARK; CHROME=CH-STANDARD; FEEL=line invention figures
C1719	yearbook-retro	Retro Yearbook	print-editorial	SK-SPLIT-INSPECTOR	TY-SCRIPT-SPARSE	soft-rect	library-oak	CS-DESAT-CORP	CH-APP	app	STYLE_ID=yearbook-retro; SKELETON=SK-SPLIT-INSPECTOR; TYPE_ERA=TY-SCRIPT-SPARSE; CONTROL=soft-rect; MATERIAL=library-oak; COLOUR_STRAT=CS-DESAT-CORP; CHROME=CH-APP; FEEL=portrait grids signatures
C1720	mail-order-catalog	Mail-Order Catalogue	print-editorial	SK-DASH-METRIC	TY-SYSTEM-RAW	ink-underline	archive-box	CS-HIGH-KEY	CH-DENSE	app	STYLE_ID=mail-order-catalog; SKELETON=SK-DASH-METRIC; TYPE_ERA=TY-SYSTEM-RAW; CONTROL=ink-underline; MATERIAL=archive-box; COLOUR_STRAT=CS-HIGH-KEY; CHROME=CH-DENSE; FEEL=dense product grid prices
C1721	vaporwave	Vaporwave	internet-aesthetic	SK-GALLERY-INDEX	TY-GEOMETRIC	soft-rect	manila-folder	CS-LOW-KEY	CH-IMMERSIVE	marketing	STYLE_ID=vaporwave; SKELETON=SK-GALLERY-INDEX; TYPE_ERA=TY-GEOMETRIC; CONTROL=soft-rect; MATERIAL=manila-folder; COLOUR_STRAT=CS-LOW-KEY; CHROME=CH-IMMERSIVE; FEEL=retro computing pastel classical glitch
C1722	synthwave	Synthwave	internet-aesthetic	SK-ZINE-COLLAGE	TY-DISPLAY-EXTREME	sharp-0	passport-cover	CS-SEPIA	CH-NONE	marketing	STYLE_ID=synthwave; SKELETON=SK-ZINE-COLLAGE; TYPE_ERA=TY-DISPLAY-EXTREME; CONTROL=sharp-0; MATERIAL=passport-cover; COLOUR_STRAT=CS-SEPIA; CHROME=CH-NONE; FEEL=80s sunset grid neon
C1723	outrun	Outrun	internet-aesthetic	SK-BRUTAL-BLOCKS	TY-DISPLAY-EXTREME	sharp-0	banknote-guilloche	CS-INVERTED	CH-MIN	any	STYLE_ID=outrun; SKELETON=SK-BRUTAL-BLOCKS; TYPE_ERA=TY-DISPLAY-EXTREME; CONTROL=sharp-0; MATERIAL=banknote-guilloche; COLOUR_STRAT=CS-INVERTED; CHROME=CH-MIN; FEEL=retro racer sun stripes
C1724	cottagecore	Cottagecore	internet-aesthetic	SK-RAIL-DOCK	TY-OLDSTYLE-SERIF	soft-rect	circuit-board	CS-REGIONAL-FLAG	CH-STANDARD	app	STYLE_ID=cottagecore; SKELETON=SK-RAIL-DOCK; TYPE_ERA=TY-OLDSTYLE-SERIF; CONTROL=soft-rect; MATERIAL=circuit-board; COLOUR_STRAT=CS-REGIONAL-FLAG; CHROME=CH-STANDARD; FEEL=pastoral soft rural romance
C1725	dark-academia	Dark Academia	internet-aesthetic	SK-CENTER-STAGE	TY-OLDSTYLE-SERIF	ink-underline	server-rack	CS-BRAND-LOCKUP	CH-APP	marketing	STYLE_ID=dark-academia; SKELETON=SK-CENTER-STAGE; TYPE_ERA=TY-OLDSTYLE-SERIF; CONTROL=ink-underline; MATERIAL=server-rack; COLOUR_STRAT=CS-BRAND-LOCKUP; CHROME=CH-APP; FEEL=moody library scholarly gothic
C1726	light-academia	Light Academia	internet-aesthetic	SK-NEWS-RIVER	TY-OLDSTYLE-SERIF	ink-underline	vacuum-tube	CS-MONO-PLUS	CH-DENSE	app	STYLE_ID=light-academia; SKELETON=SK-NEWS-RIVER; TYPE_ERA=TY-OLDSTYLE-SERIF; CONTROL=ink-underline; MATERIAL=vacuum-tube; COLOUR_STRAT=CS-MONO-PLUS; CHROME=CH-DENSE; FEEL=sunny scholarly cream linen
C1727	chaotic-academia	Chaotic Academia	internet-aesthetic	SK-CALENDAR-SPINE	TY-MIXED-HIGH-CONTRAST	ticket	space-blanket	CS-DUOTONE	CH-IMMERSIVE	app	STYLE_ID=chaotic-academia; SKELETON=SK-CALENDAR-SPINE; TYPE_ERA=TY-MIXED-HIGH-CONTRAST; CONTROL=ticket; MATERIAL=space-blanket; COLOUR_STRAT=CS-DUOTONE; CHROME=CH-IMMERSIVE; FEEL=messy notes stacked papers
C1728	romantic-academia	Romantic Academia	internet-aesthetic	SK-MASONRY	TY-OLDSTYLE-SERIF	ink-underline	astronaut-white	CS-PRIMARY-TRIO	CH-NONE	marketing	STYLE_ID=romantic-academia; SKELETON=SK-MASONRY; TYPE_ERA=TY-OLDSTYLE-SERIF; CONTROL=ink-underline; MATERIAL=astronaut-white; COLOUR_STRAT=CS-PRIMARY-TRIO; CHROME=CH-NONE; FEEL=soft scholarly florals
C1729	goblincore	Goblincore	internet-aesthetic	SK-SPLIT-DIAGONAL	TY-SYSTEM-RAW	chunk-border	mission-control	CS-TONAL	CH-MIN	marketing	STYLE_ID=goblincore; SKELETON=SK-SPLIT-DIAGONAL; TYPE_ERA=TY-SYSTEM-RAW; CONTROL=chunk-border; MATERIAL=mission-control; COLOUR_STRAT=CS-TONAL; CHROME=CH-MIN; FEEL=shiny trash nature hoard
C1730	fairycore	Fairycore	internet-aesthetic	SK-FRAME-IN-FRAME	TY-SCRIPT-SPARSE	pill	radar-green	CS-PAPER-INK	CH-STANDARD	marketing	STYLE_ID=fairycore; SKELETON=SK-FRAME-IN-FRAME; TYPE_ERA=TY-SCRIPT-SPARSE; CONTROL=pill; MATERIAL=radar-green; COLOUR_STRAT=CS-PAPER-INK; CHROME=CH-STANDARD; FEEL=ethereal glitter forest soft
C1731	angelcore	Angelcore	internet-aesthetic	SK-SIDE-SCROLL	TY-DIDONE-LUX	pill	newsprint	CS-DARK-STAGE	CH-APP	marketing	STYLE_ID=angelcore; SKELETON=SK-SIDE-SCROLL; TYPE_ERA=TY-DIDONE-LUX; CONTROL=pill; MATERIAL=newsprint; COLOUR_STRAT=CS-DARK-STAGE; CHROME=CH-APP; FEEL=soft white gold ethereal
C1732	devilcore	Devilcore	internet-aesthetic	SK-FIXED-TOC	TY-DISPLAY-EXTREME	sharp-0	kraft-paper	CS-PASTEL-POP	CH-DENSE	marketing	STYLE_ID=devilcore; SKELETON=SK-FIXED-TOC; TYPE_ERA=TY-DISPLAY-EXTREME; CONTROL=sharp-0; MATERIAL=kraft-paper; COLOUR_STRAT=CS-PASTEL-POP; CHROME=CH-DENSE; FEEL=red black occult drama
C1733	witchcore	Witchcore	internet-aesthetic	SK-COMMAND-CENTER	TY-OLDSTYLE-SERIF	ink-underline	cream-cotton	CS-SIGNAL	CH-IMMERSIVE	app	STYLE_ID=witchcore; SKELETON=SK-COMMAND-CENTER; TYPE_ERA=TY-OLDSTYLE-SERIF; CONTROL=ink-underline; MATERIAL=cream-cotton; COLOUR_STRAT=CS-SIGNAL; CHROME=CH-IMMERSIVE; FEEL=herbs candles mystic dark
C1734	cottagegoth	Cottagegoth	internet-aesthetic	SK-INBOX-ZERO	TY-OLDSTYLE-SERIF	chunk-border	tar-paper	CS-PHOTO-LED	CH-NONE	app	STYLE_ID=cottagegoth; SKELETON=SK-INBOX-ZERO; TYPE_ERA=TY-OLDSTYLE-SERIF; CONTROL=chunk-border; MATERIAL=tar-paper; COLOUR_STRAT=CS-PHOTO-LED; CHROME=CH-NONE; FEEL=pastoral gothic hybrid
C1735	grandmacore	Grandmacore	internet-aesthetic	SK-STUDIO-CANVAS	TY-OLDSTYLE-SERIF	soft-rect	oak-timber	CS-CMYK-PROCESS	CH-MIN	app	STYLE_ID=grandmacore; SKELETON=SK-STUDIO-CANVAS; TYPE_ERA=TY-OLDSTYLE-SERIF; CONTROL=soft-rect; MATERIAL=oak-timber; COLOUR_STRAT=CS-CMYK-PROCESS; CHROME=CH-MIN; FEEL=doilies knits cozy vintage
C1736	weirdcore	Weirdcore	internet-aesthetic	SK-COMPARISON	TY-SYSTEM-RAW	sharp-0	teak	CS-EARTH	CH-STANDARD	marketing	STYLE_ID=weirdcore; SKELETON=SK-COMPARISON; TYPE_ERA=TY-SYSTEM-RAW; CONTROL=sharp-0; MATERIAL=teak; COLOUR_STRAT=CS-EARTH; CHROME=CH-STANDARD; FEEL=liminal uncanny low-fi
C1737	traumacore	Traumacore	internet-aesthetic	SK-PRICING-LADDER	TY-SYSTEM-RAW	ink-underline	brushed-steel	CS-OCEAN	CH-APP	marketing	STYLE_ID=traumacore; SKELETON=SK-PRICING-LADDER; TYPE_ERA=TY-SYSTEM-RAW; CONTROL=ink-underline; MATERIAL=brushed-steel; COLOUR_STRAT=CS-OCEAN; CHROME=CH-APP; FEEL=glitch diary sensitive
C1738	dreamcore	Dreamcore	internet-aesthetic	SK-MANIFEST-LIST	TY-ROUNDED	pill	polished-brass	CS-NEON-ON-DARK	CH-DENSE	app	STYLE_ID=dreamcore; SKELETON=SK-MANIFEST-LIST; TYPE_ERA=TY-ROUNDED; CONTROL=pill; MATERIAL=polished-brass; COLOUR_STRAT=CS-NEON-ON-DARK; CHROME=CH-DENSE; FEEL=soft surreal dream logic
C1739	kidcore	Kidcore	internet-aesthetic	SK-SCOREBOARD	TY-ROUNDED	pill	enamel-sign	CS-DESAT-CORP	CH-IMMERSIVE	app	STYLE_ID=kidcore; SKELETON=SK-SCOREBOARD; TYPE_ERA=TY-ROUNDED; CONTROL=pill; MATERIAL=enamel-sign; COLOUR_STRAT=CS-DESAT-CORP; CHROME=CH-IMMERSIVE; FEEL=primary toys loud play
C1740	babycore	Babycore	internet-aesthetic	SK-COCKPIT-STRIP	TY-ROUNDED	pill	wet-asphalt	CS-HIGH-KEY	CH-NONE	app	STYLE_ID=babycore; SKELETON=SK-COCKPIT-STRIP; TYPE_ERA=TY-ROUNDED; CONTROL=pill; MATERIAL=wet-asphalt; COLOUR_STRAT=CS-HIGH-KEY; CHROME=CH-NONE; FEEL=pastel soft infant cute
C1741	animecore	Animecore	internet-aesthetic	SK-FOLIO-SPREAD	TY-DISPLAY-EXTREME	pill	concrete	CS-LOW-KEY	CH-MIN	marketing	STYLE_ID=animecore; SKELETON=SK-FOLIO-SPREAD; TYPE_ERA=TY-DISPLAY-EXTREME; CONTROL=pill; MATERIAL=concrete; COLOUR_STRAT=CS-LOW-KEY; CHROME=CH-MIN; FEEL=anime screencap energy
C1742	kawaii	Kawaii	internet-aesthetic	SK-STAMP-SHEET	TY-ROUNDED	pill	terrazzo	CS-SEPIA	CH-STANDARD	marketing	STYLE_ID=kawaii; SKELETON=SK-STAMP-SHEET; TYPE_ERA=TY-ROUNDED; CONTROL=pill; MATERIAL=terrazzo; COLOUR_STRAT=CS-SEPIA; CHROME=CH-STANDARD; FEEL=cute pastel rounded JP
C1743	yami-kawaii	Yami Kawaii	internet-aesthetic	SK-DOCKED-FAB	TY-ROUNDED	pill	marble	CS-INVERTED	CH-APP	mobile	STYLE_ID=yami-kawaii; SKELETON=SK-DOCKED-FAB; TYPE_ERA=TY-ROUNDED; CONTROL=pill; MATERIAL=marble; COLOUR_STRAT=CS-INVERTED; CHROME=CH-APP; FEEL=cute dark medical twist
C1744	gurokawaii	Gurokawa	internet-aesthetic	SK-PEEK-CARDS	TY-MIXED-HIGH-CONTRAST	chunk-border	granite	CS-REGIONAL-FLAG	CH-DENSE	mobile	STYLE_ID=gurokawaii; SKELETON=SK-PEEK-CARDS; TYPE_ERA=TY-MIXED-HIGH-CONTRAST; CONTROL=chunk-border; MATERIAL=granite; COLOUR_STRAT=CS-REGIONAL-FLAG; CHROME=CH-DENSE; FEEL=cute grotesque
C1745	pastel-goth	Pastel Goth	internet-aesthetic	SK-RADIO-TUNER	TY-DISPLAY-EXTREME	chunk-border	glass-frost	CS-BRAND-LOCKUP	CH-IMMERSIVE	app	STYLE_ID=pastel-goth; SKELETON=SK-RADIO-TUNER; TYPE_ERA=TY-DISPLAY-EXTREME; CONTROL=chunk-border; MATERIAL=glass-frost; COLOUR_STRAT=CS-BRAND-LOCKUP; CHROME=CH-IMMERSIVE; FEEL=pastel + black occult
C1746	health-goth	Health Goth	internet-aesthetic	SK-FILMSTRIP	TY-INDUSTRIAL-COND	sharp-0	smoked-glass	CS-MONO-PLUS	CH-NONE	marketing	STYLE_ID=health-goth; SKELETON=SK-FILMSTRIP; TYPE_ERA=TY-INDUSTRIAL-COND; CONTROL=sharp-0; MATERIAL=smoked-glass; COLOUR_STRAT=CS-MONO-PLUS; CHROME=CH-NONE; FEEL=athletic black techwear
C1747	normcore	Normcore	internet-aesthetic	SK-ORBIT-META	TY-SYSTEM-RAW	soft-rect	acrylic	CS-DUOTONE	CH-MIN	marketing	STYLE_ID=normcore; SKELETON=SK-ORBIT-META; TYPE_ERA=TY-SYSTEM-RAW; CONTROL=soft-rect; MATERIAL=acrylic; COLOUR_STRAT=CS-DUOTONE; CHROME=CH-MIN; FEEL=aggressively ordinary
C1748	balletcore	Balletcore	internet-aesthetic	SK-SPLIT-DEPTH	TY-DIDONE-LUX	pill	leather-bound	CS-PRIMARY-TRIO	CH-STANDARD	marketing	STYLE_ID=balletcore; SKELETON=SK-SPLIT-DEPTH; TYPE_ERA=TY-DIDONE-LUX; CONTROL=pill; MATERIAL=leather-bound; COLOUR_STRAT=CS-PRIMARY-TRIO; CHROME=CH-STANDARD; FEEL=soft pink tulle poise
C1749	coquette	Coquette	internet-aesthetic	SK-CHECKOUT-TUNNEL	TY-SCRIPT-SPARSE	pill	parchment	CS-TONAL	CH-APP	marketing	STYLE_ID=coquette; SKELETON=SK-CHECKOUT-TUNNEL; TYPE_ERA=TY-SCRIPT-SPARSE; CONTROL=pill; MATERIAL=parchment; COLOUR_STRAT=CS-TONAL; CHROME=CH-APP; FEEL=bows lace hyper-femme
C1750	blokecore	Blokecore	internet-aesthetic	SK-CHAT-THREAD	TY-INDUSTRIAL-COND	sharp-0	vellum	CS-PAPER-INK	CH-DENSE	app	STYLE_ID=blokecore; SKELETON=SK-CHAT-THREAD; TYPE_ERA=TY-INDUSTRIAL-COND; CONTROL=sharp-0; MATERIAL=vellum; COLOUR_STRAT=CS-PAPER-INK; CHROME=CH-DENSE; FEEL=football kits terrace energy
C1751	gorpcore	Gorpcore	internet-aesthetic	SK-NOTIFICATION-STACK	TY-HUMANIST	chunk-border	wool-felt	CS-DARK-STAGE	CH-IMMERSIVE	mobile	STYLE_ID=gorpcore; SKELETON=SK-NOTIFICATION-STACK; TYPE_ERA=TY-HUMANIST; CONTROL=chunk-border; MATERIAL=wool-felt; COLOUR_STRAT=CS-DARK-STAGE; CHROME=CH-IMMERSIVE; FEEL=outdoor tech fleece trail
C1752	coastal-grandmother	Coastal Grandmother	internet-aesthetic	SK-DIRECTORY	TY-HUMANIST	soft-rect	denim	CS-PASTEL-POP	CH-NONE	app	STYLE_ID=coastal-grandmother; SKELETON=SK-DIRECTORY; TYPE_ERA=TY-HUMANIST; CONTROL=soft-rect; MATERIAL=denim; COLOUR_STRAT=CS-PASTEL-POP; CHROME=CH-NONE; FEEL=linen sea calm wealthy calm
C1753	clean-girl	Clean Girl	internet-aesthetic	SK-ATLAS-PLATES	TY-GROTESK-SOFT	pill	canvas-sail	CS-SIGNAL	CH-MIN	marketing	STYLE_ID=clean-girl; SKELETON=SK-ATLAS-PLATES; TYPE_ERA=TY-GROTESK-SOFT; CONTROL=pill; MATERIAL=canvas-sail; COLOUR_STRAT=CS-SIGNAL; CHROME=CH-MIN; FEEL=minimal sleek neutral beauty
C1754	old-money	Old Money	internet-aesthetic	SK-HERO-SPLIT	TY-TRANSITIONAL-SERIF	ink-underline	rope-hemp	CS-PHOTO-LED	CH-STANDARD	marketing	STYLE_ID=old-money; SKELETON=SK-HERO-SPLIT; TYPE_ERA=TY-TRANSITIONAL-SERIF; CONTROL=ink-underline; MATERIAL=rope-hemp; COLOUR_STRAT=CS-PHOTO-LED; CHROME=CH-STANDARD; FEEL=heritage quiet wealth
C1755	new-money	New Money	internet-aesthetic	SK-SINGLE-STICKY	TY-DIDONE-LUX	filled-block	vinyl-black	CS-CMYK-PROCESS	CH-APP	marketing	STYLE_ID=new-money; SKELETON=SK-SINGLE-STICKY; TYPE_ERA=TY-DIDONE-LUX; CONTROL=filled-block; MATERIAL=vinyl-black; COLOUR_STRAT=CS-CMYK-PROCESS; CHROME=CH-APP; FEEL=loud luxury logos shine
C1756	dark-feminine	Dark Feminine	internet-aesthetic	SK-EDITORIAL-LONG	TY-DIDONE-LUX	sharp-0	chrome-metal	CS-EARTH	CH-DENSE	marketing	STYLE_ID=dark-feminine; SKELETON=SK-EDITORIAL-LONG; TYPE_ERA=TY-DIDONE-LUX; CONTROL=sharp-0; MATERIAL=chrome-metal; COLOUR_STRAT=CS-EARTH; CHROME=CH-DENSE; FEEL=glamour power black red
C1757	soft-boy	Soft Boy	internet-aesthetic	SK-BENTO	TY-HUMANIST	soft-rect	anodised-aluminium	CS-OCEAN	CH-IMMERSIVE	marketing	STYLE_ID=soft-boy; SKELETON=SK-BENTO; TYPE_ERA=TY-HUMANIST; CONTROL=soft-rect; MATERIAL=anodised-aluminium; COLOUR_STRAT=CS-OCEAN; CHROME=CH-IMMERSIVE; FEEL=pastel indie soft masc
C1758	egirl-eboy	E-girl / E-boy	internet-aesthetic	SK-TABLE-FIRST	TY-MIXED-HIGH-CONTRAST	chunk-border	bakelite	CS-NEON-ON-DARK	CH-NONE	app	STYLE_ID=egirl-eboy; SKELETON=SK-TABLE-FIRST; TYPE_ERA=TY-MIXED-HIGH-CONTRAST; CONTROL=chunk-border; MATERIAL=bakelite; COLOUR_STRAT=CS-NEON-ON-DARK; CHROME=CH-NONE; FEEL=alt platform indie dark cute
C1759	scene-emo	Scene / Emo revival	internet-aesthetic	SK-TIMELINE	TY-DISPLAY-EXTREME	chunk-border	ceramic-glaze	CS-DESAT-CORP	CH-MIN	app	STYLE_ID=scene-emo; SKELETON=SK-TIMELINE; TYPE_ERA=TY-DISPLAY-EXTREME; CONTROL=chunk-border; MATERIAL=ceramic-glaze; COLOUR_STRAT=CS-DESAT-CORP; CHROME=CH-MIN; FEEL=sharp hair colours myspace
C1760	y2k-cyber	Y2K Cyber	internet-aesthetic	SK-MAP-STAGE	TY-GEOMETRIC	pill	porcelain	CS-HIGH-KEY	CH-STANDARD	app	STYLE_ID=y2k-cyber; SKELETON=SK-MAP-STAGE; TYPE_ERA=TY-GEOMETRIC; CONTROL=pill; MATERIAL=porcelain; COLOUR_STRAT=CS-HIGH-KEY; CHROME=CH-STANDARD; FEEL=futuristic chrome early web
C1761	frutiger-aero	Frutiger Aero	internet-aesthetic	SK-BOARD-KANBAN	TY-HUMANIST	pill	chalkboard	CS-LOW-KEY	CH-APP	app	STYLE_ID=frutiger-aero; SKELETON=SK-BOARD-KANBAN; TYPE_ERA=TY-HUMANIST; CONTROL=pill; MATERIAL=chalkboard; COLOUR_STRAT=CS-LOW-KEY; CHROME=CH-APP; FEEL=glossy nature tech optimistic 2000s
C1762	frutiger-metro	Frutiger Metro	internet-aesthetic	SK-TICKET-STUB	TY-GROTESK-SOFT	soft-rect	whiteboard-lab	CS-SEPIA	CH-DENSE	marketing	STYLE_ID=frutiger-metro; SKELETON=SK-TICKET-STUB; TYPE_ERA=TY-GROTESK-SOFT; CONTROL=soft-rect; MATERIAL=whiteboard-lab; COLOUR_STRAT=CS-SEPIA; CHROME=CH-DENSE; FEEL=metro icons soft 2010s
C1763	heliotrope	Heliotrope / Aero cousins	internet-aesthetic	SK-LEDGER	TY-ROUNDED	pill	crt-phosphor	CS-INVERTED	CH-IMMERSIVE	app	STYLE_ID=heliotrope; SKELETON=SK-LEDGER; TYPE_ERA=TY-ROUNDED; CONTROL=pill; MATERIAL=crt-phosphor; COLOUR_STRAT=CS-INVERTED; CHROME=CH-IMMERSIVE; FEEL=bright sky water bubbles
C1764	cassette-futurism	Cassette Futurism	internet-aesthetic	SK-TERMINAL	TY-SYSTEM-RAW	chunk-border	lcd-blue	CS-REGIONAL-FLAG	CH-NONE	app	STYLE_ID=cassette-futurism; SKELETON=SK-TERMINAL; TYPE_ERA=TY-SYSTEM-RAW; CONTROL=chunk-border; MATERIAL=lcd-blue; COLOUR_STRAT=CS-REGIONAL-FLAG; CHROME=CH-NONE; FEEL=chunky buttons CRT no touch glass
C1765	sovietwave	Sovietwave	internet-aesthetic	SK-POSTER	TY-GROTESQUE	sharp-0	oled-black	CS-BRAND-LOCKUP	CH-MIN	marketing	STYLE_ID=sovietwave; SKELETON=SK-POSTER; TYPE_ERA=TY-GROTESQUE; CONTROL=sharp-0; MATERIAL=oled-black; COLOUR_STRAT=CS-BRAND-LOCKUP; CHROME=CH-MIN; FEEL=socialist modern nostalgia
C1766	laborwave	Laborwave	internet-aesthetic	SK-BOTTOM-SHEET	TY-INDUSTRIAL-COND	chunk-border	neon-tube	CS-MONO-PLUS	CH-STANDARD	mobile	STYLE_ID=laborwave; SKELETON=SK-BOTTOM-SHEET; TYPE_ERA=TY-INDUSTRIAL-COND; CONTROL=chunk-border; MATERIAL=neon-tube; COLOUR_STRAT=CS-MONO-PLUS; CHROME=CH-STANDARD; FEEL=worker poster vapor hybrid
C1767	dinosauriac	Dinosauriac	internet-aesthetic	SK-TAB-DECK	TY-SLAB	chunk-border	led-matrix	CS-DUOTONE	CH-APP	mobile	STYLE_ID=dinosauriac; SKELETON=SK-TAB-DECK; TYPE_ERA=TY-SLAB; CONTROL=chunk-border; MATERIAL=led-matrix; COLOUR_STRAT=CS-DUOTONE; CHROME=CH-APP; FEEL=museum fossil educational
C1768	tropicalcore	Tropicalcore	internet-aesthetic	SK-WIZARD-STEPS	TY-DISPLAY-EXTREME	pill	holographic-foil	CS-PRIMARY-TRIO	CH-DENSE	app	STYLE_ID=tropicalcore; SKELETON=SK-WIZARD-STEPS; TYPE_ERA=TY-DISPLAY-EXTREME; CONTROL=pill; MATERIAL=holographic-foil; COLOUR_STRAT=CS-PRIMARY-TRIO; CHROME=CH-DENSE; FEEL=lush fruit humid bright
C1769	desertcore	Desertcore	internet-aesthetic	SK-SPLIT-INSPECTOR	TY-HUMANIST	sharp-0	iridescent-film	CS-TONAL	CH-IMMERSIVE	app	STYLE_ID=desertcore; SKELETON=SK-SPLIT-INSPECTOR; TYPE_ERA=TY-HUMANIST; CONTROL=sharp-0; MATERIAL=iridescent-film; COLOUR_STRAT=CS-TONAL; CHROME=CH-IMMERSIVE; FEEL=arid sun adobe dust
C1770	arcticcore	Arcticcore	internet-aesthetic	SK-DASH-METRIC	TY-GROTESK-SOFT	sharp-0	bubble-plastic	CS-PAPER-INK	CH-NONE	app	STYLE_ID=arcticcore; SKELETON=SK-DASH-METRIC; TYPE_ERA=TY-GROTESK-SOFT; CONTROL=sharp-0; MATERIAL=bubble-plastic; COLOUR_STRAT=CS-PAPER-INK; CHROME=CH-NONE; FEEL=ice blue sparse cold
C1771	ocean-core	Ocean core	internet-aesthetic	SK-GALLERY-INDEX	TY-HUMANIST	chunk-border	soft-clay	CS-DARK-STAGE	CH-MIN	marketing	STYLE_ID=ocean-core; SKELETON=SK-GALLERY-INDEX; TYPE_ERA=TY-HUMANIST; CONTROL=chunk-border; MATERIAL=soft-clay; COLOUR_STRAT=CS-DARK-STAGE; CHROME=CH-MIN; FEEL=deep sea foam maritime
C1772	forestcore	Forestcore	internet-aesthetic	SK-ZINE-COLLAGE	TY-OLDSTYLE-SERIF	ink-underline	rubber-matte	CS-PASTEL-POP	CH-STANDARD	marketing	STYLE_ID=forestcore; SKELETON=SK-ZINE-COLLAGE; TYPE_ERA=TY-OLDSTYLE-SERIF; CONTROL=ink-underline; MATERIAL=rubber-matte; COLOUR_STRAT=CS-PASTEL-POP; CHROME=CH-STANDARD; FEEL=deep green moss canopy
C1773	citycore	Citycore	internet-aesthetic	SK-BRUTAL-BLOCKS	TY-INDUSTRIAL-COND	sharp-0	silicone	CS-SIGNAL	CH-APP	any	STYLE_ID=citycore; SKELETON=SK-BRUTAL-BLOCKS; TYPE_ERA=TY-INDUSTRIAL-COND; CONTROL=sharp-0; MATERIAL=silicone; COLOUR_STRAT=CS-SIGNAL; CHROME=CH-APP; FEEL=urban night dense signage
C1774	liminal-space	Liminal Space	internet-aesthetic	SK-RAIL-DOCK	TY-SYSTEM-RAW	sharp-0	carbon-fibre	CS-PHOTO-LED	CH-DENSE	app	STYLE_ID=liminal-space; SKELETON=SK-RAIL-DOCK; TYPE_ERA=TY-SYSTEM-RAW; CONTROL=sharp-0; MATERIAL=carbon-fibre; COLOUR_STRAT=CS-PHOTO-LED; CHROME=CH-DENSE; FEEL=empty transitional eerie
C1775	backrooms	Backrooms	internet-aesthetic	SK-CENTER-STAGE	TY-SYSTEM-RAW	sharp-0	camo-cloth	CS-CMYK-PROCESS	CH-IMMERSIVE	marketing	STYLE_ID=backrooms; SKELETON=SK-CENTER-STAGE; TYPE_ERA=TY-SYSTEM-RAW; CONTROL=sharp-0; MATERIAL=camo-cloth; COLOUR_STRAT=CS-CMYK-PROCESS; CHROME=CH-IMMERSIVE; FEEL=yellow rooms endless fluorescent
C1776	poolcore	Poolcore	internet-aesthetic	SK-NEWS-RIVER	TY-GEOMETRIC	sharp-0	high-vis-mesh	CS-EARTH	CH-NONE	app	STYLE_ID=poolcore; SKELETON=SK-NEWS-RIVER; TYPE_ERA=TY-GEOMETRIC; CONTROL=sharp-0; MATERIAL=high-vis-mesh; COLOUR_STRAT=CS-EARTH; CHROME=CH-NONE; FEEL=empty pools tile water echo
C1777	abandoned-mall	Abandoned Mallwave	internet-aesthetic	SK-CALENDAR-SPINE	TY-GROTESK-SOFT	soft-rect	safety-yellow-paint	CS-OCEAN	CH-MIN	app	STYLE_ID=abandoned-mall; SKELETON=SK-CALENDAR-SPINE; TYPE_ERA=TY-GROTESK-SOFT; CONTROL=soft-rect; MATERIAL=safety-yellow-paint; COLOUR_STRAT=CS-OCEAN; CHROME=CH-MIN; FEEL=dead mall nostalgia
C1778	vapor-noir	Vapor Noir	internet-aesthetic	SK-MASONRY	TY-DISPLAY-EXTREME	sharp-0	signal-flags	CS-NEON-ON-DARK	CH-STANDARD	marketing	STYLE_ID=vapor-noir; SKELETON=SK-MASONRY; TYPE_ERA=TY-DISPLAY-EXTREME; CONTROL=sharp-0; MATERIAL=signal-flags; COLOUR_STRAT=CS-NEON-ON-DARK; CHROME=CH-STANDARD; FEEL=vaporwave + noir
C1779	danish-pastel	Danish Pastel	internet-aesthetic	SK-SPLIT-DIAGONAL	TY-ROUNDED	soft-rect	tide-pool	CS-DESAT-CORP	CH-APP	marketing	STYLE_ID=danish-pastel; SKELETON=SK-SPLIT-DIAGONAL; TYPE_ERA=TY-ROUNDED; CONTROL=soft-rect; MATERIAL=tide-pool; COLOUR_STRAT=CS-DESAT-CORP; CHROME=CH-APP; FEEL=soft scandi pastel blocks
C1780	mob-wife	Mob Wife Aesthetic	internet-aesthetic	SK-FRAME-IN-FRAME	TY-DIDONE-LUX	filled-block	sea-glass	CS-HIGH-KEY	CH-DENSE	marketing	STYLE_ID=mob-wife; SKELETON=SK-FRAME-IN-FRAME; TYPE_ERA=TY-DIDONE-LUX; CONTROL=filled-block; MATERIAL=sea-glass; COLOUR_STRAT=CS-HIGH-KEY; CHROME=CH-DENSE; FEEL=fur glam animal print drama
C1781	tomato-girl	Tomato Girl Summer	internet-aesthetic	SK-SIDE-SCROLL	TY-HUMANIST	soft-rect	sandstone	CS-LOW-KEY	CH-IMMERSIVE	marketing	STYLE_ID=tomato-girl; SKELETON=SK-SIDE-SCROLL; TYPE_ERA=TY-HUMANIST; CONTROL=soft-rect; MATERIAL=sandstone; COLOUR_STRAT=CS-LOW-KEY; CHROME=CH-IMMERSIVE; FEEL=mediterranean red green sun
C1782	blueberry-girl	Blueberry Girl	internet-aesthetic	SK-FIXED-TOC	TY-HUMANIST	pill	limestone	CS-SEPIA	CH-NONE	marketing	STYLE_ID=blueberry-girl; SKELETON=SK-FIXED-TOC; TYPE_ERA=TY-HUMANIST; CONTROL=pill; MATERIAL=limestone; COLOUR_STRAT=CS-SEPIA; CHROME=CH-NONE; FEEL=cool blue soft summer
C1783	office-siren	Office Siren	internet-aesthetic	SK-COMMAND-CENTER	TY-GROTESK-SOFT	soft-rect	brick-industrial	CS-INVERTED	CH-MIN	app	STYLE_ID=office-siren; SKELETON=SK-COMMAND-CENTER; TYPE_ERA=TY-GROTESK-SOFT; CONTROL=soft-rect; MATERIAL=brick-industrial; COLOUR_STRAT=CS-INVERTED; CHROME=CH-MIN; FEEL=Y2K corporate glam
C1784	ballet-aesthetic	Ballet Aesthetic UI	internet-aesthetic	SK-INBOX-ZERO	TY-DIDONE-LUX	ink-underline	corrugated-iron	CS-REGIONAL-FLAG	CH-STANDARD	app	STYLE_ID=ballet-aesthetic; SKELETON=SK-INBOX-ZERO; TYPE_ERA=TY-DIDONE-LUX; CONTROL=ink-underline; MATERIAL=corrugated-iron; COLOUR_STRAT=CS-REGIONAL-FLAG; CHROME=CH-STANDARD; FEEL=rehearsal sparse soft discipline
C1785	punk-flyer	Punk Flyer	music-subculture	SK-STUDIO-CANVAS	TY-MIXED-HIGH-CONTRAST	chunk-border	shipping-container	CS-BRAND-LOCKUP	CH-APP	app	STYLE_ID=punk-flyer; SKELETON=SK-STUDIO-CANVAS; TYPE_ERA=TY-MIXED-HIGH-CONTRAST; CONTROL=chunk-border; MATERIAL=shipping-container; COLOUR_STRAT=CS-BRAND-LOCKUP; CHROME=CH-APP; FEEL=ransom type xerox anger
C1786	post-punk	Post-Punk	music-subculture	SK-COMPARISON	TY-GROTESQUE	sharp-0	scaffold	CS-MONO-PLUS	CH-DENSE	marketing	STYLE_ID=post-punk; SKELETON=SK-COMPARISON; TYPE_ERA=TY-GROTESQUE; CONTROL=sharp-0; MATERIAL=scaffold; COLOUR_STRAT=CS-MONO-PLUS; CHROME=CH-DENSE; FEEL=stark mono angular
C1787	goth-romantic	Goth Romantic	music-subculture	SK-PRICING-LADDER	TY-OLDSTYLE-SERIF	ink-underline	blueprint-cyan	CS-DUOTONE	CH-IMMERSIVE	marketing	STYLE_ID=goth-romantic; SKELETON=SK-PRICING-LADDER; TYPE_ERA=TY-OLDSTYLE-SERIF; CONTROL=ink-underline; MATERIAL=blueprint-cyan; COLOUR_STRAT=CS-DUOTONE; CHROME=CH-IMMERSIVE; FEEL=black lace Victorian dark
C1788	industrial-music	Industrial	music-subculture	SK-MANIFEST-LIST	TY-MONO-DATA	sharp-0	carbon-paper	CS-PRIMARY-TRIO	CH-NONE	app	STYLE_ID=industrial-music; SKELETON=SK-MANIFEST-LIST; TYPE_ERA=TY-MONO-DATA; CONTROL=sharp-0; MATERIAL=carbon-paper; COLOUR_STRAT=CS-PRIMARY-TRIO; CHROME=CH-NONE; FEEL=cold machine harsh
C1789	techno-warehouse	Techno Warehouse	music-subculture	SK-SCOREBOARD	TY-GROTESQUE	sharp-0	thermal-receipt	CS-TONAL	CH-MIN	app	STYLE_ID=techno-warehouse; SKELETON=SK-SCOREBOARD; TYPE_ERA=TY-GROTESQUE; CONTROL=sharp-0; MATERIAL=thermal-receipt; COLOUR_STRAT=CS-TONAL; CHROME=CH-MIN; FEEL=dark strobe minimal type
C1790	rave-flyer-90s	90s Rave Flyer	music-subculture	SK-COCKPIT-STRIP	TY-DISPLAY-EXTREME	chunk-border	dot-matrix	CS-PAPER-INK	CH-STANDARD	app	STYLE_ID=rave-flyer-90s; SKELETON=SK-COCKPIT-STRIP; TYPE_ERA=TY-DISPLAY-EXTREME; CONTROL=chunk-border; MATERIAL=dot-matrix; COLOUR_STRAT=CS-PAPER-INK; CHROME=CH-STANDARD; FEEL=acid colours chaos type
C1791	disco-studio54	Disco Glam	music-subculture	SK-FOLIO-SPREAD	TY-DIDONE-LUX	pill	polaroid	CS-DARK-STAGE	CH-APP	marketing	STYLE_ID=disco-studio54; SKELETON=SK-FOLIO-SPREAD; TYPE_ERA=TY-DIDONE-LUX; CONTROL=pill; MATERIAL=polaroid; COLOUR_STRAT=CS-DARK-STAGE; CHROME=CH-APP; FEEL=mirrorball gold night
C1792	hip-hop-gold-era	Hip-Hop Gold Era	music-subculture	SK-STAMP-SHEET	TY-INDUSTRIAL-COND	chunk-border	film-grain	CS-PASTEL-POP	CH-DENSE	marketing	STYLE_ID=hip-hop-gold-era; SKELETON=SK-STAMP-SHEET; TYPE_ERA=TY-INDUSTRIAL-COND; CONTROL=chunk-border; MATERIAL=film-grain; COLOUR_STRAT=CS-PASTEL-POP; CHROME=CH-DENSE; FEEL=bold type brick city
C1793	graffiti-wildstyle	Graffiti Wildstyle	music-subculture	SK-DOCKED-FAB	TY-DISPLAY-EXTREME	chunk-border	halftone-print	CS-SIGNAL	CH-IMMERSIVE	mobile	STYLE_ID=graffiti-wildstyle; SKELETON=SK-DOCKED-FAB; TYPE_ERA=TY-DISPLAY-EXTREME; CONTROL=chunk-border; MATERIAL=halftone-print; COLOUR_STRAT=CS-SIGNAL; CHROME=CH-IMMERSIVE; FEEL=letter complexity street
C1794	skater-zine	Skater Zine	music-subculture	SK-PEEK-CARDS	TY-MIXED-HIGH-CONTRAST	chunk-border	risograph	CS-PHOTO-LED	CH-NONE	mobile	STYLE_ID=skater-zine; SKELETON=SK-PEEK-CARDS; TYPE_ERA=TY-MIXED-HIGH-CONTRAST; CONTROL=chunk-border; MATERIAL=risograph; COLOUR_STRAT=CS-PHOTO-LED; CHROME=CH-NONE; FEEL=photo crash diy type
C1795	surf-poster	Surf Poster	music-subculture	SK-RADIO-TUNER	TY-DISPLAY-EXTREME	pill	screenprint	CS-CMYK-PROCESS	CH-MIN	app	STYLE_ID=surf-poster; SKELETON=SK-RADIO-TUNER; TYPE_ERA=TY-DISPLAY-EXTREME; CONTROL=pill; MATERIAL=screenprint; COLOUR_STRAT=CS-CMYK-PROCESS; CHROME=CH-MIN; FEEL=wave sun beach type
C1796	metal-album	Metal Album	music-subculture	SK-FILMSTRIP	TY-BLACKLETTER-SPARSE	sharp-0	watercolor-wash	CS-EARTH	CH-STANDARD	marketing	STYLE_ID=metal-album; SKELETON=SK-FILMSTRIP; TYPE_ERA=TY-BLACKLETTER-SPARSE; CONTROL=sharp-0; MATERIAL=watercolor-wash; COLOUR_STRAT=CS-EARTH; CHROME=CH-STANDARD; FEEL=blackletter chrome dark
C1797	jazz-blue-note	Blue Note Jazz	music-subculture	SK-ORBIT-META	TY-GROTESQUE	sharp-0	ink-wash	CS-OCEAN	CH-APP	marketing	STYLE_ID=jazz-blue-note; SKELETON=SK-ORBIT-META; TYPE_ERA=TY-GROTESQUE; CONTROL=sharp-0; MATERIAL=ink-wash; COLOUR_STRAT=CS-OCEAN; CHROME=CH-APP; FEEL=duotone photo bold type
C1798	folk-revival	Folk Revival	music-subculture	SK-SPLIT-DEPTH	TY-OLDSTYLE-SERIF	ink-underline	sumi-ink	CS-NEON-ON-DARK	CH-DENSE	marketing	STYLE_ID=folk-revival; SKELETON=SK-SPLIT-DEPTH; TYPE_ERA=TY-OLDSTYLE-SERIF; CONTROL=ink-underline; MATERIAL=sumi-ink; COLOUR_STRAT=CS-NEON-ON-DARK; CHROME=CH-DENSE; FEEL=woodcut acoustic warm
C1799	country-western	Country Western	music-subculture	SK-CHECKOUT-TUNNEL	TY-SLAB	ticket	gold-leaf	CS-DESAT-CORP	CH-IMMERSIVE	marketing	STYLE_ID=country-western; SKELETON=SK-CHECKOUT-TUNNEL; TYPE_ERA=TY-SLAB; CONTROL=ticket; MATERIAL=gold-leaf; COLOUR_STRAT=CS-DESAT-CORP; CHROME=CH-IMMERSIVE; FEEL=barnwood rope spur
C1800	reggae-dub	Reggae / Dub	music-subculture	SK-CHAT-THREAD	TY-HUMANIST	chunk-border	lacquer	CS-HIGH-KEY	CH-NONE	app	STYLE_ID=reggae-dub; SKELETON=SK-CHAT-THREAD; TYPE_ERA=TY-HUMANIST; CONTROL=chunk-border; MATERIAL=lacquer; COLOUR_STRAT=CS-HIGH-KEY; CHROME=CH-NONE; FEEL=roots colours vinyl warm
C1801	k-pop-idol	K-pop Idol	music-subculture	SK-NOTIFICATION-STACK	TY-ROUNDED	pill	jade	CS-LOW-KEY	CH-MIN	mobile	STYLE_ID=k-pop-idol; SKELETON=SK-NOTIFICATION-STACK; TYPE_ERA=TY-ROUNDED; CONTROL=pill; MATERIAL=jade; COLOUR_STRAT=CS-LOW-KEY; CHROME=CH-MIN; FEEL=high gloss idol photocard
C1802	j-rock-visual-kei	Visual Kei	music-subculture	SK-DIRECTORY	TY-DISPLAY-EXTREME	sharp-0	lacquer-red	CS-SEPIA	CH-STANDARD	app	STYLE_ID=j-rock-visual-kei; SKELETON=SK-DIRECTORY; TYPE_ERA=TY-DISPLAY-EXTREME; CONTROL=sharp-0; MATERIAL=lacquer-red; COLOUR_STRAT=CS-SEPIA; CHROME=CH-STANDARD; FEEL=dramatic makeup theatrical
C1803	city-pop	City Pop	music-subculture	SK-ATLAS-PLATES	TY-GEOMETRIC	pill	indigo-dye	CS-INVERTED	CH-APP	marketing	STYLE_ID=city-pop; SKELETON=SK-ATLAS-PLATES; TYPE_ERA=TY-GEOMETRIC; CONTROL=pill; MATERIAL=indigo-dye; COLOUR_STRAT=CS-INVERTED; CHROME=CH-APP; FEEL=80s JP soft luxury leisure
C1804	lofi-beats	Lo-fi Beats	music-subculture	SK-HERO-SPLIT	TY-HUMANIST	soft-rect	mudcloth	CS-REGIONAL-FLAG	CH-DENSE	marketing	STYLE_ID=lofi-beats; SKELETON=SK-HERO-SPLIT; TYPE_ERA=TY-HUMANIST; CONTROL=soft-rect; MATERIAL=mudcloth; COLOUR_STRAT=CS-REGIONAL-FLAG; CHROME=CH-DENSE; FEEL=study girl vinyl dust soft
C1805	fintech-trust	Fintech Trust	industry	SK-SINGLE-STICKY	TY-GROTESK-SOFT	soft-rect	batik	CS-BRAND-LOCKUP	CH-IMMERSIVE	marketing	STYLE_ID=fintech-trust; SKELETON=SK-SINGLE-STICKY; TYPE_ERA=TY-GROTESK-SOFT; CONTROL=soft-rect; MATERIAL=batik; COLOUR_STRAT=CS-BRAND-LOCKUP; CHROME=CH-IMMERSIVE; FEEL=calm numbers serious blue
C1806	fintech-crypto-neon	Crypto Neon	industry	SK-EDITORIAL-LONG	TY-MONO-DATA	sharp-0	retro-formica	CS-MONO-PLUS	CH-NONE	marketing	STYLE_ID=fintech-crypto-neon; SKELETON=SK-EDITORIAL-LONG; TYPE_ERA=TY-MONO-DATA; CONTROL=sharp-0; MATERIAL=retro-formica; COLOUR_STRAT=CS-MONO-PLUS; CHROME=CH-NONE; FEEL=dark neon charts hype
C1807	banking-classic	Classic Banking	industry	SK-BENTO	TY-TRANSITIONAL-SERIF	ink-underline	linoleum	CS-DUOTONE	CH-MIN	marketing	STYLE_ID=banking-classic; SKELETON=SK-BENTO; TYPE_ERA=TY-TRANSITIONAL-SERIF; CONTROL=ink-underline; MATERIAL=linoleum; COLOUR_STRAT=CS-DUOTONE; CHROME=CH-MIN; FEEL=heritage navy serif trust
C1808	insurance-plain	Insurance Plain Language	industry	SK-TABLE-FIRST	TY-HUMANIST	soft-rect	motel-neon	CS-PRIMARY-TRIO	CH-STANDARD	app	STYLE_ID=insurance-plain; SKELETON=SK-TABLE-FIRST; TYPE_ERA=TY-HUMANIST; CONTROL=soft-rect; MATERIAL=motel-neon; COLOUR_STRAT=CS-PRIMARY-TRIO; CHROME=CH-STANDARD; FEEL=clear forms low drama
C1809	health-clinical	Clinical Health	industry	SK-TIMELINE	TY-HUMANIST	soft-rect	diner-chrome	CS-TONAL	CH-APP	app	STYLE_ID=health-clinical; SKELETON=SK-TIMELINE; TYPE_ERA=TY-HUMANIST; CONTROL=soft-rect; MATERIAL=diner-chrome; COLOUR_STRAT=CS-TONAL; CHROME=CH-APP; FEEL=sterile calm precise
C1810	health-wellness	Wellness Soft	industry	SK-MAP-STAGE	TY-ROUNDED	pill	arcade-cabinet	CS-PAPER-INK	CH-DENSE	app	STYLE_ID=health-wellness; SKELETON=SK-MAP-STAGE; TYPE_ERA=TY-ROUNDED; CONTROL=pill; MATERIAL=arcade-cabinet; COLOUR_STRAT=CS-PAPER-INK; CHROME=CH-DENSE; FEEL=calm mint breathy
C1811	pharma-pack	Pharma Packaging	industry	SK-BOARD-KANBAN	TY-HUMANIST	sharp-0	pinball-glass	CS-DARK-STAGE	CH-IMMERSIVE	app	STYLE_ID=pharma-pack; SKELETON=SK-BOARD-KANBAN; TYPE_ERA=TY-HUMANIST; CONTROL=sharp-0; MATERIAL=pinball-glass; COLOUR_STRAT=CS-DARK-STAGE; CHROME=CH-IMMERSIVE; FEEL=regulated clear hierarchy
C1812	edu-primary	Primary Education	industry	SK-TICKET-STUB	TY-ROUNDED	pill	flight-case	CS-PASTEL-POP	CH-NONE	marketing	STYLE_ID=edu-primary; SKELETON=SK-TICKET-STUB; TYPE_ERA=TY-ROUNDED; CONTROL=pill; MATERIAL=flight-case; COLOUR_STRAT=CS-PASTEL-POP; CHROME=CH-NONE; FEEL=large type playful clear
C1813	edu-university	University Academic	industry	SK-LEDGER	TY-OLDSTYLE-SERIF	ink-underline	gaffer-tape	CS-SIGNAL	CH-MIN	app	STYLE_ID=edu-university; SKELETON=SK-LEDGER; TYPE_ERA=TY-OLDSTYLE-SERIF; CONTROL=ink-underline; MATERIAL=gaffer-tape; COLOUR_STRAT=CS-SIGNAL; CHROME=CH-MIN; FEEL=crest scholarship calm
C1814	gov-uk-like	Civic GOV-like	industry	SK-TERMINAL	TY-HUMANIST	sharp-0	glow-tape	CS-PHOTO-LED	CH-STANDARD	app	STYLE_ID=gov-uk-like; SKELETON=SK-TERMINAL; TYPE_ERA=TY-HUMANIST; CONTROL=sharp-0; MATERIAL=glow-tape; COLOUR_STRAT=CS-PHOTO-LED; CHROME=CH-STANDARD; FEEL=plain language black yellow
C1815	gov-us-formal	US Federal Formal	industry	SK-POSTER	TY-TRANSITIONAL-SERIF	sharp-0	stage-blackout	CS-CMYK-PROCESS	CH-APP	marketing	STYLE_ID=gov-us-formal; SKELETON=SK-POSTER; TYPE_ERA=TY-TRANSITIONAL-SERIF; CONTROL=sharp-0; MATERIAL=stage-blackout; COLOUR_STRAT=CS-CMYK-PROCESS; CHROME=CH-APP; FEEL=formal seal structured
C1816	legal-chambers	Legal Chambers	industry	SK-BOTTOM-SHEET	TY-OLDSTYLE-SERIF	ink-underline	lab-laminate	CS-EARTH	CH-DENSE	mobile	STYLE_ID=legal-chambers; SKELETON=SK-BOTTOM-SHEET; TYPE_ERA=TY-OLDSTYLE-SERIF; CONTROL=ink-underline; MATERIAL=lab-laminate; COLOUR_STRAT=CS-EARTH; CHROME=CH-DENSE; FEEL=dense text authority
C1817	real-estate-luxury	Luxury Real Estate	industry	SK-TAB-DECK	TY-DIDONE-LUX	ink-underline	petri-clear	CS-OCEAN	CH-IMMERSIVE	mobile	STYLE_ID=real-estate-luxury; SKELETON=SK-TAB-DECK; TYPE_ERA=TY-DIDONE-LUX; CONTROL=ink-underline; MATERIAL=petri-clear; COLOUR_STRAT=CS-OCEAN; CHROME=CH-IMMERSIVE; FEEL=photo-first sparse type
C1818	real-estate-portal	Property Portal	industry	SK-WIZARD-STEPS	TY-GROTESK-SOFT	soft-rect	hospital-scrub	CS-NEON-ON-DARK	CH-NONE	app	STYLE_ID=real-estate-portal; SKELETON=SK-WIZARD-STEPS; TYPE_ERA=TY-GROTESK-SOFT; CONTROL=soft-rect; MATERIAL=hospital-scrub; COLOUR_STRAT=CS-NEON-ON-DARK; CHROME=CH-NONE; FEEL=filters cards map hybrid
C1819	travel-ota	OTA Travel	industry	SK-SPLIT-INSPECTOR	TY-GROTESK-SOFT	pill	clinic-white	CS-DESAT-CORP	CH-MIN	app	STYLE_ID=travel-ota; SKELETON=SK-SPLIT-INSPECTOR; TYPE_ERA=TY-GROTESK-SOFT; CONTROL=pill; MATERIAL=clinic-white; COLOUR_STRAT=CS-DESAT-CORP; CHROME=CH-MIN; FEEL=deals cards trust badges careful
C1820	airline	Airline	industry	SK-DASH-METRIC	TY-HUMANIST	sharp-0	school-linoleum	CS-HIGH-KEY	CH-STANDARD	app	STYLE_ID=airline; SKELETON=SK-DASH-METRIC; TYPE_ERA=TY-HUMANIST; CONTROL=sharp-0; MATERIAL=school-linoleum; COLOUR_STRAT=CS-HIGH-KEY; CHROME=CH-STANDARD; FEEL=wayfinding seats status
C1821	hotel-boutique	Boutique Hotel	industry	SK-GALLERY-INDEX	TY-SERIF-TEXT	ink-underline	gym-floor	CS-LOW-KEY	CH-APP	marketing	STYLE_ID=hotel-boutique; SKELETON=SK-GALLERY-INDEX; TYPE_ERA=TY-SERIF-TEXT; CONTROL=ink-underline; MATERIAL=gym-floor; COLOUR_STRAT=CS-LOW-KEY; CHROME=CH-APP; FEEL=tactile local material
C1822	restaurant-fine	Fine Dining	industry	SK-ZINE-COLLAGE	TY-DIDONE-LUX	ink-underline	library-oak	CS-SEPIA	CH-DENSE	marketing	STYLE_ID=restaurant-fine; SKELETON=SK-ZINE-COLLAGE; TYPE_ERA=TY-DIDONE-LUX; CONTROL=ink-underline; MATERIAL=library-oak; COLOUR_STRAT=CS-SEPIA; CHROME=CH-DENSE; FEEL=menu quiet luxury
C1823	restaurant-diner	Diner	industry	SK-BRUTAL-BLOCKS	TY-DISPLAY-EXTREME	chunk-border	archive-box	CS-INVERTED	CH-IMMERSIVE	any	STYLE_ID=restaurant-diner; SKELETON=SK-BRUTAL-BLOCKS; TYPE_ERA=TY-DISPLAY-EXTREME; CONTROL=chunk-border; MATERIAL=archive-box; COLOUR_STRAT=CS-INVERTED; CHROME=CH-IMMERSIVE; FEEL=chrome neon menu board
C1824	cafe-third-wave	Third Wave Café	industry	SK-RAIL-DOCK	TY-HUMANIST	soft-rect	manila-folder	CS-REGIONAL-FLAG	CH-NONE	app	STYLE_ID=cafe-third-wave; SKELETON=SK-RAIL-DOCK; TYPE_ERA=TY-HUMANIST; CONTROL=soft-rect; MATERIAL=manila-folder; COLOUR_STRAT=CS-REGIONAL-FLAG; CHROME=CH-NONE; FEEL=craft minimal origin story
C1825	qsr-fast	Quick Service	industry	SK-CENTER-STAGE	TY-INDUSTRIAL-COND	filled-block	passport-cover	CS-BRAND-LOCKUP	CH-MIN	marketing	STYLE_ID=qsr-fast; SKELETON=SK-CENTER-STAGE; TYPE_ERA=TY-INDUSTRIAL-COND; CONTROL=filled-block; MATERIAL=passport-cover; COLOUR_STRAT=CS-BRAND-LOCKUP; CHROME=CH-MIN; FEEL=speed menu big calories
C1826	grocery	Grocery Retail	industry	SK-NEWS-RIVER	TY-HUMANIST	soft-rect	banknote-guilloche	CS-MONO-PLUS	CH-STANDARD	app	STYLE_ID=grocery; SKELETON=SK-NEWS-RIVER; TYPE_ERA=TY-HUMANIST; CONTROL=soft-rect; MATERIAL=banknote-guilloche; COLOUR_STRAT=CS-MONO-PLUS; CHROME=CH-STANDARD; FEEL=aisles promos dense
C1827	fashion-luxury	Luxury Fashion	industry	SK-CALENDAR-SPINE	TY-DIDONE-LUX	ink-underline	circuit-board	CS-DUOTONE	CH-APP	app	STYLE_ID=fashion-luxury; SKELETON=SK-CALENDAR-SPINE; TYPE_ERA=TY-DIDONE-LUX; CONTROL=ink-underline; MATERIAL=circuit-board; COLOUR_STRAT=CS-DUOTONE; CHROME=CH-APP; FEEL=campaign image type quiet
C1828	fashion-street	Streetwear	industry	SK-MASONRY	TY-INDUSTRIAL-COND	sharp-0	server-rack	CS-PRIMARY-TRIO	CH-DENSE	marketing	STYLE_ID=fashion-street; SKELETON=SK-MASONRY; TYPE_ERA=TY-INDUSTRIAL-COND; CONTROL=sharp-0; MATERIAL=server-rack; COLOUR_STRAT=CS-PRIMARY-TRIO; CHROME=CH-DENSE; FEEL=drop hype bold type
C1829	sports-retail	Sports Retail	industry	SK-SPLIT-DIAGONAL	TY-INDUSTRIAL-COND	sharp-0	vacuum-tube	CS-TONAL	CH-IMMERSIVE	marketing	STYLE_ID=sports-retail; SKELETON=SK-SPLIT-DIAGONAL; TYPE_ERA=TY-INDUSTRIAL-COND; CONTROL=sharp-0; MATERIAL=vacuum-tube; COLOUR_STRAT=CS-TONAL; CHROME=CH-IMMERSIVE; FEEL=energy motion athletes
C1830	sports-broadcast	Sports Broadcast	industry	SK-FRAME-IN-FRAME	TY-INDUSTRIAL-COND	sharp-0	space-blanket	CS-PAPER-INK	CH-NONE	marketing	STYLE_ID=sports-broadcast; SKELETON=SK-FRAME-IN-FRAME; TYPE_ERA=TY-INDUSTRIAL-COND; CONTROL=sharp-0; MATERIAL=space-blanket; COLOUR_STRAT=CS-PAPER-INK; CHROME=CH-NONE; FEEL=score bug live urgency
C1831	gaming-aaa	AAA Gaming HUD	industry	SK-SIDE-SCROLL	TY-INDUSTRIAL-COND	sharp-0	astronaut-white	CS-DARK-STAGE	CH-MIN	marketing	STYLE_ID=gaming-aaa; SKELETON=SK-SIDE-SCROLL; TYPE_ERA=TY-INDUSTRIAL-COND; CONTROL=sharp-0; MATERIAL=astronaut-white; COLOUR_STRAT=CS-DARK-STAGE; CHROME=CH-MIN; FEEL=immersive diegetic HUD
C1832	gaming-cozy	Cozy Game	industry	SK-FIXED-TOC	TY-ROUNDED	pill	mission-control	CS-PASTEL-POP	CH-STANDARD	marketing	STYLE_ID=gaming-cozy; SKELETON=SK-FIXED-TOC; TYPE_ERA=TY-ROUNDED; CONTROL=pill; MATERIAL=mission-control; COLOUR_STRAT=CS-PASTEL-POP; CHROME=CH-STANDARD; FEEL=soft stickers warm
C1833	gaming-retro	Retro Game UI	industry	SK-COMMAND-CENTER	TY-PIXEL	sharp-0	radar-green	CS-SIGNAL	CH-APP	app	STYLE_ID=gaming-retro; SKELETON=SK-COMMAND-CENTER; TYPE_ERA=TY-PIXEL; CONTROL=sharp-0; MATERIAL=radar-green; COLOUR_STRAT=CS-SIGNAL; CHROME=CH-APP; FEEL=pixel frames limited colour
C1834	dev-tool	Developer Tool	industry	SK-INBOX-ZERO	TY-MONO-DATA	sharp-0	newsprint	CS-PHOTO-LED	CH-DENSE	app	STYLE_ID=dev-tool; SKELETON=SK-INBOX-ZERO; TYPE_ERA=TY-MONO-DATA; CONTROL=sharp-0; MATERIAL=newsprint; COLOUR_STRAT=CS-PHOTO-LED; CHROME=CH-DENSE; FEEL=dense mono panels
C1835	design-tool	Design Tool	industry	SK-STUDIO-CANVAS	TY-GROTESK-SOFT	soft-rect	kraft-paper	CS-CMYK-PROCESS	CH-IMMERSIVE	app	STYLE_ID=design-tool; SKELETON=SK-STUDIO-CANVAS; TYPE_ERA=TY-GROTESK-SOFT; CONTROL=soft-rect; MATERIAL=kraft-paper; COLOUR_STRAT=CS-CMYK-PROCESS; CHROME=CH-IMMERSIVE; FEEL=canvas infinite artboard
C1836	music-daw	DAW / Music Tool	industry	SK-COMPARISON	TY-SYSTEM-RAW	sharp-0	cream-cotton	CS-EARTH	CH-NONE	marketing	STYLE_ID=music-daw; SKELETON=SK-COMPARISON; TYPE_ERA=TY-SYSTEM-RAW; CONTROL=sharp-0; MATERIAL=cream-cotton; COLOUR_STRAT=CS-EARTH; CHROME=CH-NONE; FEEL=timeline tracks transport
C1837	photo-editor	Photo Editor	industry	SK-PRICING-LADDER	TY-GROTESK-SOFT	soft-rect	tar-paper	CS-OCEAN	CH-MIN	marketing	STYLE_ID=photo-editor; SKELETON=SK-PRICING-LADDER; TYPE_ERA=TY-GROTESK-SOFT; CONTROL=soft-rect; MATERIAL=tar-paper; COLOUR_STRAT=CS-OCEAN; CHROME=CH-MIN; FEEL=preview first tools dock
C1838	maps-nav	Maps Navigation	industry	SK-MANIFEST-LIST	TY-HUMANIST	pill	oak-timber	CS-NEON-ON-DARK	CH-STANDARD	app	STYLE_ID=maps-nav; SKELETON=SK-MANIFEST-LIST; TYPE_ERA=TY-HUMANIST; CONTROL=pill; MATERIAL=oak-timber; COLOUR_STRAT=CS-NEON-ON-DARK; CHROME=CH-STANDARD; FEEL=map is UI chrome minimal
C1839	iot-dashboard	IoT Dashboard	industry	SK-SCOREBOARD	TY-GROTESK-SOFT	soft-rect	teak	CS-DESAT-CORP	CH-APP	app	STYLE_ID=iot-dashboard; SKELETON=SK-SCOREBOARD; TYPE_ERA=TY-GROTESK-SOFT; CONTROL=soft-rect; MATERIAL=teak; COLOUR_STRAT=CS-DESAT-CORP; CHROME=CH-APP; FEEL=device status tiles
C1840	industrial-scada	SCADA Industrial	industry	SK-COCKPIT-STRIP	TY-MONO-DATA	sharp-0	brushed-steel	CS-HIGH-KEY	CH-DENSE	app	STYLE_ID=industrial-scada; SKELETON=SK-COCKPIT-STRIP; TYPE_ERA=TY-MONO-DATA; CONTROL=sharp-0; MATERIAL=brushed-steel; COLOUR_STRAT=CS-HIGH-KEY; CHROME=CH-DENSE; FEEL=mimic panels alarms
C1841	lab-lims	Lab LIMS	industry	SK-FOLIO-SPREAD	TY-MONO-DATA	sharp-0	polished-brass	CS-LOW-KEY	CH-IMMERSIVE	marketing	STYLE_ID=lab-lims; SKELETON=SK-FOLIO-SPREAD; TYPE_ERA=TY-MONO-DATA; CONTROL=sharp-0; MATERIAL=polished-brass; COLOUR_STRAT=CS-LOW-KEY; CHROME=CH-IMMERSIVE; FEEL=samples chain of custody
C1842	logistics	Logistics Ops	industry	SK-STAMP-SHEET	TY-INDUSTRIAL-COND	chunk-border	enamel-sign	CS-SEPIA	CH-NONE	marketing	STYLE_ID=logistics; SKELETON=SK-STAMP-SHEET; TYPE_ERA=TY-INDUSTRIAL-COND; CONTROL=chunk-border; MATERIAL=enamel-sign; COLOUR_STRAT=CS-SEPIA; CHROME=CH-NONE; FEEL=manifests lanes ETAs
C1843	warehouse-wms	Warehouse WMS	industry	SK-DOCKED-FAB	TY-INDUSTRIAL-COND	chunk-border	wet-asphalt	CS-INVERTED	CH-MIN	mobile	STYLE_ID=warehouse-wms; SKELETON=SK-DOCKED-FAB; TYPE_ERA=TY-INDUSTRIAL-COND; CONTROL=chunk-border; MATERIAL=wet-asphalt; COLOUR_STRAT=CS-INVERTED; CHROME=CH-MIN; FEEL=bins scans rugged
C1844	maritime-ops	Maritime Ops	industry	SK-PEEK-CARDS	TY-HUMANIST	chunk-border	concrete	CS-REGIONAL-FLAG	CH-STANDARD	mobile	STYLE_ID=maritime-ops; SKELETON=SK-PEEK-CARDS; TYPE_ERA=TY-HUMANIST; CONTROL=chunk-border; MATERIAL=concrete; COLOUR_STRAT=CS-REGIONAL-FLAG; CHROME=CH-STANDARD; FEEL=tide berths signals
C1845	aviation-ops	Aviation Ops	industry	SK-RADIO-TUNER	TY-HUMANIST	sharp-0	terrazzo	CS-BRAND-LOCKUP	CH-APP	app	STYLE_ID=aviation-ops; SKELETON=SK-RADIO-TUNER; TYPE_ERA=TY-HUMANIST; CONTROL=sharp-0; MATERIAL=terrazzo; COLOUR_STRAT=CS-BRAND-LOCKUP; CHROME=CH-APP; FEEL=gates turns safety
C1846	energy-grid	Energy Grid	industry	SK-FILMSTRIP	TY-MONO-DATA	sharp-0	marble	CS-MONO-PLUS	CH-DENSE	marketing	STYLE_ID=energy-grid; SKELETON=SK-FILMSTRIP; TYPE_ERA=TY-MONO-DATA; CONTROL=sharp-0; MATERIAL=marble; COLOUR_STRAT=CS-MONO-PLUS; CHROME=CH-DENSE; FEEL=network status load
C1847	agritech	Agritech	industry	SK-ORBIT-META	TY-HUMANIST	chunk-border	granite	CS-DUOTONE	CH-IMMERSIVE	marketing	STYLE_ID=agritech; SKELETON=SK-ORBIT-META; TYPE_ERA=TY-HUMANIST; CONTROL=chunk-border; MATERIAL=granite; COLOUR_STRAT=CS-DUOTONE; CHROME=CH-IMMERSIVE; FEEL=fields sensors seasons
C1848	climate-data	Climate Data	industry	SK-SPLIT-DEPTH	TY-GROTESK-SOFT	sharp-0	glass-frost	CS-PRIMARY-TRIO	CH-NONE	marketing	STYLE_ID=climate-data; SKELETON=SK-SPLIT-DEPTH; TYPE_ERA=TY-GROTESK-SOFT; CONTROL=sharp-0; MATERIAL=glass-frost; COLOUR_STRAT=CS-PRIMARY-TRIO; CHROME=CH-NONE; FEEL=charts earth tones serious
C1849	nonprofit-campaign	Nonprofit Campaign	industry	SK-CHECKOUT-TUNNEL	TY-HUMANIST	filled-block	smoked-glass	CS-TONAL	CH-MIN	marketing	STYLE_ID=nonprofit-campaign; SKELETON=SK-CHECKOUT-TUNNEL; TYPE_ERA=TY-HUMANIST; CONTROL=filled-block; MATERIAL=smoked-glass; COLOUR_STRAT=CS-TONAL; CHROME=CH-MIN; FEEL=urgency story donate
C1850	museum	Museum	industry	SK-CHAT-THREAD	TY-SERIF-TEXT	ink-underline	acrylic	CS-PAPER-INK	CH-STANDARD	app	STYLE_ID=museum; SKELETON=SK-CHAT-THREAD; TYPE_ERA=TY-SERIF-TEXT; CONTROL=ink-underline; MATERIAL=acrylic; COLOUR_STRAT=CS-PAPER-INK; CHROME=CH-STANDARD; FEEL=collection quiet captions
C1851	theatre	Theatre	industry	SK-NOTIFICATION-STACK	TY-DISPLAY-EXTREME	ticket	leather-bound	CS-DARK-STAGE	CH-APP	mobile	STYLE_ID=theatre; SKELETON=SK-NOTIFICATION-STACK; TYPE_ERA=TY-DISPLAY-EXTREME; CONTROL=ticket; MATERIAL=leather-bound; COLOUR_STRAT=CS-DARK-STAGE; CHROME=CH-APP; FEEL=dark house marquee
C1852	cinema	Cinema	industry	SK-DIRECTORY	TY-DISPLAY-EXTREME	sharp-0	parchment	CS-PASTEL-POP	CH-DENSE	app	STYLE_ID=cinema; SKELETON=SK-DIRECTORY; TYPE_ERA=TY-DISPLAY-EXTREME; CONTROL=sharp-0; MATERIAL=parchment; COLOUR_STRAT=CS-PASTEL-POP; CHROME=CH-DENSE; FEEL=poster stills showtimes
C1853	publishing-house	Publishing House	industry	SK-ATLAS-PLATES	TY-SERIF-TEXT	ink-underline	vellum	CS-SIGNAL	CH-IMMERSIVE	marketing	STYLE_ID=publishing-house; SKELETON=SK-ATLAS-PLATES; TYPE_ERA=TY-SERIF-TEXT; CONTROL=ink-underline; MATERIAL=vellum; COLOUR_STRAT=CS-SIGNAL; CHROME=CH-IMMERSIVE; FEEL=bookish typographic
C1854	newsroom-cms	Newsroom CMS	industry	SK-HERO-SPLIT	TY-GROTESQUE	sharp-0	wool-felt	CS-PHOTO-LED	CH-NONE	marketing	STYLE_ID=newsroom-cms; SKELETON=SK-HERO-SPLIT; TYPE_ERA=TY-GROTESQUE; CONTROL=sharp-0; MATERIAL=wool-felt; COLOUR_STRAT=CS-PHOTO-LED; CHROME=CH-NONE; FEEL=deadlines queues desks
C1855	church-parish	Parish / Church	industry	SK-SINGLE-STICKY	TY-OLDSTYLE-SERIF	ink-underline	denim	CS-CMYK-PROCESS	CH-MIN	marketing	STYLE_ID=church-parish; SKELETON=SK-SINGLE-STICKY; TYPE_ERA=TY-OLDSTYLE-SERIF; CONTROL=ink-underline; MATERIAL=denim; COLOUR_STRAT=CS-CMYK-PROCESS; CHROME=CH-MIN; FEEL=communal quiet liturgical
C1856	sports-club	Local Sports Club	industry	SK-EDITORIAL-LONG	TY-INDUSTRIAL-COND	chunk-border	canvas-sail	CS-EARTH	CH-STANDARD	marketing	STYLE_ID=sports-club; SKELETON=SK-EDITORIAL-LONG; TYPE_ERA=TY-INDUSTRIAL-COND; CONTROL=chunk-border; MATERIAL=canvas-sail; COLOUR_STRAT=CS-EARTH; CHROME=CH-STANDARD; FEEL=kit colours fixtures
C1857	union-labour	Labour Union	industry	SK-BENTO	TY-INDUSTRIAL-COND	chunk-border	rope-hemp	CS-OCEAN	CH-APP	marketing	STYLE_ID=union-labour; SKELETON=SK-BENTO; TYPE_ERA=TY-INDUSTRIAL-COND; CONTROL=chunk-border; MATERIAL=rope-hemp; COLOUR_STRAT=CS-OCEAN; CHROME=CH-APP; FEEL=solidarity bold simple
C1858	swiss-grid-regional	Swiss Grid Regional	regional	SK-TABLE-FIRST	TY-GROTESQUE	ink-underline	vinyl-black	CS-NEON-ON-DARK	CH-DENSE	app	STYLE_ID=swiss-grid-regional; SKELETON=SK-TABLE-FIRST; TYPE_ERA=TY-GROTESQUE; CONTROL=ink-underline; MATERIAL=vinyl-black; COLOUR_STRAT=CS-NEON-ON-DARK; CHROME=CH-DENSE; FEEL=Basel grid precision
C1859	dutch-modern	Dutch Modern	regional	SK-TIMELINE	TY-GROTESQUE	sharp-0	chrome-metal	CS-DESAT-CORP	CH-IMMERSIVE	app	STYLE_ID=dutch-modern; SKELETON=SK-TIMELINE; TYPE_ERA=TY-GROTESQUE; CONTROL=sharp-0; MATERIAL=chrome-metal; COLOUR_STRAT=CS-DESAT-CORP; CHROME=CH-IMMERSIVE; FEEL=bold type conceptual NL
C1860	scandi-lagom	Scandi Lagom	regional	SK-MAP-STAGE	TY-HUMANIST	soft-rect	anodised-aluminium	CS-HIGH-KEY	CH-NONE	app	STYLE_ID=scandi-lagom; SKELETON=SK-MAP-STAGE; TYPE_ERA=TY-HUMANIST; CONTROL=soft-rect; MATERIAL=anodised-aluminium; COLOUR_STRAT=CS-HIGH-KEY; CHROME=CH-NONE; FEEL=just enough calm
C1861	german-industrial	German Industrial	regional	SK-BOARD-KANBAN	TY-GROTESQUE	sharp-0	bakelite	CS-LOW-KEY	CH-MIN	app	STYLE_ID=german-industrial; SKELETON=SK-BOARD-KANBAN; TYPE_ERA=TY-GROTESQUE; CONTROL=sharp-0; MATERIAL=bakelite; COLOUR_STRAT=CS-LOW-KEY; CHROME=CH-MIN; FEEL=precise engineering type
C1862	italian-fashion	Italian Fashion Print	regional	SK-TICKET-STUB	TY-DIDONE-LUX	ink-underline	ceramic-glaze	CS-SEPIA	CH-STANDARD	marketing	STYLE_ID=italian-fashion; SKELETON=SK-TICKET-STUB; TYPE_ERA=TY-DIDONE-LUX; CONTROL=ink-underline; MATERIAL=ceramic-glaze; COLOUR_STRAT=CS-SEPIA; CHROME=CH-STANDARD; FEEL=elegance sensual type
C1863	french-editorial	French Editorial	regional	SK-LEDGER	TY-MODERN-SERIF	ink-underline	porcelain	CS-INVERTED	CH-APP	app	STYLE_ID=french-editorial; SKELETON=SK-LEDGER; TYPE_ERA=TY-MODERN-SERIF; CONTROL=ink-underline; MATERIAL=porcelain; COLOUR_STRAT=CS-INVERTED; CHROME=CH-APP; FEEL=intellectual airy type
C1864	iberian-azulejo	Iberian Azulejo	regional	SK-TERMINAL	TY-HUMANIST	chunk-border	chalkboard	CS-REGIONAL-FLAG	CH-DENSE	app	STYLE_ID=iberian-azulejo; SKELETON=SK-TERMINAL; TYPE_ERA=TY-HUMANIST; CONTROL=chunk-border; MATERIAL=chalkboard; COLOUR_STRAT=CS-REGIONAL-FLAG; CHROME=CH-DENSE; FEEL=tile patterns ceramic blue
C1865	nordic-runelike	Nordic Stark	regional	SK-POSTER	TY-GROTESQUE	sharp-0	whiteboard-lab	CS-BRAND-LOCKUP	CH-IMMERSIVE	marketing	STYLE_ID=nordic-runelike; SKELETON=SK-POSTER; TYPE_ERA=TY-GROTESQUE; CONTROL=sharp-0; MATERIAL=whiteboard-lab; COLOUR_STRAT=CS-BRAND-LOCKUP; CHROME=CH-IMMERSIVE; FEEL=cold stark nature type
C1866	east-euro-poster	Eastern European Poster	regional	SK-BOTTOM-SHEET	TY-DISPLAY-EXTREME	sharp-0	crt-phosphor	CS-MONO-PLUS	CH-NONE	mobile	STYLE_ID=east-euro-poster; SKELETON=SK-BOTTOM-SHEET; TYPE_ERA=TY-DISPLAY-EXTREME; CONTROL=sharp-0; MATERIAL=crt-phosphor; COLOUR_STRAT=CS-MONO-PLUS; CHROME=CH-NONE; FEEL=metaphor bold concept
C1867	soviet-construct-poster	Soviet Poster Tradition	regional	SK-TAB-DECK	TY-INDUSTRIAL-COND	chunk-border	lcd-blue	CS-DUOTONE	CH-MIN	mobile	STYLE_ID=soviet-construct-poster; SKELETON=SK-TAB-DECK; TYPE_ERA=TY-INDUSTRIAL-COND; CONTROL=chunk-border; MATERIAL=lcd-blue; COLOUR_STRAT=CS-DUOTONE; CHROME=CH-MIN; FEEL=worker geometry slogan
C1868	middle-east-geometric	Islamic Geometric Influence	regional	SK-WIZARD-STEPS	TY-GEOMETRIC	ink-underline	oled-black	CS-PRIMARY-TRIO	CH-STANDARD	app	STYLE_ID=middle-east-geometric; SKELETON=SK-WIZARD-STEPS; TYPE_ERA=TY-GEOMETRIC; CONTROL=ink-underline; MATERIAL=oled-black; COLOUR_STRAT=CS-PRIMARY-TRIO; CHROME=CH-STANDARD; FEEL=pattern geometry calligraphy care
C1869	west-african-textile	West African Textile Inspired	regional	SK-SPLIT-INSPECTOR	TY-DISPLAY-EXTREME	chunk-border	neon-tube	CS-TONAL	CH-APP	app	STYLE_ID=west-african-textile; SKELETON=SK-SPLIT-INSPECTOR; TYPE_ERA=TY-DISPLAY-EXTREME; CONTROL=chunk-border; MATERIAL=neon-tube; COLOUR_STRAT=CS-TONAL; CHROME=CH-APP; FEEL=bold pattern rhythm colour
C1870	east-african-urban	East African Urban Contemporary	regional	SK-DASH-METRIC	TY-HUMANIST	chunk-border	led-matrix	CS-PAPER-INK	CH-DENSE	app	STYLE_ID=east-african-urban; SKELETON=SK-DASH-METRIC; TYPE_ERA=TY-HUMANIST; CONTROL=chunk-border; MATERIAL=led-matrix; COLOUR_STRAT=CS-PAPER-INK; CHROME=CH-DENSE; FEEL=city colour bold type
C1871	indic-modern	Indic Modern	regional	SK-GALLERY-INDEX	TY-HUMANIST	pill	holographic-foil	CS-DARK-STAGE	CH-IMMERSIVE	marketing	STYLE_ID=indic-modern; SKELETON=SK-GALLERY-INDEX; TYPE_ERA=TY-HUMANIST; CONTROL=pill; MATERIAL=holographic-foil; COLOUR_STRAT=CS-DARK-STAGE; CHROME=CH-IMMERSIVE; FEEL=festive colour modern type
C1872	se-asian-tropical-modern	SE Asian Tropical Modern	regional	SK-ZINE-COLLAGE	TY-HUMANIST	soft-rect	iridescent-film	CS-PASTEL-POP	CH-NONE	marketing	STYLE_ID=se-asian-tropical-modern; SKELETON=SK-ZINE-COLLAGE; TYPE_ERA=TY-HUMANIST; CONTROL=soft-rect; MATERIAL=iridescent-film; COLOUR_STRAT=CS-PASTEL-POP; CHROME=CH-NONE; FEEL=humid green modern calm
C1873	latin-american-modern	Latin American Modern	regional	SK-BRUTAL-BLOCKS	TY-DISPLAY-EXTREME	chunk-border	bubble-plastic	CS-SIGNAL	CH-MIN	any	STYLE_ID=latin-american-modern; SKELETON=SK-BRUTAL-BLOCKS; TYPE_ERA=TY-DISPLAY-EXTREME; CONTROL=chunk-border; MATERIAL=bubble-plastic; COLOUR_STRAT=CS-SIGNAL; CHROME=CH-MIN; FEEL=bold colour mural energy
C1874	brazilian-tropicalia	Tropicália Inspired	regional	SK-RAIL-DOCK	TY-MIXED-HIGH-CONTRAST	chunk-border	soft-clay	CS-PHOTO-LED	CH-STANDARD	app	STYLE_ID=brazilian-tropicalia; SKELETON=SK-RAIL-DOCK; TYPE_ERA=TY-MIXED-HIGH-CONTRAST; CONTROL=chunk-border; MATERIAL=soft-clay; COLOUR_STRAT=CS-PHOTO-LED; CHROME=CH-STANDARD; FEEL=clash tropical modern
C1875	mexican-muralist	Mexican Muralist Inspired	regional	SK-CENTER-STAGE	TY-DISPLAY-EXTREME	filled-block	rubber-matte	CS-CMYK-PROCESS	CH-APP	marketing	STYLE_ID=mexican-muralist; SKELETON=SK-CENTER-STAGE; TYPE_ERA=TY-DISPLAY-EXTREME; CONTROL=filled-block; MATERIAL=rubber-matte; COLOUR_STRAT=CS-CMYK-PROCESS; CHROME=CH-APP; FEEL=public narrative bold figures
C1876	us-roadside	US Roadside Vernacular	regional	SK-NEWS-RIVER	TY-DISPLAY-EXTREME	chunk-border	silicone	CS-EARTH	CH-DENSE	app	STYLE_ID=us-roadside; SKELETON=SK-NEWS-RIVER; TYPE_ERA=TY-DISPLAY-EXTREME; CONTROL=chunk-border; MATERIAL=silicone; COLOUR_STRAT=CS-EARTH; CHROME=CH-DENSE; FEEL=motel signs big type
C1877	us-national-park	US National Park Service	regional	SK-CALENDAR-SPINE	TY-SLAB	chunk-border	carbon-fibre	CS-OCEAN	CH-IMMERSIVE	app	STYLE_ID=us-national-park; SKELETON=SK-CALENDAR-SPINE; TYPE_ERA=TY-SLAB; CONTROL=chunk-border; MATERIAL=carbon-fibre; COLOUR_STRAT=CS-OCEAN; CHROME=CH-IMMERSIVE; FEEL=badge poster nature type
C1878	canadian-modern	Canadian Modern Public	regional	SK-MASONRY	TY-HUMANIST	soft-rect	camo-cloth	CS-NEON-ON-DARK	CH-NONE	marketing	STYLE_ID=canadian-modern; SKELETON=SK-MASONRY; TYPE_ERA=TY-HUMANIST; CONTROL=soft-rect; MATERIAL=camo-cloth; COLOUR_STRAT=CS-NEON-ON-DARK; CHROME=CH-NONE; FEEL=clear bilingual calm
C1879	australian-modern	Australian Modern	regional	SK-SPLIT-DIAGONAL	TY-HUMANIST	soft-rect	high-vis-mesh	CS-DESAT-CORP	CH-MIN	marketing	STYLE_ID=australian-modern; SKELETON=SK-SPLIT-DIAGONAL; TYPE_ERA=TY-HUMANIST; CONTROL=soft-rect; MATERIAL=high-vis-mesh; COLOUR_STRAT=CS-DESAT-CORP; CHROME=CH-MIN; FEEL=sun beach urban mix
C1880	nz-clean-green	NZ Clean Green	regional	SK-FRAME-IN-FRAME	TY-HUMANIST	soft-rect	safety-yellow-paint	CS-HIGH-KEY	CH-STANDARD	marketing	STYLE_ID=nz-clean-green; SKELETON=SK-FRAME-IN-FRAME; TYPE_ERA=TY-HUMANIST; CONTROL=soft-rect; MATERIAL=safety-yellow-paint; COLOUR_STRAT=CS-HIGH-KEY; CHROME=CH-STANDARD; FEEL=nature clarity open
C1881	uk-brutal-public	UK Public Brutal	regional	SK-SIDE-SCROLL	TY-GROTESQUE	sharp-0	signal-flags	CS-LOW-KEY	CH-APP	marketing	STYLE_ID=uk-brutal-public; SKELETON=SK-SIDE-SCROLL; TYPE_ERA=TY-GROTESQUE; CONTROL=sharp-0; MATERIAL=signal-flags; COLOUR_STRAT=CS-LOW-KEY; CHROME=CH-APP; FEEL=civic concrete practical
C1882	uk-railway	UK Railway Poster	regional	SK-FIXED-TOC	TY-HUMANIST	ticket	tide-pool	CS-SEPIA	CH-DENSE	marketing	STYLE_ID=uk-railway; SKELETON=SK-FIXED-TOC; TYPE_ERA=TY-HUMANIST; CONTROL=ticket; MATERIAL=tide-pool; COLOUR_STRAT=CS-SEPIA; CHROME=CH-DENSE; FEEL=travel lithograph charm
C1883	london-underground	London Underground	regional	SK-COMMAND-CENTER	TY-HUMANIST	sharp-0	sea-glass	CS-INVERTED	CH-IMMERSIVE	app	STYLE_ID=london-underground; SKELETON=SK-COMMAND-CENTER; TYPE_ERA=TY-HUMANIST; CONTROL=sharp-0; MATERIAL=sea-glass; COLOUR_STRAT=CS-INVERTED; CHROME=CH-IMMERSIVE; FEEL=Johnston-like wayfinding
C1884	paris-metro	Paris Métro	regional	SK-INBOX-ZERO	TY-DISPLAY-EXTREME	ink-underline	sandstone	CS-REGIONAL-FLAG	CH-NONE	app	STYLE_ID=paris-metro; SKELETON=SK-INBOX-ZERO; TYPE_ERA=TY-DISPLAY-EXTREME; CONTROL=ink-underline; MATERIAL=sandstone; COLOUR_STRAT=CS-REGIONAL-FLAG; CHROME=CH-NONE; FEEL=Guimard curves / modern hybrid
C1885	tokyo-dense	Tokyo Dense Urban UI	regional	SK-STUDIO-CANVAS	TY-GROTESK-SOFT	sharp-0	limestone	CS-BRAND-LOCKUP	CH-MIN	app	STYLE_ID=tokyo-dense; SKELETON=SK-STUDIO-CANVAS; TYPE_ERA=TY-GROTESK-SOFT; CONTROL=sharp-0; MATERIAL=limestone; COLOUR_STRAT=CS-BRAND-LOCKUP; CHROME=CH-MIN; FEEL=information dense precise
C1886	seoul-soft-product	Seoul Soft Product	regional	SK-COMPARISON	TY-ROUNDED	pill	brick-industrial	CS-MONO-PLUS	CH-STANDARD	marketing	STYLE_ID=seoul-soft-product; SKELETON=SK-COMPARISON; TYPE_ERA=TY-ROUNDED; CONTROL=pill; MATERIAL=brick-industrial; COLOUR_STRAT=CS-MONO-PLUS; CHROME=CH-STANDARD; FEEL=polished soft app cards
C1887	shanghai-neon	Shanghai Neon Night	regional	SK-PRICING-LADDER	TY-DISPLAY-EXTREME	sharp-0	corrugated-iron	CS-DUOTONE	CH-APP	marketing	STYLE_ID=shanghai-neon; SKELETON=SK-PRICING-LADDER; TYPE_ERA=TY-DISPLAY-EXTREME; CONTROL=sharp-0; MATERIAL=corrugated-iron; COLOUR_STRAT=CS-DUOTONE; CHROME=CH-APP; FEEL=neon hanzi skyline energy
C1888	letterpress	Letterpress	craft-material	SK-MANIFEST-LIST	TY-OLDSTYLE-SERIF	chunk-border	shipping-container	CS-PRIMARY-TRIO	CH-DENSE	app	STYLE_ID=letterpress; SKELETON=SK-MANIFEST-LIST; TYPE_ERA=TY-OLDSTYLE-SERIF; CONTROL=chunk-border; MATERIAL=shipping-container; COLOUR_STRAT=CS-PRIMARY-TRIO; CHROME=CH-DENSE; FEEL=impression ink paper bite
C1889	woodblock	Woodblock	craft-material	SK-SCOREBOARD	TY-DISPLAY-EXTREME	sharp-0	scaffold	CS-TONAL	CH-IMMERSIVE	app	STYLE_ID=woodblock; SKELETON=SK-SCOREBOARD; TYPE_ERA=TY-DISPLAY-EXTREME; CONTROL=sharp-0; MATERIAL=scaffold; COLOUR_STRAT=CS-TONAL; CHROME=CH-IMMERSIVE; FEEL=carved ink grain
C1890	screenprint-poster	Screenprint Poster	craft-material	SK-COCKPIT-STRIP	TY-INDUSTRIAL-COND	chunk-border	blueprint-cyan	CS-PAPER-INK	CH-NONE	app	STYLE_ID=screenprint-poster; SKELETON=SK-COCKPIT-STRIP; TYPE_ERA=TY-INDUSTRIAL-COND; CONTROL=chunk-border; MATERIAL=blueprint-cyan; COLOUR_STRAT=CS-PAPER-INK; CHROME=CH-NONE; FEEL=flat ink layers registration
C1891	embroidery-ui	Embroidery Inspired	craft-material	SK-FOLIO-SPREAD	TY-HUMANIST	soft-rect	carbon-paper	CS-DARK-STAGE	CH-MIN	marketing	STYLE_ID=embroidery-ui; SKELETON=SK-FOLIO-SPREAD; TYPE_ERA=TY-HUMANIST; CONTROL=soft-rect; MATERIAL=carbon-paper; COLOUR_STRAT=CS-DARK-STAGE; CHROME=CH-MIN; FEEL=stitch texture folk
C1892	ceramics-studio	Ceramics Studio	craft-material	SK-STAMP-SHEET	TY-HUMANIST	pill	thermal-receipt	CS-PASTEL-POP	CH-STANDARD	marketing	STYLE_ID=ceramics-studio; SKELETON=SK-STAMP-SHEET; TYPE_ERA=TY-HUMANIST; CONTROL=pill; MATERIAL=thermal-receipt; COLOUR_STRAT=CS-PASTEL-POP; CHROME=CH-STANDARD; FEEL=glaze clay kiln calm
C1893	glassblowing	Glass Studio	craft-material	SK-DOCKED-FAB	TY-GROTESK-SOFT	pill	dot-matrix	CS-SIGNAL	CH-APP	mobile	STYLE_ID=glassblowing; SKELETON=SK-DOCKED-FAB; TYPE_ERA=TY-GROTESK-SOFT; CONTROL=pill; MATERIAL=dot-matrix; COLOUR_STRAT=CS-SIGNAL; CHROME=CH-APP; FEEL=transparent colour heat
C1894	blacksmith	Blacksmith	craft-material	SK-PEEK-CARDS	TY-INDUSTRIAL-COND	chunk-border	polaroid	CS-PHOTO-LED	CH-DENSE	mobile	STYLE_ID=blacksmith; SKELETON=SK-PEEK-CARDS; TYPE_ERA=TY-INDUSTRIAL-COND; CONTROL=chunk-border; MATERIAL=polaroid; COLOUR_STRAT=CS-PHOTO-LED; CHROME=CH-DENSE; FEEL=forge iron heat spark
C1895	bookbinding	Bookbinding	craft-material	SK-RADIO-TUNER	TY-OLDSTYLE-SERIF	ink-underline	film-grain	CS-CMYK-PROCESS	CH-IMMERSIVE	app	STYLE_ID=bookbinding; SKELETON=SK-RADIO-TUNER; TYPE_ERA=TY-OLDSTYLE-SERIF; CONTROL=ink-underline; MATERIAL=film-grain; COLOUR_STRAT=CS-CMYK-PROCESS; CHROME=CH-IMMERSIVE; FEEL=cloth boards endpapers
C1896	stationery-luxe	Luxury Stationery	craft-material	SK-FILMSTRIP	TY-DIDONE-LUX	ink-underline	halftone-print	CS-EARTH	CH-NONE	marketing	STYLE_ID=stationery-luxe; SKELETON=SK-FILMSTRIP; TYPE_ERA=TY-DIDONE-LUX; CONTROL=ink-underline; MATERIAL=halftone-print; COLOUR_STRAT=CS-EARTH; CHROME=CH-NONE; FEEL=foil deboss paper grades
C1897	packing-tape-warehouse	Warehouse Packing	craft-material	SK-ORBIT-META	TY-STENCIL	chunk-border	risograph	CS-OCEAN	CH-MIN	marketing	STYLE_ID=packing-tape-warehouse; SKELETON=SK-ORBIT-META; TYPE_ERA=TY-STENCIL; CONTROL=chunk-border; MATERIAL=risograph; COLOUR_STRAT=CS-OCEAN; CHROME=CH-MIN; FEEL=tape labels stencil
C1898	saas-default-anti	SaaS Default (BAN often)	digital-product	SK-SPLIT-DEPTH	TY-GROTESK-SOFT	soft-rect	screenprint	CS-NEON-ON-DARK	CH-STANDARD	marketing	STYLE_ID=saas-default-anti; SKELETON=SK-SPLIT-DEPTH; TYPE_ERA=TY-GROTESK-SOFT; CONTROL=soft-rect; MATERIAL=screenprint; COLOUR_STRAT=CS-NEON-ON-DARK; CHROME=CH-STANDARD; FEEL=Inter soft cards purple accent — use as refuse
C1899	docs-site	Docs Site	digital-product	SK-CHECKOUT-TUNNEL	TY-GROTESK-SOFT	ink-underline	watercolor-wash	CS-DESAT-CORP	CH-APP	marketing	STYLE_ID=docs-site; SKELETON=SK-CHECKOUT-TUNNEL; TYPE_ERA=TY-GROTESK-SOFT; CONTROL=ink-underline; MATERIAL=watercolor-wash; COLOUR_STRAT=CS-DESAT-CORP; CHROME=CH-APP; FEEL=TOC content code
C1900	marketing-launch	Launch Marketing	digital-product	SK-CHAT-THREAD	TY-GROTESK-SOFT	soft-rect	ink-wash	CS-HIGH-KEY	CH-DENSE	app	STYLE_ID=marketing-launch; SKELETON=SK-CHAT-THREAD; TYPE_ERA=TY-GROTESK-SOFT; CONTROL=soft-rect; MATERIAL=ink-wash; COLOUR_STRAT=CS-HIGH-KEY; CHROME=CH-DENSE; FEEL=hero proof CTA
C1901	waitlist-minimal	Waitlist Minimal	digital-product	SK-NOTIFICATION-STACK	TY-SANS-ONLY-TIGHT	ink-underline	sumi-ink	CS-LOW-KEY	CH-IMMERSIVE	mobile	STYLE_ID=waitlist-minimal; SKELETON=SK-NOTIFICATION-STACK; TYPE_ERA=TY-SANS-ONLY-TIGHT; CONTROL=ink-underline; MATERIAL=sumi-ink; COLOUR_STRAT=CS-LOW-KEY; CHROME=CH-IMMERSIVE; FEEL=almost nothing email
C1902	onboarding-friendly	Friendly Onboarding	digital-product	SK-DIRECTORY	TY-ROUNDED	pill	gold-leaf	CS-SEPIA	CH-NONE	app	STYLE_ID=onboarding-friendly; SKELETON=SK-DIRECTORY; TYPE_ERA=TY-ROUNDED; CONTROL=pill; MATERIAL=gold-leaf; COLOUR_STRAT=CS-SEPIA; CHROME=CH-NONE; FEEL=steps illustration calm
C1903	empty-state-art	Empty-State Artful	digital-product	SK-ATLAS-PLATES	TY-HUMANIST	soft-rect	lacquer	CS-INVERTED	CH-MIN	marketing	STYLE_ID=empty-state-art; SKELETON=SK-ATLAS-PLATES; TYPE_ERA=TY-HUMANIST; CONTROL=soft-rect; MATERIAL=lacquer; COLOUR_STRAT=CS-INVERTED; CHROME=CH-MIN; FEEL=empty as designed moment
C1904	settings-dense	Settings Dense	digital-product	SK-HERO-SPLIT	TY-SYSTEM-RAW	sharp-0	jade	CS-REGIONAL-FLAG	CH-STANDARD	marketing	STYLE_ID=settings-dense; SKELETON=SK-HERO-SPLIT; TYPE_ERA=TY-SYSTEM-RAW; CONTROL=sharp-0; MATERIAL=jade; COLOUR_STRAT=CS-REGIONAL-FLAG; CHROME=CH-STANDARD; FEEL=groups search shortcuts
C1905	analytics-serious	Analytics Serious	digital-product	SK-SINGLE-STICKY	TY-MONO-DATA	sharp-0	lacquer-red	CS-BRAND-LOCKUP	CH-APP	marketing	STYLE_ID=analytics-serious; SKELETON=SK-SINGLE-STICKY; TYPE_ERA=TY-MONO-DATA; CONTROL=sharp-0; MATERIAL=lacquer-red; COLOUR_STRAT=CS-BRAND-LOCKUP; CHROME=CH-APP; FEEL=charts first quiet chrome
C1906	social-feed	Social Feed	digital-product	SK-EDITORIAL-LONG	TY-GROTESK-SOFT	pill	indigo-dye	CS-MONO-PLUS	CH-DENSE	marketing	STYLE_ID=social-feed; SKELETON=SK-EDITORIAL-LONG; TYPE_ERA=TY-GROTESK-SOFT; CONTROL=pill; MATERIAL=indigo-dye; COLOUR_STRAT=CS-MONO-PLUS; CHROME=CH-DENSE; FEEL=cards infinite careful
C1907	marketplace	Marketplace	digital-product	SK-BENTO	TY-GROTESK-SOFT	soft-rect	mudcloth	CS-DUOTONE	CH-IMMERSIVE	marketing	STYLE_ID=marketplace; SKELETON=SK-BENTO; TYPE_ERA=TY-GROTESK-SOFT; CONTROL=soft-rect; MATERIAL=mudcloth; COLOUR_STRAT=CS-DUOTONE; CHROME=CH-IMMERSIVE; FEEL=search grid trust
C1908	booking-calendar	Booking Calendar	digital-product	SK-TABLE-FIRST	TY-HUMANIST	soft-rect	batik	CS-PRIMARY-TRIO	CH-NONE	app	STYLE_ID=booking-calendar; SKELETON=SK-TABLE-FIRST; TYPE_ERA=TY-HUMANIST; CONTROL=soft-rect; MATERIAL=batik; COLOUR_STRAT=CS-PRIMARY-TRIO; CHROME=CH-NONE; FEEL=availability spine
C1909	chat-support	Support Chat	digital-product	SK-TIMELINE	TY-HUMANIST	pill	retro-formica	CS-TONAL	CH-MIN	app	STYLE_ID=chat-support; SKELETON=SK-TIMELINE; TYPE_ERA=TY-HUMANIST; CONTROL=pill; MATERIAL=retro-formica; COLOUR_STRAT=CS-TONAL; CHROME=CH-MIN; FEEL=thread + context not triple AI
C1910	email-client	Email Client	digital-product	SK-MAP-STAGE	TY-HUMANIST	sharp-0	linoleum	CS-PAPER-INK	CH-STANDARD	app	STYLE_ID=email-client; SKELETON=SK-MAP-STAGE; TYPE_ERA=TY-HUMANIST; CONTROL=sharp-0; MATERIAL=linoleum; COLOUR_STRAT=CS-PAPER-INK; CHROME=CH-STANDARD; FEEL=list reading pane
C1911	notes-plain	Plain Notes	digital-product	SK-BOARD-KANBAN	TY-SERIF-TEXT	ink-underline	motel-neon	CS-DARK-STAGE	CH-APP	app	STYLE_ID=notes-plain; SKELETON=SK-BOARD-KANBAN; TYPE_ERA=TY-SERIF-TEXT; CONTROL=ink-underline; MATERIAL=motel-neon; COLOUR_STRAT=CS-DARK-STAGE; CHROME=CH-APP; FEEL=writing first almost no chrome
C1912	wiki-internal	Internal Wiki	digital-product	SK-TICKET-STUB	TY-SYSTEM-RAW	ink-underline	diner-chrome	CS-PASTEL-POP	CH-DENSE	marketing	STYLE_ID=wiki-internal; SKELETON=SK-TICKET-STUB; TYPE_ERA=TY-SYSTEM-RAW; CONTROL=ink-underline; MATERIAL=diner-chrome; COLOUR_STRAT=CS-PASTEL-POP; CHROME=CH-DENSE; FEEL=tree content breadcrumbs
C1913	status-page	Status Page	digital-product	SK-LEDGER	TY-SYSTEM-RAW	sharp-0	arcade-cabinet	CS-SIGNAL	CH-IMMERSIVE	app	STYLE_ID=status-page; SKELETON=SK-LEDGER; TYPE_ERA=TY-SYSTEM-RAW; CONTROL=sharp-0; MATERIAL=arcade-cabinet; COLOUR_STRAT=CS-SIGNAL; CHROME=CH-IMMERSIVE; FEEL=uptime honest plain
C1914	error-playful	Playful Error	digital-product	SK-TERMINAL	TY-ROUNDED	pill	pinball-glass	CS-PHOTO-LED	CH-NONE	app	STYLE_ID=error-playful; SKELETON=SK-TERMINAL; TYPE_ERA=TY-ROUNDED; CONTROL=pill; MATERIAL=pinball-glass; COLOUR_STRAT=CS-PHOTO-LED; CHROME=CH-NONE; FEEL=404 character without cruelty
C1915	paywall-fair	Fair Paywall	digital-product	SK-POSTER	TY-HUMANIST	filled-block	flight-case	CS-CMYK-PROCESS	CH-MIN	marketing	STYLE_ID=paywall-fair; SKELETON=SK-POSTER; TYPE_ERA=TY-HUMANIST; CONTROL=filled-block; MATERIAL=flight-case; COLOUR_STRAT=CS-CMYK-PROCESS; CHROME=CH-MIN; FEEL=clear offer no dark patterns
C1916	accessibility-first	Accessibility-First Chrome	digital-product	SK-BOTTOM-SHEET	TY-HUMANIST	chunk-border	gaffer-tape	CS-EARTH	CH-STANDARD	mobile	STYLE_ID=accessibility-first; SKELETON=SK-BOTTOM-SHEET; TYPE_ERA=TY-HUMANIST; CONTROL=chunk-border; MATERIAL=gaffer-tape; COLOUR_STRAT=CS-EARTH; CHROME=CH-STANDARD; FEEL=high contrast large targets explicit
C1917	low-bandwidth	Low Bandwidth	digital-product	SK-TAB-DECK	TY-SYSTEM-RAW	ink-underline	glow-tape	CS-OCEAN	CH-APP	mobile	STYLE_ID=low-bandwidth; SKELETON=SK-TAB-DECK; TYPE_ERA=TY-SYSTEM-RAW; CONTROL=ink-underline; MATERIAL=glow-tape; COLOUR_STRAT=CS-OCEAN; CHROME=CH-APP; FEEL=few assets system fonts
C1918	print-stylesheet-web	Print-First Web	digital-product	SK-WIZARD-STEPS	TY-SERIF-TEXT	ink-underline	stage-blackout	CS-NEON-ON-DARK	CH-DENSE	app	STYLE_ID=print-stylesheet-web; SKELETON=SK-WIZARD-STEPS; TYPE_ERA=TY-SERIF-TEXT; CONTROL=ink-underline; MATERIAL=stage-blackout; COLOUR_STRAT=CS-NEON-ON-DARK; CHROME=CH-DENSE; FEEL=designed to print clean
C1919	amp-bare	Bare Content	digital-product	SK-SPLIT-INSPECTOR	TY-SERIF-TEXT	ink-underline	lab-laminate	CS-DESAT-CORP	CH-IMMERSIVE	app	STYLE_ID=amp-bare; SKELETON=SK-SPLIT-INSPECTOR; TYPE_ERA=TY-SERIF-TEXT; CONTROL=ink-underline; MATERIAL=lab-laminate; COLOUR_STRAT=CS-DESAT-CORP; CHROME=CH-IMMERSIVE; FEEL=reader mode aesthetic
C1920	newsletter-html	HTML Newsletter	digital-product	SK-DASH-METRIC	TY-HUMANIST	filled-block	petri-clear	CS-HIGH-KEY	CH-NONE	app	STYLE_ID=newsletter-html; SKELETON=SK-DASH-METRIC; TYPE_ERA=TY-HUMANIST; CONTROL=filled-block; MATERIAL=petri-clear; COLOUR_STRAT=CS-HIGH-KEY; CHROME=CH-NONE; FEEL=single column email constraints
C1921	pwa-install	PWA Utility	digital-product	SK-GALLERY-INDEX	TY-GROTESK-SOFT	pill	hospital-scrub	CS-LOW-KEY	CH-MIN	marketing	STYLE_ID=pwa-install; SKELETON=SK-GALLERY-INDEX; TYPE_ERA=TY-GROTESK-SOFT; CONTROL=pill; MATERIAL=hospital-scrub; COLOUR_STRAT=CS-LOW-KEY; CHROME=CH-MIN; FEEL=app-like simple install
C1922	ar-overlay	AR Overlay UI	digital-product	SK-ZINE-COLLAGE	TY-GROTESK-SOFT	pill	clinic-white	CS-SEPIA	CH-STANDARD	marketing	STYLE_ID=ar-overlay; SKELETON=SK-ZINE-COLLAGE; TYPE_ERA=TY-GROTESK-SOFT; CONTROL=pill; MATERIAL=clinic-white; COLOUR_STRAT=CS-SEPIA; CHROME=CH-STANDARD; FEEL=transparent HUD real world
C1923	watch-complication	Watch-scale	digital-product	SK-BRUTAL-BLOCKS	TY-SYSTEM-RAW	sharp-0	school-linoleum	CS-INVERTED	CH-APP	any	STYLE_ID=watch-complication; SKELETON=SK-BRUTAL-BLOCKS; TYPE_ERA=TY-SYSTEM-RAW; CONTROL=sharp-0; MATERIAL=school-linoleum; COLOUR_STRAT=CS-INVERTED; CHROME=CH-APP; FEEL=tiny dense complications
C1924	tv-10foot	10-foot UI	digital-product	SK-RAIL-DOCK	TY-GROTESQUE	soft-rect	gym-floor	CS-REGIONAL-FLAG	CH-DENSE	app	STYLE_ID=tv-10foot; SKELETON=SK-RAIL-DOCK; TYPE_ERA=TY-GROTESQUE; CONTROL=soft-rect; MATERIAL=gym-floor; COLOUR_STRAT=CS-REGIONAL-FLAG; CHROME=CH-DENSE; FEEL=huge focus living room
C1925	kiosk	Kiosk	digital-product	SK-CENTER-STAGE	TY-HUMANIST	filled-block	library-oak	CS-BRAND-LOCKUP	CH-IMMERSIVE	marketing	STYLE_ID=kiosk; SKELETON=SK-CENTER-STAGE; TYPE_ERA=TY-HUMANIST; CONTROL=filled-block; MATERIAL=library-oak; COLOUR_STRAT=CS-BRAND-LOCKUP; CHROME=CH-IMMERSIVE; FEEL=touch first timeout
C1926	pos-till	POS Till	digital-product	SK-NEWS-RIVER	TY-INDUSTRIAL-COND	chunk-border	archive-box	CS-MONO-PLUS	CH-NONE	app	STYLE_ID=pos-till; SKELETON=SK-NEWS-RIVER; TYPE_ERA=TY-INDUSTRIAL-COND; CONTROL=chunk-border; MATERIAL=archive-box; COLOUR_STRAT=CS-MONO-PLUS; CHROME=CH-NONE; FEEL=fast keys total
C1927	signage-digital	Digital Signage	digital-product	SK-CALENDAR-SPINE	TY-INDUSTRIAL-COND	sharp-0	manila-folder	CS-DUOTONE	CH-MIN	app	STYLE_ID=signage-digital; SKELETON=SK-CALENDAR-SPINE; TYPE_ERA=TY-INDUSTRIAL-COND; CONTROL=sharp-0; MATERIAL=manila-folder; COLOUR_STRAT=CS-DUOTONE; CHROME=CH-MIN; FEEL=distance legible loop
C1928	acid-graphix	Acid Graphics	internet-expanded	SK-MASONRY	TY-DISPLAY-EXTREME	chunk-border	passport-cover	CS-PRIMARY-TRIO	CH-STANDARD	marketing	STYLE_ID=acid-graphix; SKELETON=SK-MASONRY; TYPE_ERA=TY-DISPLAY-EXTREME; CONTROL=chunk-border; MATERIAL=passport-cover; COLOUR_STRAT=CS-PRIMARY-TRIO; CHROME=CH-STANDARD; FEEL=chaotic gradient mesh 90s revival
C1929	afrofuturism	Afrofuturism	internet-expanded	SK-SPLIT-DIAGONAL	TY-DISPLAY-EXTREME	sharp-0	banknote-guilloche	CS-TONAL	CH-APP	marketing	STYLE_ID=afrofuturism; SKELETON=SK-SPLIT-DIAGONAL; TYPE_ERA=TY-DISPLAY-EXTREME; CONTROL=sharp-0; MATERIAL=banknote-guilloche; COLOUR_STRAT=CS-TONAL; CHROME=CH-APP; FEEL=black futures tech myth
C1930	analog-horror	Analog Horror	internet-expanded	SK-FRAME-IN-FRAME	TY-SYSTEM-RAW	sharp-0	circuit-board	CS-PAPER-INK	CH-DENSE	marketing	STYLE_ID=analog-horror; SKELETON=SK-FRAME-IN-FRAME; TYPE_ERA=TY-SYSTEM-RAW; CONTROL=sharp-0; MATERIAL=circuit-board; COLOUR_STRAT=CS-PAPER-INK; CHROME=CH-DENSE; FEEL=VHS threat static
C1931	androgyne	Androgynous Fashion UI	internet-expanded	SK-SIDE-SCROLL	TY-GROTESK-SOFT	ink-underline	server-rack	CS-DARK-STAGE	CH-IMMERSIVE	marketing	STYLE_ID=androgyne; SKELETON=SK-SIDE-SCROLL; TYPE_ERA=TY-GROTESK-SOFT; CONTROL=ink-underline; MATERIAL=server-rack; COLOUR_STRAT=CS-DARK-STAGE; CHROME=CH-IMMERSIVE; FEEL=fluid minimal fashion
C1932	arcade-carpet	Arcade Carpet	internet-expanded	SK-FIXED-TOC	TY-PIXEL	chunk-border	vacuum-tube	CS-PASTEL-POP	CH-NONE	marketing	STYLE_ID=arcade-carpet; SKELETON=SK-FIXED-TOC; TYPE_ERA=TY-PIXEL; CONTROL=chunk-border; MATERIAL=vacuum-tube; COLOUR_STRAT=CS-PASTEL-POP; CHROME=CH-NONE; FEEL=wild pattern dark play
C1933	art-hoe	Art Hoe	internet-expanded	SK-COMMAND-CENTER	TY-MIXED-HIGH-CONTRAST	soft-rect	space-blanket	CS-SIGNAL	CH-MIN	app	STYLE_ID=art-hoe; SKELETON=SK-COMMAND-CENTER; TYPE_ERA=TY-MIXED-HIGH-CONTRAST; CONTROL=soft-rect; MATERIAL=space-blanket; COLOUR_STRAT=CS-SIGNAL; CHROME=CH-MIN; FEEL=creative colour plant collage
C1934	barbiecore	Barbiecore	internet-expanded	SK-INBOX-ZERO	TY-ROUNDED	pill	astronaut-white	CS-PHOTO-LED	CH-STANDARD	app	STYLE_ID=barbiecore; SKELETON=SK-INBOX-ZERO; TYPE_ERA=TY-ROUNDED; CONTROL=pill; MATERIAL=astronaut-white; COLOUR_STRAT=CS-PHOTO-LED; CHROME=CH-STANDARD; FEEL=hot pink plastic glamour
C1935	basement-swamp	Basement Swamp	internet-expanded	SK-STUDIO-CANVAS	TY-SYSTEM-RAW	chunk-border	mission-control	CS-CMYK-PROCESS	CH-APP	app	STYLE_ID=basement-swamp; SKELETON=SK-STUDIO-CANVAS; TYPE_ERA=TY-SYSTEM-RAW; CONTROL=chunk-border; MATERIAL=mission-control; COLOUR_STRAT=CS-CMYK-PROCESS; CHROME=CH-APP; FEEL=damp low-fi gross cute
C1936	beatnik	Beatnik	internet-expanded	SK-COMPARISON	TY-OLDSTYLE-SERIF	ink-underline	radar-green	CS-EARTH	CH-DENSE	marketing	STYLE_ID=beatnik; SKELETON=SK-COMPARISON; TYPE_ERA=TY-OLDSTYLE-SERIF; CONTROL=ink-underline; MATERIAL=radar-green; COLOUR_STRAT=CS-EARTH; CHROME=CH-DENSE; FEEL=black turtleneck jazz type
C1937	bioluminescent	Bioluminescent	internet-expanded	SK-PRICING-LADDER	TY-GROTESK-SOFT	pill	newsprint	CS-OCEAN	CH-IMMERSIVE	marketing	STYLE_ID=bioluminescent; SKELETON=SK-PRICING-LADDER; TYPE_ERA=TY-GROTESK-SOFT; CONTROL=pill; MATERIAL=newsprint; COLOUR_STRAT=CS-OCEAN; CHROME=CH-IMMERSIVE; FEEL=deep ocean glow
C1938	bookstore	Bookstore	internet-expanded	SK-MANIFEST-LIST	TY-OLDSTYLE-SERIF	ink-underline	kraft-paper	CS-NEON-ON-DARK	CH-NONE	app	STYLE_ID=bookstore; SKELETON=SK-MANIFEST-LIST; TYPE_ERA=TY-OLDSTYLE-SERIF; CONTROL=ink-underline; MATERIAL=kraft-paper; COLOUR_STRAT=CS-NEON-ON-DARK; CHROME=CH-NONE; FEEL=stacks stickers handwritten
C1939	bubblegum-crisis	Bubblegum 80s Anime	internet-expanded	SK-SCOREBOARD	TY-GEOMETRIC	pill	cream-cotton	CS-DESAT-CORP	CH-MIN	app	STYLE_ID=bubblegum-crisis; SKELETON=SK-SCOREBOARD; TYPE_ERA=TY-GEOMETRIC; CONTROL=pill; MATERIAL=cream-cotton; COLOUR_STRAT=CS-DESAT-CORP; CHROME=CH-MIN; FEEL=80s JP chrome pink
C1940	cabincore	Cabincore	internet-expanded	SK-COCKPIT-STRIP	TY-SLAB	chunk-border	tar-paper	CS-HIGH-KEY	CH-STANDARD	app	STYLE_ID=cabincore; SKELETON=SK-COCKPIT-STRIP; TYPE_ERA=TY-SLAB; CONTROL=chunk-border; MATERIAL=tar-paper; COLOUR_STRAT=CS-HIGH-KEY; CHROME=CH-STANDARD; FEEL=log cabin cozy forest
C1941	carnival	Carnival	internet-expanded	SK-FOLIO-SPREAD	TY-DISPLAY-EXTREME	ticket	oak-timber	CS-LOW-KEY	CH-APP	marketing	STYLE_ID=carnival; SKELETON=SK-FOLIO-SPREAD; TYPE_ERA=TY-DISPLAY-EXTREME; CONTROL=ticket; MATERIAL=oak-timber; COLOUR_STRAT=CS-LOW-KEY; CHROME=CH-APP; FEEL=tickets stripes loud fun
C1942	cartography-fantasy	Fantasy Map	internet-expanded	SK-STAMP-SHEET	TY-OLDSTYLE-SERIF	ticket	teak	CS-SEPIA	CH-DENSE	marketing	STYLE_ID=cartography-fantasy; SKELETON=SK-STAMP-SHEET; TYPE_ERA=TY-OLDSTYLE-SERIF; CONTROL=ticket; MATERIAL=teak; COLOUR_STRAT=CS-SEPIA; CHROME=CH-DENSE; FEEL=parchment compass roses
C1943	celtic-knot	Celtic Inspired	internet-expanded	SK-DOCKED-FAB	TY-OLDSTYLE-SERIF	ink-underline	brushed-steel	CS-INVERTED	CH-IMMERSIVE	mobile	STYLE_ID=celtic-knot; SKELETON=SK-DOCKED-FAB; TYPE_ERA=TY-OLDSTYLE-SERIF; CONTROL=ink-underline; MATERIAL=brushed-steel; COLOUR_STRAT=CS-INVERTED; CHROME=CH-IMMERSIVE; FEEL=knots stone green
C1944	chalkboard-menu	Chalkboard Menu	internet-expanded	SK-PEEK-CARDS	TY-SCRIPT-SPARSE	chunk-border	polished-brass	CS-REGIONAL-FLAG	CH-NONE	mobile	STYLE_ID=chalkboard-menu; SKELETON=SK-PEEK-CARDS; TYPE_ERA=TY-SCRIPT-SPARSE; CONTROL=chunk-border; MATERIAL=polished-brass; COLOUR_STRAT=CS-REGIONAL-FLAG; CHROME=CH-NONE; FEEL=hand chalk specials
C1945	circus-vintage	Vintage Circus	internet-expanded	SK-RADIO-TUNER	TY-DISPLAY-EXTREME	ticket	enamel-sign	CS-BRAND-LOCKUP	CH-MIN	app	STYLE_ID=circus-vintage; SKELETON=SK-RADIO-TUNER; TYPE_ERA=TY-DISPLAY-EXTREME; CONTROL=ticket; MATERIAL=enamel-sign; COLOUR_STRAT=CS-BRAND-LOCKUP; CHROME=CH-MIN; FEEL=rings posters spectacle
C1946	clockpunk	Clockpunk	internet-expanded	SK-FILMSTRIP	TY-OLDSTYLE-SERIF	ticket	wet-asphalt	CS-MONO-PLUS	CH-STANDARD	marketing	STYLE_ID=clockpunk; SKELETON=SK-FILMSTRIP; TYPE_ERA=TY-OLDSTYLE-SERIF; CONTROL=ticket; MATERIAL=wet-asphalt; COLOUR_STRAT=CS-MONO-PLUS; CHROME=CH-STANDARD; FEEL=clockwork precision
C1947	cloudcore	Cloudcore	internet-expanded	SK-ORBIT-META	TY-ROUNDED	pill	concrete	CS-DUOTONE	CH-APP	marketing	STYLE_ID=cloudcore; SKELETON=SK-ORBIT-META; TYPE_ERA=TY-ROUNDED; CONTROL=pill; MATERIAL=concrete; COLOUR_STRAT=CS-DUOTONE; CHROME=CH-APP; FEEL=soft sky dream clouds
C1948	clowncore	Clowncore	internet-expanded	SK-SPLIT-DEPTH	TY-DISPLAY-EXTREME	chunk-border	terrazzo	CS-PRIMARY-TRIO	CH-DENSE	marketing	STYLE_ID=clowncore; SKELETON=SK-SPLIT-DEPTH; TYPE_ERA=TY-DISPLAY-EXTREME; CONTROL=chunk-border; MATERIAL=terrazzo; COLOUR_STRAT=CS-PRIMARY-TRIO; CHROME=CH-DENSE; FEEL=chaotic primary silly
C1949	coral-reef	Coral Reef	internet-expanded	SK-CHECKOUT-TUNNEL	TY-ROUNDED	pill	marble	CS-TONAL	CH-IMMERSIVE	marketing	STYLE_ID=coral-reef; SKELETON=SK-CHECKOUT-TUNNEL; TYPE_ERA=TY-ROUNDED; CONTROL=pill; MATERIAL=marble; COLOUR_STRAT=CS-TONAL; CHROME=CH-IMMERSIVE; FEEL=underwater saturated life
C1950	corporate-grunge	Corporate Grunge	internet-expanded	SK-CHAT-THREAD	TY-MIXED-HIGH-CONTRAST	chunk-border	granite	CS-PAPER-INK	CH-NONE	app	STYLE_ID=corporate-grunge; SKELETON=SK-CHAT-THREAD; TYPE_ERA=TY-MIXED-HIGH-CONTRAST; CONTROL=chunk-border; MATERIAL=granite; COLOUR_STRAT=CS-PAPER-INK; CHROME=CH-NONE; FEEL=office decay irony
C1951	cozy-game-ui	Cozy Stardew-like	internet-expanded	SK-NOTIFICATION-STACK	TY-ROUNDED	pill	glass-frost	CS-DARK-STAGE	CH-MIN	mobile	STYLE_ID=cozy-game-ui; SKELETON=SK-NOTIFICATION-STACK; TYPE_ERA=TY-ROUNDED; CONTROL=pill; MATERIAL=glass-frost; COLOUR_STRAT=CS-DARK-STAGE; CHROME=CH-MIN; FEEL=farm soft pixel-adjacent
C1952	cyber-pretty	Cyber Pretty	internet-expanded	SK-DIRECTORY	TY-ROUNDED	pill	smoked-glass	CS-PASTEL-POP	CH-STANDARD	app	STYLE_ID=cyber-pretty; SKELETON=SK-DIRECTORY; TYPE_ERA=TY-ROUNDED; CONTROL=pill; MATERIAL=smoked-glass; COLOUR_STRAT=CS-PASTEL-POP; CHROME=CH-STANDARD; FEEL=cute tech pink chrome
C1953	dark-ocean	Dark Ocean	internet-expanded	SK-ATLAS-PLATES	TY-GROTESK-SOFT	sharp-0	acrylic	CS-SIGNAL	CH-APP	marketing	STYLE_ID=dark-ocean; SKELETON=SK-ATLAS-PLATES; TYPE_ERA=TY-GROTESK-SOFT; CONTROL=sharp-0; MATERIAL=acrylic; COLOUR_STRAT=CS-SIGNAL; CHROME=CH-APP; FEEL=abyss pressure blue-black
C1954	desert-modern	Desert Modern	internet-expanded	SK-HERO-SPLIT	TY-HUMANIST	sharp-0	leather-bound	CS-PHOTO-LED	CH-DENSE	marketing	STYLE_ID=desert-modern; SKELETON=SK-HERO-SPLIT; TYPE_ERA=TY-HUMANIST; CONTROL=sharp-0; MATERIAL=leather-bound; COLOUR_STRAT=CS-PHOTO-LED; CHROME=CH-DENSE; FEEL=adobe midcentury heat
C1955	diesel-workshop	Diesel Workshop	internet-expanded	SK-SINGLE-STICKY	TY-INDUSTRIAL-COND	chunk-border	parchment	CS-CMYK-PROCESS	CH-IMMERSIVE	marketing	STYLE_ID=diesel-workshop; SKELETON=SK-SINGLE-STICKY; TYPE_ERA=TY-INDUSTRIAL-COND; CONTROL=chunk-border; MATERIAL=parchment; COLOUR_STRAT=CS-CMYK-PROCESS; CHROME=CH-IMMERSIVE; FEEL=oil tools manuals
C1956	diner-americana	Americana Diner	internet-expanded	SK-EDITORIAL-LONG	TY-DISPLAY-EXTREME	chunk-border	vellum	CS-EARTH	CH-NONE	marketing	STYLE_ID=diner-americana; SKELETON=SK-EDITORIAL-LONG; TYPE_ERA=TY-DISPLAY-EXTREME; CONTROL=chunk-border; MATERIAL=vellum; COLOUR_STRAT=CS-EARTH; CHROME=CH-NONE; FEEL=checkered cherry red
C1957	dungeon-synth	Dungeon Synth	internet-expanded	SK-BENTO	TY-BLACKLETTER-SPARSE	sharp-0	wool-felt	CS-OCEAN	CH-MIN	marketing	STYLE_ID=dungeon-synth; SKELETON=SK-BENTO; TYPE_ERA=TY-BLACKLETTER-SPARSE; CONTROL=sharp-0; MATERIAL=wool-felt; COLOUR_STRAT=CS-OCEAN; CHROME=CH-MIN; FEEL=lo-fi medieval dark
C1958	editorial-new-york	NY Editorial	internet-expanded	SK-TABLE-FIRST	TY-MODERN-SERIF	ink-underline	denim	CS-NEON-ON-DARK	CH-STANDARD	app	STYLE_ID=editorial-new-york; SKELETON=SK-TABLE-FIRST; TYPE_ERA=TY-MODERN-SERIF; CONTROL=ink-underline; MATERIAL=denim; COLOUR_STRAT=CS-NEON-ON-DARK; CHROME=CH-STANDARD; FEEL=intellectual black white
C1959	egyptian-revival	Egyptian Revival	internet-expanded	SK-TIMELINE	TY-GEOMETRIC	sharp-0	canvas-sail	CS-DESAT-CORP	CH-APP	app	STYLE_ID=egyptian-revival; SKELETON=SK-TIMELINE; TYPE_ERA=TY-GEOMETRIC; CONTROL=sharp-0; MATERIAL=canvas-sail; COLOUR_STRAT=CS-DESAT-CORP; CHROME=CH-APP; FEEL=deco nile geometry
C1960	electroclash	Electroclash	internet-expanded	SK-MAP-STAGE	TY-DISPLAY-EXTREME	sharp-0	rope-hemp	CS-HIGH-KEY	CH-DENSE	app	STYLE_ID=electroclash; SKELETON=SK-MAP-STAGE; TYPE_ERA=TY-DISPLAY-EXTREME; CONTROL=sharp-0; MATERIAL=rope-hemp; COLOUR_STRAT=CS-HIGH-KEY; CHROME=CH-DENSE; FEEL=2000s club irony
C1961	elfcore	Elfcore	internet-expanded	SK-BOARD-KANBAN	TY-DIDONE-LUX	ink-underline	vinyl-black	CS-LOW-KEY	CH-IMMERSIVE	app	STYLE_ID=elfcore; SKELETON=SK-BOARD-KANBAN; TYPE_ERA=TY-DIDONE-LUX; CONTROL=ink-underline; MATERIAL=vinyl-black; COLOUR_STRAT=CS-LOW-KEY; CHROME=CH-IMMERSIVE; FEEL=ethereal forest elegant
C1962	equestrian	Equestrian	internet-expanded	SK-TICKET-STUB	TY-TRANSITIONAL-SERIF	chunk-border	chrome-metal	CS-SEPIA	CH-NONE	marketing	STYLE_ID=equestrian; SKELETON=SK-TICKET-STUB; TYPE_ERA=TY-TRANSITIONAL-SERIF; CONTROL=chunk-border; MATERIAL=chrome-metal; COLOUR_STRAT=CS-SEPIA; CHROME=CH-NONE; FEEL=leather brass riding
C1963	estate-sale	Estate Sale	internet-expanded	SK-LEDGER	TY-MIXED-HIGH-CONTRAST	ticket	anodised-aluminium	CS-INVERTED	CH-MIN	app	STYLE_ID=estate-sale; SKELETON=SK-LEDGER; TYPE_ERA=TY-MIXED-HIGH-CONTRAST; CONTROL=ticket; MATERIAL=anodised-aluminium; COLOUR_STRAT=CS-INVERTED; CHROME=CH-MIN; FEEL=thrifted mixed decades
C1964	fantasy-rpg-ui	Fantasy RPG UI	internet-expanded	SK-TERMINAL	TY-OLDSTYLE-SERIF	ticket	bakelite	CS-REGIONAL-FLAG	CH-STANDARD	app	STYLE_ID=fantasy-rpg-ui; SKELETON=SK-TERMINAL; TYPE_ERA=TY-OLDSTYLE-SERIF; CONTROL=ticket; MATERIAL=bakelite; COLOUR_STRAT=CS-REGIONAL-FLAG; CHROME=CH-STANDARD; FEEL=parchment bars spells
C1965	fauvist	Fauvist Colour	internet-expanded	SK-POSTER	TY-DISPLAY-EXTREME	chunk-border	ceramic-glaze	CS-BRAND-LOCKUP	CH-APP	marketing	STYLE_ID=fauvist; SKELETON=SK-POSTER; TYPE_ERA=TY-DISPLAY-EXTREME; CONTROL=chunk-border; MATERIAL=ceramic-glaze; COLOUR_STRAT=CS-BRAND-LOCKUP; CHROME=CH-APP; FEEL=wild non-natural colour
C1966	festival-boho	Festival Boho	internet-expanded	SK-BOTTOM-SHEET	TY-HUMANIST	pill	porcelain	CS-MONO-PLUS	CH-DENSE	mobile	STYLE_ID=festival-boho; SKELETON=SK-BOTTOM-SHEET; TYPE_ERA=TY-HUMANIST; CONTROL=pill; MATERIAL=porcelain; COLOUR_STRAT=CS-MONO-PLUS; CHROME=CH-DENSE; FEEL=fringe dust sunset
C1967	film-noir	Film Noir	internet-expanded	SK-TAB-DECK	TY-TRANSITIONAL-SERIF	sharp-0	chalkboard	CS-DUOTONE	CH-IMMERSIVE	mobile	STYLE_ID=film-noir; SKELETON=SK-TAB-DECK; TYPE_ERA=TY-TRANSITIONAL-SERIF; CONTROL=sharp-0; MATERIAL=chalkboard; COLOUR_STRAT=CS-DUOTONE; CHROME=CH-IMMERSIVE; FEEL=venetian blinds shadow
C1968	flatwood	Flatwoods	internet-expanded	SK-WIZARD-STEPS	TY-SYSTEM-RAW	sharp-0	whiteboard-lab	CS-PRIMARY-TRIO	CH-NONE	app	STYLE_ID=flatwood; SKELETON=SK-WIZARD-STEPS; TYPE_ERA=TY-SYSTEM-RAW; CONTROL=sharp-0; MATERIAL=whiteboard-lab; COLOUR_STRAT=CS-PRIMARY-TRIO; CHROME=CH-NONE; FEEL=cryptid fog rural
C1969	floral-maximal	Floral Maximal	internet-expanded	SK-SPLIT-INSPECTOR	TY-OLDSTYLE-SERIF	soft-rect	crt-phosphor	CS-TONAL	CH-MIN	app	STYLE_ID=floral-maximal; SKELETON=SK-SPLIT-INSPECTOR; TYPE_ERA=TY-OLDSTYLE-SERIF; CONTROL=soft-rect; MATERIAL=crt-phosphor; COLOUR_STRAT=CS-TONAL; CHROME=CH-MIN; FEEL=wall-to-wall botanicals
C1970	forest-punk	Forest Punk	internet-expanded	SK-DASH-METRIC	TY-MIXED-HIGH-CONTRAST	chunk-border	lcd-blue	CS-PAPER-INK	CH-STANDARD	app	STYLE_ID=forest-punk; SKELETON=SK-DASH-METRIC; TYPE_ERA=TY-MIXED-HIGH-CONTRAST; CONTROL=chunk-border; MATERIAL=lcd-blue; COLOUR_STRAT=CS-PAPER-INK; CHROME=CH-STANDARD; FEEL=green anarchic nature tech
C1971	frozen-dairy	Ice Cream Parlour	internet-expanded	SK-GALLERY-INDEX	TY-ROUNDED	pill	oled-black	CS-DARK-STAGE	CH-APP	marketing	STYLE_ID=frozen-dairy; SKELETON=SK-GALLERY-INDEX; TYPE_ERA=TY-ROUNDED; CONTROL=pill; MATERIAL=oled-black; COLOUR_STRAT=CS-DARK-STAGE; CHROME=CH-APP; FEEL=pastel scoops chrome
C1972	garage-kit	Garage Kit	internet-expanded	SK-ZINE-COLLAGE	TY-SYSTEM-RAW	chunk-border	neon-tube	CS-PASTEL-POP	CH-DENSE	marketing	STYLE_ID=garage-kit; SKELETON=SK-ZINE-COLLAGE; TYPE_ERA=TY-SYSTEM-RAW; CONTROL=chunk-border; MATERIAL=neon-tube; COLOUR_STRAT=CS-PASTEL-POP; CHROME=CH-DENSE; FEEL=hobby model paint
C1973	garden-formal	Formal Garden	internet-expanded	SK-BRUTAL-BLOCKS	TY-TRANSITIONAL-SERIF	ink-underline	led-matrix	CS-SIGNAL	CH-IMMERSIVE	any	STYLE_ID=garden-formal; SKELETON=SK-BRUTAL-BLOCKS; TYPE_ERA=TY-TRANSITIONAL-SERIF; CONTROL=ink-underline; MATERIAL=led-matrix; COLOUR_STRAT=CS-SIGNAL; CHROME=CH-IMMERSIVE; FEEL=symmetry hedges paths
C1974	gas-station-night	Night Gas Station	internet-expanded	SK-RAIL-DOCK	TY-SYSTEM-RAW	sharp-0	holographic-foil	CS-PHOTO-LED	CH-NONE	app	STYLE_ID=gas-station-night; SKELETON=SK-RAIL-DOCK; TYPE_ERA=TY-SYSTEM-RAW; CONTROL=sharp-0; MATERIAL=holographic-foil; COLOUR_STRAT=CS-PHOTO-LED; CHROME=CH-NONE; FEEL=fluorescent loneliness
C1975	glitch-art	Glitch Art	internet-expanded	SK-CENTER-STAGE	TY-MONO-DATA	sharp-0	iridescent-film	CS-CMYK-PROCESS	CH-MIN	marketing	STYLE_ID=glitch-art; SKELETON=SK-CENTER-STAGE; TYPE_ERA=TY-MONO-DATA; CONTROL=sharp-0; MATERIAL=iridescent-film; COLOUR_STRAT=CS-CMYK-PROCESS; CHROME=CH-MIN; FEEL=corruption RGB split
C1976	gothic-revival	Gothic Revival	internet-expanded	SK-NEWS-RIVER	TY-BLACKLETTER-SPARSE	ink-underline	bubble-plastic	CS-EARTH	CH-STANDARD	app	STYLE_ID=gothic-revival; SKELETON=SK-NEWS-RIVER; TYPE_ERA=TY-BLACKLETTER-SPARSE; CONTROL=ink-underline; MATERIAL=bubble-plastic; COLOUR_STRAT=CS-EARTH; CHROME=CH-STANDARD; FEEL=pointed arches romantic
C1977	grand-budapest	Grand Budapest-like	internet-expanded	SK-CALENDAR-SPINE	TY-DIDONE-LUX	soft-rect	soft-clay	CS-OCEAN	CH-APP	app	STYLE_ID=grand-budapest; SKELETON=SK-CALENDAR-SPINE; TYPE_ERA=TY-DIDONE-LUX; CONTROL=soft-rect; MATERIAL=soft-clay; COLOUR_STRAT=CS-OCEAN; CHROME=CH-APP; FEEL=pastel symmetric hotel
C1978	greenhouse	Greenhouse	internet-expanded	SK-MASONRY	TY-HUMANIST	soft-rect	rubber-matte	CS-NEON-ON-DARK	CH-DENSE	marketing	STYLE_ID=greenhouse; SKELETON=SK-MASONRY; TYPE_ERA=TY-HUMANIST; CONTROL=soft-rect; MATERIAL=rubber-matte; COLOUR_STRAT=CS-NEON-ON-DARK; CHROME=CH-DENSE; FEEL=glass humidity plants
C1979	grocery-90s	90s Grocery	internet-expanded	SK-SPLIT-DIAGONAL	TY-SYSTEM-RAW	filled-block	silicone	CS-DESAT-CORP	CH-IMMERSIVE	marketing	STYLE_ID=grocery-90s; SKELETON=SK-SPLIT-DIAGONAL; TYPE_ERA=TY-SYSTEM-RAW; CONTROL=filled-block; MATERIAL=silicone; COLOUR_STRAT=CS-DESAT-CORP; CHROME=CH-IMMERSIVE; FEEL=loud promo clipart
C1980	grunge-90s	90s Grunge	internet-expanded	SK-FRAME-IN-FRAME	TY-MIXED-HIGH-CONTRAST	chunk-border	carbon-fibre	CS-HIGH-KEY	CH-NONE	marketing	STYLE_ID=grunge-90s; SKELETON=SK-FRAME-IN-FRAME; TYPE_ERA=TY-MIXED-HIGH-CONTRAST; CONTROL=chunk-border; MATERIAL=carbon-fibre; COLOUR_STRAT=CS-HIGH-KEY; CHROME=CH-NONE; FEEL=flannel dirt type
C1981	halloween-classic	Classic Halloween	internet-expanded	SK-SIDE-SCROLL	TY-DISPLAY-EXTREME	chunk-border	camo-cloth	CS-LOW-KEY	CH-MIN	marketing	STYLE_ID=halloween-classic; SKELETON=SK-SIDE-SCROLL; TYPE_ERA=TY-DISPLAY-EXTREME; CONTROL=chunk-border; MATERIAL=camo-cloth; COLOUR_STRAT=CS-LOW-KEY; CHROME=CH-MIN; FEEL=orange black cutout
C1982	harbor-fog	Harbor Fog	internet-expanded	SK-FIXED-TOC	TY-HUMANIST	chunk-border	high-vis-mesh	CS-SEPIA	CH-STANDARD	marketing	STYLE_ID=harbor-fog; SKELETON=SK-FIXED-TOC; TYPE_ERA=TY-HUMANIST; CONTROL=chunk-border; MATERIAL=high-vis-mesh; COLOUR_STRAT=CS-SEPIA; CHROME=CH-STANDARD; FEEL=grey wet horns
C1983	harlem-renaissance	Harlem Renaissance Inspired	internet-expanded	SK-COMMAND-CENTER	TY-DIDONE-LUX	ink-underline	safety-yellow-paint	CS-INVERTED	CH-APP	app	STYLE_ID=harlem-renaissance; SKELETON=SK-COMMAND-CENTER; TYPE_ERA=TY-DIDONE-LUX; CONTROL=ink-underline; MATERIAL=safety-yellow-paint; COLOUR_STRAT=CS-INVERTED; CHROME=CH-APP; FEEL=jazz art deco black culture
C1984	haunted-mansion	Haunted Mansion	internet-expanded	SK-INBOX-ZERO	TY-OLDSTYLE-SERIF	ink-underline	signal-flags	CS-REGIONAL-FLAG	CH-DENSE	app	STYLE_ID=haunted-mansion; SKELETON=SK-INBOX-ZERO; TYPE_ERA=TY-OLDSTYLE-SERIF; CONTROL=ink-underline; MATERIAL=signal-flags; COLOUR_STRAT=CS-REGIONAL-FLAG; CHROME=CH-DENSE; FEEL=victorian gloom fun
C1985	hedgewitch	Hedge Witch	internet-expanded	SK-STUDIO-CANVAS	TY-OLDSTYLE-SERIF	ink-underline	tide-pool	CS-BRAND-LOCKUP	CH-IMMERSIVE	app	STYLE_ID=hedgewitch; SKELETON=SK-STUDIO-CANVAS; TYPE_ERA=TY-OLDSTYLE-SERIF; CONTROL=ink-underline; MATERIAL=tide-pool; COLOUR_STRAT=CS-BRAND-LOCKUP; CHROME=CH-IMMERSIVE; FEEL=herbal practical mystic
C1986	hikecore	Hikecore	internet-expanded	SK-COMPARISON	TY-HUMANIST	chunk-border	sea-glass	CS-MONO-PLUS	CH-NONE	marketing	STYLE_ID=hikecore; SKELETON=SK-COMPARISON; TYPE_ERA=TY-HUMANIST; CONTROL=chunk-border; MATERIAL=sea-glass; COLOUR_STRAT=CS-MONO-PLUS; CHROME=CH-NONE; FEEL=trail maps layers packs
C1987	holiday-resort	Holiday Resort	internet-expanded	SK-PRICING-LADDER	TY-HUMANIST	pill	sandstone	CS-DUOTONE	CH-MIN	marketing	STYLE_ID=holiday-resort; SKELETON=SK-PRICING-LADDER; TYPE_ERA=TY-HUMANIST; CONTROL=pill; MATERIAL=sandstone; COLOUR_STRAT=CS-DUOTONE; CHROME=CH-MIN; FEEL=brochure pool blue
C1988	horror-pulp	Pulp Horror	internet-expanded	SK-MANIFEST-LIST	TY-DISPLAY-EXTREME	chunk-border	limestone	CS-PRIMARY-TRIO	CH-STANDARD	app	STYLE_ID=horror-pulp; SKELETON=SK-MANIFEST-LIST; TYPE_ERA=TY-DISPLAY-EXTREME; CONTROL=chunk-border; MATERIAL=limestone; COLOUR_STRAT=CS-PRIMARY-TRIO; CHROME=CH-STANDARD; FEEL=lurid covers type
C1989	hospital-retro	Retro Hospital	internet-expanded	SK-SCOREBOARD	TY-HUMANIST	soft-rect	brick-industrial	CS-TONAL	CH-APP	app	STYLE_ID=hospital-retro; SKELETON=SK-SCOREBOARD; TYPE_ERA=TY-HUMANIST; CONTROL=soft-rect; MATERIAL=brick-industrial; COLOUR_STRAT=CS-TONAL; CHROME=CH-APP; FEEL=mint tile midcentury med
C1990	hot-rod	Hot Rod	internet-expanded	SK-COCKPIT-STRIP	TY-DISPLAY-EXTREME	sharp-0	corrugated-iron	CS-PAPER-INK	CH-DENSE	app	STYLE_ID=hot-rod; SKELETON=SK-COCKPIT-STRIP; TYPE_ERA=TY-DISPLAY-EXTREME; CONTROL=sharp-0; MATERIAL=corrugated-iron; COLOUR_STRAT=CS-PAPER-INK; CHROME=CH-DENSE; FEEL=flames chrome racing
C1991	iceberg	Iceberg	internet-expanded	SK-FOLIO-SPREAD	TY-GROTESK-SOFT	sharp-0	shipping-container	CS-DARK-STAGE	CH-IMMERSIVE	marketing	STYLE_ID=iceberg; SKELETON=SK-FOLIO-SPREAD; TYPE_ERA=TY-GROTESK-SOFT; CONTROL=sharp-0; MATERIAL=shipping-container; COLOUR_STRAT=CS-DARK-STAGE; CHROME=CH-IMMERSIVE; FEEL=cold minimal tip deep
C1992	indie-folk-web	Indie Folk Web	internet-expanded	SK-STAMP-SHEET	TY-OLDSTYLE-SERIF	soft-rect	scaffold	CS-PASTEL-POP	CH-NONE	marketing	STYLE_ID=indie-folk-web; SKELETON=SK-STAMP-SHEET; TYPE_ERA=TY-OLDSTYLE-SERIF; CONTROL=soft-rect; MATERIAL=scaffold; COLOUR_STRAT=CS-PASTEL-POP; CHROME=CH-NONE; FEEL=handdrawn soft acoustic
C1993	industrial-ballet	Industrial Ballet	internet-expanded	SK-DOCKED-FAB	TY-MIXED-HIGH-CONTRAST	sharp-0	blueprint-cyan	CS-SIGNAL	CH-MIN	mobile	STYLE_ID=industrial-ballet; SKELETON=SK-DOCKED-FAB; TYPE_ERA=TY-MIXED-HIGH-CONTRAST; CONTROL=sharp-0; MATERIAL=blueprint-cyan; COLOUR_STRAT=CS-SIGNAL; CHROME=CH-MIN; FEEL=grace in machinery
C1994	ink-bleed	Ink Bleed	internet-expanded	SK-PEEK-CARDS	TY-OLDSTYLE-SERIF	ink-underline	carbon-paper	CS-PHOTO-LED	CH-STANDARD	mobile	STYLE_ID=ink-bleed; SKELETON=SK-PEEK-CARDS; TYPE_ERA=TY-OLDSTYLE-SERIF; CONTROL=ink-underline; MATERIAL=carbon-paper; COLOUR_STRAT=CS-PHOTO-LED; CHROME=CH-STANDARD; FEEL=wet paper spread
C1995	jazz-club	Jazz Club	internet-expanded	SK-RADIO-TUNER	TY-DIDONE-LUX	ink-underline	thermal-receipt	CS-CMYK-PROCESS	CH-APP	app	STYLE_ID=jazz-club; SKELETON=SK-RADIO-TUNER; TYPE_ERA=TY-DIDONE-LUX; CONTROL=ink-underline; MATERIAL=thermal-receipt; COLOUR_STRAT=CS-CMYK-PROCESS; CHROME=CH-APP; FEEL=low light brass smoke
C1996	journal-bullet	Bullet Journal	internet-expanded	SK-FILMSTRIP	TY-HUMANIST	soft-rect	dot-matrix	CS-EARTH	CH-DENSE	marketing	STYLE_ID=journal-bullet; SKELETON=SK-FILMSTRIP; TYPE_ERA=TY-HUMANIST; CONTROL=soft-rect; MATERIAL=dot-matrix; COLOUR_STRAT=CS-EARTH; CHROME=CH-DENSE; FEEL=dotted grids habit
C1997	jungle-modern	Jungle Modern	internet-expanded	SK-ORBIT-META	TY-HUMANIST	soft-rect	polaroid	CS-OCEAN	CH-IMMERSIVE	marketing	STYLE_ID=jungle-modern; SKELETON=SK-ORBIT-META; TYPE_ERA=TY-HUMANIST; CONTROL=soft-rect; MATERIAL=polaroid; COLOUR_STRAT=CS-OCEAN; CHROME=CH-IMMERSIVE; FEEL=lush leaf modern furniture
C1998	kayak-outdoor	Paddle Outdoor	internet-expanded	SK-SPLIT-DEPTH	TY-HUMANIST	chunk-border	film-grain	CS-NEON-ON-DARK	CH-NONE	marketing	STYLE_ID=kayak-outdoor; SKELETON=SK-SPLIT-DEPTH; TYPE_ERA=TY-HUMANIST; CONTROL=chunk-border; MATERIAL=film-grain; COLOUR_STRAT=CS-NEON-ON-DARK; CHROME=CH-NONE; FEEL=river bright functional
C1999	kitchen-70s	1970s Kitchen	internet-expanded	SK-CHECKOUT-TUNNEL	TY-GEOMETRIC	soft-rect	halftone-print	CS-DESAT-CORP	CH-MIN	marketing	STYLE_ID=kitchen-70s; SKELETON=SK-CHECKOUT-TUNNEL; TYPE_ERA=TY-GEOMETRIC; CONTROL=soft-rect; MATERIAL=halftone-print; COLOUR_STRAT=CS-DESAT-CORP; CHROME=CH-MIN; FEEL=avocado harvest gold
C2000	lab-core	Labcore	internet-expanded	SK-CHAT-THREAD	TY-MONO-DATA	sharp-0	risograph	CS-HIGH-KEY	CH-STANDARD	app	STYLE_ID=lab-core; SKELETON=SK-CHAT-THREAD; TYPE_ERA=TY-MONO-DATA; CONTROL=sharp-0; MATERIAL=risograph; COLOUR_STRAT=CS-HIGH-KEY; CHROME=CH-STANDARD; FEEL=beakers clean curiosity
C2001	library-public	Public Library	internet-expanded	SK-NOTIFICATION-STACK	TY-HUMANIST	ink-underline	screenprint	CS-LOW-KEY	CH-APP	mobile	STYLE_ID=library-public; SKELETON=SK-NOTIFICATION-STACK; TYPE_ERA=TY-HUMANIST; CONTROL=ink-underline; MATERIAL=screenprint; COLOUR_STRAT=CS-LOW-KEY; CHROME=CH-APP; FEEL= Dewey calm helpful
C2002	lighthouse	Lighthouse	internet-expanded	SK-DIRECTORY	TY-HUMANIST	chunk-border	watercolor-wash	CS-SEPIA	CH-DENSE	app	STYLE_ID=lighthouse; SKELETON=SK-DIRECTORY; TYPE_ERA=TY-HUMANIST; CONTROL=chunk-border; MATERIAL=watercolor-wash; COLOUR_STRAT=CS-SEPIA; CHROME=CH-DENSE; FEEL=beam night sea
C2003	linen-spa	Linen Spa	internet-expanded	SK-ATLAS-PLATES	TY-HUMANIST	pill	ink-wash	CS-INVERTED	CH-IMMERSIVE	marketing	STYLE_ID=linen-spa; SKELETON=SK-ATLAS-PLATES; TYPE_ERA=TY-HUMANIST; CONTROL=pill; MATERIAL=ink-wash; COLOUR_STRAT=CS-INVERTED; CHROME=CH-IMMERSIVE; FEEL=beige calm wellness
C2004	lipstick-print	Lipstick Pop	internet-expanded	SK-HERO-SPLIT	TY-DIDONE-LUX	pill	sumi-ink	CS-REGIONAL-FLAG	CH-NONE	marketing	STYLE_ID=lipstick-print; SKELETON=SK-HERO-SPLIT; TYPE_ERA=TY-DIDONE-LUX; CONTROL=pill; MATERIAL=sumi-ink; COLOUR_STRAT=CS-REGIONAL-FLAG; CHROME=CH-NONE; FEEL=beauty print bold
C2005	loft-artist	Artist Loft	internet-expanded	SK-SINGLE-STICKY	TY-MIXED-HIGH-CONTRAST	sharp-0	gold-leaf	CS-BRAND-LOCKUP	CH-MIN	marketing	STYLE_ID=loft-artist; SKELETON=SK-SINGLE-STICKY; TYPE_ERA=TY-MIXED-HIGH-CONTRAST; CONTROL=sharp-0; MATERIAL=gold-leaf; COLOUR_STRAT=CS-BRAND-LOCKUP; CHROME=CH-MIN; FEEL=paint splatter white space
C2006	lumberjack	Lumberjack	internet-expanded	SK-EDITORIAL-LONG	TY-SLAB	chunk-border	lacquer	CS-MONO-PLUS	CH-STANDARD	marketing	STYLE_ID=lumberjack; SKELETON=SK-EDITORIAL-LONG; TYPE_ERA=TY-SLAB; CONTROL=chunk-border; MATERIAL=lacquer; COLOUR_STRAT=CS-MONO-PLUS; CHROME=CH-STANDARD; FEEL=plaid timber axe
C2007	lunar	Lunar	internet-expanded	SK-BENTO	TY-GROTESK-SOFT	sharp-0	jade	CS-DUOTONE	CH-APP	marketing	STYLE_ID=lunar; SKELETON=SK-BENTO; TYPE_ERA=TY-GROTESK-SOFT; CONTROL=sharp-0; MATERIAL=jade; COLOUR_STRAT=CS-DUOTONE; CHROME=CH-APP; FEEL=moon dust silver quiet
C2008	magic-marker	Magic Marker	internet-expanded	SK-TABLE-FIRST	TY-DISPLAY-EXTREME	chunk-border	lacquer-red	CS-PRIMARY-TRIO	CH-DENSE	app	STYLE_ID=magic-marker; SKELETON=SK-TABLE-FIRST; TYPE_ERA=TY-DISPLAY-EXTREME; CONTROL=chunk-border; MATERIAL=lacquer-red; COLOUR_STRAT=CS-PRIMARY-TRIO; CHROME=CH-DENSE; FEEL=hand thick marker
C2009	marine-biology	Marine Biology	internet-expanded	SK-TIMELINE	TY-SERIF-TEXT	sharp-0	indigo-dye	CS-TONAL	CH-IMMERSIVE	app	STYLE_ID=marine-biology; SKELETON=SK-TIMELINE; TYPE_ERA=TY-SERIF-TEXT; CONTROL=sharp-0; MATERIAL=indigo-dye; COLOUR_STRAT=CS-TONAL; CHROME=CH-IMMERSIVE; FEEL=specimen blue scientific
C2010	marketplace-bazaar	Bazaar	internet-expanded	SK-MAP-STAGE	TY-MIXED-HIGH-CONTRAST	chunk-border	mudcloth	CS-PAPER-INK	CH-NONE	app	STYLE_ID=marketplace-bazaar; SKELETON=SK-MAP-STAGE; TYPE_ERA=TY-MIXED-HIGH-CONTRAST; CONTROL=chunk-border; MATERIAL=mudcloth; COLOUR_STRAT=CS-PAPER-INK; CHROME=CH-NONE; FEEL=dense stalls colour
C2011	meadow	Meadow	internet-expanded	SK-BOARD-KANBAN	TY-OLDSTYLE-SERIF	soft-rect	batik	CS-DARK-STAGE	CH-MIN	app	STYLE_ID=meadow; SKELETON=SK-BOARD-KANBAN; TYPE_ERA=TY-OLDSTYLE-SERIF; CONTROL=soft-rect; MATERIAL=batik; COLOUR_STRAT=CS-DARK-STAGE; CHROME=CH-MIN; FEEL=wildflower soft horizontal
C2012	medical-flat	Medical Flat Iconic	internet-expanded	SK-TICKET-STUB	TY-HUMANIST	soft-rect	retro-formica	CS-PASTEL-POP	CH-STANDARD	marketing	STYLE_ID=medical-flat; SKELETON=SK-TICKET-STUB; TYPE_ERA=TY-HUMANIST; CONTROL=soft-rect; MATERIAL=retro-formica; COLOUR_STRAT=CS-PASTEL-POP; CHROME=CH-STANDARD; FEEL=clean clinical flat
C2013	memphis-lite	Memphis Lite	internet-expanded	SK-LEDGER	TY-GEOMETRIC	pill	linoleum	CS-SIGNAL	CH-APP	app	STYLE_ID=memphis-lite; SKELETON=SK-LEDGER; TYPE_ERA=TY-GEOMETRIC; CONTROL=pill; MATERIAL=linoleum; COLOUR_STRAT=CS-SIGNAL; CHROME=CH-APP; FEEL=softer memphis shapes
C2014	military-surplus	Military Surplus	internet-expanded	SK-TERMINAL	TY-STENCIL	chunk-border	motel-neon	CS-PHOTO-LED	CH-DENSE	app	STYLE_ID=military-surplus; SKELETON=SK-TERMINAL; TYPE_ERA=TY-STENCIL; CONTROL=chunk-border; MATERIAL=motel-neon; COLOUR_STRAT=CS-PHOTO-LED; CHROME=CH-DENSE; FEEL=olive stencil util
C2015	mineral	Mineral	internet-expanded	SK-POSTER	TY-GEOMETRIC	sharp-0	diner-chrome	CS-CMYK-PROCESS	CH-IMMERSIVE	marketing	STYLE_ID=mineral; SKELETON=SK-POSTER; TYPE_ERA=TY-GEOMETRIC; CONTROL=sharp-0; MATERIAL=diner-chrome; COLOUR_STRAT=CS-CMYK-PROCESS; CHROME=CH-IMMERSIVE; FEEL=geodes crystal facets
C2016	minimal-swiss-dark	Dark Swiss	internet-expanded	SK-BOTTOM-SHEET	TY-GROTESQUE	ink-underline	arcade-cabinet	CS-EARTH	CH-NONE	mobile	STYLE_ID=minimal-swiss-dark; SKELETON=SK-BOTTOM-SHEET; TYPE_ERA=TY-GROTESQUE; CONTROL=ink-underline; MATERIAL=arcade-cabinet; COLOUR_STRAT=CS-EARTH; CHROME=CH-NONE; FEEL=swiss on near-black
C2017	modular-synth	Modular Synth	internet-expanded	SK-TAB-DECK	TY-MONO-DATA	chunk-border	pinball-glass	CS-OCEAN	CH-MIN	mobile	STYLE_ID=modular-synth; SKELETON=SK-TAB-DECK; TYPE_ERA=TY-MONO-DATA; CONTROL=chunk-border; MATERIAL=pinball-glass; COLOUR_STRAT=CS-OCEAN; CHROME=CH-MIN; FEEL=patch cables knobs
C2018	monastic	Monastic	internet-expanded	SK-WIZARD-STEPS	TY-OLDSTYLE-SERIF	ink-underline	flight-case	CS-NEON-ON-DARK	CH-STANDARD	app	STYLE_ID=monastic; SKELETON=SK-WIZARD-STEPS; TYPE_ERA=TY-OLDSTYLE-SERIF; CONTROL=ink-underline; MATERIAL=flight-case; COLOUR_STRAT=CS-NEON-ON-DARK; CHROME=CH-STANDARD; FEEL=quiet stone script spare
C2019	monochrome-red	Red Monochrome	internet-expanded	SK-SPLIT-INSPECTOR	TY-GROTESQUE	sharp-0	gaffer-tape	CS-DESAT-CORP	CH-APP	app	STYLE_ID=monochrome-red; SKELETON=SK-SPLIT-INSPECTOR; TYPE_ERA=TY-GROTESQUE; CONTROL=sharp-0; MATERIAL=gaffer-tape; COLOUR_STRAT=CS-DESAT-CORP; CHROME=CH-APP; FEEL=one red ink system
C2020	motel-seedy	Seedy Motel	internet-expanded	SK-DASH-METRIC	TY-DISPLAY-EXTREME	chunk-border	glow-tape	CS-HIGH-KEY	CH-DENSE	app	STYLE_ID=motel-seedy; SKELETON=SK-DASH-METRIC; TYPE_ERA=TY-DISPLAY-EXTREME; CONTROL=chunk-border; MATERIAL=glow-tape; COLOUR_STRAT=CS-HIGH-KEY; CHROME=CH-DENSE; FEEL=neon vacancy loneliness
C2021	mountain-badge	Mountain Badge	internet-expanded	SK-GALLERY-INDEX	TY-SLAB	ticket	stage-blackout	CS-LOW-KEY	CH-IMMERSIVE	marketing	STYLE_ID=mountain-badge; SKELETON=SK-GALLERY-INDEX; TYPE_ERA=TY-SLAB; CONTROL=ticket; MATERIAL=stage-blackout; COLOUR_STRAT=CS-LOW-KEY; CHROME=CH-IMMERSIVE; FEEL=park badge patches
C2022	movie-prop	Movie Prop UI	internet-expanded	SK-ZINE-COLLAGE	TY-MONO-DATA	sharp-0	lab-laminate	CS-SEPIA	CH-NONE	marketing	STYLE_ID=movie-prop; SKELETON=SK-ZINE-COLLAGE; TYPE_ERA=TY-MONO-DATA; CONTROL=sharp-0; MATERIAL=lab-laminate; COLOUR_STRAT=CS-SEPIA; CHROME=CH-NONE; FEEL=diegetic fake interfaces
C2023	municipal	Municipal	internet-expanded	SK-BRUTAL-BLOCKS	TY-SYSTEM-RAW	sharp-0	petri-clear	CS-INVERTED	CH-MIN	any	STYLE_ID=municipal; SKELETON=SK-BRUTAL-BLOCKS; TYPE_ERA=TY-SYSTEM-RAW; CONTROL=sharp-0; MATERIAL=petri-clear; COLOUR_STRAT=CS-INVERTED; CHROME=CH-MIN; FEEL=forms stamps civic beige
C2024	museum-label	Museum Label	internet-expanded	SK-RAIL-DOCK	TY-SERIF-TEXT	ink-underline	hospital-scrub	CS-REGIONAL-FLAG	CH-STANDARD	app	STYLE_ID=museum-label; SKELETON=SK-RAIL-DOCK; TYPE_ERA=TY-SERIF-TEXT; CONTROL=ink-underline; MATERIAL=hospital-scrub; COLOUR_STRAT=CS-REGIONAL-FLAG; CHROME=CH-STANDARD; FEEL=tiny captions rigor
C2025	mushroom	Mushroom	internet-expanded	SK-CENTER-STAGE	TY-ROUNDED	pill	clinic-white	CS-BRAND-LOCKUP	CH-APP	marketing	STYLE_ID=mushroom; SKELETON=SK-CENTER-STAGE; TYPE_ERA=TY-ROUNDED; CONTROL=pill; MATERIAL=clinic-white; COLOUR_STRAT=CS-BRAND-LOCKUP; CHROME=CH-APP; FEEL=forest fungi soft weird
C2026	nautical-flag	Nautical Flag	internet-expanded	SK-NEWS-RIVER	TY-HUMANIST	chunk-border	school-linoleum	CS-MONO-PLUS	CH-DENSE	app	STYLE_ID=nautical-flag; SKELETON=SK-NEWS-RIVER; TYPE_ERA=TY-HUMANIST; CONTROL=chunk-border; MATERIAL=school-linoleum; COLOUR_STRAT=CS-MONO-PLUS; CHROME=CH-DENSE; FEEL=signal flags code
C2027	neo-geo	Neo-Geo 80s	internet-expanded	SK-CALENDAR-SPINE	TY-GEOMETRIC	sharp-0	gym-floor	CS-DUOTONE	CH-IMMERSIVE	app	STYLE_ID=neo-geo; SKELETON=SK-CALENDAR-SPINE; TYPE_ERA=TY-GEOMETRIC; CONTROL=sharp-0; MATERIAL=gym-floor; COLOUR_STRAT=CS-DUOTONE; CHROME=CH-IMMERSIVE; FEEL=memphis geometry cousin
C2028	neo-tokyo	Neo Tokyo	internet-expanded	SK-MASONRY	TY-DISPLAY-EXTREME	sharp-0	library-oak	CS-PRIMARY-TRIO	CH-NONE	marketing	STYLE_ID=neo-tokyo; SKELETON=SK-MASONRY; TYPE_ERA=TY-DISPLAY-EXTREME; CONTROL=sharp-0; MATERIAL=library-oak; COLOUR_STRAT=CS-PRIMARY-TRIO; CHROME=CH-NONE; FEEL=anime rain neon density
C2029	newspaper-sports	Sports Page	internet-expanded	SK-SPLIT-DIAGONAL	TY-INDUSTRIAL-COND	sharp-0	archive-box	CS-TONAL	CH-MIN	marketing	STYLE_ID=newspaper-sports; SKELETON=SK-SPLIT-DIAGONAL; TYPE_ERA=TY-INDUSTRIAL-COND; CONTROL=sharp-0; MATERIAL=archive-box; COLOUR_STRAT=CS-TONAL; CHROME=CH-MIN; FEEL=stats columns bold
C2030	night-market	Night Market	internet-expanded	SK-FRAME-IN-FRAME	TY-MIXED-HIGH-CONTRAST	chunk-border	manila-folder	CS-PAPER-INK	CH-STANDARD	marketing	STYLE_ID=night-market; SKELETON=SK-FRAME-IN-FRAME; TYPE_ERA=TY-MIXED-HIGH-CONTRAST; CONTROL=chunk-border; MATERIAL=manila-folder; COLOUR_STRAT=CS-PAPER-INK; CHROME=CH-STANDARD; FEEL=lanterns steam stalls
C2031	noir-detective	Detective Noir	internet-expanded	SK-SIDE-SCROLL	TY-TRANSITIONAL-SERIF	ticket	passport-cover	CS-DARK-STAGE	CH-APP	marketing	STYLE_ID=noir-detective; SKELETON=SK-SIDE-SCROLL; TYPE_ERA=TY-TRANSITIONAL-SERIF; CONTROL=ticket; MATERIAL=passport-cover; COLOUR_STRAT=CS-DARK-STAGE; CHROME=CH-APP; FEEL=case files stamps
C2032	nordic-noir	Nordic Noir	internet-expanded	SK-FIXED-TOC	TY-GROTESQUE	sharp-0	banknote-guilloche	CS-PASTEL-POP	CH-DENSE	marketing	STYLE_ID=nordic-noir; SKELETON=SK-FIXED-TOC; TYPE_ERA=TY-GROTESQUE; CONTROL=sharp-0; MATERIAL=banknote-guilloche; COLOUR_STRAT=CS-PASTEL-POP; CHROME=CH-DENSE; FEEL=cold crime quiet
C2033	notebook-lab	Lab Notebook	internet-expanded	SK-COMMAND-CENTER	TY-MONO-DATA	sharp-0	circuit-board	CS-SIGNAL	CH-IMMERSIVE	app	STYLE_ID=notebook-lab; SKELETON=SK-COMMAND-CENTER; TYPE_ERA=TY-MONO-DATA; CONTROL=sharp-0; MATERIAL=circuit-board; COLOUR_STRAT=CS-SIGNAL; CHROME=CH-IMMERSIVE; FEEL=grid ink stains
C2034	observatory	Observatory	internet-expanded	SK-INBOX-ZERO	TY-SERIF-TEXT	ink-underline	server-rack	CS-PHOTO-LED	CH-NONE	app	STYLE_ID=observatory; SKELETON=SK-INBOX-ZERO; TYPE_ERA=TY-SERIF-TEXT; CONTROL=ink-underline; MATERIAL=server-rack; COLOUR_STRAT=CS-PHOTO-LED; CHROME=CH-NONE; FEEL=stars charts navy
C2035	office-90s	90s Office	internet-expanded	SK-STUDIO-CANVAS	TY-SYSTEM-RAW	soft-rect	vacuum-tube	CS-CMYK-PROCESS	CH-MIN	app	STYLE_ID=office-90s; SKELETON=SK-STUDIO-CANVAS; TYPE_ERA=TY-SYSTEM-RAW; CONTROL=soft-rect; MATERIAL=vacuum-tube; COLOUR_STRAT=CS-CMYK-PROCESS; CHROME=CH-MIN; FEEL=clipart beige CRT
C2036	oil-paint-gallery	Oil Gallery	internet-expanded	SK-COMPARISON	TY-OLDSTYLE-SERIF	ink-underline	space-blanket	CS-EARTH	CH-STANDARD	marketing	STYLE_ID=oil-paint-gallery; SKELETON=SK-COMPARISON; TYPE_ERA=TY-OLDSTYLE-SERIF; CONTROL=ink-underline; MATERIAL=space-blanket; COLOUR_STRAT=CS-EARTH; CHROME=CH-STANDARD; FEEL=heavy frames varnish
C2037	olive-garden-italian-american	Italian-American Red Sauce	internet-expanded	SK-PRICING-LADDER	TY-HUMANIST	soft-rect	astronaut-white	CS-OCEAN	CH-APP	marketing	STYLE_ID=olive-garden-italian-american; SKELETON=SK-PRICING-LADDER; TYPE_ERA=TY-HUMANIST; CONTROL=soft-rect; MATERIAL=astronaut-white; COLOUR_STRAT=CS-OCEAN; CHROME=CH-APP; FEEL=checkered warm family
C2038	opera	Opera	internet-expanded	SK-MANIFEST-LIST	TY-DIDONE-LUX	ink-underline	mission-control	CS-NEON-ON-DARK	CH-DENSE	app	STYLE_ID=opera; SKELETON=SK-MANIFEST-LIST; TYPE_ERA=TY-DIDONE-LUX; CONTROL=ink-underline; MATERIAL=mission-control; COLOUR_STRAT=CS-NEON-ON-DARK; CHROME=CH-DENSE; FEEL=velvet gold drama
C2039	oracle-mystic	Oracle Mystic	internet-expanded	SK-SCOREBOARD	TY-OLDSTYLE-SERIF	ticket	radar-green	CS-DESAT-CORP	CH-IMMERSIVE	app	STYLE_ID=oracle-mystic; SKELETON=SK-SCOREBOARD; TYPE_ERA=TY-OLDSTYLE-SERIF; CONTROL=ticket; MATERIAL=radar-green; COLOUR_STRAT=CS-DESAT-CORP; CHROME=CH-IMMERSIVE; FEEL=cards symbols dusk
C2040	organic-grocery	Organic Grocery	internet-expanded	SK-COCKPIT-STRIP	TY-HUMANIST	soft-rect	newsprint	CS-HIGH-KEY	CH-NONE	app	STYLE_ID=organic-grocery; SKELETON=SK-COCKPIT-STRIP; TYPE_ERA=TY-HUMANIST; CONTROL=soft-rect; MATERIAL=newsprint; COLOUR_STRAT=CS-HIGH-KEY; CHROME=CH-NONE; FEEL=kraft green leaf
C2041	origami	Origami	internet-expanded	SK-FOLIO-SPREAD	TY-GEOMETRIC	sharp-0	kraft-paper	CS-LOW-KEY	CH-MIN	marketing	STYLE_ID=origami; SKELETON=SK-FOLIO-SPREAD; TYPE_ERA=TY-GEOMETRIC; CONTROL=sharp-0; MATERIAL=kraft-paper; COLOUR_STRAT=CS-LOW-KEY; CHROME=CH-MIN; FEEL=folded paper geometry
C2042	ornithology	Ornithology	internet-expanded	SK-STAMP-SHEET	TY-SERIF-TEXT	ink-underline	cream-cotton	CS-SEPIA	CH-STANDARD	marketing	STYLE_ID=ornithology; SKELETON=SK-STAMP-SHEET; TYPE_ERA=TY-SERIF-TEXT; CONTROL=ink-underline; MATERIAL=cream-cotton; COLOUR_STRAT=CS-SEPIA; CHROME=CH-STANDARD; FEEL=bird plates field
C2043	outdoor-brands	Outdoor Brand	internet-expanded	SK-DOCKED-FAB	TY-HUMANIST	chunk-border	tar-paper	CS-INVERTED	CH-APP	mobile	STYLE_ID=outdoor-brands; SKELETON=SK-DOCKED-FAB; TYPE_ERA=TY-HUMANIST; CONTROL=chunk-border; MATERIAL=tar-paper; COLOUR_STRAT=CS-INVERTED; CHROME=CH-APP; FEEL=topo maps functional
C2044	pagan-folk	Pagan Folk	internet-expanded	SK-PEEK-CARDS	TY-OLDSTYLE-SERIF	ink-underline	oak-timber	CS-REGIONAL-FLAG	CH-DENSE	mobile	STYLE_ID=pagan-folk; SKELETON=SK-PEEK-CARDS; TYPE_ERA=TY-OLDSTYLE-SERIF; CONTROL=ink-underline; MATERIAL=oak-timber; COLOUR_STRAT=CS-REGIONAL-FLAG; CHROME=CH-DENSE; FEEL=symbols seasons earth
C2045	paintball	Paintball	internet-expanded	SK-RADIO-TUNER	TY-INDUSTRIAL-COND	chunk-border	teak	CS-BRAND-LOCKUP	CH-IMMERSIVE	app	STYLE_ID=paintball; SKELETON=SK-RADIO-TUNER; TYPE_ERA=TY-INDUSTRIAL-COND; CONTROL=chunk-border; MATERIAL=teak; COLOUR_STRAT=CS-BRAND-LOCKUP; CHROME=CH-IMMERSIVE; FEEL=splatter sport energy
C2046	palace	Palace	internet-expanded	SK-FILMSTRIP	TY-DIDONE-LUX	ink-underline	brushed-steel	CS-MONO-PLUS	CH-NONE	marketing	STYLE_ID=palace; SKELETON=SK-FILMSTRIP; TYPE_ERA=TY-DIDONE-LUX; CONTROL=ink-underline; MATERIAL=brushed-steel; COLOUR_STRAT=CS-MONO-PLUS; CHROME=CH-NONE; FEEL=ornate symmetry gold
C2047	papercraft	Papercraft	internet-expanded	SK-ORBIT-META	TY-HUMANIST	soft-rect	polished-brass	CS-DUOTONE	CH-MIN	marketing	STYLE_ID=papercraft; SKELETON=SK-ORBIT-META; TYPE_ERA=TY-HUMANIST; CONTROL=soft-rect; MATERIAL=polished-brass; COLOUR_STRAT=CS-DUOTONE; CHROME=CH-MIN; FEEL=cut layers shadow boxes
C2048	parade	Parade	internet-expanded	SK-SPLIT-DEPTH	TY-DISPLAY-EXTREME	pill	enamel-sign	CS-PRIMARY-TRIO	CH-STANDARD	marketing	STYLE_ID=parade; SKELETON=SK-SPLIT-DEPTH; TYPE_ERA=TY-DISPLAY-EXTREME; CONTROL=pill; MATERIAL=enamel-sign; COLOUR_STRAT=CS-PRIMARY-TRIO; CHROME=CH-STANDARD; FEEL=confetti floats bright
C2049	park-municipal	Municipal Park	internet-expanded	SK-CHECKOUT-TUNNEL	TY-HUMANIST	chunk-border	wet-asphalt	CS-TONAL	CH-APP	marketing	STYLE_ID=park-municipal; SKELETON=SK-CHECKOUT-TUNNEL; TYPE_ERA=TY-HUMANIST; CONTROL=chunk-border; MATERIAL=wet-asphalt; COLOUR_STRAT=CS-TONAL; CHROME=CH-APP; FEEL=signs maps green
C2050	pastel-memphis	Pastel Memphis	internet-expanded	SK-CHAT-THREAD	TY-GEOMETRIC	pill	concrete	CS-PAPER-INK	CH-DENSE	app	STYLE_ID=pastel-memphis; SKELETON=SK-CHAT-THREAD; TYPE_ERA=TY-GEOMETRIC; CONTROL=pill; MATERIAL=concrete; COLOUR_STRAT=CS-PAPER-INK; CHROME=CH-DENSE; FEEL=memphis pastel soft
C2051	patio	Patio	internet-expanded	SK-NOTIFICATION-STACK	TY-HUMANIST	soft-rect	terrazzo	CS-DARK-STAGE	CH-IMMERSIVE	mobile	STYLE_ID=patio; SKELETON=SK-NOTIFICATION-STACK; TYPE_ERA=TY-HUMANIST; CONTROL=soft-rect; MATERIAL=terrazzo; COLOUR_STRAT=CS-DARK-STAGE; CHROME=CH-IMMERSIVE; FEEL=terracotta sun leisure
C2052	pattern-liberation	Pattern Liberation	internet-expanded	SK-DIRECTORY	TY-DISPLAY-EXTREME	chunk-border	marble	CS-PASTEL-POP	CH-NONE	app	STYLE_ID=pattern-liberation; SKELETON=SK-DIRECTORY; TYPE_ERA=TY-DISPLAY-EXTREME; CONTROL=chunk-border; MATERIAL=marble; COLOUR_STRAT=CS-PASTEL-POP; CHROME=CH-NONE; FEEL=loud textile proud
C2053	pavilion	Pavilion	internet-expanded	SK-ATLAS-PLATES	TY-GEOMETRIC	sharp-0	granite	CS-SIGNAL	CH-MIN	marketing	STYLE_ID=pavilion; SKELETON=SK-ATLAS-PLATES; TYPE_ERA=TY-GEOMETRIC; CONTROL=sharp-0; MATERIAL=granite; COLOUR_STRAT=CS-SIGNAL; CHROME=CH-MIN; FEEL=expo temporary architecture
C2054	pebble-beach	Pebble Beach	internet-expanded	SK-HERO-SPLIT	TY-HUMANIST	soft-rect	glass-frost	CS-PHOTO-LED	CH-STANDARD	marketing	STYLE_ID=pebble-beach; SKELETON=SK-HERO-SPLIT; TYPE_ERA=TY-HUMANIST; CONTROL=soft-rect; MATERIAL=glass-frost; COLOUR_STRAT=CS-PHOTO-LED; CHROME=CH-STANDARD; FEEL=stones seafoam calm
C2055	pencil-sketch	Pencil Sketch	internet-expanded	SK-SINGLE-STICKY	TY-SYSTEM-RAW	ink-underline	smoked-glass	CS-CMYK-PROCESS	CH-APP	marketing	STYLE_ID=pencil-sketch; SKELETON=SK-SINGLE-STICKY; TYPE_ERA=TY-SYSTEM-RAW; CONTROL=ink-underline; MATERIAL=smoked-glass; COLOUR_STRAT=CS-CMYK-PROCESS; CHROME=CH-APP; FEEL=graphite construction lines
C2056	persian-miniature-inspired	Miniature Inspired	internet-expanded	SK-EDITORIAL-LONG	TY-OLDSTYLE-SERIF	ink-underline	acrylic	CS-EARTH	CH-DENSE	marketing	STYLE_ID=persian-miniature-inspired; SKELETON=SK-EDITORIAL-LONG; TYPE_ERA=TY-OLDSTYLE-SERIF; CONTROL=ink-underline; MATERIAL=acrylic; COLOUR_STRAT=CS-EARTH; CHROME=CH-DENSE; FEEL=dense narrative detail care
C2057	pharmacy-retro	Retro Pharmacy	internet-expanded	SK-BENTO	TY-HUMANIST	soft-rect	leather-bound	CS-OCEAN	CH-IMMERSIVE	marketing	STYLE_ID=pharmacy-retro; SKELETON=SK-BENTO; TYPE_ERA=TY-HUMANIST; CONTROL=soft-rect; MATERIAL=leather-bound; COLOUR_STRAT=CS-OCEAN; CHROME=CH-IMMERSIVE; FEEL=green cross vintage
C2058	photobooth	Photobooth	internet-expanded	SK-TABLE-FIRST	TY-ROUNDED	pill	parchment	CS-NEON-ON-DARK	CH-NONE	app	STYLE_ID=photobooth; SKELETON=SK-TABLE-FIRST; TYPE_ERA=TY-ROUNDED; CONTROL=pill; MATERIAL=parchment; COLOUR_STRAT=CS-NEON-ON-DARK; CHROME=CH-NONE; FEEL=strips curtains fun
C2059	picnic	Picnic	internet-expanded	SK-TIMELINE	TY-HUMANIST	soft-rect	vellum	CS-DESAT-CORP	CH-MIN	app	STYLE_ID=picnic; SKELETON=SK-TIMELINE; TYPE_ERA=TY-HUMANIST; CONTROL=soft-rect; MATERIAL=vellum; COLOUR_STRAT=CS-DESAT-CORP; CHROME=CH-MIN; FEEL=gingham basket sun
C2060	pixel-office	Pixel Office	internet-expanded	SK-MAP-STAGE	TY-PIXEL	sharp-0	wool-felt	CS-HIGH-KEY	CH-STANDARD	app	STYLE_ID=pixel-office; SKELETON=SK-MAP-STAGE; TYPE_ERA=TY-PIXEL; CONTROL=sharp-0; MATERIAL=wool-felt; COLOUR_STRAT=CS-HIGH-KEY; CHROME=CH-STANDARD; FEEL=16-bit cubicle humor
C2061	planetarium	Planetarium	internet-expanded	SK-BOARD-KANBAN	TY-GROTESK-SOFT	sharp-0	denim	CS-LOW-KEY	CH-APP	app	STYLE_ID=planetarium; SKELETON=SK-BOARD-KANBAN; TYPE_ERA=TY-GROTESK-SOFT; CONTROL=sharp-0; MATERIAL=denim; COLOUR_STRAT=CS-LOW-KEY; CHROME=CH-APP; FEEL=dome stars education
C2062	plant-shop	Plant Shop	internet-expanded	SK-TICKET-STUB	TY-HUMANIST	soft-rect	canvas-sail	CS-SEPIA	CH-DENSE	marketing	STYLE_ID=plant-shop; SKELETON=SK-TICKET-STUB; TYPE_ERA=TY-HUMANIST; CONTROL=soft-rect; MATERIAL=canvas-sail; COLOUR_STRAT=CS-SEPIA; CHROME=CH-DENSE; FEEL=pots humidity labels
C2063	polar	Polar	internet-expanded	SK-LEDGER	TY-GROTESQUE	chunk-border	rope-hemp	CS-INVERTED	CH-IMMERSIVE	app	STYLE_ID=polar; SKELETON=SK-LEDGER; TYPE_ERA=TY-GROTESQUE; CONTROL=chunk-border; MATERIAL=rope-hemp; COLOUR_STRAT=CS-INVERTED; CHROME=CH-IMMERSIVE; FEEL=expedition red on white
C2064	police-procedural	Procedural	internet-expanded	SK-TERMINAL	TY-SYSTEM-RAW	sharp-0	vinyl-black	CS-REGIONAL-FLAG	CH-NONE	app	STYLE_ID=police-procedural; SKELETON=SK-TERMINAL; TYPE_ERA=TY-SYSTEM-RAW; CONTROL=sharp-0; MATERIAL=vinyl-black; COLOUR_STRAT=CS-REGIONAL-FLAG; CHROME=CH-NONE; FEEL=evidence boards pins
C2065	pop-surreal	Pop Surreal	internet-expanded	SK-POSTER	TY-DISPLAY-EXTREME	chunk-border	chrome-metal	CS-BRAND-LOCKUP	CH-MIN	marketing	STYLE_ID=pop-surreal; SKELETON=SK-POSTER; TYPE_ERA=TY-DISPLAY-EXTREME; CONTROL=chunk-border; MATERIAL=chrome-metal; COLOUR_STRAT=CS-BRAND-LOCKUP; CHROME=CH-MIN; FEEL=lowbrow gallery weird
C2066	porcelain	Porcelain	internet-expanded	SK-BOTTOM-SHEET	TY-DIDONE-LUX	ink-underline	anodised-aluminium	CS-MONO-PLUS	CH-STANDARD	mobile	STYLE_ID=porcelain; SKELETON=SK-BOTTOM-SHEET; TYPE_ERA=TY-DIDONE-LUX; CONTROL=ink-underline; MATERIAL=anodised-aluminium; COLOUR_STRAT=CS-MONO-PLUS; CHROME=CH-STANDARD; FEEL=fragile blue white
C2067	postal	Postal	internet-expanded	SK-TAB-DECK	TY-HUMANIST	ticket	bakelite	CS-DUOTONE	CH-APP	mobile	STYLE_ID=postal; SKELETON=SK-TAB-DECK; TYPE_ERA=TY-HUMANIST; CONTROL=ticket; MATERIAL=bakelite; COLOUR_STRAT=CS-DUOTONE; CHROME=CH-APP; FEEL=stamps cancels airmail
C2068	pottery-barn-soft	Soft Retail Home	internet-expanded	SK-WIZARD-STEPS	TY-HUMANIST	soft-rect	ceramic-glaze	CS-PRIMARY-TRIO	CH-DENSE	app	STYLE_ID=pottery-barn-soft; SKELETON=SK-WIZARD-STEPS; TYPE_ERA=TY-HUMANIST; CONTROL=soft-rect; MATERIAL=ceramic-glaze; COLOUR_STRAT=CS-PRIMARY-TRIO; CHROME=CH-DENSE; FEEL=safe lifestyle catalog
C2069	power-station	Power Station	internet-expanded	SK-SPLIT-INSPECTOR	TY-INDUSTRIAL-COND	chunk-border	porcelain	CS-TONAL	CH-IMMERSIVE	app	STYLE_ID=power-station; SKELETON=SK-SPLIT-INSPECTOR; TYPE_ERA=TY-INDUSTRIAL-COND; CONTROL=chunk-border; MATERIAL=porcelain; COLOUR_STRAT=CS-TONAL; CHROME=CH-IMMERSIVE; FEEL=warning stripes industrial
C2070	prairie	Prairie	internet-expanded	SK-DASH-METRIC	TY-HUMANIST	soft-rect	chalkboard	CS-PAPER-INK	CH-NONE	app	STYLE_ID=prairie; SKELETON=SK-DASH-METRIC; TYPE_ERA=TY-HUMANIST; CONTROL=soft-rect; MATERIAL=chalkboard; COLOUR_STRAT=CS-PAPER-INK; CHROME=CH-NONE; FEEL=horizontal land sky
C2071	preppy	Preppy	internet-expanded	SK-GALLERY-INDEX	TY-TRANSITIONAL-SERIF	soft-rect	whiteboard-lab	CS-DARK-STAGE	CH-MIN	marketing	STYLE_ID=preppy; SKELETON=SK-GALLERY-INDEX; TYPE_ERA=TY-TRANSITIONAL-SERIF; CONTROL=soft-rect; MATERIAL=whiteboard-lab; COLOUR_STRAT=CS-DARK-STAGE; CHROME=CH-MIN; FEEL=navy stripes collegiate
C2072	printers-workshop	Printers Workshop	internet-expanded	SK-ZINE-COLLAGE	TY-OLDSTYLE-SERIF	chunk-border	crt-phosphor	CS-PASTEL-POP	CH-STANDARD	marketing	STYLE_ID=printers-workshop; SKELETON=SK-ZINE-COLLAGE; TYPE_ERA=TY-OLDSTYLE-SERIF; CONTROL=chunk-border; MATERIAL=crt-phosphor; COLOUR_STRAT=CS-PASTEL-POP; CHROME=CH-STANDARD; FEEL=type cases ink
C2073	protest-poster	Protest Poster	internet-expanded	SK-BRUTAL-BLOCKS	TY-INDUSTRIAL-COND	filled-block	lcd-blue	CS-SIGNAL	CH-APP	any	STYLE_ID=protest-poster; SKELETON=SK-BRUTAL-BLOCKS; TYPE_ERA=TY-INDUSTRIAL-COND; CONTROL=filled-block; MATERIAL=lcd-blue; COLOUR_STRAT=CS-SIGNAL; CHROME=CH-APP; FEEL=urgent one demand
C2074	psychedelic-modern	Modern Psychedelic	internet-expanded	SK-RAIL-DOCK	TY-DISPLAY-EXTREME	chunk-border	oled-black	CS-PHOTO-LED	CH-DENSE	app	STYLE_ID=psychedelic-modern; SKELETON=SK-RAIL-DOCK; TYPE_ERA=TY-DISPLAY-EXTREME; CONTROL=chunk-border; MATERIAL=oled-black; COLOUR_STRAT=CS-PHOTO-LED; CHROME=CH-DENSE; FEEL=controlled chaos colour
C2075	public-access	Public Access TV	internet-expanded	SK-CENTER-STAGE	TY-SYSTEM-RAW	sharp-0	neon-tube	CS-CMYK-PROCESS	CH-IMMERSIVE	marketing	STYLE_ID=public-access; SKELETON=SK-CENTER-STAGE; TYPE_ERA=TY-SYSTEM-RAW; CONTROL=sharp-0; MATERIAL=neon-tube; COLOUR_STRAT=CS-CMYK-PROCESS; CHROME=CH-IMMERSIVE; FEEL=low budget crawl
C2076	pulp-sci-fi	Pulp Sci-Fi	internet-expanded	SK-NEWS-RIVER	TY-DISPLAY-EXTREME	chunk-border	led-matrix	CS-EARTH	CH-NONE	app	STYLE_ID=pulp-sci-fi; SKELETON=SK-NEWS-RIVER; TYPE_ERA=TY-DISPLAY-EXTREME; CONTROL=chunk-border; MATERIAL=led-matrix; COLOUR_STRAT=CS-EARTH; CHROME=CH-NONE; FEEL=rocket covers lurid
C2077	quarry	Quarry	internet-expanded	SK-CALENDAR-SPINE	TY-GROTESQUE	sharp-0	holographic-foil	CS-OCEAN	CH-MIN	app	STYLE_ID=quarry; SKELETON=SK-CALENDAR-SPINE; TYPE_ERA=TY-GROTESQUE; CONTROL=sharp-0; MATERIAL=holographic-foil; COLOUR_STRAT=CS-OCEAN; CHROME=CH-MIN; FEEL=stone cut dust
C2078	quilt	Quilt	internet-expanded	SK-MASONRY	TY-HUMANIST	soft-rect	iridescent-film	CS-NEON-ON-DARK	CH-STANDARD	marketing	STYLE_ID=quilt; SKELETON=SK-MASONRY; TYPE_ERA=TY-HUMANIST; CONTROL=soft-rect; MATERIAL=iridescent-film; COLOUR_STRAT=CS-NEON-ON-DARK; CHROME=CH-STANDARD; FEEL=block patterns warm
C2079	racing-livery	Racing Livery	internet-expanded	SK-SPLIT-DIAGONAL	TY-INDUSTRIAL-COND	sharp-0	bubble-plastic	CS-DESAT-CORP	CH-APP	marketing	STYLE_ID=racing-livery; SKELETON=SK-SPLIT-DIAGONAL; TYPE_ERA=TY-INDUSTRIAL-COND; CONTROL=sharp-0; MATERIAL=bubble-plastic; COLOUR_STRAT=CS-DESAT-CORP; CHROME=CH-APP; FEEL=sponsor stripes speed
C2080	radio-ham	Ham Radio	internet-expanded	SK-FRAME-IN-FRAME	TY-MONO-DATA	chunk-border	soft-clay	CS-HIGH-KEY	CH-DENSE	marketing	STYLE_ID=radio-ham; SKELETON=SK-FRAME-IN-FRAME; TYPE_ERA=TY-MONO-DATA; CONTROL=chunk-border; MATERIAL=soft-clay; COLOUR_STRAT=CS-HIGH-KEY; CHROME=CH-DENSE; FEEL=dials meters frequencies
C2081	rainy-city	Rainy City	internet-expanded	SK-SIDE-SCROLL	TY-GROTESK-SOFT	soft-rect	rubber-matte	CS-LOW-KEY	CH-IMMERSIVE	marketing	STYLE_ID=rainy-city; SKELETON=SK-SIDE-SCROLL; TYPE_ERA=TY-GROTESK-SOFT; CONTROL=soft-rect; MATERIAL=rubber-matte; COLOUR_STRAT=CS-LOW-KEY; CHROME=CH-IMMERSIVE; FEEL=reflections umbrellas
C2082	ranch	Ranch	internet-expanded	SK-FIXED-TOC	TY-SLAB	chunk-border	silicone	CS-SEPIA	CH-NONE	marketing	STYLE_ID=ranch; SKELETON=SK-FIXED-TOC; TYPE_ERA=TY-SLAB; CONTROL=chunk-border; MATERIAL=silicone; COLOUR_STRAT=CS-SEPIA; CHROME=CH-NONE; FEEL=leather fence open
C2083	record-shop	Record Shop	internet-expanded	SK-COMMAND-CENTER	TY-MIXED-HIGH-CONTRAST	chunk-border	carbon-fibre	CS-INVERTED	CH-MIN	app	STYLE_ID=record-shop; SKELETON=SK-COMMAND-CENTER; TYPE_ERA=TY-MIXED-HIGH-CONTRAST; CONTROL=chunk-border; MATERIAL=carbon-fibre; COLOUR_STRAT=CS-INVERTED; CHROME=CH-MIN; FEEL=bins sleeves stickers
C2084	red-envelope	Festive Red Envelope	internet-expanded	SK-INBOX-ZERO	TY-DISPLAY-EXTREME	ticket	camo-cloth	CS-REGIONAL-FLAG	CH-STANDARD	app	STYLE_ID=red-envelope; SKELETON=SK-INBOX-ZERO; TYPE_ERA=TY-DISPLAY-EXTREME; CONTROL=ticket; MATERIAL=camo-cloth; COLOUR_STRAT=CS-REGIONAL-FLAG; CHROME=CH-STANDARD; FEEL=celebration gold red care
C2085	research-institute	Research Institute	internet-expanded	SK-STUDIO-CANVAS	TY-SERIF-TEXT	sharp-0	high-vis-mesh	CS-BRAND-LOCKUP	CH-APP	app	STYLE_ID=research-institute; SKELETON=SK-STUDIO-CANVAS; TYPE_ERA=TY-SERIF-TEXT; CONTROL=sharp-0; MATERIAL=high-vis-mesh; COLOUR_STRAT=CS-BRAND-LOCKUP; CHROME=CH-APP; FEEL=papers diagrams calm
C2086	resort-brutal	Brutalist Resort	internet-expanded	SK-COMPARISON	TY-GROTESQUE	sharp-0	safety-yellow-paint	CS-MONO-PLUS	CH-DENSE	marketing	STYLE_ID=resort-brutal; SKELETON=SK-COMPARISON; TYPE_ERA=TY-GROTESQUE; CONTROL=sharp-0; MATERIAL=safety-yellow-paint; COLOUR_STRAT=CS-MONO-PLUS; CHROME=CH-DENSE; FEEL=concrete holiday contrast
C2087	retro-future-50s	50s Retrofuture	internet-expanded	SK-PRICING-LADDER	TY-GEOMETRIC	pill	signal-flags	CS-DUOTONE	CH-IMMERSIVE	marketing	STYLE_ID=retro-future-50s; SKELETON=SK-PRICING-LADDER; TYPE_ERA=TY-GEOMETRIC; CONTROL=pill; MATERIAL=signal-flags; COLOUR_STRAT=CS-DUOTONE; CHROME=CH-IMMERSIVE; FEEL=atom cars optimism
C2088	ribbon	Ribbon	internet-expanded	SK-MANIFEST-LIST	TY-DIDONE-LUX	ticket	tide-pool	CS-PRIMARY-TRIO	CH-NONE	app	STYLE_ID=ribbon; SKELETON=SK-MANIFEST-LIST; TYPE_ERA=TY-DIDONE-LUX; CONTROL=ticket; MATERIAL=tide-pool; COLOUR_STRAT=CS-PRIMARY-TRIO; CHROME=CH-NONE; FEEL=banners awards ceremonial
C2089	riverboat	Riverboat	internet-expanded	SK-SCOREBOARD	TY-OLDSTYLE-SERIF	ticket	sea-glass	CS-TONAL	CH-MIN	app	STYLE_ID=riverboat; SKELETON=SK-SCOREBOARD; TYPE_ERA=TY-OLDSTYLE-SERIF; CONTROL=ticket; MATERIAL=sea-glass; COLOUR_STRAT=CS-TONAL; CHROME=CH-MIN; FEEL=paddle steam mark twain
C2090	road-atlas	Road Atlas	internet-expanded	SK-COCKPIT-STRIP	TY-HUMANIST	sharp-0	sandstone	CS-PAPER-INK	CH-STANDARD	app	STYLE_ID=road-atlas; SKELETON=SK-COCKPIT-STRIP; TYPE_ERA=TY-HUMANIST; CONTROL=sharp-0; MATERIAL=sandstone; COLOUR_STRAT=CS-PAPER-INK; CHROME=CH-STANDARD; FEEL=highways legends
C2091	robot-toy	Toy Robot	internet-expanded	SK-FOLIO-SPREAD	TY-GEOMETRIC	chunk-border	limestone	CS-DARK-STAGE	CH-APP	marketing	STYLE_ID=robot-toy; SKELETON=SK-FOLIO-SPREAD; TYPE_ERA=TY-GEOMETRIC; CONTROL=chunk-border; MATERIAL=limestone; COLOUR_STRAT=CS-DARK-STAGE; CHROME=CH-APP; FEEL=tin litho cute machine
C2092	rock-climbing	Climbing Gym	internet-expanded	SK-STAMP-SHEET	TY-INDUSTRIAL-COND	chunk-border	brick-industrial	CS-PASTEL-POP	CH-DENSE	marketing	STYLE_ID=rock-climbing; SKELETON=SK-STAMP-SHEET; TYPE_ERA=TY-INDUSTRIAL-COND; CONTROL=chunk-border; MATERIAL=brick-industrial; COLOUR_STRAT=CS-PASTEL-POP; CHROME=CH-DENSE; FEEL=holds chalk bright
C2093	rococo-pastel	Rococo Pastel Soft	internet-expanded	SK-DOCKED-FAB	TY-SCRIPT-SPARSE	pill	corrugated-iron	CS-SIGNAL	CH-IMMERSIVE	mobile	STYLE_ID=rococo-pastel; SKELETON=SK-DOCKED-FAB; TYPE_ERA=TY-SCRIPT-SPARSE; CONTROL=pill; MATERIAL=corrugated-iron; COLOUR_STRAT=CS-SIGNAL; CHROME=CH-IMMERSIVE; FEEL=pastel scroll soft UI
C2094	romantic-comedy	Romcom	internet-expanded	SK-PEEK-CARDS	TY-HUMANIST	pill	shipping-container	CS-PHOTO-LED	CH-NONE	mobile	STYLE_ID=romantic-comedy; SKELETON=SK-PEEK-CARDS; TYPE_ERA=TY-HUMANIST; CONTROL=pill; MATERIAL=shipping-container; COLOUR_STRAT=CS-PHOTO-LED; CHROME=CH-NONE; FEEL=warm soft focus type
C2095	rooftop-bar	Rooftop Bar	internet-expanded	SK-RADIO-TUNER	TY-DIDONE-LUX	pill	scaffold	CS-CMYK-PROCESS	CH-MIN	app	STYLE_ID=rooftop-bar; SKELETON=SK-RADIO-TUNER; TYPE_ERA=TY-DIDONE-LUX; CONTROL=pill; MATERIAL=scaffold; COLOUR_STRAT=CS-CMYK-PROCESS; CHROME=CH-MIN; FEEL=night skyline cocktails
C2096	rubber-hose	Rubber Hose Animation	internet-expanded	SK-FILMSTRIP	TY-ROUNDED	pill	blueprint-cyan	CS-EARTH	CH-STANDARD	marketing	STYLE_ID=rubber-hose; SKELETON=SK-FILMSTRIP; TYPE_ERA=TY-ROUNDED; CONTROL=pill; MATERIAL=blueprint-cyan; COLOUR_STRAT=CS-EARTH; CHROME=CH-STANDARD; FEEL=1920s bouncy characters
C2097	rust-belt	Rust Belt	internet-expanded	SK-ORBIT-META	TY-INDUSTRIAL-COND	chunk-border	carbon-paper	CS-OCEAN	CH-APP	marketing	STYLE_ID=rust-belt; SKELETON=SK-ORBIT-META; TYPE_ERA=TY-INDUSTRIAL-COND; CONTROL=chunk-border; MATERIAL=carbon-paper; COLOUR_STRAT=CS-OCEAN; CHROME=CH-APP; FEEL=decay industry honest
C2098	safari-colonial-careful	Field Safari Graphic	internet-expanded	SK-SPLIT-DEPTH	TY-HUMANIST	ink-underline	thermal-receipt	CS-NEON-ON-DARK	CH-DENSE	marketing	STYLE_ID=safari-colonial-careful; SKELETON=SK-SPLIT-DEPTH; TYPE_ERA=TY-HUMANIST; CONTROL=ink-underline; MATERIAL=thermal-receipt; COLOUR_STRAT=CS-NEON-ON-DARK; CHROME=CH-DENSE; FEEL=field notes careful not stereotype
C2099	sailcloth	Sailcloth	internet-expanded	SK-CHECKOUT-TUNNEL	TY-HUMANIST	chunk-border	dot-matrix	CS-DESAT-CORP	CH-IMMERSIVE	marketing	STYLE_ID=sailcloth; SKELETON=SK-CHECKOUT-TUNNEL; TYPE_ERA=TY-HUMANIST; CONTROL=chunk-border; MATERIAL=dot-matrix; COLOUR_STRAT=CS-DESAT-CORP; CHROME=CH-IMMERSIVE; FEEL=nautical fabric hardware
C2100	salon-hair	Hair Salon	internet-expanded	SK-CHAT-THREAD	TY-DIDONE-LUX	pill	polaroid	CS-HIGH-KEY	CH-NONE	app	STYLE_ID=salon-hair; SKELETON=SK-CHAT-THREAD; TYPE_ERA=TY-DIDONE-LUX; CONTROL=pill; MATERIAL=polaroid; COLOUR_STRAT=CS-HIGH-KEY; CHROME=CH-NONE; FEEL=gloss mirrors fashion
C2101	sandcastle	Sandcastle	internet-expanded	SK-NOTIFICATION-STACK	TY-ROUNDED	pill	film-grain	CS-LOW-KEY	CH-MIN	mobile	STYLE_ID=sandcastle; SKELETON=SK-NOTIFICATION-STACK; TYPE_ERA=TY-ROUNDED; CONTROL=pill; MATERIAL=film-grain; COLOUR_STRAT=CS-LOW-KEY; CHROME=CH-MIN; FEEL=temporary playful grain
C2102	sauna	Sauna	internet-expanded	SK-DIRECTORY	TY-HUMANIST	soft-rect	halftone-print	CS-SEPIA	CH-STANDARD	app	STYLE_ID=sauna; SKELETON=SK-DIRECTORY; TYPE_ERA=TY-HUMANIST; CONTROL=soft-rect; MATERIAL=halftone-print; COLOUR_STRAT=CS-SEPIA; CHROME=CH-STANDARD; FEEL=wood heat steam calm
C2103	sci-fi-minimal	Minimal Sci-Fi	internet-expanded	SK-ATLAS-PLATES	TY-GROTESK-SOFT	sharp-0	risograph	CS-INVERTED	CH-APP	marketing	STYLE_ID=sci-fi-minimal; SKELETON=SK-ATLAS-PLATES; TYPE_ERA=TY-GROTESK-SOFT; CONTROL=sharp-0; MATERIAL=risograph; COLOUR_STRAT=CS-INVERTED; CHROME=CH-APP; FEEL=clean future sparse
C2104	scrapbook	Scrapbook	internet-expanded	SK-HERO-SPLIT	TY-MIXED-HIGH-CONTRAST	ticket	screenprint	CS-REGIONAL-FLAG	CH-DENSE	marketing	STYLE_ID=scrapbook; SKELETON=SK-HERO-SPLIT; TYPE_ERA=TY-MIXED-HIGH-CONTRAST; CONTROL=ticket; MATERIAL=screenprint; COLOUR_STRAT=CS-REGIONAL-FLAG; CHROME=CH-DENSE; FEEL=photos tape ephemera
C2105	scuba	Scuba	internet-expanded	SK-SINGLE-STICKY	TY-MONO-DATA	chunk-border	watercolor-wash	CS-BRAND-LOCKUP	CH-IMMERSIVE	marketing	STYLE_ID=scuba; SKELETON=SK-SINGLE-STICKY; TYPE_ERA=TY-MONO-DATA; CONTROL=chunk-border; MATERIAL=watercolor-wash; COLOUR_STRAT=CS-BRAND-LOCKUP; CHROME=CH-IMMERSIVE; FEEL=depth gauges blue
C2106	sculptural	Sculptural UI	internet-expanded	SK-EDITORIAL-LONG	TY-GROTESK-SOFT	soft-rect	ink-wash	CS-MONO-PLUS	CH-NONE	marketing	STYLE_ID=sculptural; SKELETON=SK-EDITORIAL-LONG; TYPE_ERA=TY-GROTESK-SOFT; CONTROL=soft-rect; MATERIAL=ink-wash; COLOUR_STRAT=CS-MONO-PLUS; CHROME=CH-NONE; FEEL=forms as structure 3D
C2107	seafood-shack	Seafood Shack	internet-expanded	SK-BENTO	TY-SLAB	chunk-border	sumi-ink	CS-DUOTONE	CH-MIN	marketing	STYLE_ID=seafood-shack; SKELETON=SK-BENTO; TYPE_ERA=TY-SLAB; CONTROL=chunk-border; MATERIAL=sumi-ink; COLOUR_STRAT=CS-DUOTONE; CHROME=CH-MIN; FEEL=picnic tables salt
C2108	secret-society	Secret Society	internet-expanded	SK-TABLE-FIRST	TY-OLDSTYLE-SERIF	ticket	gold-leaf	CS-PRIMARY-TRIO	CH-STANDARD	app	STYLE_ID=secret-society; SKELETON=SK-TABLE-FIRST; TYPE_ERA=TY-OLDSTYLE-SERIF; CONTROL=ticket; MATERIAL=gold-leaf; COLOUR_STRAT=CS-PRIMARY-TRIO; CHROME=CH-STANDARD; FEEL=seals wax mystery
C2109	seersucker	Seersucker Summer	internet-expanded	SK-TIMELINE	TY-HUMANIST	soft-rect	lacquer	CS-TONAL	CH-APP	app	STYLE_ID=seersucker; SKELETON=SK-TIMELINE; TYPE_ERA=TY-HUMANIST; CONTROL=soft-rect; MATERIAL=lacquer; COLOUR_STRAT=CS-TONAL; CHROME=CH-APP; FEEL=striped light south
C2110	sewer	Sewer Punk	internet-expanded	SK-MAP-STAGE	TY-MONO-DATA	chunk-border	jade	CS-PAPER-INK	CH-DENSE	app	STYLE_ID=sewer; SKELETON=SK-MAP-STAGE; TYPE_ERA=TY-MONO-DATA; CONTROL=chunk-border; MATERIAL=jade; COLOUR_STRAT=CS-PAPER-INK; CHROME=CH-DENSE; FEEL=underground pipes grime
C2111	sewing-pattern	Sewing Pattern	internet-expanded	SK-BOARD-KANBAN	TY-SYSTEM-RAW	sharp-0	lacquer-red	CS-DARK-STAGE	CH-IMMERSIVE	app	STYLE_ID=sewing-pattern; SKELETON=SK-BOARD-KANBAN; TYPE_ERA=TY-SYSTEM-RAW; CONTROL=sharp-0; MATERIAL=lacquer-red; COLOUR_STRAT=CS-DARK-STAGE; CHROME=CH-IMMERSIVE; FEEL=tissue notches grainlines
C2112	shipyard	Shipyard	internet-expanded	SK-TICKET-STUB	TY-INDUSTRIAL-COND	chunk-border	indigo-dye	CS-PASTEL-POP	CH-NONE	marketing	STYLE_ID=shipyard; SKELETON=SK-TICKET-STUB; TYPE_ERA=TY-INDUSTRIAL-COND; CONTROL=chunk-border; MATERIAL=indigo-dye; COLOUR_STRAT=CS-PASTEL-POP; CHROME=CH-NONE; FEEL=cranes steel harbour
C2113	shoegaze	Shoegaze	internet-expanded	SK-LEDGER	TY-GROTESK-SOFT	soft-rect	mudcloth	CS-SIGNAL	CH-MIN	app	STYLE_ID=shoegaze; SKELETON=SK-LEDGER; TYPE_ERA=TY-GROTESK-SOFT; CONTROL=soft-rect; MATERIAL=mudcloth; COLOUR_STRAT=CS-SIGNAL; CHROME=CH-MIN; FEEL=blur dream guitar
C2114	shop-front	High Street Shopfront	internet-expanded	SK-TERMINAL	TY-HUMANIST	chunk-border	batik	CS-PHOTO-LED	CH-STANDARD	app	STYLE_ID=shop-front; SKELETON=SK-TERMINAL; TYPE_ERA=TY-HUMANIST; CONTROL=chunk-border; MATERIAL=batik; COLOUR_STRAT=CS-PHOTO-LED; CHROME=CH-STANDARD; FEEL=awnings painted wood
C2115	sixties-mod	60s Mod	internet-expanded	SK-POSTER	TY-GEOMETRIC	sharp-0	retro-formica	CS-CMYK-PROCESS	CH-APP	marketing	STYLE_ID=sixties-mod; SKELETON=SK-POSTER; TYPE_ERA=TY-GEOMETRIC; CONTROL=sharp-0; MATERIAL=retro-formica; COLOUR_STRAT=CS-CMYK-PROCESS; CHROME=CH-APP; FEEL=target circles sharp fashion
C2116	sketch-app	Sketch App Classic	internet-expanded	SK-BOTTOM-SHEET	TY-GROTESK-SOFT	soft-rect	linoleum	CS-EARTH	CH-DENSE	mobile	STYLE_ID=sketch-app; SKELETON=SK-BOTTOM-SHEET; TYPE_ERA=TY-GROTESK-SOFT; CONTROL=soft-rect; MATERIAL=linoleum; COLOUR_STRAT=CS-EARTH; CHROME=CH-DENSE; FEEL=artboard layers light
C2117	ski-resort	Ski Resort	internet-expanded	SK-TAB-DECK	TY-INDUSTRIAL-COND	sharp-0	motel-neon	CS-OCEAN	CH-IMMERSIVE	mobile	STYLE_ID=ski-resort; SKELETON=SK-TAB-DECK; TYPE_ERA=TY-INDUSTRIAL-COND; CONTROL=sharp-0; MATERIAL=motel-neon; COLOUR_STRAT=CS-OCEAN; CHROME=CH-IMMERSIVE; FEEL=snow red lift
C2118	sky-writing	Sky Writing	internet-expanded	SK-WIZARD-STEPS	TY-DISPLAY-EXTREME	ink-underline	diner-chrome	CS-NEON-ON-DARK	CH-NONE	app	STYLE_ID=sky-writing; SKELETON=SK-WIZARD-STEPS; TYPE_ERA=TY-DISPLAY-EXTREME; CONTROL=ink-underline; MATERIAL=diner-chrome; COLOUR_STRAT=CS-NEON-ON-DARK; CHROME=CH-NONE; FEEL=air type ephemeral
C2119	slate	Slate	internet-expanded	SK-SPLIT-INSPECTOR	TY-GROTESQUE	sharp-0	arcade-cabinet	CS-DESAT-CORP	CH-MIN	app	STYLE_ID=slate; SKELETON=SK-SPLIT-INSPECTOR; TYPE_ERA=TY-GROTESQUE; CONTROL=sharp-0; MATERIAL=arcade-cabinet; COLOUR_STRAT=CS-DESAT-CORP; CHROME=CH-MIN; FEEL=stone chalk grey-blue
C2120	smog-city	Smog City	internet-expanded	SK-DASH-METRIC	TY-GROTESK-SOFT	sharp-0	pinball-glass	CS-HIGH-KEY	CH-STANDARD	app	STYLE_ID=smog-city; SKELETON=SK-DASH-METRIC; TYPE_ERA=TY-GROTESK-SOFT; CONTROL=sharp-0; MATERIAL=pinball-glass; COLOUR_STRAT=CS-HIGH-KEY; CHROME=CH-STANDARD; FEEL=polluted orange dusk
C2121	soda-fountain	Soda Fountain	internet-expanded	SK-GALLERY-INDEX	TY-ROUNDED	pill	flight-case	CS-LOW-KEY	CH-APP	marketing	STYLE_ID=soda-fountain; SKELETON=SK-GALLERY-INDEX; TYPE_ERA=TY-ROUNDED; CONTROL=pill; MATERIAL=flight-case; COLOUR_STRAT=CS-LOW-KEY; CHROME=CH-APP; FEEL=chrome stools pastel
C2122	soft-grunge	Soft Grunge	internet-expanded	SK-ZINE-COLLAGE	TY-MIXED-HIGH-CONTRAST	soft-rect	gaffer-tape	CS-SEPIA	CH-DENSE	marketing	STYLE_ID=soft-grunge; SKELETON=SK-ZINE-COLLAGE; TYPE_ERA=TY-MIXED-HIGH-CONTRAST; CONTROL=soft-rect; MATERIAL=gaffer-tape; COLOUR_STRAT=CS-SEPIA; CHROME=CH-DENSE; FEEL=muted 2014 tumblr
C2123	solar	Solar	internet-expanded	SK-BRUTAL-BLOCKS	TY-GEOMETRIC	sharp-0	glow-tape	CS-INVERTED	CH-IMMERSIVE	any	STYLE_ID=solar; SKELETON=SK-BRUTAL-BLOCKS; TYPE_ERA=TY-GEOMETRIC; CONTROL=sharp-0; MATERIAL=glow-tape; COLOUR_STRAT=CS-INVERTED; CHROME=CH-IMMERSIVE; FEEL=panels sun yellow tech
C2124	spa-japanese	Onsen Minimal	internet-expanded	SK-RAIL-DOCK	TY-SERIF-TEXT	ink-underline	stage-blackout	CS-REGIONAL-FLAG	CH-NONE	app	STYLE_ID=spa-japanese; SKELETON=SK-RAIL-DOCK; TYPE_ERA=TY-SERIF-TEXT; CONTROL=ink-underline; MATERIAL=stage-blackout; COLOUR_STRAT=CS-REGIONAL-FLAG; CHROME=CH-NONE; FEEL=stone water steam quiet
C2125	space-agency	Space Agency	internet-expanded	SK-CENTER-STAGE	TY-GROTESQUE	sharp-0	lab-laminate	CS-BRAND-LOCKUP	CH-MIN	marketing	STYLE_ID=space-agency; SKELETON=SK-CENTER-STAGE; TYPE_ERA=TY-GROTESQUE; CONTROL=sharp-0; MATERIAL=lab-laminate; COLOUR_STRAT=CS-BRAND-LOCKUP; CHROME=CH-MIN; FEEL=patches mission type
C2126	speakeasy	Speakeasy	internet-expanded	SK-NEWS-RIVER	TY-DIDONE-LUX	ink-underline	petri-clear	CS-MONO-PLUS	CH-STANDARD	app	STYLE_ID=speakeasy; SKELETON=SK-NEWS-RIVER; TYPE_ERA=TY-DIDONE-LUX; CONTROL=ink-underline; MATERIAL=petri-clear; COLOUR_STRAT=CS-MONO-PLUS; CHROME=CH-STANDARD; FEEL=hidden door gold dark
C2127	spice-market	Spice Market	internet-expanded	SK-CALENDAR-SPINE	TY-HUMANIST	chunk-border	hospital-scrub	CS-DUOTONE	CH-APP	app	STYLE_ID=spice-market; SKELETON=SK-CALENDAR-SPINE; TYPE_ERA=TY-HUMANIST; CONTROL=chunk-border; MATERIAL=hospital-scrub; COLOUR_STRAT=CS-DUOTONE; CHROME=CH-APP; FEEL=warm piles colour
C2128	sportswear-90s	90s Sportswear	internet-expanded	SK-MASONRY	TY-INDUSTRIAL-COND	pill	clinic-white	CS-PRIMARY-TRIO	CH-DENSE	marketing	STYLE_ID=sportswear-90s; SKELETON=SK-MASONRY; TYPE_ERA=TY-INDUSTRIAL-COND; CONTROL=pill; MATERIAL=clinic-white; COLOUR_STRAT=CS-PRIMARY-TRIO; CHROME=CH-DENSE; FEEL=neon windbreaker
C2129	stained-glass	Stained Glass	internet-expanded	SK-SPLIT-DIAGONAL	TY-OLDSTYLE-SERIF	ink-underline	school-linoleum	CS-TONAL	CH-IMMERSIVE	marketing	STYLE_ID=stained-glass; SKELETON=SK-SPLIT-DIAGONAL; TYPE_ERA=TY-OLDSTYLE-SERIF; CONTROL=ink-underline; MATERIAL=school-linoleum; COLOUR_STRAT=CS-TONAL; CHROME=CH-IMMERSIVE; FEEL=lead lines coloured light
C2130	stationers	Stationers	internet-expanded	SK-FRAME-IN-FRAME	TY-HUMANIST	ink-underline	gym-floor	CS-PAPER-INK	CH-NONE	marketing	STYLE_ID=stationers; SKELETON=SK-FRAME-IN-FRAME; TYPE_ERA=TY-HUMANIST; CONTROL=ink-underline; MATERIAL=gym-floor; COLOUR_STRAT=CS-PAPER-INK; CHROME=CH-NONE; FEEL=ruled pads stamps
C2131	steam-railway	Steam Railway	internet-expanded	SK-SIDE-SCROLL	TY-HUMANIST	ticket	library-oak	CS-DARK-STAGE	CH-MIN	marketing	STYLE_ID=steam-railway; SKELETON=SK-SIDE-SCROLL; TYPE_ERA=TY-HUMANIST; CONTROL=ticket; MATERIAL=library-oak; COLOUR_STRAT=CS-DARK-STAGE; CHROME=CH-MIN; FEEL=timetables enamel
C2132	steel-mill	Steel Mill	internet-expanded	SK-FIXED-TOC	TY-INDUSTRIAL-COND	chunk-border	archive-box	CS-PASTEL-POP	CH-STANDARD	marketing	STYLE_ID=steel-mill; SKELETON=SK-FIXED-TOC; TYPE_ERA=TY-INDUSTRIAL-COND; CONTROL=chunk-border; MATERIAL=archive-box; COLOUR_STRAT=CS-PASTEL-POP; CHROME=CH-STANDARD; FEEL=heat orange industry
C2133	stencil-street	Street Stencil	internet-expanded	SK-COMMAND-CENTER	TY-STENCIL	sharp-0	manila-folder	CS-SIGNAL	CH-APP	app	STYLE_ID=stencil-street; SKELETON=SK-COMMAND-CENTER; TYPE_ERA=TY-STENCIL; CONTROL=sharp-0; MATERIAL=manila-folder; COLOUR_STRAT=CS-SIGNAL; CHROME=CH-APP; FEEL=protest spray quick
C2134	stone-circle	Stone Circle	internet-expanded	SK-INBOX-ZERO	TY-OLDSTYLE-SERIF	ink-underline	passport-cover	CS-PHOTO-LED	CH-DENSE	app	STYLE_ID=stone-circle; SKELETON=SK-INBOX-ZERO; TYPE_ERA=TY-OLDSTYLE-SERIF; CONTROL=ink-underline; MATERIAL=passport-cover; COLOUR_STRAT=CS-PHOTO-LED; CHROME=CH-DENSE; FEEL=ancient quiet land
C2135	subway-map	Subway Map	internet-expanded	SK-STUDIO-CANVAS	TY-HUMANIST	sharp-0	banknote-guilloche	CS-CMYK-PROCESS	CH-IMMERSIVE	app	STYLE_ID=subway-map; SKELETON=SK-STUDIO-CANVAS; TYPE_ERA=TY-HUMANIST; CONTROL=sharp-0; MATERIAL=banknote-guilloche; COLOUR_STRAT=CS-CMYK-PROCESS; CHROME=CH-IMMERSIVE; FEEL=lines transfers colour code
C2136	sugar-high	Sugar High	internet-expanded	SK-COMPARISON	TY-ROUNDED	pill	circuit-board	CS-EARTH	CH-NONE	marketing	STYLE_ID=sugar-high; SKELETON=SK-COMPARISON; TYPE_ERA=TY-ROUNDED; CONTROL=pill; MATERIAL=circuit-board; COLOUR_STRAT=CS-EARTH; CHROME=CH-NONE; FEEL=candy hyper colour
C2137	summit	Summit	internet-expanded	SK-PRICING-LADDER	TY-GROTESQUE	sharp-0	server-rack	CS-OCEAN	CH-MIN	marketing	STYLE_ID=summit; SKELETON=SK-PRICING-LADDER; TYPE_ERA=TY-GROTESQUE; CONTROL=sharp-0; MATERIAL=server-rack; COLOUR_STRAT=CS-OCEAN; CHROME=CH-MIN; FEEL=alpine sparse air
C2138	supermarket-japan	JP Supermarket	internet-expanded	SK-MANIFEST-LIST	TY-GROTESK-SOFT	soft-rect	vacuum-tube	CS-NEON-ON-DARK	CH-STANDARD	app	STYLE_ID=supermarket-japan; SKELETON=SK-MANIFEST-LIST; TYPE_ERA=TY-GROTESK-SOFT; CONTROL=soft-rect; MATERIAL=vacuum-tube; COLOUR_STRAT=CS-NEON-ON-DARK; CHROME=CH-STANDARD; FEEL=dense labels polite
C2139	surf-shack	Surf Shack	internet-expanded	SK-SCOREBOARD	TY-HUMANIST	chunk-border	space-blanket	CS-DESAT-CORP	CH-APP	app	STYLE_ID=surf-shack; SKELETON=SK-SCOREBOARD; TYPE_ERA=TY-HUMANIST; CONTROL=chunk-border; MATERIAL=space-blanket; COLOUR_STRAT=CS-DESAT-CORP; CHROME=CH-APP; FEEL=wax boards salt wood
C2140	surgical	Surgical	internet-expanded	SK-COCKPIT-STRIP	TY-MONO-DATA	sharp-0	astronaut-white	CS-HIGH-KEY	CH-DENSE	app	STYLE_ID=surgical; SKELETON=SK-COCKPIT-STRIP; TYPE_ERA=TY-MONO-DATA; CONTROL=sharp-0; MATERIAL=astronaut-white; COLOUR_STRAT=CS-HIGH-KEY; CHROME=CH-DENSE; FEEL=extreme clinical precision
C2141	swamp	Swamp	internet-expanded	SK-FOLIO-SPREAD	TY-HUMANIST	chunk-border	mission-control	CS-LOW-KEY	CH-IMMERSIVE	marketing	STYLE_ID=swamp; SKELETON=SK-FOLIO-SPREAD; TYPE_ERA=TY-HUMANIST; CONTROL=chunk-border; MATERIAL=mission-control; COLOUR_STRAT=CS-LOW-KEY; CHROME=CH-IMMERSIVE; FEEL=humid green murk
C2142	sweater-weather	Sweater Weather	internet-expanded	SK-STAMP-SHEET	TY-HUMANIST	soft-rect	radar-green	CS-SEPIA	CH-NONE	marketing	STYLE_ID=sweater-weather; SKELETON=SK-STAMP-SHEET; TYPE_ERA=TY-HUMANIST; CONTROL=soft-rect; MATERIAL=radar-green; COLOUR_STRAT=CS-SEPIA; CHROME=CH-NONE; FEEL=knit warm autumn
C2143	synthetic-biology	Synbio	internet-expanded	SK-DOCKED-FAB	TY-MONO-DATA	sharp-0	newsprint	CS-INVERTED	CH-MIN	mobile	STYLE_ID=synthetic-biology; SKELETON=SK-DOCKED-FAB; TYPE_ERA=TY-MONO-DATA; CONTROL=sharp-0; MATERIAL=newsprint; COLOUR_STRAT=CS-INVERTED; CHROME=CH-MIN; FEEL=lab future organic tech
C2144	tableau-classic	Classic Infographic	internet-expanded	SK-PEEK-CARDS	TY-GROTESK-SOFT	soft-rect	kraft-paper	CS-REGIONAL-FLAG	CH-STANDARD	mobile	STYLE_ID=tableau-classic; SKELETON=SK-PEEK-CARDS; TYPE_ERA=TY-GROTESK-SOFT; CONTROL=soft-rect; MATERIAL=kraft-paper; COLOUR_STRAT=CS-REGIONAL-FLAG; CHROME=CH-STANDARD; FEEL=charticle 2010s
C2145	tavern	Tavern	internet-expanded	SK-RADIO-TUNER	TY-OLDSTYLE-SERIF	chunk-border	cream-cotton	CS-BRAND-LOCKUP	CH-APP	app	STYLE_ID=tavern; SKELETON=SK-RADIO-TUNER; TYPE_ERA=TY-OLDSTYLE-SERIF; CONTROL=chunk-border; MATERIAL=cream-cotton; COLOUR_STRAT=CS-BRAND-LOCKUP; CHROME=CH-APP; FEEL=wood ale warm
C2146	taxi	Taxi	internet-expanded	SK-FILMSTRIP	TY-INDUSTRIAL-COND	sharp-0	tar-paper	CS-MONO-PLUS	CH-DENSE	marketing	STYLE_ID=taxi; SKELETON=SK-FILMSTRIP; TYPE_ERA=TY-INDUSTRIAL-COND; CONTROL=sharp-0; MATERIAL=tar-paper; COLOUR_STRAT=CS-MONO-PLUS; CHROME=CH-DENSE; FEEL=yellow black city
C2147	tea-ceremony	Tea Ceremony Inspired	internet-expanded	SK-ORBIT-META	TY-SERIF-TEXT	ink-underline	oak-timber	CS-DUOTONE	CH-IMMERSIVE	marketing	STYLE_ID=tea-ceremony; SKELETON=SK-ORBIT-META; TYPE_ERA=TY-SERIF-TEXT; CONTROL=ink-underline; MATERIAL=oak-timber; COLOUR_STRAT=CS-DUOTONE; CHROME=CH-IMMERSIVE; FEEL=spare ritual calm
C2148	techwear	Techwear	internet-expanded	SK-SPLIT-DEPTH	TY-GROTESK-SOFT	sharp-0	teak	CS-PRIMARY-TRIO	CH-NONE	marketing	STYLE_ID=techwear; SKELETON=SK-SPLIT-DEPTH; TYPE_ERA=TY-GROTESK-SOFT; CONTROL=sharp-0; MATERIAL=teak; COLOUR_STRAT=CS-PRIMARY-TRIO; CHROME=CH-NONE; FEEL=black modular utility
C2149	temple-quiet	Temple Quiet	internet-expanded	SK-CHECKOUT-TUNNEL	TY-SERIF-TEXT	ink-underline	brushed-steel	CS-TONAL	CH-MIN	marketing	STYLE_ID=temple-quiet; SKELETON=SK-CHECKOUT-TUNNEL; TYPE_ERA=TY-SERIF-TEXT; CONTROL=ink-underline; MATERIAL=brushed-steel; COLOUR_STRAT=CS-TONAL; CHROME=CH-MIN; FEEL=stone quiet threshold
C2150	tennis-club	Tennis Club	internet-expanded	SK-CHAT-THREAD	TY-HUMANIST	soft-rect	polished-brass	CS-PAPER-INK	CH-STANDARD	app	STYLE_ID=tennis-club; SKELETON=SK-CHAT-THREAD; TYPE_ERA=TY-HUMANIST; CONTROL=soft-rect; MATERIAL=polished-brass; COLOUR_STRAT=CS-PAPER-INK; CHROME=CH-STANDARD; FEEL=white green preppy sport
C2151	terminal-amber	Amber Terminal	internet-expanded	SK-NOTIFICATION-STACK	TY-MONO-DATA	sharp-0	enamel-sign	CS-DARK-STAGE	CH-APP	mobile	STYLE_ID=terminal-amber; SKELETON=SK-NOTIFICATION-STACK; TYPE_ERA=TY-MONO-DATA; CONTROL=sharp-0; MATERIAL=enamel-sign; COLOUR_STRAT=CS-DARK-STAGE; CHROME=CH-APP; FEEL=warm phosphor classic
C2152	terminal-green	Green Terminal	internet-expanded	SK-DIRECTORY	TY-MONO-DATA	sharp-0	wet-asphalt	CS-PASTEL-POP	CH-DENSE	app	STYLE_ID=terminal-green; SKELETON=SK-DIRECTORY; TYPE_ERA=TY-MONO-DATA; CONTROL=sharp-0; MATERIAL=wet-asphalt; COLOUR_STRAT=CS-PASTEL-POP; CHROME=CH-DENSE; FEEL=classic phosphor
C2153	terracotta-army	Terracotta Inspired	internet-expanded	SK-ATLAS-PLATES	TY-HUMANIST	sharp-0	concrete	CS-SIGNAL	CH-IMMERSIVE	marketing	STYLE_ID=terracotta-army; SKELETON=SK-ATLAS-PLATES; TYPE_ERA=TY-HUMANIST; CONTROL=sharp-0; MATERIAL=concrete; COLOUR_STRAT=CS-SIGNAL; CHROME=CH-IMMERSIVE; FEEL=earth ranks pattern care
C2154	textile-mill	Textile Mill	internet-expanded	SK-HERO-SPLIT	TY-INDUSTRIAL-COND	chunk-border	terrazzo	CS-PHOTO-LED	CH-NONE	marketing	STYLE_ID=textile-mill; SKELETON=SK-HERO-SPLIT; TYPE_ERA=TY-INDUSTRIAL-COND; CONTROL=chunk-border; MATERIAL=terrazzo; COLOUR_STRAT=CS-PHOTO-LED; CHROME=CH-NONE; FEEL=looms thread industry
C2155	theater-backstage	Backstage	internet-expanded	SK-SINGLE-STICKY	TY-SYSTEM-RAW	chunk-border	marble	CS-CMYK-PROCESS	CH-MIN	marketing	STYLE_ID=theater-backstage; SKELETON=SK-SINGLE-STICKY; TYPE_ERA=TY-SYSTEM-RAW; CONTROL=chunk-border; MATERIAL=marble; COLOUR_STRAT=CS-CMYK-PROCESS; CHROME=CH-MIN; FEEL=glow tape black
C2156	tide-pool-sci	Tide Pool Science	internet-expanded	SK-EDITORIAL-LONG	TY-SERIF-TEXT	ink-underline	granite	CS-EARTH	CH-STANDARD	marketing	STYLE_ID=tide-pool-sci; SKELETON=SK-EDITORIAL-LONG; TYPE_ERA=TY-SERIF-TEXT; CONTROL=ink-underline; MATERIAL=granite; COLOUR_STRAT=CS-EARTH; CHROME=CH-STANDARD; FEEL=creatures catalog
C2157	tin-ceiling	Tin Ceiling	internet-expanded	SK-BENTO	TY-DIDONE-LUX	ink-underline	glass-frost	CS-OCEAN	CH-APP	marketing	STYLE_ID=tin-ceiling; SKELETON=SK-BENTO; TYPE_ERA=TY-DIDONE-LUX; CONTROL=ink-underline; MATERIAL=glass-frost; COLOUR_STRAT=CS-OCEAN; CHROME=CH-APP; FEEL=pressed metal ornate
C2158	toolbox	Toolbox	internet-expanded	SK-TABLE-FIRST	TY-INDUSTRIAL-COND	chunk-border	smoked-glass	CS-NEON-ON-DARK	CH-DENSE	app	STYLE_ID=toolbox; SKELETON=SK-TABLE-FIRST; TYPE_ERA=TY-INDUSTRIAL-COND; CONTROL=chunk-border; MATERIAL=smoked-glass; COLOUR_STRAT=CS-NEON-ON-DARK; CHROME=CH-DENSE; FEEL=foam cutouts tools
C2159	topo-only	Topo Only	internet-expanded	SK-TIMELINE	TY-HUMANIST	sharp-0	acrylic	CS-DESAT-CORP	CH-IMMERSIVE	app	STYLE_ID=topo-only; SKELETON=SK-TIMELINE; TYPE_ERA=TY-HUMANIST; CONTROL=sharp-0; MATERIAL=acrylic; COLOUR_STRAT=CS-DESAT-CORP; CHROME=CH-IMMERSIVE; FEEL=contour lines pure
C2160	toy-store	Toy Store	internet-expanded	SK-MAP-STAGE	TY-ROUNDED	pill	leather-bound	CS-HIGH-KEY	CH-NONE	app	STYLE_ID=toy-store; SKELETON=SK-MAP-STAGE; TYPE_ERA=TY-ROUNDED; CONTROL=pill; MATERIAL=leather-bound; COLOUR_STRAT=CS-HIGH-KEY; CHROME=CH-NONE; FEEL=primary shelves joy
C2161	trade-show	Trade Show	internet-expanded	SK-BOARD-KANBAN	TY-GROTESK-SOFT	filled-block	parchment	CS-LOW-KEY	CH-MIN	app	STYLE_ID=trade-show; SKELETON=SK-BOARD-KANBAN; TYPE_ERA=TY-GROTESK-SOFT; CONTROL=filled-block; MATERIAL=parchment; COLOUR_STRAT=CS-LOW-KEY; CHROME=CH-MIN; FEEL=booth banners leads
C2162	train-compartment	Train Compartment	internet-expanded	SK-TICKET-STUB	TY-HUMANIST	ticket	vellum	CS-SEPIA	CH-STANDARD	marketing	STYLE_ID=train-compartment; SKELETON=SK-TICKET-STUB; TYPE_ERA=TY-HUMANIST; CONTROL=ticket; MATERIAL=vellum; COLOUR_STRAT=CS-SEPIA; CHROME=CH-STANDARD; FEEL=window seats timetable
C2163	trench	Trench	internet-expanded	SK-LEDGER	TY-STENCIL	chunk-border	wool-felt	CS-INVERTED	CH-APP	app	STYLE_ID=trench; SKELETON=SK-LEDGER; TYPE_ERA=TY-STENCIL; CONTROL=chunk-border; MATERIAL=wool-felt; COLOUR_STRAT=CS-INVERTED; CHROME=CH-APP; FEEL=mud util military careful
C2164	tribal-tech	Tribal-Tech Hybrid careful	internet-expanded	SK-TERMINAL	TY-MIXED-HIGH-CONTRAST	sharp-0	denim	CS-REGIONAL-FLAG	CH-DENSE	app	STYLE_ID=tribal-tech; SKELETON=SK-TERMINAL; TYPE_ERA=TY-MIXED-HIGH-CONTRAST; CONTROL=sharp-0; MATERIAL=denim; COLOUR_STRAT=CS-REGIONAL-FLAG; CHROME=CH-DENSE; FEEL=pattern + HUD careful
C2165	tropical-modernism	Tropical Modernism	internet-expanded	SK-POSTER	TY-HUMANIST	soft-rect	canvas-sail	CS-BRAND-LOCKUP	CH-IMMERSIVE	marketing	STYLE_ID=tropical-modernism; SKELETON=SK-POSTER; TYPE_ERA=TY-HUMANIST; CONTROL=soft-rect; MATERIAL=canvas-sail; COLOUR_STRAT=CS-BRAND-LOCKUP; CHROME=CH-IMMERSIVE; FEEL=climate modern shade
C2166	truck-stop	Truck Stop	internet-expanded	SK-BOTTOM-SHEET	TY-INDUSTRIAL-COND	chunk-border	rope-hemp	CS-MONO-PLUS	CH-NONE	mobile	STYLE_ID=truck-stop; SKELETON=SK-BOTTOM-SHEET; TYPE_ERA=TY-INDUSTRIAL-COND; CONTROL=chunk-border; MATERIAL=rope-hemp; COLOUR_STRAT=CS-MONO-PLUS; CHROME=CH-NONE; FEEL=highway coffee neon
C2167	typewriter	Typewriter	internet-expanded	SK-TAB-DECK	TY-MONO-DATA	ink-underline	vinyl-black	CS-DUOTONE	CH-MIN	mobile	STYLE_ID=typewriter; SKELETON=SK-TAB-DECK; TYPE_ERA=TY-MONO-DATA; CONTROL=ink-underline; MATERIAL=vinyl-black; COLOUR_STRAT=CS-DUOTONE; CHROME=CH-MIN; FEEL=monospace letters ink
C2168	typography-only	Typography Only	internet-expanded	SK-WIZARD-STEPS	TY-DISPLAY-EXTREME	ink-underline	chrome-metal	CS-PRIMARY-TRIO	CH-STANDARD	app	STYLE_ID=typography-only; SKELETON=SK-WIZARD-STEPS; TYPE_ERA=TY-DISPLAY-EXTREME; CONTROL=ink-underline; MATERIAL=chrome-metal; COLOUR_STRAT=CS-PRIMARY-TRIO; CHROME=CH-STANDARD; FEEL=no images type composition
C2169	underground-club	Underground Club	internet-expanded	SK-SPLIT-INSPECTOR	TY-DISPLAY-EXTREME	sharp-0	anodised-aluminium	CS-TONAL	CH-APP	app	STYLE_ID=underground-club; SKELETON=SK-SPLIT-INSPECTOR; TYPE_ERA=TY-DISPLAY-EXTREME; CONTROL=sharp-0; MATERIAL=anodised-aluminium; COLOUR_STRAT=CS-TONAL; CHROME=CH-APP; FEEL=black light low fi
C2170	university-lab	University Lab	internet-expanded	SK-DASH-METRIC	TY-SERIF-TEXT	sharp-0	bakelite	CS-PAPER-INK	CH-DENSE	app	STYLE_ID=university-lab; SKELETON=SK-DASH-METRIC; TYPE_ERA=TY-SERIF-TEXT; CONTROL=sharp-0; MATERIAL=bakelite; COLOUR_STRAT=CS-PAPER-INK; CHROME=CH-DENSE; FEEL=grant posters diagrams
C2171	urban-gardening	Urban Gardening	internet-expanded	SK-GALLERY-INDEX	TY-HUMANIST	soft-rect	ceramic-glaze	CS-DARK-STAGE	CH-IMMERSIVE	marketing	STYLE_ID=urban-gardening; SKELETON=SK-GALLERY-INDEX; TYPE_ERA=TY-HUMANIST; CONTROL=soft-rect; MATERIAL=ceramic-glaze; COLOUR_STRAT=CS-DARK-STAGE; CHROME=CH-IMMERSIVE; FEEL=planters city green
C2172	utility-bill	Utility Bill	internet-expanded	SK-ZINE-COLLAGE	TY-SYSTEM-RAW	sharp-0	porcelain	CS-PASTEL-POP	CH-NONE	marketing	STYLE_ID=utility-bill; SKELETON=SK-ZINE-COLLAGE; TYPE_ERA=TY-SYSTEM-RAW; CONTROL=sharp-0; MATERIAL=porcelain; COLOUR_STRAT=CS-PASTEL-POP; CHROME=CH-NONE; FEEL=tables due dates plain
C2173	utopia	Utopia	internet-expanded	SK-BRUTAL-BLOCKS	TY-GEOMETRIC	soft-rect	chalkboard	CS-SIGNAL	CH-MIN	any	STYLE_ID=utopia; SKELETON=SK-BRUTAL-BLOCKS; TYPE_ERA=TY-GEOMETRIC; CONTROL=soft-rect; MATERIAL=chalkboard; COLOUR_STRAT=CS-SIGNAL; CHROME=CH-MIN; FEEL=soft future hopeful diagrams
C2174	vacation-slideshow	Vacation Slideshow	internet-expanded	SK-RAIL-DOCK	TY-HUMANIST	soft-rect	whiteboard-lab	CS-PHOTO-LED	CH-STANDARD	app	STYLE_ID=vacation-slideshow; SKELETON=SK-RAIL-DOCK; TYPE_ERA=TY-HUMANIST; CONTROL=soft-rect; MATERIAL=whiteboard-lab; COLOUR_STRAT=CS-PHOTO-LED; CHROME=CH-STANDARD; FEEL=kodak carousels
C2175	valley	Valley	internet-expanded	SK-CENTER-STAGE	TY-HUMANIST	soft-rect	crt-phosphor	CS-CMYK-PROCESS	CH-APP	marketing	STYLE_ID=valley; SKELETON=SK-CENTER-STAGE; TYPE_ERA=TY-HUMANIST; CONTROL=soft-rect; MATERIAL=crt-phosphor; COLOUR_STRAT=CS-CMYK-PROCESS; CHROME=CH-APP; FEEL=vineyard rows calm
C2176	vaudeville	Vaudeville	internet-expanded	SK-NEWS-RIVER	TY-DISPLAY-EXTREME	ticket	lcd-blue	CS-EARTH	CH-DENSE	app	STYLE_ID=vaudeville; SKELETON=SK-NEWS-RIVER; TYPE_ERA=TY-DISPLAY-EXTREME; CONTROL=ticket; MATERIAL=lcd-blue; COLOUR_STRAT=CS-EARTH; CHROME=CH-DENSE; FEEL=stage lights variety
C2177	vector-flat-2013	2013 Flat Vector	internet-expanded	SK-CALENDAR-SPINE	TY-GROTESK-SOFT	soft-rect	oled-black	CS-OCEAN	CH-IMMERSIVE	app	STYLE_ID=vector-flat-2013; SKELETON=SK-CALENDAR-SPINE; TYPE_ERA=TY-GROTESK-SOFT; CONTROL=soft-rect; MATERIAL=oled-black; COLOUR_STRAT=CS-OCEAN; CHROME=CH-IMMERSIVE; FEEL=long shadow icons
C2178	velour	Velour	internet-expanded	SK-MASONRY	TY-DIDONE-LUX	pill	neon-tube	CS-NEON-ON-DARK	CH-NONE	marketing	STYLE_ID=velour; SKELETON=SK-MASONRY; TYPE_ERA=TY-DIDONE-LUX; CONTROL=pill; MATERIAL=neon-tube; COLOUR_STRAT=CS-NEON-ON-DARK; CHROME=CH-NONE; FEEL=soft luxe 70s
C2179	venetian	Venetian	internet-expanded	SK-SPLIT-DIAGONAL	TY-DIDONE-LUX	ink-underline	led-matrix	CS-DESAT-CORP	CH-MIN	marketing	STYLE_ID=venetian; SKELETON=SK-SPLIT-DIAGONAL; TYPE_ERA=TY-DIDONE-LUX; CONTROL=ink-underline; MATERIAL=led-matrix; COLOUR_STRAT=CS-DESAT-CORP; CHROME=CH-MIN; FEEL=canals ornate decay beauty
C2180	video-store	Video Store	internet-expanded	SK-FRAME-IN-FRAME	TY-DISPLAY-EXTREME	chunk-border	holographic-foil	CS-HIGH-KEY	CH-STANDARD	marketing	STYLE_ID=video-store; SKELETON=SK-FRAME-IN-FRAME; TYPE_ERA=TY-DISPLAY-EXTREME; CONTROL=chunk-border; MATERIAL=holographic-foil; COLOUR_STRAT=CS-HIGH-KEY; CHROME=CH-STANDARD; FEEL=VHS walls neon
C2181	villa	Villa	internet-expanded	SK-SIDE-SCROLL	TY-HUMANIST	soft-rect	iridescent-film	CS-LOW-KEY	CH-APP	marketing	STYLE_ID=villa; SKELETON=SK-SIDE-SCROLL; TYPE_ERA=TY-HUMANIST; CONTROL=soft-rect; MATERIAL=iridescent-film; COLOUR_STRAT=CS-LOW-KEY; CHROME=CH-APP; FEEL=mediterranean leisure
C2182	vintage-computer	Vintage Computer	internet-expanded	SK-FIXED-TOC	TY-SYSTEM-RAW	sharp-0	bubble-plastic	CS-SEPIA	CH-DENSE	marketing	STYLE_ID=vintage-computer; SKELETON=SK-FIXED-TOC; TYPE_ERA=TY-SYSTEM-RAW; CONTROL=sharp-0; MATERIAL=bubble-plastic; COLOUR_STRAT=CS-SEPIA; CHROME=CH-DENSE; FEEL=beige CRT UI
C2183	vintage-sports	Vintage Sports	internet-expanded	SK-COMMAND-CENTER	TY-INDUSTRIAL-COND	ticket	soft-clay	CS-INVERTED	CH-IMMERSIVE	app	STYLE_ID=vintage-sports; SKELETON=SK-COMMAND-CENTER; TYPE_ERA=TY-INDUSTRIAL-COND; CONTROL=ticket; MATERIAL=soft-clay; COLOUR_STRAT=CS-INVERTED; CHROME=CH-IMMERSIVE; FEEL=letterman patches
C2184	volcanic	Volcanic	internet-expanded	SK-INBOX-ZERO	TY-GROTESQUE	sharp-0	rubber-matte	CS-REGIONAL-FLAG	CH-NONE	app	STYLE_ID=volcanic; SKELETON=SK-INBOX-ZERO; TYPE_ERA=TY-GROTESQUE; CONTROL=sharp-0; MATERIAL=rubber-matte; COLOUR_STRAT=CS-REGIONAL-FLAG; CHROME=CH-NONE; FEEL=basalt lava heat
C2185	voyager	Voyager	internet-expanded	SK-STUDIO-CANVAS	TY-GROTESQUE	sharp-0	silicone	CS-BRAND-LOCKUP	CH-MIN	app	STYLE_ID=voyager; SKELETON=SK-STUDIO-CANVAS; TYPE_ERA=TY-GROTESQUE; CONTROL=sharp-0; MATERIAL=silicone; COLOUR_STRAT=CS-BRAND-LOCKUP; CHROME=CH-MIN; FEEL=golden record space
C2186	wallpaper-william-morris	Morris Wallpaper	internet-expanded	SK-COMPARISON	TY-OLDSTYLE-SERIF	ink-underline	carbon-fibre	CS-MONO-PLUS	CH-STANDARD	marketing	STYLE_ID=wallpaper-william-morris; SKELETON=SK-COMPARISON; TYPE_ERA=TY-OLDSTYLE-SERIF; CONTROL=ink-underline; MATERIAL=carbon-fibre; COLOUR_STRAT=CS-MONO-PLUS; CHROME=CH-STANDARD; FEEL=dense botanical craft
C2187	warehouse-rave	Warehouse Rave	internet-expanded	SK-PRICING-LADDER	TY-GROTESQUE	sharp-0	camo-cloth	CS-DUOTONE	CH-APP	marketing	STYLE_ID=warehouse-rave; SKELETON=SK-PRICING-LADDER; TYPE_ERA=TY-GROTESQUE; CONTROL=sharp-0; MATERIAL=camo-cloth; COLOUR_STRAT=CS-DUOTONE; CHROME=CH-APP; FEEL=industrial dance
C2188	watercolor-soft	Soft Watercolour	internet-expanded	SK-MANIFEST-LIST	TY-HUMANIST	soft-rect	high-vis-mesh	CS-PRIMARY-TRIO	CH-DENSE	app	STYLE_ID=watercolor-soft; SKELETON=SK-MANIFEST-LIST; TYPE_ERA=TY-HUMANIST; CONTROL=soft-rect; MATERIAL=high-vis-mesh; COLOUR_STRAT=CS-PRIMARY-TRIO; CHROME=CH-DENSE; FEEL=washes edges bleed
C2189	weather-channel-90s	90s Weather	internet-expanded	SK-SCOREBOARD	TY-SYSTEM-RAW	soft-rect	safety-yellow-paint	CS-TONAL	CH-IMMERSIVE	app	STYLE_ID=weather-channel-90s; SKELETON=SK-SCOREBOARD; TYPE_ERA=TY-SYSTEM-RAW; CONTROL=soft-rect; MATERIAL=safety-yellow-paint; COLOUR_STRAT=CS-TONAL; CHROME=CH-IMMERSIVE; FEEL=maps gradients local
C2190	wedding-stationery	Wedding Stationery	internet-expanded	SK-COCKPIT-STRIP	TY-SCRIPT-SPARSE	ink-underline	signal-flags	CS-PAPER-INK	CH-NONE	app	STYLE_ID=wedding-stationery; SKELETON=SK-COCKPIT-STRIP; TYPE_ERA=TY-SCRIPT-SPARSE; CONTROL=ink-underline; MATERIAL=signal-flags; COLOUR_STRAT=CS-PAPER-INK; CHROME=CH-NONE; FEEL=calligraphy suites
C2191	weird-nature	Weird Nature	internet-expanded	SK-FOLIO-SPREAD	TY-MIXED-HIGH-CONTRAST	chunk-border	tide-pool	CS-DARK-STAGE	CH-MIN	marketing	STYLE_ID=weird-nature; SKELETON=SK-FOLIO-SPREAD; TYPE_ERA=TY-MIXED-HIGH-CONTRAST; CONTROL=chunk-border; MATERIAL=tide-pool; COLOUR_STRAT=CS-DARK-STAGE; CHROME=CH-MIN; FEEL=uncanny plants
C2192	western-saloon	Western Saloon	internet-expanded	SK-STAMP-SHEET	TY-SLAB	chunk-border	sea-glass	CS-PASTEL-POP	CH-STANDARD	marketing	STYLE_ID=western-saloon; SKELETON=SK-STAMP-SHEET; TYPE_ERA=TY-SLAB; CONTROL=chunk-border; MATERIAL=sea-glass; COLOUR_STRAT=CS-PASTEL-POP; CHROME=CH-STANDARD; FEEL=wood swinging doors
C2193	wet-market-careful	Market Fresh Graphic	internet-expanded	SK-DOCKED-FAB	TY-HUMANIST	chunk-border	sandstone	CS-SIGNAL	CH-APP	mobile	STYLE_ID=wet-market-careful; SKELETON=SK-DOCKED-FAB; TYPE_ERA=TY-HUMANIST; CONTROL=chunk-border; MATERIAL=sandstone; COLOUR_STRAT=CS-SIGNAL; CHROME=CH-APP; FEEL=produce abundance careful
C2194	whale	Whale	internet-expanded	SK-PEEK-CARDS	TY-SERIF-TEXT	ink-underline	limestone	CS-PHOTO-LED	CH-DENSE	mobile	STYLE_ID=whale; SKELETON=SK-PEEK-CARDS; TYPE_ERA=TY-SERIF-TEXT; CONTROL=ink-underline; MATERIAL=limestone; COLOUR_STRAT=CS-PHOTO-LED; CHROME=CH-DENSE; FEEL=deep blue scale awe
C2195	wheatpaste	Wheatpaste	internet-expanded	SK-RADIO-TUNER	TY-INDUSTRIAL-COND	chunk-border	brick-industrial	CS-CMYK-PROCESS	CH-IMMERSIVE	app	STYLE_ID=wheatpaste; SKELETON=SK-RADIO-TUNER; TYPE_ERA=TY-INDUSTRIAL-COND; CONTROL=chunk-border; MATERIAL=brick-industrial; COLOUR_STRAT=CS-CMYK-PROCESS; CHROME=CH-IMMERSIVE; FEEL=street posters layers
C2196	whimsical-map	Whimsical Map	internet-expanded	SK-FILMSTRIP	TY-OLDSTYLE-SERIF	ticket	corrugated-iron	CS-EARTH	CH-NONE	marketing	STYLE_ID=whimsical-map; SKELETON=SK-FILMSTRIP; TYPE_ERA=TY-OLDSTYLE-SERIF; CONTROL=ticket; MATERIAL=corrugated-iron; COLOUR_STRAT=CS-EARTH; CHROME=CH-NONE; FEEL=illustrated lands labels
C2197	white-cube	White Cube Gallery	internet-expanded	SK-ORBIT-META	TY-GROTESK-SOFT	ink-underline	shipping-container	CS-OCEAN	CH-MIN	marketing	STYLE_ID=white-cube; SKELETON=SK-ORBIT-META; TYPE_ERA=TY-GROTESK-SOFT; CONTROL=ink-underline; MATERIAL=shipping-container; COLOUR_STRAT=CS-OCEAN; CHROME=CH-MIN; FEEL=neutral art container
C2198	wilderness	Wilderness	internet-expanded	SK-SPLIT-DEPTH	TY-HUMANIST	chunk-border	scaffold	CS-NEON-ON-DARK	CH-STANDARD	marketing	STYLE_ID=wilderness; SKELETON=SK-SPLIT-DEPTH; TYPE_ERA=TY-HUMANIST; CONTROL=chunk-border; MATERIAL=scaffold; COLOUR_STRAT=CS-NEON-ON-DARK; CHROME=CH-STANDARD; FEEL=topo trail risk
C2199	windmill	Windmill	internet-expanded	SK-CHECKOUT-TUNNEL	TY-HUMANIST	soft-rect	blueprint-cyan	CS-DESAT-CORP	CH-APP	marketing	STYLE_ID=windmill; SKELETON=SK-CHECKOUT-TUNNEL; TYPE_ERA=TY-HUMANIST; CONTROL=soft-rect; MATERIAL=blueprint-cyan; COLOUR_STRAT=CS-DESAT-CORP; CHROME=CH-APP; FEEL=dutch landscape type
C2200	winter-cabin	Winter Cabin	internet-expanded	SK-CHAT-THREAD	TY-SLAB	chunk-border	carbon-paper	CS-HIGH-KEY	CH-DENSE	app	STYLE_ID=winter-cabin; SKELETON=SK-CHAT-THREAD; TYPE_ERA=TY-SLAB; CONTROL=chunk-border; MATERIAL=carbon-paper; COLOUR_STRAT=CS-HIGH-KEY; CHROME=CH-DENSE; FEEL=fire snow wood
C2201	wireframe-aesthetic	Wireframe Aesthetic	internet-expanded	SK-NOTIFICATION-STACK	TY-SYSTEM-RAW	sharp-0	thermal-receipt	CS-LOW-KEY	CH-IMMERSIVE	mobile	STYLE_ID=wireframe-aesthetic; SKELETON=SK-NOTIFICATION-STACK; TYPE_ERA=TY-SYSTEM-RAW; CONTROL=sharp-0; MATERIAL=thermal-receipt; COLOUR_STRAT=CS-LOW-KEY; CHROME=CH-IMMERSIVE; FEEL=intentionally unfinished
C2202	woodcut-modern	Modern Woodcut	internet-expanded	SK-DIRECTORY	TY-DISPLAY-EXTREME	chunk-border	dot-matrix	CS-SEPIA	CH-NONE	app	STYLE_ID=woodcut-modern; SKELETON=SK-DIRECTORY; TYPE_ERA=TY-DISPLAY-EXTREME; CONTROL=chunk-border; MATERIAL=dot-matrix; COLOUR_STRAT=CS-SEPIA; CHROME=CH-NONE; FEEL=bold carved contemporary
C2203	workshop-manual	Workshop Manual	internet-expanded	SK-ATLAS-PLATES	TY-MONO-DATA	sharp-0	polaroid	CS-INVERTED	CH-MIN	marketing	STYLE_ID=workshop-manual; SKELETON=SK-ATLAS-PLATES; TYPE_ERA=TY-MONO-DATA; CONTROL=sharp-0; MATERIAL=polaroid; COLOUR_STRAT=CS-INVERTED; CHROME=CH-MIN; FEEL=exploded diagrams
C2204	world-fair	World Fair	internet-expanded	SK-HERO-SPLIT	TY-GEOMETRIC	ticket	film-grain	CS-REGIONAL-FLAG	CH-STANDARD	marketing	STYLE_ID=world-fair; SKELETON=SK-HERO-SPLIT; TYPE_ERA=TY-GEOMETRIC; CONTROL=ticket; MATERIAL=film-grain; COLOUR_STRAT=CS-REGIONAL-FLAG; CHROME=CH-STANDARD; FEEL=expo optimism pavilions
C2205	wreck	Shipwreck	internet-expanded	SK-SINGLE-STICKY	TY-MIXED-HIGH-CONTRAST	chunk-border	halftone-print	CS-BRAND-LOCKUP	CH-APP	marketing	STYLE_ID=wreck; SKELETON=SK-SINGLE-STICKY; TYPE_ERA=TY-MIXED-HIGH-CONTRAST; CONTROL=chunk-border; MATERIAL=halftone-print; COLOUR_STRAT=CS-BRAND-LOCKUP; CHROME=CH-APP; FEEL=salt decay salvage
C2206	writing-desk	Writing Desk	internet-expanded	SK-EDITORIAL-LONG	TY-OLDSTYLE-SERIF	ink-underline	risograph	CS-MONO-PLUS	CH-DENSE	marketing	STYLE_ID=writing-desk; SKELETON=SK-EDITORIAL-LONG; TYPE_ERA=TY-OLDSTYLE-SERIF; CONTROL=ink-underline; MATERIAL=risograph; COLOUR_STRAT=CS-MONO-PLUS; CHROME=CH-DENSE; FEEL=blotter pen inkwell
C2207	xray	X-Ray	internet-expanded	SK-BENTO	TY-MONO-DATA	sharp-0	screenprint	CS-DUOTONE	CH-IMMERSIVE	marketing	STYLE_ID=xray; SKELETON=SK-BENTO; TYPE_ERA=TY-MONO-DATA; CONTROL=sharp-0; MATERIAL=screenprint; COLOUR_STRAT=CS-DUOTONE; CHROME=CH-IMMERSIVE; FEEL=ghost anatomy blue
C2208	yacht	Yacht	internet-expanded	SK-TABLE-FIRST	TY-HUMANIST	soft-rect	watercolor-wash	CS-PRIMARY-TRIO	CH-NONE	app	STYLE_ID=yacht; SKELETON=SK-TABLE-FIRST; TYPE_ERA=TY-HUMANIST; CONTROL=soft-rect; MATERIAL=watercolor-wash; COLOUR_STRAT=CS-PRIMARY-TRIO; CHROME=CH-NONE; FEEL=navy white rope polish
C2209	yard-sale	Yard Sale	internet-expanded	SK-TIMELINE	TY-MIXED-HIGH-CONTRAST	ticket	ink-wash	CS-TONAL	CH-MIN	app	STYLE_ID=yard-sale; SKELETON=SK-TIMELINE; TYPE_ERA=TY-MIXED-HIGH-CONTRAST; CONTROL=ticket; MATERIAL=ink-wash; COLOUR_STRAT=CS-TONAL; CHROME=CH-MIN; FEEL=handwritten prices chaos
C2210	yellow-pages	Yellow Pages	internet-expanded	SK-MAP-STAGE	TY-SYSTEM-RAW	ink-underline	sumi-ink	CS-PAPER-INK	CH-STANDARD	app	STYLE_ID=yellow-pages; SKELETON=SK-MAP-STAGE; TYPE_ERA=TY-SYSTEM-RAW; CONTROL=ink-underline; MATERIAL=sumi-ink; COLOUR_STRAT=CS-PAPER-INK; CHROME=CH-STANDARD; FEEL=dense directories ads
C2211	zen-garden	Zen Garden	internet-expanded	SK-BOARD-KANBAN	TY-SERIF-TEXT	ink-underline	gold-leaf	CS-DARK-STAGE	CH-APP	app	STYLE_ID=zen-garden; SKELETON=SK-BOARD-KANBAN; TYPE_ERA=TY-SERIF-TEXT; CONTROL=ink-underline; MATERIAL=gold-leaf; COLOUR_STRAT=CS-DARK-STAGE; CHROME=CH-APP; FEEL=raked gravel spare
C2212	zero-waste	Zero Waste	internet-expanded	SK-TICKET-STUB	TY-HUMANIST	chunk-border	lacquer	CS-PASTEL-POP	CH-DENSE	marketing	STYLE_ID=zero-waste; SKELETON=SK-TICKET-STUB; TYPE_ERA=TY-HUMANIST; CONTROL=chunk-border; MATERIAL=lacquer; COLOUR_STRAT=CS-PASTEL-POP; CHROME=CH-DENSE; FEEL=kraft repair reuse
C2213	zoo-signage	Zoo Signage	internet-expanded	SK-LEDGER	TY-HUMANIST	chunk-border	jade	CS-SIGNAL	CH-IMMERSIVE	app	STYLE_ID=zoo-signage; SKELETON=SK-LEDGER; TYPE_ERA=TY-HUMANIST; CONTROL=chunk-border; MATERIAL=jade; COLOUR_STRAT=CS-SIGNAL; CHROME=CH-IMMERSIVE; FEEL=species panels kids adult
C2214	zine-music	Music Zine	internet-expanded	SK-TERMINAL	TY-MIXED-HIGH-CONTRAST	chunk-border	lacquer-red	CS-PHOTO-LED	CH-NONE	app	STYLE_ID=zine-music; SKELETON=SK-TERMINAL; TYPE_ERA=TY-MIXED-HIGH-CONTRAST; CONTROL=chunk-border; MATERIAL=lacquer-red; COLOUR_STRAT=CS-PHOTO-LED; CHROME=CH-NONE; FEEL=interviews xerox photos
C2215	airline-lcc	Low-Cost Carrier	industry-expanded	SK-POSTER	TY-INDUSTRIAL-COND	filled-block	indigo-dye	CS-CMYK-PROCESS	CH-MIN	marketing	STYLE_ID=airline-lcc; SKELETON=SK-POSTER; TYPE_ERA=TY-INDUSTRIAL-COND; CONTROL=filled-block; MATERIAL=indigo-dye; COLOUR_STRAT=CS-CMYK-PROCESS; CHROME=CH-MIN; FEEL=bright fees clear
C2216	airline-legacy	Legacy Carrier	industry-expanded	SK-BOTTOM-SHEET	TY-HUMANIST	soft-rect	mudcloth	CS-EARTH	CH-STANDARD	mobile	STYLE_ID=airline-legacy; SKELETON=SK-BOTTOM-SHEET; TYPE_ERA=TY-HUMANIST; CONTROL=soft-rect; MATERIAL=mudcloth; COLOUR_STRAT=CS-EARTH; CHROME=CH-STANDARD; FEEL=trust blue calm
C2217	airport-wayfinding	Airport Wayfinding	industry-expanded	SK-TAB-DECK	TY-HUMANIST	sharp-0	batik	CS-OCEAN	CH-APP	mobile	STYLE_ID=airport-wayfinding; SKELETON=SK-TAB-DECK; TYPE_ERA=TY-HUMANIST; CONTROL=sharp-0; MATERIAL=batik; COLOUR_STRAT=CS-OCEAN; CHROME=CH-APP; FEEL=pictograms distances
C2218	ambulance-dispatch	Ambulance Dispatch	industry-expanded	SK-WIZARD-STEPS	TY-HUMANIST	chunk-border	retro-formica	CS-NEON-ON-DARK	CH-DENSE	app	STYLE_ID=ambulance-dispatch; SKELETON=SK-WIZARD-STEPS; TYPE_ERA=TY-HUMANIST; CONTROL=chunk-border; MATERIAL=retro-formica; COLOUR_STRAT=CS-NEON-ON-DARK; CHROME=CH-DENSE; FEEL=urgency calm clarity
C2219	architecture-portfolio	Architecture Portfolio	industry-expanded	SK-SPLIT-INSPECTOR	TY-GROTESQUE	ink-underline	linoleum	CS-DESAT-CORP	CH-IMMERSIVE	app	STYLE_ID=architecture-portfolio; SKELETON=SK-SPLIT-INSPECTOR; TYPE_ERA=TY-GROTESQUE; CONTROL=ink-underline; MATERIAL=linoleum; COLOUR_STRAT=CS-DESAT-CORP; CHROME=CH-IMMERSIVE; FEEL=project grids plans
C2220	art-school	Art School	industry-expanded	SK-DASH-METRIC	TY-MIXED-HIGH-CONTRAST	chunk-border	motel-neon	CS-HIGH-KEY	CH-NONE	app	STYLE_ID=art-school; SKELETON=SK-DASH-METRIC; TYPE_ERA=TY-MIXED-HIGH-CONTRAST; CONTROL=chunk-border; MATERIAL=motel-neon; COLOUR_STRAT=CS-HIGH-KEY; CHROME=CH-NONE; FEEL=critique walls mess creative
C2221	auction-house	Auction House	industry-expanded	SK-GALLERY-INDEX	TY-TRANSITIONAL-SERIF	ticket	diner-chrome	CS-LOW-KEY	CH-MIN	marketing	STYLE_ID=auction-house; SKELETON=SK-GALLERY-INDEX; TYPE_ERA=TY-TRANSITIONAL-SERIF; CONTROL=ticket; MATERIAL=diner-chrome; COLOUR_STRAT=CS-LOW-KEY; CHROME=CH-MIN; FEEL=lot numbers paddles
C2222	auto-dealer	Auto Dealer	industry-expanded	SK-ZINE-COLLAGE	TY-GROTESK-SOFT	soft-rect	arcade-cabinet	CS-SEPIA	CH-STANDARD	marketing	STYLE_ID=auto-dealer; SKELETON=SK-ZINE-COLLAGE; TYPE_ERA=TY-GROTESK-SOFT; CONTROL=soft-rect; MATERIAL=arcade-cabinet; COLOUR_STRAT=CS-SEPIA; CHROME=CH-STANDARD; FEEL=inventory hero finance
C2223	auto-repair	Auto Repair	industry-expanded	SK-BRUTAL-BLOCKS	TY-INDUSTRIAL-COND	chunk-border	pinball-glass	CS-INVERTED	CH-APP	any	STYLE_ID=auto-repair; SKELETON=SK-BRUTAL-BLOCKS; TYPE_ERA=TY-INDUSTRIAL-COND; CONTROL=chunk-border; MATERIAL=pinball-glass; COLOUR_STRAT=CS-INVERTED; CHROME=CH-APP; FEEL=work orders grease
C2224	bakery	Bakery	industry-expanded	SK-RAIL-DOCK	TY-OLDSTYLE-SERIF	soft-rect	flight-case	CS-REGIONAL-FLAG	CH-DENSE	app	STYLE_ID=bakery; SKELETON=SK-RAIL-DOCK; TYPE_ERA=TY-OLDSTYLE-SERIF; CONTROL=soft-rect; MATERIAL=flight-case; COLOUR_STRAT=CS-REGIONAL-FLAG; CHROME=CH-DENSE; FEEL=warm type flour
C2225	barbershop	Barbershop	industry-expanded	SK-CENTER-STAGE	TY-DISPLAY-EXTREME	chunk-border	gaffer-tape	CS-BRAND-LOCKUP	CH-IMMERSIVE	marketing	STYLE_ID=barbershop; SKELETON=SK-CENTER-STAGE; TYPE_ERA=TY-DISPLAY-EXTREME; CONTROL=chunk-border; MATERIAL=gaffer-tape; COLOUR_STRAT=CS-BRAND-LOCKUP; CHROME=CH-IMMERSIVE; FEEL=stripes classic chairs
C2226	bike-shop	Bike Shop	industry-expanded	SK-NEWS-RIVER	TY-HUMANIST	chunk-border	glow-tape	CS-MONO-PLUS	CH-NONE	app	STYLE_ID=bike-shop; SKELETON=SK-NEWS-RIVER; TYPE_ERA=TY-HUMANIST; CONTROL=chunk-border; MATERIAL=glow-tape; COLOUR_STRAT=CS-MONO-PLUS; CHROME=CH-NONE; FEEL=parts racks grease
C2227	biotech	Biotech	industry-expanded	SK-CALENDAR-SPINE	TY-GROTESK-SOFT	soft-rect	stage-blackout	CS-DUOTONE	CH-MIN	app	STYLE_ID=biotech; SKELETON=SK-CALENDAR-SPINE; TYPE_ERA=TY-GROTESK-SOFT; CONTROL=soft-rect; MATERIAL=stage-blackout; COLOUR_STRAT=CS-DUOTONE; CHROME=CH-MIN; FEEL=DNA calm science
C2228	bookstore-indie	Indie Bookstore	industry-expanded	SK-MASONRY	TY-OLDSTYLE-SERIF	ink-underline	lab-laminate	CS-PRIMARY-TRIO	CH-STANDARD	marketing	STYLE_ID=bookstore-indie; SKELETON=SK-MASONRY; TYPE_ERA=TY-OLDSTYLE-SERIF; CONTROL=ink-underline; MATERIAL=lab-laminate; COLOUR_STRAT=CS-PRIMARY-TRIO; CHROME=CH-STANDARD; FEEL=staff picks shelves
C2229	brewery	Brewery	industry-expanded	SK-SPLIT-DIAGONAL	TY-SLAB	chunk-border	petri-clear	CS-TONAL	CH-APP	marketing	STYLE_ID=brewery; SKELETON=SK-SPLIT-DIAGONAL; TYPE_ERA=TY-SLAB; CONTROL=chunk-border; MATERIAL=petri-clear; COLOUR_STRAT=CS-TONAL; CHROME=CH-APP; FEEL=taps grain industrial craft
C2230	broadcast-news	Broadcast News	industry-expanded	SK-FRAME-IN-FRAME	TY-INDUSTRIAL-COND	sharp-0	hospital-scrub	CS-PAPER-INK	CH-DENSE	marketing	STYLE_ID=broadcast-news; SKELETON=SK-FRAME-IN-FRAME; TYPE_ERA=TY-INDUSTRIAL-COND; CONTROL=sharp-0; MATERIAL=hospital-scrub; COLOUR_STRAT=CS-PAPER-INK; CHROME=CH-DENSE; FEEL=lower thirds urgency
C2231	builders-merchant	Builders Merchant	industry-expanded	SK-SIDE-SCROLL	TY-INDUSTRIAL-COND	chunk-border	clinic-white	CS-DARK-STAGE	CH-IMMERSIVE	marketing	STYLE_ID=builders-merchant; SKELETON=SK-SIDE-SCROLL; TYPE_ERA=TY-INDUSTRIAL-COND; CONTROL=chunk-border; MATERIAL=clinic-white; COLOUR_STRAT=CS-DARK-STAGE; CHROME=CH-IMMERSIVE; FEEL=SKU dense trade
C2232	butcher	Butcher	industry-expanded	SK-FIXED-TOC	TY-SLAB	chunk-border	school-linoleum	CS-PASTEL-POP	CH-NONE	marketing	STYLE_ID=butcher; SKELETON=SK-FIXED-TOC; TYPE_ERA=TY-SLAB; CONTROL=chunk-border; MATERIAL=school-linoleum; COLOUR_STRAT=CS-PASTEL-POP; CHROME=CH-NONE; FEEL=classic shop tiles
C2233	campus-portal	Campus Portal	industry-expanded	SK-COMMAND-CENTER	TY-HUMANIST	soft-rect	gym-floor	CS-SIGNAL	CH-MIN	app	STYLE_ID=campus-portal; SKELETON=SK-COMMAND-CENTER; TYPE_ERA=TY-HUMANIST; CONTROL=soft-rect; MATERIAL=gym-floor; COLOUR_STRAT=CS-SIGNAL; CHROME=CH-MIN; FEEL=courses deadlines
C2234	car-share	Car Share	industry-expanded	SK-INBOX-ZERO	TY-GROTESK-SOFT	pill	library-oak	CS-PHOTO-LED	CH-STANDARD	app	STYLE_ID=car-share; SKELETON=SK-INBOX-ZERO; TYPE_ERA=TY-GROTESK-SOFT; CONTROL=pill; MATERIAL=library-oak; COLOUR_STRAT=CS-PHOTO-LED; CHROME=CH-STANDARD; FEEL=map unlock trip
C2235	care-home	Care Home	industry-expanded	SK-STUDIO-CANVAS	TY-HUMANIST	soft-rect	archive-box	CS-CMYK-PROCESS	CH-APP	app	STYLE_ID=care-home; SKELETON=SK-STUDIO-CANVAS; TYPE_ERA=TY-HUMANIST; CONTROL=soft-rect; MATERIAL=archive-box; COLOUR_STRAT=CS-CMYK-PROCESS; CHROME=CH-APP; FEEL=calm large type dignity
C2236	charity-kids	Kids Charity	industry-expanded	SK-COMPARISON	TY-ROUNDED	pill	manila-folder	CS-EARTH	CH-DENSE	marketing	STYLE_ID=charity-kids; SKELETON=SK-COMPARISON; TYPE_ERA=TY-ROUNDED; CONTROL=pill; MATERIAL=manila-folder; COLOUR_STRAT=CS-EARTH; CHROME=CH-DENSE; FEEL=hopeful careful not exploitative
C2237	chemist-uk	UK Chemist	industry-expanded	SK-PRICING-LADDER	TY-HUMANIST	soft-rect	passport-cover	CS-OCEAN	CH-IMMERSIVE	marketing	STYLE_ID=chemist-uk; SKELETON=SK-PRICING-LADDER; TYPE_ERA=TY-HUMANIST; CONTROL=soft-rect; MATERIAL=passport-cover; COLOUR_STRAT=CS-OCEAN; CHROME=CH-IMMERSIVE; FEEL=green cross practical
C2238	childcare	Childcare	industry-expanded	SK-MANIFEST-LIST	TY-ROUNDED	pill	banknote-guilloche	CS-NEON-ON-DARK	CH-NONE	app	STYLE_ID=childcare; SKELETON=SK-MANIFEST-LIST; TYPE_ERA=TY-ROUNDED; CONTROL=pill; MATERIAL=banknote-guilloche; COLOUR_STRAT=CS-NEON-ON-DARK; CHROME=CH-NONE; FEEL=schedules bright clear
C2239	cinema-arthouse	Arthouse Cinema	industry-expanded	SK-SCOREBOARD	TY-DIDONE-LUX	ink-underline	circuit-board	CS-DESAT-CORP	CH-MIN	app	STYLE_ID=cinema-arthouse; SKELETON=SK-SCOREBOARD; TYPE_ERA=TY-DIDONE-LUX; CONTROL=ink-underline; MATERIAL=circuit-board; COLOUR_STRAT=CS-DESAT-CORP; CHROME=CH-MIN; FEEL=poster critical
C2240	city-council	City Council	industry-expanded	SK-COCKPIT-STRIP	TY-HUMANIST	sharp-0	server-rack	CS-HIGH-KEY	CH-STANDARD	app	STYLE_ID=city-council; SKELETON=SK-COCKPIT-STRIP; TYPE_ERA=TY-HUMANIST; CONTROL=sharp-0; MATERIAL=server-rack; COLOUR_STRAT=CS-HIGH-KEY; CHROME=CH-STANDARD; FEEL=services plain
C2241	cleaning-service	Cleaning Service	industry-expanded	SK-FOLIO-SPREAD	TY-HUMANIST	pill	vacuum-tube	CS-LOW-KEY	CH-APP	marketing	STYLE_ID=cleaning-service; SKELETON=SK-FOLIO-SPREAD; TYPE_ERA=TY-HUMANIST; CONTROL=pill; MATERIAL=vacuum-tube; COLOUR_STRAT=CS-LOW-KEY; CHROME=CH-APP; FEEL=fresh simple trust
C2242	clinic-dental	Dental Clinic	industry-expanded	SK-STAMP-SHEET	TY-HUMANIST	pill	space-blanket	CS-SEPIA	CH-DENSE	marketing	STYLE_ID=clinic-dental; SKELETON=SK-STAMP-SHEET; TYPE_ERA=TY-HUMANIST; CONTROL=pill; MATERIAL=space-blanket; COLOUR_STRAT=CS-SEPIA; CHROME=CH-DENSE; FEEL=bright clean calm
C2243	co-working	Co-working	industry-expanded	SK-DOCKED-FAB	TY-GROTESK-SOFT	soft-rect	astronaut-white	CS-INVERTED	CH-IMMERSIVE	mobile	STYLE_ID=co-working; SKELETON=SK-DOCKED-FAB; TYPE_ERA=TY-GROTESK-SOFT; CONTROL=soft-rect; MATERIAL=astronaut-white; COLOUR_STRAT=CS-INVERTED; CHROME=CH-IMMERSIVE; FEEL=community boards booking
C2244	coffee-roaster	Coffee Roaster	industry-expanded	SK-PEEK-CARDS	TY-HUMANIST	chunk-border	mission-control	CS-REGIONAL-FLAG	CH-NONE	mobile	STYLE_ID=coffee-roaster; SKELETON=SK-PEEK-CARDS; TYPE_ERA=TY-HUMANIST; CONTROL=chunk-border; MATERIAL=mission-control; COLOUR_STRAT=CS-REGIONAL-FLAG; CHROME=CH-NONE; FEEL=origin cards craft
C2245	construction	Construction	industry-expanded	SK-RADIO-TUNER	TY-INDUSTRIAL-COND	chunk-border	radar-green	CS-BRAND-LOCKUP	CH-MIN	app	STYLE_ID=construction; SKELETON=SK-RADIO-TUNER; TYPE_ERA=TY-INDUSTRIAL-COND; CONTROL=chunk-border; MATERIAL=radar-green; COLOUR_STRAT=CS-BRAND-LOCKUP; CHROME=CH-MIN; FEEL=site safety orange
C2246	consultancy	Consultancy	industry-expanded	SK-FILMSTRIP	TY-GROTESK-SOFT	soft-rect	newsprint	CS-MONO-PLUS	CH-STANDARD	marketing	STYLE_ID=consultancy; SKELETON=SK-FILMSTRIP; TYPE_ERA=TY-GROTESK-SOFT; CONTROL=soft-rect; MATERIAL=newsprint; COLOUR_STRAT=CS-MONO-PLUS; CHROME=CH-STANDARD; FEEL=thought leadership calm
C2247	courier	Courier	industry-expanded	SK-ORBIT-META	TY-HUMANIST	sharp-0	kraft-paper	CS-DUOTONE	CH-APP	marketing	STYLE_ID=courier; SKELETON=SK-ORBIT-META; TYPE_ERA=TY-HUMANIST; CONTROL=sharp-0; MATERIAL=kraft-paper; COLOUR_STRAT=CS-DUOTONE; CHROME=CH-APP; FEEL=tracking plain fast
C2248	craft-beer-bar	Craft Beer Bar	industry-expanded	SK-SPLIT-DEPTH	TY-SLAB	chunk-border	cream-cotton	CS-PRIMARY-TRIO	CH-DENSE	marketing	STYLE_ID=craft-beer-bar; SKELETON=SK-SPLIT-DEPTH; TYPE_ERA=TY-SLAB; CONTROL=chunk-border; MATERIAL=cream-cotton; COLOUR_STRAT=CS-PRIMARY-TRIO; CHROME=CH-DENSE; FEEL=taps boards industrial
C2249	creche	Creche	industry-expanded	SK-CHECKOUT-TUNNEL	TY-ROUNDED	pill	tar-paper	CS-TONAL	CH-IMMERSIVE	marketing	STYLE_ID=creche; SKELETON=SK-CHECKOUT-TUNNEL; TYPE_ERA=TY-ROUNDED; CONTROL=pill; MATERIAL=tar-paper; COLOUR_STRAT=CS-TONAL; CHROME=CH-IMMERSIVE; FEEL=soft large targets
C2250	crypto-exchange	Crypto Exchange	industry-expanded	SK-CHAT-THREAD	TY-MONO-DATA	sharp-0	oak-timber	CS-PAPER-INK	CH-NONE	app	STYLE_ID=crypto-exchange; SKELETON=SK-CHAT-THREAD; TYPE_ERA=TY-MONO-DATA; CONTROL=sharp-0; MATERIAL=oak-timber; COLOUR_STRAT=CS-PAPER-INK; CHROME=CH-NONE; FEEL=dense pairs dark
C2251	cycling-club	Cycling Club	industry-expanded	SK-NOTIFICATION-STACK	TY-HUMANIST	chunk-border	teak	CS-DARK-STAGE	CH-MIN	mobile	STYLE_ID=cycling-club; SKELETON=SK-NOTIFICATION-STACK; TYPE_ERA=TY-HUMANIST; CONTROL=chunk-border; MATERIAL=teak; COLOUR_STRAT=CS-DARK-STAGE; CHROME=CH-MIN; FEEL=routes elevation
C2252	dark-kitchen	Dark Kitchen	industry-expanded	SK-DIRECTORY	TY-INDUSTRIAL-COND	chunk-border	brushed-steel	CS-PASTEL-POP	CH-STANDARD	app	STYLE_ID=dark-kitchen; SKELETON=SK-DIRECTORY; TYPE_ERA=TY-INDUSTRIAL-COND; CONTROL=chunk-border; MATERIAL=brushed-steel; COLOUR_STRAT=CS-PASTEL-POP; CHROME=CH-STANDARD; FEEL=ops tickets speed
C2253	dating-app	Dating App	industry-expanded	SK-ATLAS-PLATES	TY-ROUNDED	pill	polished-brass	CS-SIGNAL	CH-APP	marketing	STYLE_ID=dating-app; SKELETON=SK-ATLAS-PLATES; TYPE_ERA=TY-ROUNDED; CONTROL=pill; MATERIAL=polished-brass; COLOUR_STRAT=CS-SIGNAL; CHROME=CH-APP; FEEL=cards profiles careful
C2254	delivery-driver	Driver App	industry-expanded	SK-HERO-SPLIT	TY-HUMANIST	filled-block	enamel-sign	CS-PHOTO-LED	CH-DENSE	marketing	STYLE_ID=delivery-driver; SKELETON=SK-HERO-SPLIT; TYPE_ERA=TY-HUMANIST; CONTROL=filled-block; MATERIAL=enamel-sign; COLOUR_STRAT=CS-PHOTO-LED; CHROME=CH-DENSE; FEEL=nav big buttons
C2255	dentist-pediatric	Pediatric Dental	industry-expanded	SK-SINGLE-STICKY	TY-ROUNDED	pill	wet-asphalt	CS-CMYK-PROCESS	CH-IMMERSIVE	marketing	STYLE_ID=dentist-pediatric; SKELETON=SK-SINGLE-STICKY; TYPE_ERA=TY-ROUNDED; CONTROL=pill; MATERIAL=wet-asphalt; COLOUR_STRAT=CS-CMYK-PROCESS; CHROME=CH-IMMERSIVE; FEEL=friendly not scary
C2256	design-agency	Design Agency	industry-expanded	SK-EDITORIAL-LONG	TY-GROTESQUE	sharp-0	concrete	CS-EARTH	CH-NONE	marketing	STYLE_ID=design-agency; SKELETON=SK-EDITORIAL-LONG; TYPE_ERA=TY-GROTESQUE; CONTROL=sharp-0; MATERIAL=concrete; COLOUR_STRAT=CS-EARTH; CHROME=CH-NONE; FEEL=case studies bold
C2257	distillery	Distillery	industry-expanded	SK-BENTO	TY-OLDSTYLE-SERIF	chunk-border	terrazzo	CS-OCEAN	CH-MIN	marketing	STYLE_ID=distillery; SKELETON=SK-BENTO; TYPE_ERA=TY-OLDSTYLE-SERIF; CONTROL=chunk-border; MATERIAL=terrazzo; COLOUR_STRAT=CS-OCEAN; CHROME=CH-MIN; FEEL=cask heritage liquid
C2258	diy-store	DIY Store	industry-expanded	SK-TABLE-FIRST	TY-HUMANIST	chunk-border	marble	CS-NEON-ON-DARK	CH-STANDARD	app	STYLE_ID=diy-store; SKELETON=SK-TABLE-FIRST; TYPE_ERA=TY-HUMANIST; CONTROL=chunk-border; MATERIAL=marble; COLOUR_STRAT=CS-NEON-ON-DARK; CHROME=CH-STANDARD; FEEL=aisles how-to
C2259	doctor-gp	GP Surgery	industry-expanded	SK-TIMELINE	TY-HUMANIST	soft-rect	granite	CS-DESAT-CORP	CH-APP	app	STYLE_ID=doctor-gp; SKELETON=SK-TIMELINE; TYPE_ERA=TY-HUMANIST; CONTROL=soft-rect; MATERIAL=granite; COLOUR_STRAT=CS-DESAT-CORP; CHROME=CH-APP; FEEL=bookings clinical calm
C2260	dog-groomer	Dog Groomer	industry-expanded	SK-MAP-STAGE	TY-ROUNDED	pill	glass-frost	CS-HIGH-KEY	CH-DENSE	app	STYLE_ID=dog-groomer; SKELETON=SK-MAP-STAGE; TYPE_ERA=TY-ROUNDED; CONTROL=pill; MATERIAL=glass-frost; COLOUR_STRAT=CS-HIGH-KEY; CHROME=CH-DENSE; FEEL=playful clean
C2261	domain-registrar	Domain Registrar	industry-expanded	SK-BOARD-KANBAN	TY-MONO-DATA	sharp-0	smoked-glass	CS-LOW-KEY	CH-IMMERSIVE	app	STYLE_ID=domain-registrar; SKELETON=SK-BOARD-KANBAN; TYPE_ERA=TY-MONO-DATA; CONTROL=sharp-0; MATERIAL=smoked-glass; COLOUR_STRAT=CS-LOW-KEY; CHROME=CH-IMMERSIVE; FEEL=search technical retail
C2262	driving-school	Driving School	industry-expanded	SK-TICKET-STUB	TY-HUMANIST	soft-rect	acrylic	CS-SEPIA	CH-NONE	marketing	STYLE_ID=driving-school; SKELETON=SK-TICKET-STUB; TYPE_ERA=TY-HUMANIST; CONTROL=soft-rect; MATERIAL=acrylic; COLOUR_STRAT=CS-SEPIA; CHROME=CH-NONE; FEEL=lessons progress
C2263	electronics-store	Electronics Retail	industry-expanded	SK-LEDGER	TY-GROTESK-SOFT	soft-rect	leather-bound	CS-INVERTED	CH-MIN	app	STYLE_ID=electronics-store; SKELETON=SK-LEDGER; TYPE_ERA=TY-GROTESK-SOFT; CONTROL=soft-rect; MATERIAL=leather-bound; COLOUR_STRAT=CS-INVERTED; CHROME=CH-MIN; FEEL=spec grids
C2264	emergency-services	Emergency Services	industry-expanded	SK-TERMINAL	TY-HUMANIST	chunk-border	parchment	CS-REGIONAL-FLAG	CH-STANDARD	app	STYLE_ID=emergency-services; SKELETON=SK-TERMINAL; TYPE_ERA=TY-HUMANIST; CONTROL=chunk-border; MATERIAL=parchment; COLOUR_STRAT=CS-REGIONAL-FLAG; CHROME=CH-STANDARD; FEEL=clear critical
C2265	energy-supplier	Energy Supplier	industry-expanded	SK-POSTER	TY-HUMANIST	soft-rect	vellum	CS-BRAND-LOCKUP	CH-APP	marketing	STYLE_ID=energy-supplier; SKELETON=SK-POSTER; TYPE_ERA=TY-HUMANIST; CONTROL=soft-rect; MATERIAL=vellum; COLOUR_STRAT=CS-BRAND-LOCKUP; CHROME=CH-APP; FEEL=bills usage
C2266	estate-agent-uk	UK Estate Agent	industry-expanded	SK-BOTTOM-SHEET	TY-HUMANIST	soft-rect	wool-felt	CS-MONO-PLUS	CH-DENSE	mobile	STYLE_ID=estate-agent-uk; SKELETON=SK-BOTTOM-SHEET; TYPE_ERA=TY-HUMANIST; CONTROL=soft-rect; MATERIAL=wool-felt; COLOUR_STRAT=CS-MONO-PLUS; CHROME=CH-DENSE; FEEL=listings rooms
C2267	event-ticketing	Event Ticketing	industry-expanded	SK-TAB-DECK	TY-GROTESK-SOFT	ticket	denim	CS-DUOTONE	CH-IMMERSIVE	mobile	STYLE_ID=event-ticketing; SKELETON=SK-TAB-DECK; TYPE_ERA=TY-GROTESK-SOFT; CONTROL=ticket; MATERIAL=denim; COLOUR_STRAT=CS-DUOTONE; CHROME=CH-IMMERSIVE; FEEL=dates venues QR
C2268	farm-shop	Farm Shop	industry-expanded	SK-WIZARD-STEPS	TY-HUMANIST	chunk-border	canvas-sail	CS-PRIMARY-TRIO	CH-NONE	app	STYLE_ID=farm-shop; SKELETON=SK-WIZARD-STEPS; TYPE_ERA=TY-HUMANIST; CONTROL=chunk-border; MATERIAL=canvas-sail; COLOUR_STRAT=CS-PRIMARY-TRIO; CHROME=CH-NONE; FEEL=produce seasons
C2269	fashion-rental	Fashion Rental	industry-expanded	SK-SPLIT-INSPECTOR	TY-DIDONE-LUX	pill	rope-hemp	CS-TONAL	CH-MIN	app	STYLE_ID=fashion-rental; SKELETON=SK-SPLIT-INSPECTOR; TYPE_ERA=TY-DIDONE-LUX; CONTROL=pill; MATERIAL=rope-hemp; COLOUR_STRAT=CS-TONAL; CHROME=CH-MIN; FEEL=wardrobe grid
C2270	ferry	Ferry	industry-expanded	SK-DASH-METRIC	TY-HUMANIST	chunk-border	vinyl-black	CS-PAPER-INK	CH-STANDARD	app	STYLE_ID=ferry; SKELETON=SK-DASH-METRIC; TYPE_ERA=TY-HUMANIST; CONTROL=chunk-border; MATERIAL=vinyl-black; COLOUR_STRAT=CS-PAPER-INK; CHROME=CH-STANDARD; FEEL=timetables weather
C2271	festival-org	Festival Organiser	industry-expanded	SK-GALLERY-INDEX	TY-DISPLAY-EXTREME	ticket	chrome-metal	CS-DARK-STAGE	CH-APP	marketing	STYLE_ID=festival-org; SKELETON=SK-GALLERY-INDEX; TYPE_ERA=TY-DISPLAY-EXTREME; CONTROL=ticket; MATERIAL=chrome-metal; COLOUR_STRAT=CS-DARK-STAGE; CHROME=CH-APP; FEEL=lineups maps
C2272	film-production	Film Production	industry-expanded	SK-ZINE-COLLAGE	TY-SYSTEM-RAW	sharp-0	anodised-aluminium	CS-PASTEL-POP	CH-DENSE	marketing	STYLE_ID=film-production; SKELETON=SK-ZINE-COLLAGE; TYPE_ERA=TY-SYSTEM-RAW; CONTROL=sharp-0; MATERIAL=anodised-aluminium; COLOUR_STRAT=CS-PASTEL-POP; CHROME=CH-DENSE; FEEL=call sheets sides
C2273	fishmonger	Fishmonger	industry-expanded	SK-BRUTAL-BLOCKS	TY-SLAB	chunk-border	bakelite	CS-SIGNAL	CH-IMMERSIVE	any	STYLE_ID=fishmonger; SKELETON=SK-BRUTAL-BLOCKS; TYPE_ERA=TY-SLAB; CONTROL=chunk-border; MATERIAL=bakelite; COLOUR_STRAT=CS-SIGNAL; CHROME=CH-IMMERSIVE; FEEL=slate ice catch
C2274	fitness-budget	Budget Gym	industry-expanded	SK-RAIL-DOCK	TY-INDUSTRIAL-COND	filled-block	ceramic-glaze	CS-PHOTO-LED	CH-NONE	app	STYLE_ID=fitness-budget; SKELETON=SK-RAIL-DOCK; TYPE_ERA=TY-INDUSTRIAL-COND; CONTROL=filled-block; MATERIAL=ceramic-glaze; COLOUR_STRAT=CS-PHOTO-LED; CHROME=CH-NONE; FEEL=hard sell energy
C2275	fitness-boutique	Boutique Fitness	industry-expanded	SK-CENTER-STAGE	TY-GROTESK-SOFT	pill	porcelain	CS-CMYK-PROCESS	CH-MIN	marketing	STYLE_ID=fitness-boutique; SKELETON=SK-CENTER-STAGE; TYPE_ERA=TY-GROTESK-SOFT; CONTROL=pill; MATERIAL=porcelain; COLOUR_STRAT=CS-CMYK-PROCESS; CHROME=CH-MIN; FEEL=aspirational calm sweat
C2276	florist	Florist	industry-expanded	SK-NEWS-RIVER	TY-OLDSTYLE-SERIF	soft-rect	chalkboard	CS-EARTH	CH-STANDARD	app	STYLE_ID=florist; SKELETON=SK-NEWS-RIVER; TYPE_ERA=TY-OLDSTYLE-SERIF; CONTROL=soft-rect; MATERIAL=chalkboard; COLOUR_STRAT=CS-EARTH; CHROME=CH-STANDARD; FEEL=seasonal delicate
C2277	food-bank	Food Bank	industry-expanded	SK-CALENDAR-SPINE	TY-HUMANIST	chunk-border	whiteboard-lab	CS-OCEAN	CH-APP	app	STYLE_ID=food-bank; SKELETON=SK-CALENDAR-SPINE; TYPE_ERA=TY-HUMANIST; CONTROL=chunk-border; MATERIAL=whiteboard-lab; COLOUR_STRAT=CS-OCEAN; CHROME=CH-APP; FEEL=dignity practical stock
C2278	football-club	Football Club	industry-expanded	SK-MASONRY	TY-INDUSTRIAL-COND	chunk-border	crt-phosphor	CS-NEON-ON-DARK	CH-DENSE	marketing	STYLE_ID=football-club; SKELETON=SK-MASONRY; TYPE_ERA=TY-INDUSTRIAL-COND; CONTROL=chunk-border; MATERIAL=crt-phosphor; COLOUR_STRAT=CS-NEON-ON-DARK; CHROME=CH-DENSE; FEEL=crest fixtures
C2279	funeral	Funeral Director	industry-expanded	SK-SPLIT-DIAGONAL	TY-OLDSTYLE-SERIF	ink-underline	lcd-blue	CS-DESAT-CORP	CH-IMMERSIVE	marketing	STYLE_ID=funeral; SKELETON=SK-SPLIT-DIAGONAL; TYPE_ERA=TY-OLDSTYLE-SERIF; CONTROL=ink-underline; MATERIAL=lcd-blue; COLOUR_STRAT=CS-DESAT-CORP; CHROME=CH-IMMERSIVE; FEEL=quiet respectful
C2280	furniture-scandi	Scandi Furniture	industry-expanded	SK-FRAME-IN-FRAME	TY-HUMANIST	soft-rect	oled-black	CS-HIGH-KEY	CH-NONE	marketing	STYLE_ID=furniture-scandi; SKELETON=SK-FRAME-IN-FRAME; TYPE_ERA=TY-HUMANIST; CONTROL=soft-rect; MATERIAL=oled-black; COLOUR_STRAT=CS-HIGH-KEY; CHROME=CH-NONE; FEEL=product air wood
C2281	gallery-commercial	Commercial Gallery	industry-expanded	SK-SIDE-SCROLL	TY-GROTESK-SOFT	ink-underline	neon-tube	CS-LOW-KEY	CH-MIN	marketing	STYLE_ID=gallery-commercial; SKELETON=SK-SIDE-SCROLL; TYPE_ERA=TY-GROTESK-SOFT; CONTROL=ink-underline; MATERIAL=neon-tube; COLOUR_STRAT=CS-LOW-KEY; CHROME=CH-MIN; FEEL=artists exhibitions
C2282	game-studio	Game Studio	industry-expanded	SK-FIXED-TOC	TY-GROTESK-SOFT	sharp-0	led-matrix	CS-SEPIA	CH-STANDARD	marketing	STYLE_ID=game-studio; SKELETON=SK-FIXED-TOC; TYPE_ERA=TY-GROTESK-SOFT; CONTROL=sharp-0; MATERIAL=led-matrix; COLOUR_STRAT=CS-SEPIA; CHROME=CH-STANDARD; FEEL=ship roadmap
C2283	garden-centre	Garden Centre	industry-expanded	SK-COMMAND-CENTER	TY-HUMANIST	soft-rect	holographic-foil	CS-INVERTED	CH-APP	app	STYLE_ID=garden-centre; SKELETON=SK-COMMAND-CENTER; TYPE_ERA=TY-HUMANIST; CONTROL=soft-rect; MATERIAL=holographic-foil; COLOUR_STRAT=CS-INVERTED; CHROME=CH-APP; FEEL=plants seasons
C2284	gas-utility	Gas Utility	industry-expanded	SK-INBOX-ZERO	TY-HUMANIST	chunk-border	iridescent-film	CS-REGIONAL-FLAG	CH-DENSE	app	STYLE_ID=gas-utility; SKELETON=SK-INBOX-ZERO; TYPE_ERA=TY-HUMANIST; CONTROL=chunk-border; MATERIAL=iridescent-film; COLOUR_STRAT=CS-REGIONAL-FLAG; CHROME=CH-DENSE; FEEL=safety safety safety
C2285	golf-club	Golf Club	industry-expanded	SK-STUDIO-CANVAS	TY-TRANSITIONAL-SERIF	soft-rect	bubble-plastic	CS-BRAND-LOCKUP	CH-IMMERSIVE	app	STYLE_ID=golf-club; SKELETON=SK-STUDIO-CANVAS; TYPE_ERA=TY-TRANSITIONAL-SERIF; CONTROL=soft-rect; MATERIAL=bubble-plastic; COLOUR_STRAT=CS-BRAND-LOCKUP; CHROME=CH-IMMERSIVE; FEEL=green traditional
C2286	greengrocer	Greengrocer	industry-expanded	SK-COMPARISON	TY-HUMANIST	chunk-border	soft-clay	CS-MONO-PLUS	CH-NONE	marketing	STYLE_ID=greengrocer; SKELETON=SK-COMPARISON; TYPE_ERA=TY-HUMANIST; CONTROL=chunk-border; MATERIAL=soft-clay; COLOUR_STRAT=CS-MONO-PLUS; CHROME=CH-NONE; FEEL=chalkboard prices
C2287	gym-climbing	Climbing Gym Ops	industry-expanded	SK-PRICING-LADDER	TY-INDUSTRIAL-COND	chunk-border	rubber-matte	CS-DUOTONE	CH-MIN	marketing	STYLE_ID=gym-climbing; SKELETON=SK-PRICING-LADDER; TYPE_ERA=TY-INDUSTRIAL-COND; CONTROL=chunk-border; MATERIAL=rubber-matte; COLOUR_STRAT=CS-DUOTONE; CHROME=CH-MIN; FEEL=routes grades
C2288	hair-salon-barber-modern	Modern Salon	industry-expanded	SK-MANIFEST-LIST	TY-DIDONE-LUX	pill	silicone	CS-PRIMARY-TRIO	CH-STANDARD	app	STYLE_ID=hair-salon-barber-modern; SKELETON=SK-MANIFEST-LIST; TYPE_ERA=TY-DIDONE-LUX; CONTROL=pill; MATERIAL=silicone; COLOUR_STRAT=CS-PRIMARY-TRIO; CHROME=CH-STANDARD; FEEL=booking glam
C2289	hardware-iot	Hardware IoT Brand	industry-expanded	SK-SCOREBOARD	TY-GROTESK-SOFT	sharp-0	carbon-fibre	CS-TONAL	CH-APP	app	STYLE_ID=hardware-iot; SKELETON=SK-SCOREBOARD; TYPE_ERA=TY-GROTESK-SOFT; CONTROL=sharp-0; MATERIAL=carbon-fibre; COLOUR_STRAT=CS-TONAL; CHROME=CH-APP; FEEL=product renders specs
C2290	heritage-railway	Heritage Railway	industry-expanded	SK-COCKPIT-STRIP	TY-HUMANIST	ticket	camo-cloth	CS-PAPER-INK	CH-DENSE	app	STYLE_ID=heritage-railway; SKELETON=SK-COCKPIT-STRIP; TYPE_ERA=TY-HUMANIST; CONTROL=ticket; MATERIAL=camo-cloth; COLOUR_STRAT=CS-PAPER-INK; CHROME=CH-DENSE; FEEL=timetable nostalgia
C2291	hospital-internal	Hospital Internal	industry-expanded	SK-FOLIO-SPREAD	TY-HUMANIST	sharp-0	high-vis-mesh	CS-DARK-STAGE	CH-IMMERSIVE	marketing	STYLE_ID=hospital-internal; SKELETON=SK-FOLIO-SPREAD; TYPE_ERA=TY-HUMANIST; CONTROL=sharp-0; MATERIAL=high-vis-mesh; COLOUR_STRAT=CS-DARK-STAGE; CHROME=CH-IMMERSIVE; FEEL=wards tasks
C2292	hostel	Hostel	industry-expanded	SK-STAMP-SHEET	TY-HUMANIST	pill	safety-yellow-paint	CS-PASTEL-POP	CH-NONE	marketing	STYLE_ID=hostel; SKELETON=SK-STAMP-SHEET; TYPE_ERA=TY-HUMANIST; CONTROL=pill; MATERIAL=safety-yellow-paint; COLOUR_STRAT=CS-PASTEL-POP; CHROME=CH-NONE; FEEL=bunks social cheap clear
C2293	hotel-budget	Budget Hotel	industry-expanded	SK-DOCKED-FAB	TY-GROTESK-SOFT	soft-rect	signal-flags	CS-SIGNAL	CH-MIN	mobile	STYLE_ID=hotel-budget; SKELETON=SK-DOCKED-FAB; TYPE_ERA=TY-GROTESK-SOFT; CONTROL=soft-rect; MATERIAL=signal-flags; COLOUR_STRAT=CS-SIGNAL; CHROME=CH-MIN; FEEL=deals clean simple
C2294	hr-portal	HR Portal	industry-expanded	SK-PEEK-CARDS	TY-HUMANIST	soft-rect	tide-pool	CS-PHOTO-LED	CH-STANDARD	mobile	STYLE_ID=hr-portal; SKELETON=SK-PEEK-CARDS; TYPE_ERA=TY-HUMANIST; CONTROL=soft-rect; MATERIAL=tide-pool; COLOUR_STRAT=CS-PHOTO-LED; CHROME=CH-STANDARD; FEEL=policies leave
C2295	hvac	HVAC Service	industry-expanded	SK-RADIO-TUNER	TY-INDUSTRIAL-COND	chunk-border	sea-glass	CS-CMYK-PROCESS	CH-APP	app	STYLE_ID=hvac; SKELETON=SK-RADIO-TUNER; TYPE_ERA=TY-INDUSTRIAL-COND; CONTROL=chunk-border; MATERIAL=sea-glass; COLOUR_STRAT=CS-CMYK-PROCESS; CHROME=CH-APP; FEEL=jobs routes
C2296	ice-cream-brand	Ice Cream Brand	industry-expanded	SK-FILMSTRIP	TY-ROUNDED	pill	sandstone	CS-EARTH	CH-DENSE	marketing	STYLE_ID=ice-cream-brand; SKELETON=SK-FILMSTRIP; TYPE_ERA=TY-ROUNDED; CONTROL=pill; MATERIAL=sandstone; COLOUR_STRAT=CS-EARTH; CHROME=CH-DENSE; FEEL=joy colour
C2297	immigration-help	Immigration Help	industry-expanded	SK-ORBIT-META	TY-HUMANIST	soft-rect	limestone	CS-OCEAN	CH-IMMERSIVE	marketing	STYLE_ID=immigration-help; SKELETON=SK-ORBIT-META; TYPE_ERA=TY-HUMANIST; CONTROL=soft-rect; MATERIAL=limestone; COLOUR_STRAT=CS-OCEAN; CHROME=CH-IMMERSIVE; FEEL=calm clear steps careful
C2298	insurance-claims	Insurance Claims	industry-expanded	SK-SPLIT-DEPTH	TY-HUMANIST	sharp-0	brick-industrial	CS-NEON-ON-DARK	CH-NONE	marketing	STYLE_ID=insurance-claims; SKELETON=SK-SPLIT-DEPTH; TYPE_ERA=TY-HUMANIST; CONTROL=sharp-0; MATERIAL=brick-industrial; COLOUR_STRAT=CS-NEON-ON-DARK; CHROME=CH-NONE; FEEL=status plain
C2299	interior-design	Interior Design Studio	industry-expanded	SK-CHECKOUT-TUNNEL	TY-DIDONE-LUX	ink-underline	corrugated-iron	CS-DESAT-CORP	CH-MIN	marketing	STYLE_ID=interior-design; SKELETON=SK-CHECKOUT-TUNNEL; TYPE_ERA=TY-DIDONE-LUX; CONTROL=ink-underline; MATERIAL=corrugated-iron; COLOUR_STRAT=CS-DESAT-CORP; CHROME=CH-MIN; FEEL=moodboards rooms
C2300	jewellery	Jewellery	industry-expanded	SK-CHAT-THREAD	TY-DIDONE-LUX	ink-underline	shipping-container	CS-HIGH-KEY	CH-STANDARD	app	STYLE_ID=jewellery; SKELETON=SK-CHAT-THREAD; TYPE_ERA=TY-DIDONE-LUX; CONTROL=ink-underline; MATERIAL=shipping-container; COLOUR_STRAT=CS-HIGH-KEY; CHROME=CH-STANDARD; FEEL=sparkle restraint photo
C2301	job-board	Job Board	industry-expanded	SK-NOTIFICATION-STACK	TY-GROTESK-SOFT	soft-rect	scaffold	CS-LOW-KEY	CH-APP	mobile	STYLE_ID=job-board; SKELETON=SK-NOTIFICATION-STACK; TYPE_ERA=TY-GROTESK-SOFT; CONTROL=soft-rect; MATERIAL=scaffold; COLOUR_STRAT=CS-LOW-KEY; CHROME=CH-APP; FEEL=listings filters
C2302	juice-bar	Juice Bar	industry-expanded	SK-DIRECTORY	TY-ROUNDED	pill	blueprint-cyan	CS-SEPIA	CH-DENSE	app	STYLE_ID=juice-bar; SKELETON=SK-DIRECTORY; TYPE_ERA=TY-ROUNDED; CONTROL=pill; MATERIAL=blueprint-cyan; COLOUR_STRAT=CS-SEPIA; CHROME=CH-DENSE; FEEL=fresh bright
C2303	karaoke	Karaoke	industry-expanded	SK-ATLAS-PLATES	TY-DISPLAY-EXTREME	pill	carbon-paper	CS-INVERTED	CH-IMMERSIVE	marketing	STYLE_ID=karaoke; SKELETON=SK-ATLAS-PLATES; TYPE_ERA=TY-DISPLAY-EXTREME; CONTROL=pill; MATERIAL=carbon-paper; COLOUR_STRAT=CS-INVERTED; CHROME=CH-IMMERSIVE; FEEL=neon song lists
C2304	kitchen-retail	Kitchen Retail	industry-expanded	SK-HERO-SPLIT	TY-HUMANIST	soft-rect	thermal-receipt	CS-REGIONAL-FLAG	CH-NONE	marketing	STYLE_ID=kitchen-retail; SKELETON=SK-HERO-SPLIT; TYPE_ERA=TY-HUMANIST; CONTROL=soft-rect; MATERIAL=thermal-receipt; COLOUR_STRAT=CS-REGIONAL-FLAG; CHROME=CH-NONE; FEEL=cabinets showroom
C2305	language-school	Language School	industry-expanded	SK-SINGLE-STICKY	TY-HUMANIST	soft-rect	dot-matrix	CS-BRAND-LOCKUP	CH-MIN	marketing	STYLE_ID=language-school; SKELETON=SK-SINGLE-STICKY; TYPE_ERA=TY-HUMANIST; CONTROL=soft-rect; MATERIAL=dot-matrix; COLOUR_STRAT=CS-BRAND-LOCKUP; CHROME=CH-MIN; FEEL=lessons progress
C2306	laundry	Laundry	industry-expanded	SK-EDITORIAL-LONG	TY-HUMANIST	chunk-border	polaroid	CS-MONO-PLUS	CH-STANDARD	marketing	STYLE_ID=laundry; SKELETON=SK-EDITORIAL-LONG; TYPE_ERA=TY-HUMANIST; CONTROL=chunk-border; MATERIAL=polaroid; COLOUR_STRAT=CS-MONO-PLUS; CHROME=CH-STANDARD; FEEL=tickets machines
C2307	law-firm-corporate	Corporate Law	industry-expanded	SK-BENTO	TY-TRANSITIONAL-SERIF	ink-underline	film-grain	CS-DUOTONE	CH-APP	marketing	STYLE_ID=law-firm-corporate; SKELETON=SK-BENTO; TYPE_ERA=TY-TRANSITIONAL-SERIF; CONTROL=ink-underline; MATERIAL=film-grain; COLOUR_STRAT=CS-DUOTONE; CHROME=CH-APP; FEEL=serious navy
C2308	library-public-ops	Library Ops	industry-expanded	SK-TABLE-FIRST	TY-HUMANIST	sharp-0	halftone-print	CS-PRIMARY-TRIO	CH-DENSE	app	STYLE_ID=library-public-ops; SKELETON=SK-TABLE-FIRST; TYPE_ERA=TY-HUMANIST; CONTROL=sharp-0; MATERIAL=halftone-print; COLOUR_STRAT=CS-PRIMARY-TRIO; CHROME=CH-DENSE; FEEL=loans fines holds
C2309	lighting-store	Lighting Store	industry-expanded	SK-TIMELINE	TY-GROTESK-SOFT	soft-rect	risograph	CS-TONAL	CH-IMMERSIVE	app	STYLE_ID=lighting-store; SKELETON=SK-TIMELINE; TYPE_ERA=TY-GROTESK-SOFT; CONTROL=soft-rect; MATERIAL=risograph; COLOUR_STRAT=CS-TONAL; CHROME=CH-IMMERSIVE; FEEL=glow dark showroom
C2310	live-music-venue	Live Music Venue	industry-expanded	SK-MAP-STAGE	TY-DISPLAY-EXTREME	ticket	screenprint	CS-PAPER-INK	CH-NONE	app	STYLE_ID=live-music-venue; SKELETON=SK-MAP-STAGE; TYPE_ERA=TY-DISPLAY-EXTREME; CONTROL=ticket; MATERIAL=screenprint; COLOUR_STRAT=CS-PAPER-INK; CHROME=CH-NONE; FEEL=listings posters
C2311	local-news	Local News	industry-expanded	SK-BOARD-KANBAN	TY-SERIF-TEXT	ink-underline	watercolor-wash	CS-DARK-STAGE	CH-MIN	app	STYLE_ID=local-news; SKELETON=SK-BOARD-KANBAN; TYPE_ERA=TY-SERIF-TEXT; CONTROL=ink-underline; MATERIAL=watercolor-wash; COLOUR_STRAT=CS-DARK-STAGE; CHROME=CH-MIN; FEEL=hyperlocal trust
C2312	locksmith	Locksmith	industry-expanded	SK-TICKET-STUB	TY-HUMANIST	filled-block	ink-wash	CS-PASTEL-POP	CH-STANDARD	marketing	STYLE_ID=locksmith; SKELETON=SK-TICKET-STUB; TYPE_ERA=TY-HUMANIST; CONTROL=filled-block; MATERIAL=ink-wash; COLOUR_STRAT=CS-PASTEL-POP; CHROME=CH-STANDARD; FEEL=emergency clear
C2313	logistics-last-mile	Last Mile	industry-expanded	SK-LEDGER	TY-HUMANIST	chunk-border	sumi-ink	CS-SIGNAL	CH-APP	app	STYLE_ID=logistics-last-mile; SKELETON=SK-LEDGER; TYPE_ERA=TY-HUMANIST; CONTROL=chunk-border; MATERIAL=sumi-ink; COLOUR_STRAT=CS-SIGNAL; CHROME=CH-APP; FEEL=stops map
C2314	makeup-brand	Makeup Brand	industry-expanded	SK-TERMINAL	TY-DIDONE-LUX	pill	gold-leaf	CS-PHOTO-LED	CH-DENSE	app	STYLE_ID=makeup-brand; SKELETON=SK-TERMINAL; TYPE_ERA=TY-DIDONE-LUX; CONTROL=pill; MATERIAL=gold-leaf; COLOUR_STRAT=CS-PHOTO-LED; CHROME=CH-DENSE; FEEL=swatches glam
C2315	marina	Marina	industry-expanded	SK-POSTER	TY-HUMANIST	chunk-border	lacquer	CS-CMYK-PROCESS	CH-IMMERSIVE	marketing	STYLE_ID=marina; SKELETON=SK-POSTER; TYPE_ERA=TY-HUMANIST; CONTROL=chunk-border; MATERIAL=lacquer; COLOUR_STRAT=CS-CMYK-PROCESS; CHROME=CH-IMMERSIVE; FEEL=berths tides
C2316	marketplace-handmade	Handmade Marketplace	industry-expanded	SK-BOTTOM-SHEET	TY-HUMANIST	soft-rect	jade	CS-EARTH	CH-NONE	mobile	STYLE_ID=marketplace-handmade; SKELETON=SK-BOTTOM-SHEET; TYPE_ERA=TY-HUMANIST; CONTROL=soft-rect; MATERIAL=jade; COLOUR_STRAT=CS-EARTH; CHROME=CH-NONE; FEEL=maker stories
C2317	meat-delivery	Butcher Delivery	industry-expanded	SK-TAB-DECK	TY-SLAB	chunk-border	lacquer-red	CS-OCEAN	CH-MIN	mobile	STYLE_ID=meat-delivery; SKELETON=SK-TAB-DECK; TYPE_ERA=TY-SLAB; CONTROL=chunk-border; MATERIAL=lacquer-red; COLOUR_STRAT=CS-OCEAN; CHROME=CH-MIN; FEEL=cuts schedules
C2318	medical-device	Medical Device UI	industry-expanded	SK-WIZARD-STEPS	TY-HUMANIST	sharp-0	indigo-dye	CS-NEON-ON-DARK	CH-STANDARD	app	STYLE_ID=medical-device; SKELETON=SK-WIZARD-STEPS; TYPE_ERA=TY-HUMANIST; CONTROL=sharp-0; MATERIAL=indigo-dye; COLOUR_STRAT=CS-NEON-ON-DARK; CHROME=CH-STANDARD; FEEL=regulated clear
C2319	mental-health	Mental Health App	industry-expanded	SK-SPLIT-INSPECTOR	TY-HUMANIST	pill	mudcloth	CS-DESAT-CORP	CH-APP	app	STYLE_ID=mental-health; SKELETON=SK-SPLIT-INSPECTOR; TYPE_ERA=TY-HUMANIST; CONTROL=pill; MATERIAL=mudcloth; COLOUR_STRAT=CS-DESAT-CORP; CHROME=CH-APP; FEEL=gentle careful
C2320	military-recruit-careful	Recruitment Careful	industry-expanded	SK-DASH-METRIC	TY-HUMANIST	sharp-0	batik	CS-HIGH-KEY	CH-DENSE	app	STYLE_ID=military-recruit-careful; SKELETON=SK-DASH-METRIC; TYPE_ERA=TY-HUMANIST; CONTROL=sharp-0; MATERIAL=batik; COLOUR_STRAT=CS-HIGH-KEY; CHROME=CH-DENSE; FEEL=formal clear not manipulative
C2321	mining-ops	Mining Ops	industry-expanded	SK-GALLERY-INDEX	TY-INDUSTRIAL-COND	chunk-border	retro-formica	CS-LOW-KEY	CH-IMMERSIVE	marketing	STYLE_ID=mining-ops; SKELETON=SK-GALLERY-INDEX; TYPE_ERA=TY-INDUSTRIAL-COND; CONTROL=chunk-border; MATERIAL=retro-formica; COLOUR_STRAT=CS-LOW-KEY; CHROME=CH-IMMERSIVE; FEEL=safety heavy
C2322	mobile-network	Mobile Network	industry-expanded	SK-ZINE-COLLAGE	TY-GROTESK-SOFT	soft-rect	linoleum	CS-SEPIA	CH-NONE	marketing	STYLE_ID=mobile-network; SKELETON=SK-ZINE-COLLAGE; TYPE_ERA=TY-GROTESK-SOFT; CONTROL=soft-rect; MATERIAL=linoleum; COLOUR_STRAT=CS-SEPIA; CHROME=CH-NONE; FEEL=plans coverage
C2323	mosque-community	Community Faith Centre careful	industry-expanded	SK-BRUTAL-BLOCKS	TY-HUMANIST	ink-underline	motel-neon	CS-INVERTED	CH-MIN	any	STYLE_ID=mosque-community; SKELETON=SK-BRUTAL-BLOCKS; TYPE_ERA=TY-HUMANIST; CONTROL=ink-underline; MATERIAL=motel-neon; COLOUR_STRAT=CS-INVERTED; CHROME=CH-MIN; FEEL=respectful calm
C2324	moving-company	Movers	industry-expanded	SK-RAIL-DOCK	TY-HUMANIST	chunk-border	diner-chrome	CS-REGIONAL-FLAG	CH-STANDARD	app	STYLE_ID=moving-company; SKELETON=SK-RAIL-DOCK; TYPE_ERA=TY-HUMANIST; CONTROL=chunk-border; MATERIAL=diner-chrome; COLOUR_STRAT=CS-REGIONAL-FLAG; CHROME=CH-STANDARD; FEEL=quotes inventory
C2325	music-school	Music School	industry-expanded	SK-CENTER-STAGE	TY-OLDSTYLE-SERIF	soft-rect	arcade-cabinet	CS-BRAND-LOCKUP	CH-APP	marketing	STYLE_ID=music-school; SKELETON=SK-CENTER-STAGE; TYPE_ERA=TY-OLDSTYLE-SERIF; CONTROL=soft-rect; MATERIAL=arcade-cabinet; COLOUR_STRAT=CS-BRAND-LOCKUP; CHROME=CH-APP; FEEL=lessons recitals
C2326	nail-salon	Nail Salon	industry-expanded	SK-NEWS-RIVER	TY-ROUNDED	pill	pinball-glass	CS-MONO-PLUS	CH-DENSE	app	STYLE_ID=nail-salon; SKELETON=SK-NEWS-RIVER; TYPE_ERA=TY-ROUNDED; CONTROL=pill; MATERIAL=pinball-glass; COLOUR_STRAT=CS-MONO-PLUS; CHROME=CH-DENSE; FEEL=colour glossy
C2327	national-park	National Park	industry-expanded	SK-CALENDAR-SPINE	TY-SLAB	chunk-border	flight-case	CS-DUOTONE	CH-IMMERSIVE	app	STYLE_ID=national-park; SKELETON=SK-CALENDAR-SPINE; TYPE_ERA=TY-SLAB; CONTROL=chunk-border; MATERIAL=flight-case; COLOUR_STRAT=CS-DUOTONE; CHROME=CH-IMMERSIVE; FEEL=maps rules nature
C2328	news-aggregator	News Aggregator	industry-expanded	SK-MASONRY	TY-GROTESK-SOFT	sharp-0	gaffer-tape	CS-PRIMARY-TRIO	CH-NONE	marketing	STYLE_ID=news-aggregator; SKELETON=SK-MASONRY; TYPE_ERA=TY-GROTESK-SOFT; CONTROL=sharp-0; MATERIAL=gaffer-tape; COLOUR_STRAT=CS-PRIMARY-TRIO; CHROME=CH-NONE; FEEL=sources river
C2329	nightclub	Nightclub	industry-expanded	SK-SPLIT-DIAGONAL	TY-DISPLAY-EXTREME	sharp-0	glow-tape	CS-TONAL	CH-MIN	marketing	STYLE_ID=nightclub; SKELETON=SK-SPLIT-DIAGONAL; TYPE_ERA=TY-DISPLAY-EXTREME; CONTROL=sharp-0; MATERIAL=glow-tape; COLOUR_STRAT=CS-TONAL; CHROME=CH-MIN; FEEL=guestlist dark
C2330	nursery-plants	Plant Nursery	industry-expanded	SK-FRAME-IN-FRAME	TY-HUMANIST	soft-rect	stage-blackout	CS-PAPER-INK	CH-STANDARD	marketing	STYLE_ID=nursery-plants; SKELETON=SK-FRAME-IN-FRAME; TYPE_ERA=TY-HUMANIST; CONTROL=soft-rect; MATERIAL=stage-blackout; COLOUR_STRAT=CS-PAPER-INK; CHROME=CH-STANDARD; FEEL=stock seasons
C2331	nutrition	Nutrition Coaching	industry-expanded	SK-SIDE-SCROLL	TY-HUMANIST	pill	lab-laminate	CS-DARK-STAGE	CH-APP	marketing	STYLE_ID=nutrition; SKELETON=SK-SIDE-SCROLL; TYPE_ERA=TY-HUMANIST; CONTROL=pill; MATERIAL=lab-laminate; COLOUR_STRAT=CS-DARK-STAGE; CHROME=CH-APP; FEEL=plans progress
C2332	office-supplies	Office Supplies	industry-expanded	SK-FIXED-TOC	TY-SYSTEM-RAW	soft-rect	petri-clear	CS-PASTEL-POP	CH-DENSE	marketing	STYLE_ID=office-supplies; SKELETON=SK-FIXED-TOC; TYPE_ERA=TY-SYSTEM-RAW; CONTROL=soft-rect; MATERIAL=petri-clear; COLOUR_STRAT=CS-PASTEL-POP; CHROME=CH-DENSE; FEEL=catalog SKUs
C2333	oil-gas	Oil and Gas Ops	industry-expanded	SK-COMMAND-CENTER	TY-INDUSTRIAL-COND	chunk-border	hospital-scrub	CS-SIGNAL	CH-IMMERSIVE	app	STYLE_ID=oil-gas; SKELETON=SK-COMMAND-CENTER; TYPE_ERA=TY-INDUSTRIAL-COND; CONTROL=chunk-border; MATERIAL=hospital-scrub; COLOUR_STRAT=CS-SIGNAL; CHROME=CH-IMMERSIVE; FEEL=safety industrial
C2334	online-bank	Online Bank	industry-expanded	SK-INBOX-ZERO	TY-GROTESK-SOFT	soft-rect	clinic-white	CS-PHOTO-LED	CH-NONE	app	STYLE_ID=online-bank; SKELETON=SK-INBOX-ZERO; TYPE_ERA=TY-GROTESK-SOFT; CONTROL=soft-rect; MATERIAL=clinic-white; COLOUR_STRAT=CS-PHOTO-LED; CHROME=CH-NONE; FEEL=balances clear
C2335	optician	Optician	industry-expanded	SK-STUDIO-CANVAS	TY-HUMANIST	soft-rect	school-linoleum	CS-CMYK-PROCESS	CH-MIN	app	STYLE_ID=optician; SKELETON=SK-STUDIO-CANVAS; TYPE_ERA=TY-HUMANIST; CONTROL=soft-rect; MATERIAL=school-linoleum; COLOUR_STRAT=CS-CMYK-PROCESS; CHROME=CH-MIN; FEEL=frames try-on
C2336	orchestra	Orchestra	industry-expanded	SK-COMPARISON	TY-DIDONE-LUX	ink-underline	gym-floor	CS-EARTH	CH-STANDARD	marketing	STYLE_ID=orchestra; SKELETON=SK-COMPARISON; TYPE_ERA=TY-DIDONE-LUX; CONTROL=ink-underline; MATERIAL=gym-floor; COLOUR_STRAT=CS-EARTH; CHROME=CH-STANDARD; FEEL=season programmes
C2337	organic-csa	CSA Box	industry-expanded	SK-PRICING-LADDER	TY-HUMANIST	chunk-border	library-oak	CS-OCEAN	CH-APP	marketing	STYLE_ID=organic-csa; SKELETON=SK-PRICING-LADDER; TYPE_ERA=TY-HUMANIST; CONTROL=chunk-border; MATERIAL=library-oak; COLOUR_STRAT=CS-OCEAN; CHROME=CH-APP; FEEL=shares seasons
C2338	parking	Parking	industry-expanded	SK-MANIFEST-LIST	TY-HUMANIST	sharp-0	archive-box	CS-NEON-ON-DARK	CH-DENSE	app	STYLE_ID=parking; SKELETON=SK-MANIFEST-LIST; TYPE_ERA=TY-HUMANIST; CONTROL=sharp-0; MATERIAL=archive-box; COLOUR_STRAT=CS-NEON-ON-DARK; CHROME=CH-DENSE; FEEL=spaces payments
C2339	passport-office	Passport Office	industry-expanded	SK-SCOREBOARD	TY-HUMANIST	sharp-0	manila-folder	CS-DESAT-CORP	CH-IMMERSIVE	app	STYLE_ID=passport-office; SKELETON=SK-SCOREBOARD; TYPE_ERA=TY-HUMANIST; CONTROL=sharp-0; MATERIAL=manila-folder; COLOUR_STRAT=CS-DESAT-CORP; CHROME=CH-IMMERSIVE; FEEL=steps documents
C2340	patisserie	Patisserie	industry-expanded	SK-COCKPIT-STRIP	TY-DIDONE-LUX	soft-rect	passport-cover	CS-HIGH-KEY	CH-NONE	app	STYLE_ID=patisserie; SKELETON=SK-COCKPIT-STRIP; TYPE_ERA=TY-DIDONE-LUX; CONTROL=soft-rect; MATERIAL=passport-cover; COLOUR_STRAT=CS-HIGH-KEY; CHROME=CH-NONE; FEEL=delicate type cream
C2341	pawn-shop	Pawn Shop	industry-expanded	SK-FOLIO-SPREAD	TY-SYSTEM-RAW	chunk-border	banknote-guilloche	CS-LOW-KEY	CH-MIN	marketing	STYLE_ID=pawn-shop; SKELETON=SK-FOLIO-SPREAD; TYPE_ERA=TY-SYSTEM-RAW; CONTROL=chunk-border; MATERIAL=banknote-guilloche; COLOUR_STRAT=CS-LOW-KEY; CHROME=CH-MIN; FEEL=tickets categories
C2342	payroll	Payroll	industry-expanded	SK-STAMP-SHEET	TY-MONO-DATA	sharp-0	circuit-board	CS-SEPIA	CH-STANDARD	marketing	STYLE_ID=payroll; SKELETON=SK-STAMP-SHEET; TYPE_ERA=TY-MONO-DATA; CONTROL=sharp-0; MATERIAL=circuit-board; COLOUR_STRAT=CS-SEPIA; CHROME=CH-STANDARD; FEEL=runs payslips
C2343	pet-adoption	Pet Adoption	industry-expanded	SK-DOCKED-FAB	TY-ROUNDED	pill	server-rack	CS-INVERTED	CH-APP	mobile	STYLE_ID=pet-adoption; SKELETON=SK-DOCKED-FAB; TYPE_ERA=TY-ROUNDED; CONTROL=pill; MATERIAL=server-rack; COLOUR_STRAT=CS-INVERTED; CHROME=CH-APP; FEEL=profiles careful joy
C2344	pharmacy-ops	Pharmacy Ops	industry-expanded	SK-PEEK-CARDS	TY-HUMANIST	sharp-0	vacuum-tube	CS-REGIONAL-FLAG	CH-DENSE	mobile	STYLE_ID=pharmacy-ops; SKELETON=SK-PEEK-CARDS; TYPE_ERA=TY-HUMANIST; CONTROL=sharp-0; MATERIAL=vacuum-tube; COLOUR_STRAT=CS-REGIONAL-FLAG; CHROME=CH-DENSE; FEEL=scripts queues
C2345	photo-studio	Photo Studio	industry-expanded	SK-RADIO-TUNER	TY-GROTESK-SOFT	soft-rect	space-blanket	CS-BRAND-LOCKUP	CH-IMMERSIVE	app	STYLE_ID=photo-studio; SKELETON=SK-RADIO-TUNER; TYPE_ERA=TY-GROTESK-SOFT; CONTROL=soft-rect; MATERIAL=space-blanket; COLOUR_STRAT=CS-BRAND-LOCKUP; CHROME=CH-IMMERSIVE; FEEL=booking gallery
C2346	physiotherapy	Physio	industry-expanded	SK-FILMSTRIP	TY-HUMANIST	soft-rect	astronaut-white	CS-MONO-PLUS	CH-NONE	marketing	STYLE_ID=physiotherapy; SKELETON=SK-FILMSTRIP; TYPE_ERA=TY-HUMANIST; CONTROL=soft-rect; MATERIAL=astronaut-white; COLOUR_STRAT=CS-MONO-PLUS; CHROME=CH-NONE; FEEL=exercises progress
C2347	pizza-chain	Pizza Chain	industry-expanded	SK-ORBIT-META	TY-DISPLAY-EXTREME	filled-block	mission-control	CS-DUOTONE	CH-MIN	marketing	STYLE_ID=pizza-chain; SKELETON=SK-ORBIT-META; TYPE_ERA=TY-DISPLAY-EXTREME; CONTROL=filled-block; MATERIAL=mission-control; COLOUR_STRAT=CS-DUOTONE; CHROME=CH-MIN; FEEL=menu deals
C2348	plumbing	Plumbing	industry-expanded	SK-SPLIT-DEPTH	TY-INDUSTRIAL-COND	chunk-border	radar-green	CS-PRIMARY-TRIO	CH-STANDARD	marketing	STYLE_ID=plumbing; SKELETON=SK-SPLIT-DEPTH; TYPE_ERA=TY-INDUSTRIAL-COND; CONTROL=chunk-border; MATERIAL=radar-green; COLOUR_STRAT=CS-PRIMARY-TRIO; CHROME=CH-STANDARD; FEEL=jobs emergency
C2349	podcast-network	Podcast Network	industry-expanded	SK-CHECKOUT-TUNNEL	TY-GROTESK-SOFT	pill	newsprint	CS-TONAL	CH-APP	marketing	STYLE_ID=podcast-network; SKELETON=SK-CHECKOUT-TUNNEL; TYPE_ERA=TY-GROTESK-SOFT; CONTROL=pill; MATERIAL=newsprint; COLOUR_STRAT=CS-TONAL; CHROME=CH-APP; FEEL=shows episodes
C2350	police-community	Community Policing Careful	industry-expanded	SK-CHAT-THREAD	TY-HUMANIST	sharp-0	kraft-paper	CS-PAPER-INK	CH-DENSE	app	STYLE_ID=police-community; SKELETON=SK-CHAT-THREAD; TYPE_ERA=TY-HUMANIST; CONTROL=sharp-0; MATERIAL=kraft-paper; COLOUR_STRAT=CS-PAPER-INK; CHROME=CH-DENSE; FEEL=info not fear
C2351	pool-service	Pool Service	industry-expanded	SK-NOTIFICATION-STACK	TY-HUMANIST	chunk-border	cream-cotton	CS-DARK-STAGE	CH-IMMERSIVE	mobile	STYLE_ID=pool-service; SKELETON=SK-NOTIFICATION-STACK; TYPE_ERA=TY-HUMANIST; CONTROL=chunk-border; MATERIAL=cream-cotton; COLOUR_STRAT=CS-DARK-STAGE; CHROME=CH-IMMERSIVE; FEEL=routes chemicals
C2352	port-authority	Port Authority	industry-expanded	SK-DIRECTORY	TY-HUMANIST	chunk-border	tar-paper	CS-PASTEL-POP	CH-NONE	app	STYLE_ID=port-authority; SKELETON=SK-DIRECTORY; TYPE_ERA=TY-HUMANIST; CONTROL=chunk-border; MATERIAL=tar-paper; COLOUR_STRAT=CS-PASTEL-POP; CHROME=CH-NONE; FEEL=vessels schedules
C2353	pottery-studio	Pottery Studio	industry-expanded	SK-ATLAS-PLATES	TY-HUMANIST	soft-rect	oak-timber	CS-SIGNAL	CH-MIN	marketing	STYLE_ID=pottery-studio; SKELETON=SK-ATLAS-PLATES; TYPE_ERA=TY-HUMANIST; CONTROL=soft-rect; MATERIAL=oak-timber; COLOUR_STRAT=CS-SIGNAL; CHROME=CH-MIN; FEEL=classes kiln
C2354	print-shop	Print Shop	industry-expanded	SK-HERO-SPLIT	TY-MONO-DATA	chunk-border	teak	CS-PHOTO-LED	CH-STANDARD	marketing	STYLE_ID=print-shop; SKELETON=SK-HERO-SPLIT; TYPE_ERA=TY-MONO-DATA; CONTROL=chunk-border; MATERIAL=teak; COLOUR_STRAT=CS-PHOTO-LED; CHROME=CH-STANDARD; FEEL=jobs specs
C2355	private-security	Private Security	industry-expanded	SK-SINGLE-STICKY	TY-INDUSTRIAL-COND	sharp-0	brushed-steel	CS-CMYK-PROCESS	CH-APP	marketing	STYLE_ID=private-security; SKELETON=SK-SINGLE-STICKY; TYPE_ERA=TY-INDUSTRIAL-COND; CONTROL=sharp-0; MATERIAL=brushed-steel; COLOUR_STRAT=CS-CMYK-PROCESS; CHROME=CH-APP; FEEL=logs sites
C2356	property-management	Property Management	industry-expanded	SK-EDITORIAL-LONG	TY-HUMANIST	soft-rect	polished-brass	CS-EARTH	CH-DENSE	marketing	STYLE_ID=property-management; SKELETON=SK-EDITORIAL-LONG; TYPE_ERA=TY-HUMANIST; CONTROL=soft-rect; MATERIAL=polished-brass; COLOUR_STRAT=CS-EARTH; CHROME=CH-DENSE; FEEL=tickets tenants
C2357	pub-uk	UK Pub	industry-expanded	SK-BENTO	TY-OLDSTYLE-SERIF	chunk-border	enamel-sign	CS-OCEAN	CH-IMMERSIVE	marketing	STYLE_ID=pub-uk; SKELETON=SK-BENTO; TYPE_ERA=TY-OLDSTYLE-SERIF; CONTROL=chunk-border; MATERIAL=enamel-sign; COLOUR_STRAT=CS-OCEAN; CHROME=CH-IMMERSIVE; FEEL=ale boards cosy
C2358	publishing-journal	Academic Journal	industry-expanded	SK-TABLE-FIRST	TY-SERIF-TEXT	ink-underline	wet-asphalt	CS-NEON-ON-DARK	CH-NONE	app	STYLE_ID=publishing-journal; SKELETON=SK-TABLE-FIRST; TYPE_ERA=TY-SERIF-TEXT; CONTROL=ink-underline; MATERIAL=wet-asphalt; COLOUR_STRAT=CS-NEON-ON-DARK; CHROME=CH-NONE; FEEL=abstracts peer
C2359	radio-station	Radio Station	industry-expanded	SK-TIMELINE	TY-INDUSTRIAL-COND	sharp-0	concrete	CS-DESAT-CORP	CH-MIN	app	STYLE_ID=radio-station; SKELETON=SK-TIMELINE; TYPE_ERA=TY-INDUSTRIAL-COND; CONTROL=sharp-0; MATERIAL=concrete; COLOUR_STRAT=CS-DESAT-CORP; CHROME=CH-MIN; FEEL=schedule playlists
C2360	rail-operator	Rail Operator	industry-expanded	SK-MAP-STAGE	TY-HUMANIST	sharp-0	terrazzo	CS-HIGH-KEY	CH-STANDARD	app	STYLE_ID=rail-operator; SKELETON=SK-MAP-STAGE; TYPE_ERA=TY-HUMANIST; CONTROL=sharp-0; MATERIAL=terrazzo; COLOUR_STRAT=CS-HIGH-KEY; CHROME=CH-STANDARD; FEEL=disruption clear
C2361	recruitment-agency	Recruitment Agency	industry-expanded	SK-BOARD-KANBAN	TY-GROTESK-SOFT	soft-rect	marble	CS-LOW-KEY	CH-APP	app	STYLE_ID=recruitment-agency; SKELETON=SK-BOARD-KANBAN; TYPE_ERA=TY-GROTESK-SOFT; CONTROL=soft-rect; MATERIAL=marble; COLOUR_STRAT=CS-LOW-KEY; CHROME=CH-APP; FEEL=roles candidates
C2362	recycling-centre	Recycling Centre	industry-expanded	SK-TICKET-STUB	TY-HUMANIST	chunk-border	granite	CS-SEPIA	CH-DENSE	marketing	STYLE_ID=recycling-centre; SKELETON=SK-TICKET-STUB; TYPE_ERA=TY-HUMANIST; CONTROL=chunk-border; MATERIAL=granite; COLOUR_STRAT=CS-SEPIA; CHROME=CH-DENSE; FEEL=streams rules
C2363	removals	Removals	industry-expanded	SK-LEDGER	TY-HUMANIST	chunk-border	glass-frost	CS-INVERTED	CH-IMMERSIVE	app	STYLE_ID=removals; SKELETON=SK-LEDGER; TYPE_ERA=TY-HUMANIST; CONTROL=chunk-border; MATERIAL=glass-frost; COLOUR_STRAT=CS-INVERTED; CHROME=CH-IMMERSIVE; FEEL=inventory days
C2364	rental-cars	Car Rental	industry-expanded	SK-TERMINAL	TY-GROTESK-SOFT	soft-rect	smoked-glass	CS-REGIONAL-FLAG	CH-NONE	app	STYLE_ID=rental-cars; SKELETON=SK-TERMINAL; TYPE_ERA=TY-GROTESK-SOFT; CONTROL=soft-rect; MATERIAL=smoked-glass; COLOUR_STRAT=CS-REGIONAL-FLAG; CHROME=CH-NONE; FEEL=classes extras
C2365	repair-cafe	Repair Café	industry-expanded	SK-POSTER	TY-HUMANIST	chunk-border	acrylic	CS-BRAND-LOCKUP	CH-MIN	marketing	STYLE_ID=repair-cafe; SKELETON=SK-POSTER; TYPE_ERA=TY-HUMANIST; CONTROL=chunk-border; MATERIAL=acrylic; COLOUR_STRAT=CS-BRAND-LOCKUP; CHROME=CH-MIN; FEEL=fix don't replace
C2366	research-lab-ops	Research Lab Ops	industry-expanded	SK-BOTTOM-SHEET	TY-MONO-DATA	sharp-0	leather-bound	CS-MONO-PLUS	CH-STANDARD	mobile	STYLE_ID=research-lab-ops; SKELETON=SK-BOTTOM-SHEET; TYPE_ERA=TY-MONO-DATA; CONTROL=sharp-0; MATERIAL=leather-bound; COLOUR_STRAT=CS-MONO-PLUS; CHROME=CH-STANDARD; FEEL=equipment bookings
C2367	restaurant-chain	Restaurant Chain	industry-expanded	SK-TAB-DECK	TY-GROTESK-SOFT	pill	parchment	CS-DUOTONE	CH-APP	mobile	STYLE_ID=restaurant-chain; SKELETON=SK-TAB-DECK; TYPE_ERA=TY-GROTESK-SOFT; CONTROL=pill; MATERIAL=parchment; COLOUR_STRAT=CS-DUOTONE; CHROME=CH-APP; FEEL=menu locations
C2368	retirement	Retirement Community	industry-expanded	SK-WIZARD-STEPS	TY-HUMANIST	soft-rect	vellum	CS-PRIMARY-TRIO	CH-DENSE	app	STYLE_ID=retirement; SKELETON=SK-WIZARD-STEPS; TYPE_ERA=TY-HUMANIST; CONTROL=soft-rect; MATERIAL=vellum; COLOUR_STRAT=CS-PRIMARY-TRIO; CHROME=CH-DENSE; FEEL=dignity clear
C2369	riding-school	Riding School	industry-expanded	SK-SPLIT-INSPECTOR	TY-TRANSITIONAL-SERIF	soft-rect	wool-felt	CS-TONAL	CH-IMMERSIVE	app	STYLE_ID=riding-school; SKELETON=SK-SPLIT-INSPECTOR; TYPE_ERA=TY-TRANSITIONAL-SERIF; CONTROL=soft-rect; MATERIAL=wool-felt; COLOUR_STRAT=CS-TONAL; CHROME=CH-IMMERSIVE; FEEL=lessons horses
C2370	roofing	Roofing	industry-expanded	SK-DASH-METRIC	TY-INDUSTRIAL-COND	chunk-border	denim	CS-PAPER-INK	CH-NONE	app	STYLE_ID=roofing; SKELETON=SK-DASH-METRIC; TYPE_ERA=TY-INDUSTRIAL-COND; CONTROL=chunk-border; MATERIAL=denim; COLOUR_STRAT=CS-PAPER-INK; CHROME=CH-NONE; FEEL=quotes jobs
C2371	rowing-club	Rowing Club	industry-expanded	SK-GALLERY-INDEX	TY-HUMANIST	chunk-border	canvas-sail	CS-DARK-STAGE	CH-MIN	marketing	STYLE_ID=rowing-club; SKELETON=SK-GALLERY-INDEX; TYPE_ERA=TY-HUMANIST; CONTROL=chunk-border; MATERIAL=canvas-sail; COLOUR_STRAT=CS-DARK-STAGE; CHROME=CH-MIN; FEEL=sessions water
C2372	saas-vertical-legal	Legal SaaS	industry-expanded	SK-ZINE-COLLAGE	TY-GROTESK-SOFT	soft-rect	rope-hemp	CS-PASTEL-POP	CH-STANDARD	marketing	STYLE_ID=saas-vertical-legal; SKELETON=SK-ZINE-COLLAGE; TYPE_ERA=TY-GROTESK-SOFT; CONTROL=soft-rect; MATERIAL=rope-hemp; COLOUR_STRAT=CS-PASTEL-POP; CHROME=CH-STANDARD; FEEL=matters documents
C2373	saas-vertical-clinic	Clinic SaaS	industry-expanded	SK-BRUTAL-BLOCKS	TY-HUMANIST	soft-rect	vinyl-black	CS-SIGNAL	CH-APP	any	STYLE_ID=saas-vertical-clinic; SKELETON=SK-BRUTAL-BLOCKS; TYPE_ERA=TY-HUMANIST; CONTROL=soft-rect; MATERIAL=vinyl-black; COLOUR_STRAT=CS-SIGNAL; CHROME=CH-APP; FEEL=appointments charts
C2374	sailing-club	Sailing Club	industry-expanded	SK-RAIL-DOCK	TY-HUMANIST	chunk-border	chrome-metal	CS-PHOTO-LED	CH-DENSE	app	STYLE_ID=sailing-club; SKELETON=SK-RAIL-DOCK; TYPE_ERA=TY-HUMANIST; CONTROL=chunk-border; MATERIAL=chrome-metal; COLOUR_STRAT=CS-PHOTO-LED; CHROME=CH-DENSE; FEEL=races tide
C2375	school-primary-uk	UK Primary School	industry-expanded	SK-CENTER-STAGE	TY-ROUNDED	pill	anodised-aluminium	CS-CMYK-PROCESS	CH-IMMERSIVE	marketing	STYLE_ID=school-primary-uk; SKELETON=SK-CENTER-STAGE; TYPE_ERA=TY-ROUNDED; CONTROL=pill; MATERIAL=anodised-aluminium; COLOUR_STRAT=CS-CMYK-PROCESS; CHROME=CH-IMMERSIVE; FEEL=parents homework
C2376	school-secondary	Secondary School	industry-expanded	SK-NEWS-RIVER	TY-HUMANIST	soft-rect	bakelite	CS-EARTH	CH-NONE	app	STYLE_ID=school-secondary; SKELETON=SK-NEWS-RIVER; TYPE_ERA=TY-HUMANIST; CONTROL=soft-rect; MATERIAL=bakelite; COLOUR_STRAT=CS-EARTH; CHROME=CH-NONE; FEEL=timetables grades
C2377	scrapyard	Scrapyard	industry-expanded	SK-CALENDAR-SPINE	TY-INDUSTRIAL-COND	chunk-border	ceramic-glaze	CS-OCEAN	CH-MIN	app	STYLE_ID=scrapyard; SKELETON=SK-CALENDAR-SPINE; TYPE_ERA=TY-INDUSTRIAL-COND; CONTROL=chunk-border; MATERIAL=ceramic-glaze; COLOUR_STRAT=CS-OCEAN; CHROME=CH-MIN; FEEL=inventory metal
C2378	scuba-school	Scuba School	industry-expanded	SK-MASONRY	TY-HUMANIST	pill	porcelain	CS-NEON-ON-DARK	CH-STANDARD	marketing	STYLE_ID=scuba-school; SKELETON=SK-MASONRY; TYPE_ERA=TY-HUMANIST; CONTROL=pill; MATERIAL=porcelain; COLOUR_STRAT=CS-NEON-ON-DARK; CHROME=CH-STANDARD; FEEL=courses dives
C2379	seafood-restaurant	Seafood Restaurant	industry-expanded	SK-SPLIT-DIAGONAL	TY-HUMANIST	soft-rect	chalkboard	CS-DESAT-CORP	CH-APP	marketing	STYLE_ID=seafood-restaurant; SKELETON=SK-SPLIT-DIAGONAL; TYPE_ERA=TY-HUMANIST; CONTROL=soft-rect; MATERIAL=chalkboard; COLOUR_STRAT=CS-DESAT-CORP; CHROME=CH-APP; FEEL=catch menu
C2380	security-soc	Security SOC	industry-expanded	SK-FRAME-IN-FRAME	TY-MONO-DATA	sharp-0	whiteboard-lab	CS-HIGH-KEY	CH-DENSE	marketing	STYLE_ID=security-soc; SKELETON=SK-FRAME-IN-FRAME; TYPE_ERA=TY-MONO-DATA; CONTROL=sharp-0; MATERIAL=whiteboard-lab; COLOUR_STRAT=CS-HIGH-KEY; CHROME=CH-DENSE; FEEL=alerts dark
C2381	self-storage	Self Storage	industry-expanded	SK-SIDE-SCROLL	TY-HUMANIST	soft-rect	crt-phosphor	CS-LOW-KEY	CH-IMMERSIVE	marketing	STYLE_ID=self-storage; SKELETON=SK-SIDE-SCROLL; TYPE_ERA=TY-HUMANIST; CONTROL=soft-rect; MATERIAL=crt-phosphor; COLOUR_STRAT=CS-LOW-KEY; CHROME=CH-IMMERSIVE; FEEL=units access
C2382	sewage-utility	Water Utility	industry-expanded	SK-FIXED-TOC	TY-HUMANIST	chunk-border	lcd-blue	CS-SEPIA	CH-NONE	marketing	STYLE_ID=sewage-utility; SKELETON=SK-FIXED-TOC; TYPE_ERA=TY-HUMANIST; CONTROL=chunk-border; MATERIAL=lcd-blue; COLOUR_STRAT=CS-SEPIA; CHROME=CH-NONE; FEEL=outages maps
C2383	shoe-brand	Shoe Brand	industry-expanded	SK-COMMAND-CENTER	TY-GROTESK-SOFT	pill	oled-black	CS-INVERTED	CH-MIN	app	STYLE_ID=shoe-brand; SKELETON=SK-COMMAND-CENTER; TYPE_ERA=TY-GROTESK-SOFT; CONTROL=pill; MATERIAL=oled-black; COLOUR_STRAT=CS-INVERTED; CHROME=CH-MIN; FEEL=product drops
C2384	skate-shop	Skate Shop	industry-expanded	SK-INBOX-ZERO	TY-MIXED-HIGH-CONTRAST	chunk-border	neon-tube	CS-REGIONAL-FLAG	CH-STANDARD	app	STYLE_ID=skate-shop; SKELETON=SK-INBOX-ZERO; TYPE_ERA=TY-MIXED-HIGH-CONTRAST; CONTROL=chunk-border; MATERIAL=neon-tube; COLOUR_STRAT=CS-REGIONAL-FLAG; CHROME=CH-STANDARD; FEEL=decks video
C2385	ski-school	Ski School	industry-expanded	SK-STUDIO-CANVAS	TY-HUMANIST	pill	led-matrix	CS-BRAND-LOCKUP	CH-APP	app	STYLE_ID=ski-school; SKELETON=SK-STUDIO-CANVAS; TYPE_ERA=TY-HUMANIST; CONTROL=pill; MATERIAL=led-matrix; COLOUR_STRAT=CS-BRAND-LOCKUP; CHROME=CH-APP; FEEL=lessons passes
C2386	social-housing	Social Housing	industry-expanded	SK-COMPARISON	TY-HUMANIST	sharp-0	holographic-foil	CS-MONO-PLUS	CH-DENSE	marketing	STYLE_ID=social-housing; SKELETON=SK-COMPARISON; TYPE_ERA=TY-HUMANIST; CONTROL=sharp-0; MATERIAL=holographic-foil; COLOUR_STRAT=CS-MONO-PLUS; CHROME=CH-DENSE; FEEL=repairs dignity
C2387	solarium-careful	Tanning Careful	industry-expanded	SK-PRICING-LADDER	TY-GROTESK-SOFT	pill	iridescent-film	CS-DUOTONE	CH-IMMERSIVE	marketing	STYLE_ID=solarium-careful; SKELETON=SK-PRICING-LADDER; TYPE_ERA=TY-GROTESK-SOFT; CONTROL=pill; MATERIAL=iridescent-film; COLOUR_STRAT=CS-DUOTONE; CHROME=CH-IMMERSIVE; FEEL=retail not harm promo
C2388	spa-day	Day Spa	industry-expanded	SK-MANIFEST-LIST	TY-HUMANIST	pill	bubble-plastic	CS-PRIMARY-TRIO	CH-NONE	app	STYLE_ID=spa-day; SKELETON=SK-MANIFEST-LIST; TYPE_ERA=TY-HUMANIST; CONTROL=pill; MATERIAL=bubble-plastic; COLOUR_STRAT=CS-PRIMARY-TRIO; CHROME=CH-NONE; FEEL=packages calm
C2389	specialty-coffee-sub	Subscription Coffee	industry-expanded	SK-SCOREBOARD	TY-HUMANIST	soft-rect	soft-clay	CS-TONAL	CH-MIN	app	STYLE_ID=specialty-coffee-sub; SKELETON=SK-SCOREBOARD; TYPE_ERA=TY-HUMANIST; CONTROL=soft-rect; MATERIAL=soft-clay; COLOUR_STRAT=CS-TONAL; CHROME=CH-MIN; FEEL=roasts deliveries
C2390	sports-league	Sports League	industry-expanded	SK-COCKPIT-STRIP	TY-INDUSTRIAL-COND	sharp-0	rubber-matte	CS-PAPER-INK	CH-STANDARD	app	STYLE_ID=sports-league; SKELETON=SK-COCKPIT-STRIP; TYPE_ERA=TY-INDUSTRIAL-COND; CONTROL=sharp-0; MATERIAL=rubber-matte; COLOUR_STRAT=CS-PAPER-INK; CHROME=CH-STANDARD; FEEL=tables fixtures
C2391	stadium	Stadium	industry-expanded	SK-FOLIO-SPREAD	TY-INDUSTRIAL-COND	chunk-border	silicone	CS-DARK-STAGE	CH-APP	marketing	STYLE_ID=stadium; SKELETON=SK-FOLIO-SPREAD; TYPE_ERA=TY-INDUSTRIAL-COND; CONTROL=chunk-border; MATERIAL=silicone; COLOUR_STRAT=CS-DARK-STAGE; CHROME=CH-APP; FEEL=seats wayfinding
C2392	startup-seed	Seed Startup	industry-expanded	SK-STAMP-SHEET	TY-GROTESQUE	sharp-0	carbon-fibre	CS-PASTEL-POP	CH-DENSE	marketing	STYLE_ID=startup-seed; SKELETON=SK-STAMP-SHEET; TYPE_ERA=TY-GROTESQUE; CONTROL=sharp-0; MATERIAL=carbon-fibre; COLOUR_STRAT=CS-PASTEL-POP; CHROME=CH-DENSE; FEEL=scrappy bold
C2393	stationery-brand	Stationery Brand	industry-expanded	SK-DOCKED-FAB	TY-OLDSTYLE-SERIF	ink-underline	camo-cloth	CS-SIGNAL	CH-IMMERSIVE	mobile	STYLE_ID=stationery-brand; SKELETON=SK-DOCKED-FAB; TYPE_ERA=TY-OLDSTYLE-SERIF; CONTROL=ink-underline; MATERIAL=camo-cloth; COLOUR_STRAT=CS-SIGNAL; CHROME=CH-IMMERSIVE; FEEL=paper product
C2394	steakhouse	Steakhouse	industry-expanded	SK-PEEK-CARDS	TY-TRANSITIONAL-SERIF	chunk-border	high-vis-mesh	CS-PHOTO-LED	CH-NONE	mobile	STYLE_ID=steakhouse; SKELETON=SK-PEEK-CARDS; TYPE_ERA=TY-TRANSITIONAL-SERIF; CONTROL=chunk-border; MATERIAL=high-vis-mesh; COLOUR_STRAT=CS-PHOTO-LED; CHROME=CH-NONE; FEEL=dark wood meat
C2395	stock-broker	Brokerage	industry-expanded	SK-RADIO-TUNER	TY-MONO-DATA	sharp-0	safety-yellow-paint	CS-CMYK-PROCESS	CH-MIN	app	STYLE_ID=stock-broker; SKELETON=SK-RADIO-TUNER; TYPE_ERA=TY-MONO-DATA; CONTROL=sharp-0; MATERIAL=safety-yellow-paint; COLOUR_STRAT=CS-CMYK-PROCESS; CHROME=CH-MIN; FEEL=blotters numbers
C2396	street-food	Street Food	industry-expanded	SK-FILMSTRIP	TY-DISPLAY-EXTREME	chunk-border	signal-flags	CS-EARTH	CH-STANDARD	marketing	STYLE_ID=street-food; SKELETON=SK-FILMSTRIP; TYPE_ERA=TY-DISPLAY-EXTREME; CONTROL=chunk-border; MATERIAL=signal-flags; COLOUR_STRAT=CS-EARTH; CHROME=CH-STANDARD; FEEL=stalls maps
C2397	student-union	Student Union	industry-expanded	SK-ORBIT-META	TY-ROUNDED	pill	tide-pool	CS-OCEAN	CH-APP	marketing	STYLE_ID=student-union; SKELETON=SK-ORBIT-META; TYPE_ERA=TY-ROUNDED; CONTROL=pill; MATERIAL=tide-pool; COLOUR_STRAT=CS-OCEAN; CHROME=CH-APP; FEEL=events services
C2398	supermarket-premium	Premium Supermarket	industry-expanded	SK-SPLIT-DEPTH	TY-HUMANIST	soft-rect	sea-glass	CS-NEON-ON-DARK	CH-DENSE	marketing	STYLE_ID=supermarket-premium; SKELETON=SK-SPLIT-DEPTH; TYPE_ERA=TY-HUMANIST; CONTROL=soft-rect; MATERIAL=sea-glass; COLOUR_STRAT=CS-NEON-ON-DARK; CHROME=CH-DENSE; FEEL=quality calm
C2399	surgery-cosmetic-careful	Cosmetic Clinic Careful	industry-expanded	SK-CHECKOUT-TUNNEL	TY-HUMANIST	soft-rect	sandstone	CS-DESAT-CORP	CH-IMMERSIVE	marketing	STYLE_ID=surgery-cosmetic-careful; SKELETON=SK-CHECKOUT-TUNNEL; TYPE_ERA=TY-HUMANIST; CONTROL=soft-rect; MATERIAL=sandstone; COLOUR_STRAT=CS-DESAT-CORP; CHROME=CH-IMMERSIVE; FEEL=informed not hype
C2400	surveying	Surveying	industry-expanded	SK-CHAT-THREAD	TY-MONO-DATA	sharp-0	limestone	CS-HIGH-KEY	CH-NONE	app	STYLE_ID=surveying; SKELETON=SK-CHAT-THREAD; TYPE_ERA=TY-MONO-DATA; CONTROL=sharp-0; MATERIAL=limestone; COLOUR_STRAT=CS-HIGH-KEY; CHROME=CH-NONE; FEEL=plans plots
C2401	sushi	Sushi Restaurant	industry-expanded	SK-NOTIFICATION-STACK	TY-GROTESK-SOFT	ink-underline	brick-industrial	CS-LOW-KEY	CH-MIN	mobile	STYLE_ID=sushi; SKELETON=SK-NOTIFICATION-STACK; TYPE_ERA=TY-GROTESK-SOFT; CONTROL=ink-underline; MATERIAL=brick-industrial; COLOUR_STRAT=CS-LOW-KEY; CHROME=CH-MIN; FEEL=minimal precise
C2402	swimming-pool-public	Public Pool	industry-expanded	SK-DIRECTORY	TY-HUMANIST	chunk-border	corrugated-iron	CS-SEPIA	CH-STANDARD	app	STYLE_ID=swimming-pool-public; SKELETON=SK-DIRECTORY; TYPE_ERA=TY-HUMANIST; CONTROL=chunk-border; MATERIAL=corrugated-iron; COLOUR_STRAT=CS-SEPIA; CHROME=CH-STANDARD; FEEL=timetables lanes
C2403	synagogue-community	Community Centre Faith careful	industry-expanded	SK-ATLAS-PLATES	TY-HUMANIST	ink-underline	shipping-container	CS-INVERTED	CH-APP	marketing	STYLE_ID=synagogue-community; SKELETON=SK-ATLAS-PLATES; TYPE_ERA=TY-HUMANIST; CONTROL=ink-underline; MATERIAL=shipping-container; COLOUR_STRAT=CS-INVERTED; CHROME=CH-APP; FEEL=respectful
C2404	takeaway	Takeaway	industry-expanded	SK-HERO-SPLIT	TY-GROTESK-SOFT	filled-block	scaffold	CS-REGIONAL-FLAG	CH-DENSE	marketing	STYLE_ID=takeaway; SKELETON=SK-HERO-SPLIT; TYPE_ERA=TY-GROTESK-SOFT; CONTROL=filled-block; MATERIAL=scaffold; COLOUR_STRAT=CS-REGIONAL-FLAG; CHROME=CH-DENSE; FEEL=menu cart speed
C2405	tattoo-studio	Tattoo Studio	industry-expanded	SK-SINGLE-STICKY	TY-MIXED-HIGH-CONTRAST	chunk-border	blueprint-cyan	CS-BRAND-LOCKUP	CH-IMMERSIVE	marketing	STYLE_ID=tattoo-studio; SKELETON=SK-SINGLE-STICKY; TYPE_ERA=TY-MIXED-HIGH-CONTRAST; CONTROL=chunk-border; MATERIAL=blueprint-cyan; COLOUR_STRAT=CS-BRAND-LOCKUP; CHROME=CH-IMMERSIVE; FEEL=flash portfolios
C2406	tax-advisor	Tax Advisor	industry-expanded	SK-EDITORIAL-LONG	TY-HUMANIST	soft-rect	carbon-paper	CS-MONO-PLUS	CH-NONE	marketing	STYLE_ID=tax-advisor; SKELETON=SK-EDITORIAL-LONG; TYPE_ERA=TY-HUMANIST; CONTROL=soft-rect; MATERIAL=carbon-paper; COLOUR_STRAT=CS-MONO-PLUS; CHROME=CH-NONE; FEEL=forms calm
C2407	taxi-dispatch	Taxi Dispatch	industry-expanded	SK-BENTO	TY-INDUSTRIAL-COND	chunk-border	thermal-receipt	CS-DUOTONE	CH-MIN	marketing	STYLE_ID=taxi-dispatch; SKELETON=SK-BENTO; TYPE_ERA=TY-INDUSTRIAL-COND; CONTROL=chunk-border; MATERIAL=thermal-receipt; COLOUR_STRAT=CS-DUOTONE; CHROME=CH-MIN; FEEL=jobs map
C2408	tea-shop	Tea Shop	industry-expanded	SK-TABLE-FIRST	TY-OLDSTYLE-SERIF	soft-rect	dot-matrix	CS-PRIMARY-TRIO	CH-STANDARD	app	STYLE_ID=tea-shop; SKELETON=SK-TABLE-FIRST; TYPE_ERA=TY-OLDSTYLE-SERIF; CONTROL=soft-rect; MATERIAL=dot-matrix; COLOUR_STRAT=CS-PRIMARY-TRIO; CHROME=CH-STANDARD; FEEL=blends calm
C2409	tech-conference	Tech Conference	industry-expanded	SK-TIMELINE	TY-GROTESK-SOFT	sharp-0	polaroid	CS-TONAL	CH-APP	app	STYLE_ID=tech-conference; SKELETON=SK-TIMELINE; TYPE_ERA=TY-GROTESK-SOFT; CONTROL=sharp-0; MATERIAL=polaroid; COLOUR_STRAT=CS-TONAL; CHROME=CH-APP; FEEL=agenda speakers
C2410	theatre-tickets	Theatre Tickets	industry-expanded	SK-MAP-STAGE	TY-DIDONE-LUX	ticket	film-grain	CS-PAPER-INK	CH-DENSE	app	STYLE_ID=theatre-tickets; SKELETON=SK-MAP-STAGE; TYPE_ERA=TY-DIDONE-LUX; CONTROL=ticket; MATERIAL=film-grain; COLOUR_STRAT=CS-PAPER-INK; CHROME=CH-DENSE; FEEL=seats shows
C2411	theme-park	Theme Park	industry-expanded	SK-BOARD-KANBAN	TY-ROUNDED	pill	halftone-print	CS-DARK-STAGE	CH-IMMERSIVE	app	STYLE_ID=theme-park; SKELETON=SK-BOARD-KANBAN; TYPE_ERA=TY-ROUNDED; CONTROL=pill; MATERIAL=halftone-print; COLOUR_STRAT=CS-DARK-STAGE; CHROME=CH-IMMERSIVE; FEEL=maps rides joy
C2412	thrift-store	Thrift Store	industry-expanded	SK-TICKET-STUB	TY-MIXED-HIGH-CONTRAST	chunk-border	risograph	CS-PASTEL-POP	CH-NONE	marketing	STYLE_ID=thrift-store; SKELETON=SK-TICKET-STUB; TYPE_ERA=TY-MIXED-HIGH-CONTRAST; CONTROL=chunk-border; MATERIAL=risograph; COLOUR_STRAT=CS-PASTEL-POP; CHROME=CH-NONE; FEEL=racks finds
C2413	tile-shop	Tile Shop	industry-expanded	SK-LEDGER	TY-GEOMETRIC	soft-rect	screenprint	CS-SIGNAL	CH-MIN	app	STYLE_ID=tile-shop; SKELETON=SK-LEDGER; TYPE_ERA=TY-GEOMETRIC; CONTROL=soft-rect; MATERIAL=screenprint; COLOUR_STRAT=CS-SIGNAL; CHROME=CH-MIN; FEEL=grids samples
C2414	tools-brand	Tools Brand	industry-expanded	SK-TERMINAL	TY-INDUSTRIAL-COND	chunk-border	watercolor-wash	CS-PHOTO-LED	CH-STANDARD	app	STYLE_ID=tools-brand; SKELETON=SK-TERMINAL; TYPE_ERA=TY-INDUSTRIAL-COND; CONTROL=chunk-border; MATERIAL=watercolor-wash; COLOUR_STRAT=CS-PHOTO-LED; CHROME=CH-STANDARD; FEEL=tough clear
C2415	tour-operator	Tour Operator	industry-expanded	SK-POSTER	TY-HUMANIST	soft-rect	ink-wash	CS-CMYK-PROCESS	CH-APP	marketing	STYLE_ID=tour-operator; SKELETON=SK-POSTER; TYPE_ERA=TY-HUMANIST; CONTROL=soft-rect; MATERIAL=ink-wash; COLOUR_STRAT=CS-CMYK-PROCESS; CHROME=CH-APP; FEEL=itineraries
C2416	toy-brand	Toy Brand	industry-expanded	SK-BOTTOM-SHEET	TY-ROUNDED	pill	sumi-ink	CS-EARTH	CH-DENSE	mobile	STYLE_ID=toy-brand; SKELETON=SK-BOTTOM-SHEET; TYPE_ERA=TY-ROUNDED; CONTROL=pill; MATERIAL=sumi-ink; COLOUR_STRAT=CS-EARTH; CHROME=CH-DENSE; FEEL=play safe colour
C2417	trade-union	Trade Union	industry-expanded	SK-TAB-DECK	TY-INDUSTRIAL-COND	chunk-border	gold-leaf	CS-OCEAN	CH-IMMERSIVE	mobile	STYLE_ID=trade-union; SKELETON=SK-TAB-DECK; TYPE_ERA=TY-INDUSTRIAL-COND; CONTROL=chunk-border; MATERIAL=gold-leaf; COLOUR_STRAT=CS-OCEAN; CHROME=CH-IMMERSIVE; FEEL=campaigns solidarity
C2418	trainers-brand	Sneaker Brand	industry-expanded	SK-WIZARD-STEPS	TY-INDUSTRIAL-COND	sharp-0	lacquer	CS-NEON-ON-DARK	CH-NONE	app	STYLE_ID=trainers-brand; SKELETON=SK-WIZARD-STEPS; TYPE_ERA=TY-INDUSTRIAL-COND; CONTROL=sharp-0; MATERIAL=lacquer; COLOUR_STRAT=CS-NEON-ON-DARK; CHROME=CH-NONE; FEEL=drops hype
C2419	translation	Translation Agency	industry-expanded	SK-SPLIT-INSPECTOR	TY-HUMANIST	soft-rect	jade	CS-DESAT-CORP	CH-MIN	app	STYLE_ID=translation; SKELETON=SK-SPLIT-INSPECTOR; TYPE_ERA=TY-HUMANIST; CONTROL=soft-rect; MATERIAL=jade; COLOUR_STRAT=CS-DESAT-CORP; CHROME=CH-MIN; FEEL=languages clear
C2420	transport-for-city	City Transport	industry-expanded	SK-DASH-METRIC	TY-HUMANIST	sharp-0	lacquer-red	CS-HIGH-KEY	CH-STANDARD	app	STYLE_ID=transport-for-city; SKELETON=SK-DASH-METRIC; TYPE_ERA=TY-HUMANIST; CONTROL=sharp-0; MATERIAL=lacquer-red; COLOUR_STRAT=CS-HIGH-KEY; CHROME=CH-STANDARD; FEEL=status lines
C2421	travel-agent-indie	Indie Travel Agent	industry-expanded	SK-GALLERY-INDEX	TY-HUMANIST	soft-rect	indigo-dye	CS-LOW-KEY	CH-APP	marketing	STYLE_ID=travel-agent-indie; SKELETON=SK-GALLERY-INDEX; TYPE_ERA=TY-HUMANIST; CONTROL=soft-rect; MATERIAL=indigo-dye; COLOUR_STRAT=CS-LOW-KEY; CHROME=CH-APP; FEEL=stories itineraries
C2422	tree-surgery	Tree Surgery	industry-expanded	SK-ZINE-COLLAGE	TY-HUMANIST	chunk-border	mudcloth	CS-SEPIA	CH-DENSE	marketing	STYLE_ID=tree-surgery; SKELETON=SK-ZINE-COLLAGE; TYPE_ERA=TY-HUMANIST; CONTROL=chunk-border; MATERIAL=mudcloth; COLOUR_STRAT=CS-SEPIA; CHROME=CH-DENSE; FEEL=jobs risk
C2423	university-admissions	Uni Admissions	industry-expanded	SK-BRUTAL-BLOCKS	TY-HUMANIST	soft-rect	batik	CS-INVERTED	CH-IMMERSIVE	any	STYLE_ID=university-admissions; SKELETON=SK-BRUTAL-BLOCKS; TYPE_ERA=TY-HUMANIST; CONTROL=soft-rect; MATERIAL=batik; COLOUR_STRAT=CS-INVERTED; CHROME=CH-IMMERSIVE; FEEL=deadlines forms
C2424	vape-careful	Vape Retail Careful	industry-expanded	SK-RAIL-DOCK	TY-GROTESK-SOFT	soft-rect	retro-formica	CS-REGIONAL-FLAG	CH-NONE	app	STYLE_ID=vape-careful; SKELETON=SK-RAIL-DOCK; TYPE_ERA=TY-GROTESK-SOFT; CONTROL=soft-rect; MATERIAL=retro-formica; COLOUR_STRAT=CS-REGIONAL-FLAG; CHROME=CH-NONE; FEEL=adult clear not youth
C2425	vegan-cafe	Vegan Café	industry-expanded	SK-CENTER-STAGE	TY-HUMANIST	soft-rect	linoleum	CS-BRAND-LOCKUP	CH-MIN	marketing	STYLE_ID=vegan-cafe; SKELETON=SK-CENTER-STAGE; TYPE_ERA=TY-HUMANIST; CONTROL=soft-rect; MATERIAL=linoleum; COLOUR_STRAT=CS-BRAND-LOCKUP; CHROME=CH-MIN; FEEL=fresh ethical
C2426	venture-capital	Venture Capital	industry-expanded	SK-NEWS-RIVER	TY-GROTESK-SOFT	ink-underline	motel-neon	CS-MONO-PLUS	CH-STANDARD	app	STYLE_ID=venture-capital; SKELETON=SK-NEWS-RIVER; TYPE_ERA=TY-GROTESK-SOFT; CONTROL=ink-underline; MATERIAL=motel-neon; COLOUR_STRAT=CS-MONO-PLUS; CHROME=CH-STANDARD; FEEL=portfolio sparse
C2427	vet	Veterinary	industry-expanded	SK-CALENDAR-SPINE	TY-HUMANIST	soft-rect	diner-chrome	CS-DUOTONE	CH-APP	app	STYLE_ID=vet; SKELETON=SK-CALENDAR-SPINE; TYPE_ERA=TY-HUMANIST; CONTROL=soft-rect; MATERIAL=diner-chrome; COLOUR_STRAT=CS-DUOTONE; CHROME=CH-APP; FEEL=pets care calm
C2428	video-production	Video Production	industry-expanded	SK-MASONRY	TY-GROTESK-SOFT	soft-rect	arcade-cabinet	CS-PRIMARY-TRIO	CH-DENSE	marketing	STYLE_ID=video-production; SKELETON=SK-MASONRY; TYPE_ERA=TY-GROTESK-SOFT; CONTROL=soft-rect; MATERIAL=arcade-cabinet; COLOUR_STRAT=CS-PRIMARY-TRIO; CHROME=CH-DENSE; FEEL=showreels
C2429	vintage-shop	Vintage Shop	industry-expanded	SK-SPLIT-DIAGONAL	TY-MIXED-HIGH-CONTRAST	ticket	pinball-glass	CS-TONAL	CH-IMMERSIVE	marketing	STYLE_ID=vintage-shop; SKELETON=SK-SPLIT-DIAGONAL; TYPE_ERA=TY-MIXED-HIGH-CONTRAST; CONTROL=ticket; MATERIAL=pinball-glass; COLOUR_STRAT=CS-TONAL; CHROME=CH-IMMERSIVE; FEEL=decades racks
C2430	vineyard	Vineyard	industry-expanded	SK-FRAME-IN-FRAME	TY-OLDSTYLE-SERIF	ink-underline	flight-case	CS-PAPER-INK	CH-NONE	marketing	STYLE_ID=vineyard; SKELETON=SK-FRAME-IN-FRAME; TYPE_ERA=TY-OLDSTYLE-SERIF; CONTROL=ink-underline; MATERIAL=flight-case; COLOUR_STRAT=CS-PAPER-INK; CHROME=CH-NONE; FEEL=terroir bottles
C2431	virtual-event	Virtual Event	industry-expanded	SK-SIDE-SCROLL	TY-GROTESK-SOFT	soft-rect	gaffer-tape	CS-DARK-STAGE	CH-MIN	marketing	STYLE_ID=virtual-event; SKELETON=SK-SIDE-SCROLL; TYPE_ERA=TY-GROTESK-SOFT; CONTROL=soft-rect; MATERIAL=gaffer-tape; COLOUR_STRAT=CS-DARK-STAGE; CHROME=CH-MIN; FEEL=agenda stage
C2432	vocational-college	Vocational College	industry-expanded	SK-FIXED-TOC	TY-HUMANIST	soft-rect	glow-tape	CS-PASTEL-POP	CH-STANDARD	marketing	STYLE_ID=vocational-college; SKELETON=SK-FIXED-TOC; TYPE_ERA=TY-HUMANIST; CONTROL=soft-rect; MATERIAL=glow-tape; COLOUR_STRAT=CS-PASTEL-POP; CHROME=CH-STANDARD; FEEL=courses practical
C2433	volunteer-platform	Volunteer Platform	industry-expanded	SK-COMMAND-CENTER	TY-HUMANIST	pill	stage-blackout	CS-SIGNAL	CH-APP	app	STYLE_ID=volunteer-platform; SKELETON=SK-COMMAND-CENTER; TYPE_ERA=TY-HUMANIST; CONTROL=pill; MATERIAL=stage-blackout; COLOUR_STRAT=CS-SIGNAL; CHROME=CH-APP; FEEL=shifts impact
C2434	vpn-privacy	VPN Privacy	industry-expanded	SK-INBOX-ZERO	TY-GROTESK-SOFT	soft-rect	lab-laminate	CS-PHOTO-LED	CH-DENSE	app	STYLE_ID=vpn-privacy; SKELETON=SK-INBOX-ZERO; TYPE_ERA=TY-GROTESK-SOFT; CONTROL=soft-rect; MATERIAL=lab-laminate; COLOUR_STRAT=CS-PHOTO-LED; CHROME=CH-DENSE; FEEL=trust technical
C2435	warehouse-club	Warehouse Club	industry-expanded	SK-STUDIO-CANVAS	TY-INDUSTRIAL-COND	chunk-border	petri-clear	CS-CMYK-PROCESS	CH-IMMERSIVE	app	STYLE_ID=warehouse-club; SKELETON=SK-STUDIO-CANVAS; TYPE_ERA=TY-INDUSTRIAL-COND; CONTROL=chunk-border; MATERIAL=petri-clear; COLOUR_STRAT=CS-CMYK-PROCESS; CHROME=CH-IMMERSIVE; FEEL=bulk value
C2436	waste-management	Waste Management	industry-expanded	SK-COMPARISON	TY-HUMANIST	chunk-border	hospital-scrub	CS-EARTH	CH-NONE	marketing	STYLE_ID=waste-management; SKELETON=SK-COMPARISON; TYPE_ERA=TY-HUMANIST; CONTROL=chunk-border; MATERIAL=hospital-scrub; COLOUR_STRAT=CS-EARTH; CHROME=CH-NONE; FEEL=routes bins
C2437	watch-brand	Watch Brand	industry-expanded	SK-PRICING-LADDER	TY-DIDONE-LUX	ink-underline	clinic-white	CS-OCEAN	CH-MIN	marketing	STYLE_ID=watch-brand; SKELETON=SK-PRICING-LADDER; TYPE_ERA=TY-DIDONE-LUX; CONTROL=ink-underline; MATERIAL=clinic-white; COLOUR_STRAT=CS-OCEAN; CHROME=CH-MIN; FEEL=precision luxury
C2438	weather-service	Weather Service	industry-expanded	SK-MANIFEST-LIST	TY-HUMANIST	sharp-0	school-linoleum	CS-NEON-ON-DARK	CH-STANDARD	app	STYLE_ID=weather-service; SKELETON=SK-MANIFEST-LIST; TYPE_ERA=TY-HUMANIST; CONTROL=sharp-0; MATERIAL=school-linoleum; COLOUR_STRAT=CS-NEON-ON-DARK; CHROME=CH-STANDARD; FEEL=maps alerts
C2439	web-hosting	Web Hosting	industry-expanded	SK-SCOREBOARD	TY-MONO-DATA	soft-rect	gym-floor	CS-DESAT-CORP	CH-APP	app	STYLE_ID=web-hosting; SKELETON=SK-SCOREBOARD; TYPE_ERA=TY-MONO-DATA; CONTROL=soft-rect; MATERIAL=gym-floor; COLOUR_STRAT=CS-DESAT-CORP; CHROME=CH-APP; FEEL=plans status
C2440	wedding-planner	Wedding Planner	industry-expanded	SK-COCKPIT-STRIP	TY-SCRIPT-SPARSE	soft-rect	library-oak	CS-HIGH-KEY	CH-DENSE	app	STYLE_ID=wedding-planner; SKELETON=SK-COCKPIT-STRIP; TYPE_ERA=TY-SCRIPT-SPARSE; CONTROL=soft-rect; MATERIAL=library-oak; COLOUR_STRAT=CS-HIGH-KEY; CHROME=CH-DENSE; FEEL=timelines romantic
C2441	wellness-retreat	Wellness Retreat	industry-expanded	SK-FOLIO-SPREAD	TY-HUMANIST	pill	archive-box	CS-LOW-KEY	CH-IMMERSIVE	marketing	STYLE_ID=wellness-retreat; SKELETON=SK-FOLIO-SPREAD; TYPE_ERA=TY-HUMANIST; CONTROL=pill; MATERIAL=archive-box; COLOUR_STRAT=CS-LOW-KEY; CHROME=CH-IMMERSIVE; FEEL=calm nature
C2442	whisky-brand	Whisky Brand	industry-expanded	SK-STAMP-SHEET	TY-OLDSTYLE-SERIF	chunk-border	manila-folder	CS-SEPIA	CH-NONE	marketing	STYLE_ID=whisky-brand; SKELETON=SK-STAMP-SHEET; TYPE_ERA=TY-OLDSTYLE-SERIF; CONTROL=chunk-border; MATERIAL=manila-folder; COLOUR_STRAT=CS-SEPIA; CHROME=CH-NONE; FEEL=heritage peat
C2443	wine-merchant	Wine Merchant	industry-expanded	SK-DOCKED-FAB	TY-TRANSITIONAL-SERIF	ink-underline	passport-cover	CS-INVERTED	CH-MIN	mobile	STYLE_ID=wine-merchant; SKELETON=SK-DOCKED-FAB; TYPE_ERA=TY-TRANSITIONAL-SERIF; CONTROL=ink-underline; MATERIAL=passport-cover; COLOUR_STRAT=CS-INVERTED; CHROME=CH-MIN; FEEL=cellar notes
C2444	workspace-booking	Room Booking	industry-expanded	SK-PEEK-CARDS	TY-HUMANIST	soft-rect	banknote-guilloche	CS-REGIONAL-FLAG	CH-STANDARD	mobile	STYLE_ID=workspace-booking; SKELETON=SK-PEEK-CARDS; TYPE_ERA=TY-HUMANIST; CONTROL=soft-rect; MATERIAL=banknote-guilloche; COLOUR_STRAT=CS-REGIONAL-FLAG; CHROME=CH-STANDARD; FEEL=availability
C2445	yacht-charter	Yacht Charter	industry-expanded	SK-RADIO-TUNER	TY-HUMANIST	soft-rect	circuit-board	CS-BRAND-LOCKUP	CH-APP	app	STYLE_ID=yacht-charter; SKELETON=SK-RADIO-TUNER; TYPE_ERA=TY-HUMANIST; CONTROL=soft-rect; MATERIAL=circuit-board; COLOUR_STRAT=CS-BRAND-LOCKUP; CHROME=CH-APP; FEEL=fleet calendars
C2446	yoga-studio	Yoga Studio	industry-expanded	SK-FILMSTRIP	TY-HUMANIST	pill	server-rack	CS-MONO-PLUS	CH-DENSE	marketing	STYLE_ID=yoga-studio; SKELETON=SK-FILMSTRIP; TYPE_ERA=TY-HUMANIST; CONTROL=pill; MATERIAL=server-rack; COLOUR_STRAT=CS-MONO-PLUS; CHROME=CH-DENSE; FEEL=timetable calm
C2447	youth-club	Youth Club	industry-expanded	SK-ORBIT-META	TY-ROUNDED	pill	vacuum-tube	CS-DUOTONE	CH-IMMERSIVE	marketing	STYLE_ID=youth-club; SKELETON=SK-ORBIT-META; TYPE_ERA=TY-ROUNDED; CONTROL=pill; MATERIAL=vacuum-tube; COLOUR_STRAT=CS-DUOTONE; CHROME=CH-IMMERSIVE; FEEL=events safe bright
C2448	zoo	Zoo	industry-expanded	SK-SPLIT-DEPTH	TY-HUMANIST	chunk-border	space-blanket	CS-PRIMARY-TRIO	CH-NONE	marketing	STYLE_ID=zoo; SKELETON=SK-SPLIT-DEPTH; TYPE_ERA=TY-HUMANIST; CONTROL=chunk-border; MATERIAL=space-blanket; COLOUR_STRAT=CS-PRIMARY-TRIO; CHROME=CH-NONE; FEEL=maps animals education
