combo_id	pattern_id	title	family	platform	nav	shell	density	interaction	brief_lock
A0001	m-bottom-tabs-5	Bottom tabs (max 5)	mobile-structure	mobile-phone	NAV-BOTTOM-TABS	SH-PHONE-TABS	D-TOUCH-COMFORT	IX-PRIMARY-THUMB	PLATFORM=mobile-phone; PATTERN=m-bottom-tabs-5; NAV=NAV-BOTTOM-TABS; SHELL=SH-PHONE-TABS; DENSITY=D-TOUCH-COMFORT; IX=IX-PRIMARY-THUMB; IMPL=url-state,optimistic-ui,safe-area-css,install-pwa; FEEL=Peer top-level destinations
A0002	m-bottom-tabs-3	Bottom tabs (3)	mobile-structure	mobile-phone	NAV-BOTTOM-TABS	SH-PHONE-TABS	D-TOUCH-COMFORT	IX-PRIMARY-THUMB	PLATFORM=mobile-phone; PATTERN=m-bottom-tabs-3; NAV=NAV-BOTTOM-TABS; SHELL=SH-PHONE-TABS; DENSITY=D-TOUCH-COMFORT; IX=IX-PRIMARY-THUMB; IMPL=autocomplete,service-worker-offline,prefers-reduced-motion,hover-media; FEEL=Focused product
A0003	m-tab-per-stack	Tab + stack per root	mobile-structure	mobile-phone	NAV-TAB+STACK	SH-PHONE-TABS	D-TOUCH-COMFORT	IX-PRIMARY-THUMB	PLATFORM=mobile-phone; PATTERN=m-tab-per-stack; NAV=NAV-TAB+STACK; SHELL=SH-PHONE-TABS; DENSITY=D-TOUCH-COMFORT; IX=IX-PRIMARY-THUMB; IMPL=url-state,flex-phone-column,optimistic-ui,aria-current; FEEL=Independent history per tab
A0004	m-hamburger-secondary	Drawer for secondary only	mobile-structure	mobile-phone	NAV-DRAWER	SH-PHONE-STACK	D-DEFAULT	IX-PRIMARY-THUMB	PLATFORM=mobile-phone; PATTERN=m-hamburger-secondary; NAV=NAV-DRAWER; SHELL=SH-PHONE-STACK; DENSITY=D-DEFAULT; IX=IX-PRIMARY-THUMB; IMPL=safe-area-css,prefers-contrast,csrf-safe,form-novalidate; FEEL=Not for primary 5 destinations
A0005	m-hub-and-spoke	Hub home + spokes	mobile-structure	mobile-phone	NAV-STACK-PUSH	SH-PHONE-STACK	D-DEFAULT	IX-PRIMARY-THUMB	PLATFORM=mobile-phone; PATTERN=m-hub-and-spoke; NAV=NAV-STACK-PUSH; SHELL=SH-PHONE-STACK; DENSITY=D-DEFAULT; IX=IX-PRIMARY-THUMB; IMPL=dialog-element,prefers-color-scheme,pointer-events,share-api; FEEL=Home launches tasks
A0006	m-single-feed	Single feed app	mobile-structure	mobile-phone	NAV-NONE-FOCUS	SH-PHONE-FEED	D-DEFAULT	IX-PRIMARY-THUMB	PLATFORM=mobile-phone; PATTERN=m-single-feed; NAV=NAV-NONE-FOCUS; SHELL=SH-PHONE-FEED; DENSITY=D-DEFAULT; IX=IX-PRIMARY-THUMB; IMPL=inputmode,biometric-webauthn,scroll-padding,flex-phone-column; FEEL=Content is the app
A0007	m-camera-first	Camera/capture first	mobile-structure	mobile-phone	NAV-NONE-FOCUS	SH-PHONE-CANVAS	D-TOUCH-COMFORT	IX-PRIMARY-THUMB	PLATFORM=mobile-phone; PATTERN=m-camera-first; NAV=NAV-NONE-FOCUS; SHELL=SH-PHONE-CANVAS; DENSITY=D-TOUCH-COMFORT; IX=IX-PRIMARY-THUMB; IMPL=service-worker-offline,focus-trap,skeleton-css,focus-visible; FEEL=Capture chrome minimal
A0008	m-map-first	Map-first mobile	mobile-structure	mobile-phone	NAV-BOTTOM-SHEET	SH-PHONE-SHEET	D-TOUCH-COMFORT	IX-PRIMARY-THUMB	PLATFORM=mobile-phone; PATTERN=m-map-first; NAV=NAV-BOTTOM-SHEET; SHELL=SH-PHONE-SHEET; DENSITY=D-TOUCH-COMFORT; IX=IX-PRIMARY-THUMB; IMPL=aria-current,biometric-webauthn,scroll-padding,sticky-footer-cta; FEEL=Map stage + sheet
A0009	m-chat-thread	Chat thread mobile	mobile-structure	mobile-phone	NAV-STACK-PUSH	SH-PHONE-STACK	D-DEFAULT	IX-PRIMARY-THUMB	PLATFORM=mobile-phone; PATTERN=m-chat-thread; NAV=NAV-STACK-PUSH; SHELL=SH-PHONE-STACK; DENSITY=D-DEFAULT; IX=IX-PRIMARY-THUMB; IMPL=install-pwa,content-visibility,dvh-units,coarse-pointer; FEEL=Thread + composer bottom
A0010	m-onboarding-pager	Onboarding pager	mobile-structure	mobile-phone	NAV-WIZARD	SH-PHONE-STACK	D-COMFORTABLE	IX-PRIMARY-THUMB	PLATFORM=mobile-phone; PATTERN=m-onboarding-pager; NAV=NAV-WIZARD; SHELL=SH-PHONE-STACK; DENSITY=D-COMFORTABLE; IX=IX-PRIMARY-THUMB; IMPL=focus-trap,aria-current,network-information,type-date; FEEL=3–5 screens skipable
A0011	m-auth-focus	Auth focus flow	mobile-structure	mobile-phone	NAV-NONE-FOCUS	SH-PHONE-STACK	D-COMFORTABLE	IX-PRIMARY-THUMB	PLATFORM=mobile-phone; PATTERN=m-auth-focus; NAV=NAV-NONE-FOCUS; SHELL=SH-PHONE-STACK; DENSITY=D-COMFORTABLE; IX=IX-PRIMARY-THUMB; IMPL=touch-action,vibrate-careful,pointer-events,hover-media; FEEL=No app chrome
A0012	m-checkout-linear	Mobile checkout linear	mobile-structure	mobile-phone	NAV-WIZARD	SH-PHONE-STACK	D-TOUCH-COMFORT	IX-PRIMARY-THUMB	PLATFORM=mobile-phone; PATTERN=m-checkout-linear; NAV=NAV-WIZARD; SHELL=SH-PHONE-STACK; DENSITY=D-TOUCH-COMFORT; IX=IX-PRIMARY-THUMB; IMPL=tap-highlight,inputmode,content-visibility,coarse-pointer; FEEL=Steps, progress, sticky pay
A0013	m-settings-grouped	iOS-like grouped settings	mobile-structure	mobile-phone	NAV-STACK-PUSH	SH-PHONE-STACK	D-DEFAULT	IX-PRIMARY-THUMB	PLATFORM=mobile-phone; PATTERN=m-settings-grouped; NAV=NAV-STACK-PUSH; SHELL=SH-PHONE-STACK; DENSITY=D-DEFAULT; IX=IX-PRIMARY-THUMB; IMPL=type-date,debounce-search,sticky-footer-cta,bottom-nav-fixed; FEEL=Inset grouped lists
A0014	m-profile-me	Profile / Me tab	mobile-structure	mobile-phone	NAV-BOTTOM-TABS	SH-PHONE-TABS	D-DEFAULT	IX-PRIMARY-THUMB	PLATFORM=mobile-phone; PATTERN=m-profile-me; NAV=NAV-BOTTOM-TABS; SHELL=SH-PHONE-TABS; DENSITY=D-DEFAULT; IX=IX-PRIMARY-THUMB; IMPL=aria-current,flex-phone-column,service-worker-offline,csrf-safe; FEEL=Account + prefs entry
A0015	m-search-tab	Search as tab	mobile-structure	mobile-phone	NAV-BOTTOM-TABS	SH-PHONE-TABS	D-DEFAULT	IX-PRIMARY-THUMB	PLATFORM=mobile-phone; PATTERN=m-search-tab; NAV=NAV-BOTTOM-TABS; SHELL=SH-PHONE-TABS; DENSITY=D-DEFAULT; IX=IX-PRIMARY-THUMB; IMPL=push-web,sticky-footer-cta,will-change-sparing,scroll-padding; FEEL=Search is a root job
A0016	m-create-fab	Create via FAB	mobile-structure	mobile-phone	NAV-BOTTOM-TABS	SH-PHONE-FEED	D-TOUCH-COMFORT	IX-PRIMARY-THUMB	PLATFORM=mobile-phone; PATTERN=m-create-fab; NAV=NAV-BOTTOM-TABS; SHELL=SH-PHONE-FEED; DENSITY=D-TOUCH-COMFORT; IX=IX-PRIMARY-THUMB; IMPL=viewport-meta,focus-trap,app-badge,service-worker-offline; FEEL=One create affordance
A0017	m-create-sheet	Create via sheet	mobile-structure	mobile-phone	NAV-BOTTOM-SHEET	SH-PHONE-SHEET	D-DEFAULT	IX-PRIMARY-THUMB	PLATFORM=mobile-phone; PATTERN=m-create-sheet; NAV=NAV-BOTTOM-SHEET; SHELL=SH-PHONE-SHEET; DENSITY=D-DEFAULT; IX=IX-PRIMARY-THUMB; IMPL=error-boundary-ui,inputmode,optimistic-ui,overscroll; FEEL=Compose in sheet
A0018	m-detail-push	Detail push	mobile-structure	mobile-phone	NAV-STACK-PUSH	SH-PHONE-STACK	D-DEFAULT	IX-PRIMARY-THUMB	PLATFORM=mobile-phone; PATTERN=m-detail-push; NAV=NAV-STACK-PUSH; SHELL=SH-PHONE-STACK; DENSITY=D-DEFAULT; IX=IX-PRIMARY-THUMB; IMPL=skeleton-css,safe-area-css,app-badge,abort-controller; FEEL=List to detail with back
A0019	m-edit-modal	Edit modal	mobile-structure	mobile-phone	NAV-MODAL-SHEET	SH-PHONE-SHEET	D-DEFAULT	IX-PRIMARY-THUMB	PLATFORM=mobile-phone; PATTERN=m-edit-modal; NAV=NAV-MODAL-SHEET; SHELL=SH-PHONE-SHEET; DENSITY=D-DEFAULT; IX=IX-PRIMARY-THUMB; IMPL=aria-expanded,min-touch,sticky-footer-cta,biometric-webauthn; FEEL=Block context for edit
A0020	m-picker-sheet	Picker sheet	mobile-structure	mobile-phone	NAV-BOTTOM-SHEET	SH-PHONE-SHEET	D-TOUCH-COMFORT	IX-PRIMARY-THUMB	PLATFORM=mobile-phone; PATTERN=m-picker-sheet; NAV=NAV-BOTTOM-SHEET; SHELL=SH-PHONE-SHEET; DENSITY=D-TOUCH-COMFORT; IX=IX-PRIMARY-THUMB; IMPL=dvh-units,scroll-padding,vibrate-careful,bottom-nav-fixed; FEEL=Select without full page
A0021	m-filter-sheet	Filter sheet	mobile-structure	mobile-phone	NAV-BOTTOM-SHEET	SH-PHONE-SHEET	D-DEFAULT	IX-PRIMARY-THUMB	PLATFORM=mobile-phone; PATTERN=m-filter-sheet; NAV=NAV-BOTTOM-SHEET; SHELL=SH-PHONE-SHEET; DENSITY=D-DEFAULT; IX=IX-PRIMARY-THUMB; IMPL=will-change-sparing,dialog-element,touch-action,history-stack; FEEL=Filters over results
A0022	m-action-sheet	Action sheet confirm	mobile-structure	mobile-phone	NAV-MODAL-SHEET	SH-PHONE-SHEET	D-TOUCH-COMFORT	IX-PRIMARY-THUMB	PLATFORM=mobile-phone; PATTERN=m-action-sheet; NAV=NAV-MODAL-SHEET; SHELL=SH-PHONE-SHEET; DENSITY=D-TOUCH-COMFORT; IX=IX-PRIMARY-THUMB; IMPL=aria-expanded,min-touch,prefers-reduced-motion,install-pwa; FEEL=Destructive choices clear
A0023	m-wizard-fullscreen	Fullscreen wizard	mobile-structure	mobile-phone	NAV-WIZARD	SH-PHONE-STACK	D-COMFORTABLE	IX-PRIMARY-THUMB	PLATFORM=mobile-phone; PATTERN=m-wizard-fullscreen; NAV=NAV-WIZARD; SHELL=SH-PHONE-STACK; DENSITY=D-COMFORTABLE; IX=IX-PRIMARY-THUMB; IMPL=dialog-element,url-state,viewport-meta,history-stack; FEEL=Step chrome only
A0024	m-offline-first-list	Offline-first list	mobile-structure	mobile-phone	NAV-BOTTOM-TABS	SH-PHONE-FEED	D-DEFAULT	IX-PRIMARY-THUMB	PLATFORM=mobile-phone; PATTERN=m-offline-first-list; NAV=NAV-BOTTOM-TABS; SHELL=SH-PHONE-FEED; DENSITY=D-DEFAULT; IX=IX-PRIMARY-THUMB; IMPL=install-pwa,dvh-units,min-touch,file-capture; FEEL=Cached + sync state
A0025	m-biometric-gate	Biometric gate	mobile-structure	mobile-phone	NAV-NONE-FOCUS	SH-PHONE-STACK	D-COMFORTABLE	IX-PRIMARY-THUMB	PLATFORM=mobile-phone; PATTERN=m-biometric-gate; NAV=NAV-NONE-FOCUS; SHELL=SH-PHONE-STACK; DENSITY=D-COMFORTABLE; IX=IX-PRIMARY-THUMB; IMPL=coarse-pointer,live-region,service-worker-offline,biometric-webauthn; FEEL=Local auth then app
A0026	m-target-44	44pt touch targets	mobile-touch-a11y	mobile-phone	NAV-BOTTOM-TABS	SH-PHONE-TABS	D-TOUCH-COMFORT	IX-PRIMARY-THUMB	PLATFORM=mobile-phone; PATTERN=m-target-44; NAV=NAV-BOTTOM-TABS; SHELL=SH-PHONE-TABS; DENSITY=D-TOUCH-COMFORT; IX=IX-PRIMARY-THUMB; IMPL=share-api,touch-action,error-boundary-ui,intersection-infinite; FEEL=Primary controls ≥44×44
A0027	m-target-spacing	Target spacing	mobile-touch-a11y	mobile-phone	NAV-STACK-PUSH	SH-PHONE-STACK	D-TOUCH-COMFORT	IX-PRIMARY-THUMB	PLATFORM=mobile-phone; PATTERN=m-target-spacing; NAV=NAV-STACK-PUSH; SHELL=SH-PHONE-STACK; DENSITY=D-TOUCH-COMFORT; IX=IX-PRIMARY-THUMB; IMPL=tap-highlight,virtual-list,sticky-footer-cta,service-worker-offline; FEEL=Avoid mis-taps between actions
A0028	m-thumb-zone-cta	Thumb-zone primary CTA	mobile-touch-a11y	mobile-phone	NAV-STACK-PUSH	SH-PHONE-STACK	D-TOUCH-COMFORT	IX-STICKY-FOOTER-CTA	PLATFORM=mobile-phone; PATTERN=m-thumb-zone-cta; NAV=NAV-STACK-PUSH; SHELL=SH-PHONE-STACK; DENSITY=D-TOUCH-COMFORT; IX=IX-STICKY-FOOTER-CTA; IMPL=dialog-element,bottom-nav-fixed,hover-media,form-novalidate; FEEL=Primary near bottom
A0029	m-no-hover	No hover-only	mobile-touch-a11y	mobile-phone	NAV-STACK-PUSH	SH-PHONE-STACK	D-DEFAULT	IX-PRIMARY-THUMB	PLATFORM=mobile-phone; PATTERN=m-no-hover; NAV=NAV-STACK-PUSH; SHELL=SH-PHONE-STACK; DENSITY=D-DEFAULT; IX=IX-PRIMARY-THUMB; IMPL=flex-phone-column,dialog-element,prefers-color-scheme,hover-media; FEEL=All actions visible/tappable
A0030	m-safe-area-chrome	Safe-area chrome	mobile-touch-a11y	mobile-phone	NAV-BOTTOM-TABS	SH-PHONE-TABS	D-TOUCH-COMFORT	IX-STICKY-FOOTER-CTA	PLATFORM=mobile-phone; PATTERN=m-safe-area-chrome; NAV=NAV-BOTTOM-TABS; SHELL=SH-PHONE-TABS; DENSITY=D-TOUCH-COMFORT; IX=IX-STICKY-FOOTER-CTA; IMPL=aria-expanded,overscroll,app-badge,skeleton-css; FEEL=Tabs/CTAs above home indicator
A0031	m-status-bar-legible	Status bar legible	mobile-touch-a11y	mobile-phone	NAV-STACK-PUSH	SH-PHONE-STACK	D-DEFAULT	IX-PRIMARY-THUMB	PLATFORM=mobile-phone; PATTERN=m-status-bar-legible; NAV=NAV-STACK-PUSH; SHELL=SH-PHONE-STACK; DENSITY=D-DEFAULT; IX=IX-PRIMARY-THUMB; IMPL=history-stack,inputmode,optimistic-ui,scroll-padding; FEEL=Content not under status
A0032	m-keyboard-avoid	Keyboard avoidance	mobile-touch-a11y	mobile-phone	NAV-STACK-PUSH	SH-PHONE-STACK	D-DEFAULT	IX-FORM-SECTIONED	PLATFORM=mobile-phone; PATTERN=m-keyboard-avoid; NAV=NAV-STACK-PUSH; SHELL=SH-PHONE-STACK; DENSITY=D-DEFAULT; IX=IX-FORM-SECTIONED; IMPL=app-badge,aria-current,aria-expanded,debounce-search; FEEL=Focused field visible
A0033	m-large-text	Dynamic type / large text	mobile-touch-a11y	mobile-phone	NAV-STACK-PUSH	SH-PHONE-STACK	D-COMFORTABLE	IX-PRIMARY-THUMB	PLATFORM=mobile-phone; PATTERN=m-large-text; NAV=NAV-STACK-PUSH; SHELL=SH-PHONE-STACK; DENSITY=D-COMFORTABLE; IX=IX-PRIMARY-THUMB; IMPL=vibrate-careful,flex-phone-column,form-novalidate,service-worker-offline; FEEL=Layout flexes with text size
A0034	m-contrast-outdoor	Outdoor contrast	mobile-touch-a11y	mobile-phone	NAV-STACK-PUSH	SH-PHONE-STACK	D-DEFAULT	IX-PRIMARY-THUMB	PLATFORM=mobile-phone; PATTERN=m-contrast-outdoor; NAV=NAV-STACK-PUSH; SHELL=SH-PHONE-STACK; DENSITY=D-DEFAULT; IX=IX-PRIMARY-THUMB; IMPL=live-region,type-date,push-web,vibrate-careful; FEEL=High contrast for sun
A0035	m-one-hand	One-handed path	mobile-touch-a11y	mobile-phone	NAV-BOTTOM-TABS	SH-PHONE-TABS	D-TOUCH-COMFORT	IX-PRIMARY-THUMB	PLATFORM=mobile-phone; PATTERN=m-one-hand; NAV=NAV-BOTTOM-TABS; SHELL=SH-PHONE-TABS; DENSITY=D-TOUCH-COMFORT; IX=IX-PRIMARY-THUMB; IMPL=install-pwa,safe-area-css,focus-trap,focus-visible; FEEL=Critical path without stretch
A0036	m-gesture-alt	Gesture + visible alt	mobile-touch-a11y	mobile-phone	NAV-STACK-PUSH	SH-PHONE-FEED	D-DEFAULT	IX-SWIPE-ACTIONS	PLATFORM=mobile-phone; PATTERN=m-gesture-alt; NAV=NAV-STACK-PUSH; SHELL=SH-PHONE-FEED; DENSITY=D-DEFAULT; IX=IX-SWIPE-ACTIONS; IMPL=url-state,app-badge,will-change-sparing,biometric-webauthn; FEEL=Swipe not only path
A0037	m-haptic-meaning	Haptics with meaning	mobile-touch-a11y	mobile-phone	NAV-STACK-PUSH	SH-PHONE-STACK	D-DEFAULT	IX-UNDO-TOAST	PLATFORM=mobile-phone; PATTERN=m-haptic-meaning; NAV=NAV-STACK-PUSH; SHELL=SH-PHONE-STACK; DENSITY=D-DEFAULT; IX=IX-UNDO-TOAST; IMPL=live-region,tap-highlight,will-change-sparing,hover-media; FEEL=Confirm/error/success only
A0038	m-reduce-motion	Respect reduce motion	mobile-touch-a11y	mobile-phone	NAV-STACK-PUSH	SH-PHONE-STACK	D-DEFAULT	IX-SKELETON-LOAD	PLATFORM=mobile-phone; PATTERN=m-reduce-motion; NAV=NAV-STACK-PUSH; SHELL=SH-PHONE-STACK; DENSITY=D-DEFAULT; IX=IX-SKELETON-LOAD; IMPL=error-boundary-ui,autocomplete,biometric-webauthn,dvh-units; FEEL=Essential feedback remains
A0039	m-screen-reader-order	Screen reader order	mobile-touch-a11y	mobile-phone	NAV-STACK-PUSH	SH-PHONE-STACK	D-DEFAULT	IX-PRIMARY-THUMB	PLATFORM=mobile-phone; PATTERN=m-screen-reader-order; NAV=NAV-STACK-PUSH; SHELL=SH-PHONE-STACK; DENSITY=D-DEFAULT; IX=IX-PRIMARY-THUMB; IMPL=hover-media,debounce-search,install-pwa,aria-expanded; FEEL=DOM order matches visual job
A0040	m-focus-visible-mobile	Focus visible when keyboard	mobile-touch-a11y	mobile-phone	NAV-STACK-PUSH	SH-PHONE-STACK	D-DEFAULT	IX-KEYBOARD-SHORTCUTS	PLATFORM=mobile-phone; PATTERN=m-focus-visible-mobile; NAV=NAV-STACK-PUSH; SHELL=SH-PHONE-STACK; DENSITY=D-DEFAULT; IX=IX-KEYBOARD-SHORTCUTS; IMPL=safe-area-css,network-information,autocomplete,bottom-nav-fixed; FEEL=External keyboard / a11y
A0041	m-list-dense	Dense mobile list	mobile-content-patterns	mobile-phone	NAV-STACK-PUSH	SH-PHONE-FEED	D-DEFAULT	IX-INFINITE-SCROLL	PLATFORM=mobile-phone; PATTERN=m-list-dense; NAV=NAV-STACK-PUSH; SHELL=SH-PHONE-FEED; DENSITY=D-DEFAULT; IX=IX-INFINITE-SCROLL; IMPL=file-capture,biometric-webauthn,will-change-sparing,safe-area-css; FEEL=One primary line + meta
A0042	m-list-media	Media list rows	mobile-content-patterns	mobile-phone	NAV-STACK-PUSH	SH-PHONE-FEED	D-DEFAULT	IX-INFINITE-SCROLL	PLATFORM=mobile-phone; PATTERN=m-list-media; NAV=NAV-STACK-PUSH; SHELL=SH-PHONE-FEED; DENSITY=D-DEFAULT; IX=IX-INFINITE-SCROLL; IMPL=safe-area-css,vibrate-careful,file-capture,url-state; FEEL=Thumb + title + meta
A0043	m-cards-scroll	Card vertical stack	mobile-content-patterns	mobile-phone	NAV-STACK-PUSH	SH-PHONE-FEED	D-COMFORTABLE	IX-INFINITE-SCROLL	PLATFORM=mobile-phone; PATTERN=m-cards-scroll; NAV=NAV-STACK-PUSH; SHELL=SH-PHONE-FEED; DENSITY=D-COMFORTABLE; IX=IX-INFINITE-SCROLL; IMPL=csrf-safe,app-badge,install-pwa,will-change-sparing; FEEL=Scannable cards
A0044	m-grid-2col	2-column grid	mobile-content-patterns	mobile-phone	NAV-STACK-PUSH	SH-PHONE-FEED	D-DEFAULT	IX-INFINITE-SCROLL	PLATFORM=mobile-phone; PATTERN=m-grid-2col; NAV=NAV-STACK-PUSH; SHELL=SH-PHONE-FEED; DENSITY=D-DEFAULT; IX=IX-INFINITE-SCROLL; IMPL=biometric-webauthn,history-stack,install-pwa,hover-media; FEEL=Gallery/products
A0045	m-hero-then-list	Hero then list	mobile-content-patterns	mobile-phone	NAV-STACK-PUSH	SH-PHONE-STACK	D-DEFAULT	IX-EMPTY-CTA	PLATFORM=mobile-phone; PATTERN=m-hero-then-list; NAV=NAV-STACK-PUSH; SHELL=SH-PHONE-STACK; DENSITY=D-DEFAULT; IX=IX-EMPTY-CTA; IMPL=sticky-footer-cta,vibrate-careful,scroll-padding,service-worker-offline; FEEL=Context then inventory
A0046	m-timeline-vertical	Vertical timeline	mobile-content-patterns	mobile-phone	NAV-STACK-PUSH	SH-PHONE-STACK	D-DEFAULT	IX-INFINITE-SCROLL	PLATFORM=mobile-phone; PATTERN=m-timeline-vertical; NAV=NAV-STACK-PUSH; SHELL=SH-PHONE-STACK; DENSITY=D-DEFAULT; IX=IX-INFINITE-SCROLL; IMPL=app-badge,debounce-search,file-capture,install-pwa; FEEL=Activity history
A0047	m-stepper-progress	Stepper progress	mobile-content-patterns	mobile-phone	NAV-WIZARD	SH-PHONE-STACK	D-COMFORTABLE	IX-PRIMARY-THUMB	PLATFORM=mobile-phone; PATTERN=m-stepper-progress; NAV=NAV-WIZARD; SHELL=SH-PHONE-STACK; DENSITY=D-COMFORTABLE; IX=IX-PRIMARY-THUMB; IMPL=coarse-pointer,file-capture,scroll-padding,intersection-infinite; FEEL=Show step n of m
A0048	m-form-one-column	One-column form	mobile-content-patterns	mobile-phone	NAV-STACK-PUSH	SH-PHONE-STACK	D-TOUCH-COMFORT	IX-FORM-SECTIONED	PLATFORM=mobile-phone; PATTERN=m-form-one-column; NAV=NAV-STACK-PUSH; SHELL=SH-PHONE-STACK; DENSITY=D-TOUCH-COMFORT; IX=IX-FORM-SECTIONED; IMPL=overscroll,optimistic-ui,coarse-pointer,viewport-meta; FEEL=Labels above fields
A0049	m-form-multipage	Multi-page form	mobile-content-patterns	mobile-phone	NAV-WIZARD	SH-PHONE-STACK	D-DEFAULT	IX-PRIMARY-THUMB	PLATFORM=mobile-phone; PATTERN=m-form-multipage; NAV=NAV-WIZARD; SHELL=SH-PHONE-STACK; DENSITY=D-DEFAULT; IX=IX-PRIMARY-THUMB; IMPL=pointer-events,viewport-meta,virtual-list,file-capture; FEEL=Save draft between pages
A0050	m-search-results	Search results mobile	mobile-content-patterns	mobile-phone	NAV-STACK-PUSH	SH-PHONE-STACK	D-DEFAULT	IX-SEARCH-FIRST	PLATFORM=mobile-phone; PATTERN=m-search-results; NAV=NAV-STACK-PUSH; SHELL=SH-PHONE-STACK; DENSITY=D-DEFAULT; IX=IX-SEARCH-FIRST; IMPL=app-badge,aria-expanded,content-visibility,optimistic-ui; FEEL=Query sticky + results
A0051	m-empty-first-run	First-run empty	mobile-content-patterns	mobile-phone	NAV-STACK-PUSH	SH-PHONE-STACK	D-COMFORTABLE	IX-EMPTY-CTA	PLATFORM=mobile-phone; PATTERN=m-empty-first-run; NAV=NAV-STACK-PUSH; SHELL=SH-PHONE-STACK; DENSITY=D-COMFORTABLE; IX=IX-EMPTY-CTA; IMPL=focus-visible,debounce-search,safe-area-css,vibrate-careful; FEEL=Education + CTA
A0052	m-error-fullpage	Full-page error	mobile-content-patterns	mobile-phone	NAV-STACK-PUSH	SH-PHONE-STACK	D-DEFAULT	IX-EMPTY-CTA	PLATFORM=mobile-phone; PATTERN=m-error-fullpage; NAV=NAV-STACK-PUSH; SHELL=SH-PHONE-STACK; DENSITY=D-DEFAULT; IX=IX-EMPTY-CTA; IMPL=touch-action,overscroll,autocomplete,matchmedia; FEEL=Retry + support
A0053	m-permission-preface	Permission preface	mobile-content-patterns	mobile-phone	NAV-STACK-PUSH	SH-PHONE-STACK	D-COMFORTABLE	IX-PERMISSION-RATIONALE	PLATFORM=mobile-phone; PATTERN=m-permission-preface; NAV=NAV-STACK-PUSH; SHELL=SH-PHONE-STACK; DENSITY=D-COMFORTABLE; IX=IX-PERMISSION-RATIONALE; IMPL=abort-controller,inputmode,skeleton-css,viewport-meta; FEEL=Value prop before OS dialog
A0054	m-push-pref-center	Notification prefs	mobile-content-patterns	mobile-phone	NAV-STACK-PUSH	SH-PHONE-STACK	D-DEFAULT	IX-PRIMARY-THUMB	PLATFORM=mobile-phone; PATTERN=m-push-pref-center; NAV=NAV-STACK-PUSH; SHELL=SH-PHONE-STACK; DENSITY=D-DEFAULT; IX=IX-PRIMARY-THUMB; IMPL=content-visibility,live-region,autocomplete,prefers-reduced-motion; FEEL=Granular, not all-or-nothing
A0055	m-media-fullscreen	Fullscreen media	mobile-content-patterns	mobile-phone	NAV-NONE-FOCUS	SH-PHONE-CANVAS	D-DEFAULT	IX-PRIMARY-THUMB	PLATFORM=mobile-phone; PATTERN=m-media-fullscreen; NAV=NAV-NONE-FOCUS; SHELL=SH-PHONE-CANVAS; DENSITY=D-DEFAULT; IX=IX-PRIMARY-THUMB; IMPL=dvh-units,pointer-events,coarse-pointer,matchmedia; FEEL=Swipe dismiss, chrome fade
A0056	d-rail-main	Icon rail + main	desktop-structure	desktop-web	NAV-SIDE-RAIL	SH-DESK-RAIL-MAIN	D-DEFAULT	IX-KEYBOARD-SHORTCUTS	PLATFORM=desktop-web; PATTERN=d-rail-main; NAV=NAV-SIDE-RAIL; SHELL=SH-DESK-RAIL-MAIN; DENSITY=D-DEFAULT; IX=IX-KEYBOARD-SHORTCUTS; IMPL=focus-trap,container-queries,virtual-list,focus-visible; FEEL=Primary desktop shell
A0057	d-rail-labels	Rail with labels	desktop-structure	desktop-web	NAV-SIDE-RAIL	SH-DESK-RAIL-MAIN	D-DEFAULT	IX-KEYBOARD-SHORTCUTS	PLATFORM=desktop-web; PATTERN=d-rail-labels; NAV=NAV-SIDE-RAIL; SHELL=SH-DESK-RAIL-MAIN; DENSITY=D-DEFAULT; IX=IX-KEYBOARD-SHORTCUTS; IMPL=prefers-reduced-motion,optimistic-ui,skeleton-css,form-novalidate; FEEL=Discoverability > icons-only
A0058	d-rail-main-inspector	Rail + main + inspector	desktop-structure	desktop-web	NAV-SIDE-RAIL	SH-DESK-RAIL-MAIN-INSP	D-COMPACT	IX-KEYBOARD-SHORTCUTS	PLATFORM=desktop-web; PATTERN=d-rail-main-inspector; NAV=NAV-SIDE-RAIL; SHELL=SH-DESK-RAIL-MAIN-INSP; DENSITY=D-COMPACT; IX=IX-KEYBOARD-SHORTCUTS; IMPL=drag-drop-desktop,dialog-element,optimistic-ui,popover-api; FEEL=Selection details; not idle triple
A0059	d-master-detail	Master-detail	desktop-structure	desktop-web	NAV-MASTER-DETAIL	SH-TABLET-SPLIT	D-DEFAULT	IX-KEYBOARD-SHORTCUTS	PLATFORM=desktop-web; PATTERN=d-master-detail; NAV=NAV-MASTER-DETAIL; SHELL=SH-TABLET-SPLIT; DENSITY=D-DEFAULT; IX=IX-KEYBOARD-SHORTCUTS; IMPL=aria-expanded,virtual-list,roving-tabindex,csrf-safe; FEEL=List drives detail
A0060	d-datagrid-app	Datagrid application	desktop-structure	desktop-web	NAV-SIDE-RAIL	SH-DESK-DATAGRID	D-COMPACT	IX-KEYBOARD-SHORTCUTS	PLATFORM=desktop-web; PATTERN=d-datagrid-app; NAV=NAV-SIDE-RAIL; SHELL=SH-DESK-DATAGRID; DENSITY=D-COMPACT; IX=IX-KEYBOARD-SHORTCUTS; IMPL=error-boundary-ui,drag-drop-desktop,url-state,session-timeout; FEEL=Table is the product
A0061	d-dashboard-ops	Ops dashboard	desktop-structure	desktop-web	NAV-SIDE-RAIL	SH-DESK-DASH	D-DEFAULT	IX-KEYBOARD-SHORTCUTS	PLATFORM=desktop-web; PATTERN=d-dashboard-ops; NAV=NAV-SIDE-RAIL; SHELL=SH-DESK-DASH; DENSITY=D-DEFAULT; IX=IX-KEYBOARD-SHORTCUTS; IMPL=drag-drop-desktop,url-state,virtual-list,dialog-element; FEEL=KPI + one focus viz
A0062	d-document-editor	Document editor	desktop-structure	desktop-web	NAV-MENUBAR	SH-DESK-DOCUMENT	D-DEFAULT	IX-KEYBOARD-SHORTCUTS	PLATFORM=desktop-web; PATTERN=d-document-editor; NAV=NAV-MENUBAR; SHELL=SH-DESK-DOCUMENT; DENSITY=D-DEFAULT; IX=IX-KEYBOARD-SHORTCUTS; IMPL=drag-drop-desktop,autocomplete,roving-tabindex,prefers-contrast; FEEL=Canvas/document center
A0063	d-design-canvas	Design/tool canvas	desktop-structure	desktop-web	NAV-TOOLBAR	SH-DESK-TOOL-CANVAS	D-DEFAULT	IX-KEYBOARD-SHORTCUTS	PLATFORM=desktop-web; PATTERN=d-design-canvas; NAV=NAV-TOOLBAR; SHELL=SH-DESK-TOOL-CANVAS; DENSITY=D-DEFAULT; IX=IX-KEYBOARD-SHORTCUTS; IMPL=prefers-color-scheme,clipboard-api,prefers-contrast,scroll-padding; FEEL=Tools on demand
A0064	d-ide-lite	IDE-lite	desktop-structure	desktop-web	NAV-SIDE-RAIL	SH-DESK-IDE-LITE	D-COMPACT	IX-KEYBOARD-SHORTCUTS	PLATFORM=desktop-web; PATTERN=d-ide-lite; NAV=NAV-SIDE-RAIL; SHELL=SH-DESK-IDE-LITE; DENSITY=D-COMPACT; IX=IX-KEYBOARD-SHORTCUTS; IMPL=aria-current,dialog-element,optimistic-ui,session-timeout; FEEL=Editor primary; panels optional
A0065	d-command-first	Command palette first	desktop-structure	desktop-web	NAV-COMMAND-PALETTE	SH-DESK-RAIL-MAIN	D-COMPACT	IX-KEYBOARD-SHORTCUTS	PLATFORM=desktop-web; PATTERN=d-command-first; NAV=NAV-COMMAND-PALETTE; SHELL=SH-DESK-RAIL-MAIN; DENSITY=D-COMPACT; IX=IX-KEYBOARD-SHORTCUTS; IMPL=clipboard-api,hover-media,hotkeys,aria-expanded; FEEL=Keyboard jump primary
A0066	d-menubar-classic	Classic menubar	desktop-structure	desktop-web	NAV-MENUBAR	SH-DESK-DOCUMENT	D-DEFAULT	IX-KEYBOARD-SHORTCUTS	PLATFORM=desktop-web; PATTERN=d-menubar-classic; NAV=NAV-MENUBAR; SHELL=SH-DESK-DOCUMENT; DENSITY=D-DEFAULT; IX=IX-KEYBOARD-SHORTCUTS; IMPL=url-state,matchmedia,dialog-element,prefers-contrast; FEEL=File/Edit/View…
A0067	d-settings-dialog	Settings dialog/pages	desktop-structure	desktop-web	NAV-SIDE-TREE	SH-DESK-RAIL-MAIN	D-DEFAULT	IX-KEYBOARD-SHORTCUTS	PLATFORM=desktop-web; PATTERN=d-settings-dialog; NAV=NAV-SIDE-TREE; SHELL=SH-DESK-RAIL-MAIN; DENSITY=D-DEFAULT; IX=IX-KEYBOARD-SHORTCUTS; IMPL=scroll-padding,fine-pointer,skeleton-css,url-state; FEEL=Searchable settings
A0068	d-multi-workspace	Workspaces/projects switcher	desktop-structure	desktop-web	NAV-SIDE-RAIL	SH-DESK-RAIL-MAIN	D-DEFAULT	IX-KEYBOARD-SHORTCUTS	PLATFORM=desktop-web; PATTERN=d-multi-workspace; NAV=NAV-SIDE-RAIL; SHELL=SH-DESK-RAIL-MAIN; DENSITY=D-DEFAULT; IX=IX-KEYBOARD-SHORTCUTS; IMPL=roving-tabindex,localstorage-prefs,skeleton-css,drag-drop-desktop; FEEL=Context switch clear
A0069	d-breadcrumb-admin	Admin with breadcrumbs	desktop-structure	desktop-web	NAV-BREADCRUMB	SH-DESK-DATAGRID	D-COMPACT	IX-KEYBOARD-SHORTCUTS	PLATFORM=desktop-web; PATTERN=d-breadcrumb-admin; NAV=NAV-BREADCRUMB; SHELL=SH-DESK-DATAGRID; DENSITY=D-COMPACT; IX=IX-KEYBOARD-SHORTCUTS; IMPL=prefers-color-scheme,csrf-safe,virtual-list,clipboard-api; FEEL=Deep trees oriented
A0070	d-wizard-desktop	Desktop wizard modal	desktop-structure	desktop-web	NAV-WIZARD	SH-DESK-RAIL-MAIN	D-COMFORTABLE	IX-KEYBOARD-SHORTCUTS	PLATFORM=desktop-web; PATTERN=d-wizard-desktop; NAV=NAV-WIZARD; SHELL=SH-DESK-RAIL-MAIN; DENSITY=D-COMFORTABLE; IX=IX-KEYBOARD-SHORTCUTS; IMPL=roving-tabindex,fine-pointer,url-state,pointer-events; FEEL=Centered steps
A0071	d-split-compare	Compare split	desktop-structure	desktop-web	NAV-MASTER-DETAIL	SH-TABLET-SPLIT	D-DEFAULT	IX-KEYBOARD-SHORTCUTS	PLATFORM=desktop-web; PATTERN=d-split-compare; NAV=NAV-MASTER-DETAIL; SHELL=SH-TABLET-SPLIT; DENSITY=D-DEFAULT; IX=IX-KEYBOARD-SHORTCUTS; IMPL=overscroll,focus-trap,url-state,aria-expanded; FEEL=A|B decision
A0072	d-timeline-gantt	Timeline/Gantt	desktop-structure	desktop-web	NAV-TOOLBAR	SH-DESK-TOOL-CANVAS	D-COMPACT	IX-KEYBOARD-SHORTCUTS	PLATFORM=desktop-web; PATTERN=d-timeline-gantt; NAV=NAV-TOOLBAR; SHELL=SH-DESK-TOOL-CANVAS; DENSITY=D-COMPACT; IX=IX-KEYBOARD-SHORTCUTS; IMPL=dialog-element,container-queries,command-palette-js,debounce-search; FEEL=Time as structure
A0073	d-kanban-desktop	Kanban board	desktop-structure	desktop-web	NAV-SIDE-RAIL	SH-DESK-TOOL-CANVAS	D-DEFAULT	IX-KEYBOARD-SHORTCUTS	PLATFORM=desktop-web; PATTERN=d-kanban-desktop; NAV=NAV-SIDE-RAIL; SHELL=SH-DESK-TOOL-CANVAS; DENSITY=D-DEFAULT; IX=IX-KEYBOARD-SHORTCUTS; IMPL=command-palette-js,autocomplete,container-queries,hotkeys; FEEL=Columns + cards
A0074	d-calendar-desktop	Calendar app	desktop-structure	desktop-web	NAV-SIDE-RAIL	SH-DESK-TOOL-CANVAS	D-DEFAULT	IX-KEYBOARD-SHORTCUTS	PLATFORM=desktop-web; PATTERN=d-calendar-desktop; NAV=NAV-SIDE-RAIL; SHELL=SH-DESK-TOOL-CANVAS; DENSITY=D-DEFAULT; IX=IX-KEYBOARD-SHORTCUTS; IMPL=prefers-contrast,command-palette-js,will-change-sparing,grid-app-shell; FEEL=Time grid primary
A0075	d-map-desktop	Map ops desktop	desktop-structure	desktop-web	NAV-MASTER-DETAIL	SH-TABLET-SPLIT	D-DEFAULT	IX-KEYBOARD-SHORTCUTS	PLATFORM=desktop-web; PATTERN=d-map-desktop; NAV=NAV-MASTER-DETAIL; SHELL=SH-TABLET-SPLIT; DENSITY=D-DEFAULT; IX=IX-KEYBOARD-SHORTCUTS; IMPL=skeleton-css,roving-tabindex,debounce-search,aria-expanded; FEEL=Map + side list
A0076	d-chat-desktop	Desktop messaging	desktop-structure	desktop-web	NAV-MASTER-DETAIL	SH-DESK-RAIL-MAIN-INSP	D-DEFAULT	IX-KEYBOARD-SHORTCUTS	PLATFORM=desktop-web; PATTERN=d-chat-desktop; NAV=NAV-MASTER-DETAIL; SHELL=SH-DESK-RAIL-MAIN-INSP; DENSITY=D-DEFAULT; IX=IX-KEYBOARD-SHORTCUTS; IMPL=command-palette-js,will-change-sparing,hover-media,aria-current; FEEL=List | thread | optional info
A0077	d-email-client	Email client	desktop-structure	desktop-web	NAV-MASTER-DETAIL	SH-DESK-RAIL-MAIN-INSP	D-COMPACT	IX-KEYBOARD-SHORTCUTS	PLATFORM=desktop-web; PATTERN=d-email-client; NAV=NAV-MASTER-DETAIL; SHELL=SH-DESK-RAIL-MAIN-INSP; DENSITY=D-COMPACT; IX=IX-KEYBOARD-SHORTCUTS; IMPL=virtual-list,will-change-sparing,resize-observer,optimistic-ui; FEEL=Folders | list | reading
A0078	d-file-manager	File manager	desktop-structure	desktop-web	NAV-SIDE-TREE	SH-DESK-RAIL-MAIN-INSP	D-COMPACT	IX-KEYBOARD-SHORTCUTS	PLATFORM=desktop-web; PATTERN=d-file-manager; NAV=NAV-SIDE-TREE; SHELL=SH-DESK-RAIL-MAIN-INSP; DENSITY=D-COMPACT; IX=IX-KEYBOARD-SHORTCUTS; IMPL=prefers-color-scheme,roving-tabindex,matchmedia,pointer-events; FEEL=Tree | files | preview
A0079	d-analytics-explore	Analytics explore	desktop-structure	desktop-web	NAV-SIDE-RAIL	SH-DESK-DATAGRID	D-COMPACT	IX-KEYBOARD-SHORTCUTS	PLATFORM=desktop-web; PATTERN=d-analytics-explore; NAV=NAV-SIDE-RAIL; SHELL=SH-DESK-DATAGRID; DENSITY=D-COMPACT; IX=IX-KEYBOARD-SHORTCUTS; IMPL=live-region,dialog-element,autocomplete,container-queries; FEEL=Query builder + results
A0080	d-support-console	Support console	desktop-structure	desktop-web	NAV-MASTER-DETAIL	SH-DESK-RAIL-MAIN-INSP	D-COMPACT	IX-KEYBOARD-SHORTCUTS	PLATFORM=desktop-web; PATTERN=d-support-console; NAV=NAV-MASTER-DETAIL; SHELL=SH-DESK-RAIL-MAIN-INSP; DENSITY=D-COMPACT; IX=IX-KEYBOARD-SHORTCUTS; IMPL=matchmedia,error-boundary-ui,focus-trap,grid-app-shell; FEEL=Ticket queue + workspace
A0081	d-compact-tables	Compact tables	desktop-density-keyboard	desktop-web	NAV-SIDE-RAIL	SH-DESK-DATAGRID	D-COMPACT	IX-PAGINATION	PLATFORM=desktop-web; PATTERN=d-compact-tables; NAV=NAV-SIDE-RAIL; SHELL=SH-DESK-DATAGRID; DENSITY=D-COMPACT; IX=IX-PAGINATION; IMPL=command-palette-js,abort-controller,focus-trap,scroll-padding; FEEL=Short row height, dense data
A0082	d-comfortable-tables	Comfortable tables	desktop-density-keyboard	desktop-web	NAV-SIDE-RAIL	SH-DESK-DATAGRID	D-DEFAULT	IX-PAGINATION	PLATFORM=desktop-web; PATTERN=d-comfortable-tables; NAV=NAV-SIDE-RAIL; SHELL=SH-DESK-DATAGRID; DENSITY=D-DEFAULT; IX=IX-PAGINATION; IMPL=container-queries,aria-current,autocomplete,optimistic-ui; FEEL=Readable rows
A0083	d-density-toggle	User density toggle	desktop-density-keyboard	desktop-web	NAV-SIDE-RAIL	SH-DESK-DATAGRID	D-DEFAULT	IX-WINDOW-DENSITY	PLATFORM=desktop-web; PATTERN=d-density-toggle; NAV=NAV-SIDE-RAIL; SHELL=SH-DESK-DATAGRID; DENSITY=D-DEFAULT; IX=IX-WINDOW-DENSITY; IMPL=command-palette-js,skeleton-css,live-region,content-visibility; FEEL=Comfortable/Compact persist
A0084	d-keyboard-nav	Full keyboard nav	desktop-density-keyboard	desktop-web	NAV-SIDE-RAIL	SH-DESK-RAIL-MAIN	D-DEFAULT	IX-KEYBOARD-SHORTCUTS	PLATFORM=desktop-web; PATTERN=d-keyboard-nav; NAV=NAV-SIDE-RAIL; SHELL=SH-DESK-RAIL-MAIN; DENSITY=D-DEFAULT; IX=IX-KEYBOARD-SHORTCUTS; IMPL=focus-visible,csrf-safe,intersection-infinite,pointer-events; FEEL=Tab order, roving tabindex lists
A0085	d-shortcuts-help	? shortcuts cheatsheet	desktop-density-keyboard	desktop-web	NAV-SIDE-RAIL	SH-DESK-RAIL-MAIN	D-DEFAULT	IX-KEYBOARD-SHORTCUTS	PLATFORM=desktop-web; PATTERN=d-shortcuts-help; NAV=NAV-SIDE-RAIL; SHELL=SH-DESK-RAIL-MAIN; DENSITY=D-DEFAULT; IX=IX-KEYBOARD-SHORTCUTS; IMPL=abort-controller,focus-visible,skeleton-css,autocomplete; FEEL=Discoverable shortcuts
A0086	d-focus-trap-modal	Modal focus trap	desktop-density-keyboard	desktop-web	NAV-SIDE-RAIL	SH-DESK-RAIL-MAIN	D-DEFAULT	IX-KEYBOARD-SHORTCUTS	PLATFORM=desktop-web; PATTERN=d-focus-trap-modal; NAV=NAV-SIDE-RAIL; SHELL=SH-DESK-RAIL-MAIN; DENSITY=D-DEFAULT; IX=IX-KEYBOARD-SHORTCUTS; IMPL=roving-tabindex,optimistic-ui,live-region,localstorage-prefs; FEEL=Esc closes; restore focus
A0087	d-skip-to-main	Skip to main	desktop-density-keyboard	desktop-web	NAV-SIDE-RAIL	SH-DESK-RAIL-MAIN	D-DEFAULT	IX-KEYBOARD-SHORTCUTS	PLATFORM=desktop-web; PATTERN=d-skip-to-main; NAV=NAV-SIDE-RAIL; SHELL=SH-DESK-RAIL-MAIN; DENSITY=D-DEFAULT; IX=IX-KEYBOARD-SHORTCUTS; IMPL=url-state,abort-controller,resize-observer,hotkeys; FEEL=Landmarks + skip link
A0088	d-typeahead	Typeahead find	desktop-density-keyboard	desktop-web	NAV-SIDE-RAIL	SH-DESK-DATAGRID	D-COMPACT	IX-SEARCH-FIRST	PLATFORM=desktop-web; PATTERN=d-typeahead; NAV=NAV-SIDE-RAIL; SHELL=SH-DESK-DATAGRID; DENSITY=D-COMPACT; IX=IX-SEARCH-FIRST; IMPL=focus-trap,clipboard-api,pointer-events,hover-media; FEEL=Jump in lists
A0089	d-bulk-actions	Bulk action bar	desktop-density-keyboard	desktop-web	NAV-SIDE-RAIL	SH-DESK-DATAGRID	D-COMPACT	IX-MULTISELECT	PLATFORM=desktop-web; PATTERN=d-bulk-actions; NAV=NAV-SIDE-RAIL; SHELL=SH-DESK-DATAGRID; DENSITY=D-COMPACT; IX=IX-MULTISELECT; IMPL=virtual-list,focus-trap,debounce-search,pointer-events; FEEL=Appears on selection
A0090	d-column-custom	Column customization	desktop-density-keyboard	desktop-web	NAV-SIDE-RAIL	SH-DESK-DATAGRID	D-COMPACT	IX-INLINE-EDIT	PLATFORM=desktop-web; PATTERN=d-column-custom; NAV=NAV-SIDE-RAIL; SHELL=SH-DESK-DATAGRID; DENSITY=D-COMPACT; IX=IX-INLINE-EDIT; IMPL=prefers-color-scheme,hover-media,hotkeys,overscroll; FEEL=Show/hide/reorder columns
A0091	d-resize-panes	Resizable panes	desktop-density-keyboard	desktop-web	NAV-SIDE-RAIL	SH-DESK-RAIL-MAIN-INSP	D-DEFAULT	IX-SPLIT-RESIZE	PLATFORM=desktop-web; PATTERN=d-resize-panes; NAV=NAV-SIDE-RAIL; SHELL=SH-DESK-RAIL-MAIN-INSP; DENSITY=D-DEFAULT; IX=IX-SPLIT-RESIZE; IMPL=grid-app-shell,localstorage-prefs,hover-media,command-palette-js; FEEL=Min width; persist
A0092	d-multi-window	Multi-window ready	desktop-density-keyboard	desktop-web	NAV-MENUBAR	SH-DESK-DOCUMENT	D-DEFAULT	IX-KEYBOARD-SHORTCUTS	PLATFORM=desktop-web; PATTERN=d-multi-window; NAV=NAV-MENUBAR; SHELL=SH-DESK-DOCUMENT; DENSITY=D-DEFAULT; IX=IX-KEYBOARD-SHORTCUTS; IMPL=focus-visible,csrf-safe,content-visibility,hover-media; FEEL=Deep links open surfaces
A0093	d-progressive-more	More/Fewer options	desktop-density-keyboard	desktop-web	NAV-SIDE-RAIL	SH-DESK-RAIL-MAIN	D-DEFAULT	IX-FILTER-CHIPS	PLATFORM=desktop-web; PATTERN=d-progressive-more; NAV=NAV-SIDE-RAIL; SHELL=SH-DESK-RAIL-MAIN; DENSITY=D-DEFAULT; IX=IX-FILTER-CHIPS; IMPL=popover-api,optimistic-ui,prefers-reduced-motion,content-visibility; FEEL=Hide rare advanced
A0094	d-context-menu	Context menu + menu bar	desktop-density-keyboard	desktop-web	NAV-SIDE-RAIL	SH-DESK-DATAGRID	D-DEFAULT	IX-KEYBOARD-SHORTCUTS	PLATFORM=desktop-web; PATTERN=d-context-menu; NAV=NAV-SIDE-RAIL; SHELL=SH-DESK-DATAGRID; DENSITY=D-DEFAULT; IX=IX-KEYBOARD-SHORTCUTS; IMPL=popover-api,skeleton-css,matchmedia,focus-trap; FEEL=Right-click not only path
A0095	d-undo-stack	Document undo	desktop-density-keyboard	desktop-web	NAV-MENUBAR	SH-DESK-DOCUMENT	D-DEFAULT	IX-UNDO-TOAST	PLATFORM=desktop-web; PATTERN=d-undo-stack; NAV=NAV-MENUBAR; SHELL=SH-DESK-DOCUMENT; DENSITY=D-DEFAULT; IX=IX-UNDO-TOAST; IMPL=url-state,abort-controller,aria-expanded,live-region; FEEL=⌘Z meaningful
A0096	d-autosave-status	Autosave status	desktop-density-keyboard	desktop-web	NAV-MENUBAR	SH-DESK-DOCUMENT	D-DEFAULT	IX-AUTOSAVE	PLATFORM=desktop-web; PATTERN=d-autosave-status; NAV=NAV-MENUBAR; SHELL=SH-DESK-DOCUMENT; DENSITY=D-DEFAULT; IX=IX-AUTOSAVE; IMPL=prefers-contrast,session-timeout,prefers-reduced-motion,clipboard-api; FEEL=Saving/saved/error in chrome
A0097	d-window-1024	Functional at 1024×768	desktop-density-keyboard	desktop-web	NAV-SIDE-RAIL	SH-DESK-RAIL-MAIN	D-DEFAULT	IX-SPLIT-RESIZE	PLATFORM=desktop-web; PATTERN=d-window-1024; NAV=NAV-SIDE-RAIL; SHELL=SH-DESK-RAIL-MAIN; DENSITY=D-DEFAULT; IX=IX-SPLIT-RESIZE; IMPL=roving-tabindex,focus-trap,dialog-element,container-queries; FEEL=No dead layouts at laptop
A0098	d-large-display	Large display use	desktop-density-keyboard	desktop-web	NAV-SIDE-RAIL	SH-DESK-RAIL-MAIN	D-DEFAULT	IX-SPLIT-RESIZE	PLATFORM=desktop-web; PATTERN=d-large-display; NAV=NAV-SIDE-RAIL; SHELL=SH-DESK-RAIL-MAIN; DENSITY=D-DEFAULT; IX=IX-SPLIT-RESIZE; IMPL=pointer-events,grid-app-shell,aria-expanded,resize-observer; FEEL=Don't stretch uselessly
A0099	d-tooltip-labels	Icon buttons labelled	desktop-density-keyboard	desktop-web	NAV-TOOLBAR	SH-DESK-TOOL-CANVAS	D-DEFAULT	IX-KEYBOARD-SHORTCUTS	PLATFORM=desktop-web; PATTERN=d-tooltip-labels; NAV=NAV-TOOLBAR; SHELL=SH-DESK-TOOL-CANVAS; DENSITY=D-DEFAULT; IX=IX-KEYBOARD-SHORTCUTS; IMPL=content-visibility,clipboard-api,abort-controller,live-region; FEEL=Tooltip + aria-label
A0100	d-high-contrast	OS high contrast aware	desktop-density-keyboard	desktop-web	NAV-SIDE-RAIL	SH-DESK-RAIL-MAIN	D-DEFAULT	IX-PRIMARY-THUMB	PLATFORM=desktop-web; PATTERN=d-high-contrast; NAV=NAV-SIDE-RAIL; SHELL=SH-DESK-RAIL-MAIN; DENSITY=D-DEFAULT; IX=IX-PRIMARY-THUMB; IMPL=will-change-sparing,autocomplete,localstorage-prefs,popover-api; FEEL=Borders not colour-only
A0101	x-state-matrix	Full state matrix	cross-platform-app	responsive-app	NAV-NONE-FOCUS	SH-RESPONSIVE-COLLAPSE	D-DEFAULT	IX-SKELETON-LOAD	PLATFORM=responsive-app; PATTERN=x-state-matrix; NAV=NAV-NONE-FOCUS; SHELL=SH-RESPONSIVE-COLLAPSE; DENSITY=D-DEFAULT; IX=IX-SKELETON-LOAD; IMPL=install-pwa,hotkeys,optimistic-ui,resize-observer; FEEL=default loading empty error success
A0102	x-responsive-collapse	Responsive collapse	cross-platform-app	responsive-app	NAV-MASTER-DETAIL	SH-RESPONSIVE-COLLAPSE	D-DEFAULT	IX-EMPTY-CTA	PLATFORM=responsive-app; PATTERN=x-responsive-collapse; NAV=NAV-MASTER-DETAIL; SHELL=SH-RESPONSIVE-COLLAPSE; DENSITY=D-DEFAULT; IX=IX-EMPTY-CTA; IMPL=will-change-sparing,type-date,popover-api,hotkeys; FEEL=Split→stack at breakpoint
A0103	x-breakpoint-nav-swap	Nav swap by breakpoint	cross-platform-app	responsive-app	NAV-BOTTOM-TABS	SH-RESPONSIVE-COLLAPSE	D-DEFAULT	IX-EMPTY-CTA	PLATFORM=responsive-app; PATTERN=x-breakpoint-nav-swap; NAV=NAV-BOTTOM-TABS; SHELL=SH-RESPONSIVE-COLLAPSE; DENSITY=D-DEFAULT; IX=IX-EMPTY-CTA; IMPL=command-palette-js,roving-tabindex,type-date,focus-visible; FEEL=Rail↔tabs
A0104	x-shared-tokens	Shared design tokens	cross-platform-app	responsive-app	NAV-NONE-FOCUS	SH-RESPONSIVE-COLLAPSE	D-DEFAULT	IX-PRIMARY-THUMB	PLATFORM=responsive-app; PATTERN=x-shared-tokens; NAV=NAV-NONE-FOCUS; SHELL=SH-RESPONSIVE-COLLAPSE; DENSITY=D-DEFAULT; IX=IX-PRIMARY-THUMB; IMPL=service-worker-offline,vibrate-careful,prefers-reduced-motion,file-capture; FEEL=Colour type space cross surface
A0105	x-semantic-status	Semantic status colours	cross-platform-app	responsive-app	NAV-NONE-FOCUS	SH-RESPONSIVE-COLLAPSE	D-DEFAULT	IX-EMPTY-CTA	PLATFORM=responsive-app; PATTERN=x-semantic-status; NAV=NAV-NONE-FOCUS; SHELL=SH-RESPONSIVE-COLLAPSE; DENSITY=D-DEFAULT; IX=IX-EMPTY-CTA; IMPL=service-worker-offline,inputmode,type-date,install-pwa; FEEL=+ icon/text not colour only
A0106	x-form-validation	Inline validation	cross-platform-app	responsive-app	NAV-NONE-FOCUS	SH-RESPONSIVE-COLLAPSE	D-DEFAULT	IX-FORM-SECTIONED	PLATFORM=responsive-app; PATTERN=x-form-validation; NAV=NAV-NONE-FOCUS; SHELL=SH-RESPONSIVE-COLLAPSE; DENSITY=D-DEFAULT; IX=IX-FORM-SECTIONED; IMPL=dialog-element,pointer-events,min-touch,viewport-meta; FEEL=On blur/submit plain language
A0107	x-destructive-confirm	Destructive confirm	cross-platform-app	responsive-app	NAV-NONE-FOCUS	SH-RESPONSIVE-COLLAPSE	D-DEFAULT	IX-UNDO-TOAST	PLATFORM=responsive-app; PATTERN=x-destructive-confirm; NAV=NAV-NONE-FOCUS; SHELL=SH-RESPONSIVE-COLLAPSE; DENSITY=D-DEFAULT; IX=IX-UNDO-TOAST; IMPL=overscroll,network-information,inputmode,csrf-safe; FEEL=Typed confirm or undo
A0108	x-toast-queue	Toast/queue discipline	cross-platform-app	responsive-app	NAV-NONE-FOCUS	SH-RESPONSIVE-COLLAPSE	D-DEFAULT	IX-UNDO-TOAST	PLATFORM=responsive-app; PATTERN=x-toast-queue; NAV=NAV-NONE-FOCUS; SHELL=SH-RESPONSIVE-COLLAPSE; DENSITY=D-DEFAULT; IX=IX-UNDO-TOAST; IMPL=inputmode,push-web,service-worker-offline,live-region; FEEL=Don't stack spam
A0109	x-permissioned-ui	Permissioned UI	cross-platform-app	responsive-app	NAV-NONE-FOCUS	SH-RESPONSIVE-COLLAPSE	D-DEFAULT	IX-EMPTY-CTA	PLATFORM=responsive-app; PATTERN=x-permissioned-ui; NAV=NAV-NONE-FOCUS; SHELL=SH-RESPONSIVE-COLLAPSE; DENSITY=D-DEFAULT; IX=IX-EMPTY-CTA; IMPL=command-palette-js,container-queries,install-pwa,vibrate-careful; FEEL=Hide vs disable with reason
A0110	x-empty-permission	Empty by permission	cross-platform-app	responsive-app	NAV-NONE-FOCUS	SH-RESPONSIVE-COLLAPSE	D-DEFAULT	IX-EMPTY-CTA	PLATFORM=responsive-app; PATTERN=x-empty-permission; NAV=NAV-NONE-FOCUS; SHELL=SH-RESPONSIVE-COLLAPSE; DENSITY=D-DEFAULT; IX=IX-EMPTY-CTA; IMPL=skeleton-css,vibrate-careful,drag-drop-desktop,csrf-safe; FEEL=Explain access gap
A0111	x-search-global	Global search	cross-platform-app	responsive-app	NAV-NONE-FOCUS	SH-RESPONSIVE-COLLAPSE	D-DEFAULT	IX-SEARCH-FIRST	PLATFORM=responsive-app; PATTERN=x-search-global; NAV=NAV-NONE-FOCUS; SHELL=SH-RESPONSIVE-COLLAPSE; DENSITY=D-DEFAULT; IX=IX-SEARCH-FIRST; IMPL=coarse-pointer,abort-controller,url-state,bottom-nav-fixed; FEEL=Entities + actions
A0112	x-notifications-inbox	In-app notification inbox	cross-platform-app	responsive-app	NAV-STACK-PUSH	SH-RESPONSIVE-COLLAPSE	D-DEFAULT	IX-EMPTY-CTA	PLATFORM=responsive-app; PATTERN=x-notifications-inbox; NAV=NAV-STACK-PUSH; SHELL=SH-RESPONSIVE-COLLAPSE; DENSITY=D-DEFAULT; IX=IX-EMPTY-CTA; IMPL=file-capture,roving-tabindex,type-date,sticky-footer-cta; FEEL=Read state + deep link
A0113	x-help-inline	Inline help	cross-platform-app	responsive-app	NAV-NONE-FOCUS	SH-RESPONSIVE-COLLAPSE	D-DEFAULT	IX-EMPTY-CTA	PLATFORM=responsive-app; PATTERN=x-help-inline; NAV=NAV-NONE-FOCUS; SHELL=SH-RESPONSIVE-COLLAPSE; DENSITY=D-DEFAULT; IX=IX-EMPTY-CTA; IMPL=localstorage-prefs,service-worker-offline,overscroll,push-web; FEEL=Contextual, not only docs site
A0114	x-localization-ready	Localization ready	cross-platform-app	responsive-app	NAV-NONE-FOCUS	SH-RESPONSIVE-COLLAPSE	D-DEFAULT	IX-PRIMARY-THUMB	PLATFORM=responsive-app; PATTERN=x-localization-ready; NAV=NAV-NONE-FOCUS; SHELL=SH-RESPONSIVE-COLLAPSE; DENSITY=D-DEFAULT; IX=IX-PRIMARY-THUMB; IMPL=skeleton-css,command-palette-js,aria-current,focus-visible; FEEL=No truncated critical labels
A0115	x-rtl-ready	RTL-ready layout	cross-platform-app	responsive-app	NAV-NONE-FOCUS	SH-RESPONSIVE-COLLAPSE	D-DEFAULT	IX-PRIMARY-THUMB	PLATFORM=responsive-app; PATTERN=x-rtl-ready; NAV=NAV-NONE-FOCUS; SHELL=SH-RESPONSIVE-COLLAPSE; DENSITY=D-DEFAULT; IX=IX-PRIMARY-THUMB; IMPL=viewport-meta,pointer-events,tap-highlight,live-region; FEEL=Logical properties
A0116	x-theming-light-dark	Light/dark tokens	cross-platform-app	responsive-app	NAV-NONE-FOCUS	SH-RESPONSIVE-COLLAPSE	D-DEFAULT	IX-PRIMARY-THUMB	PLATFORM=responsive-app; PATTERN=x-theming-light-dark; NAV=NAV-NONE-FOCUS; SHELL=SH-RESPONSIVE-COLLAPSE; DENSITY=D-DEFAULT; IX=IX-PRIMARY-THUMB; IMPL=prefers-reduced-motion,type-date,roving-tabindex,autocomplete; FEEL=Semantic surfaces
A0117	x-performance-perceived	Perceived performance	cross-platform-app	responsive-app	NAV-NONE-FOCUS	SH-RESPONSIVE-COLLAPSE	D-DEFAULT	IX-OPTIMISTIC	PLATFORM=responsive-app; PATTERN=x-performance-perceived; NAV=NAV-NONE-FOCUS; SHELL=SH-RESPONSIVE-COLLAPSE; DENSITY=D-DEFAULT; IX=IX-OPTIMISTIC; IMPL=dialog-element,install-pwa,virtual-list,dvh-units; FEEL=Skeleton, optimistic, stale-while-revalidate
A0118	x-error-boundary	Error boundary UX	cross-platform-app	responsive-app	NAV-NONE-FOCUS	SH-RESPONSIVE-COLLAPSE	D-DEFAULT	IX-EMPTY-CTA	PLATFORM=responsive-app; PATTERN=x-error-boundary; NAV=NAV-NONE-FOCUS; SHELL=SH-RESPONSIVE-COLLAPSE; DENSITY=D-DEFAULT; IX=IX-EMPTY-CTA; IMPL=roving-tabindex,install-pwa,skeleton-css,min-touch; FEEL=Recover section not white screen
A0119	x-audit-trail	Audit-friendly UI	cross-platform-app	responsive-app	NAV-SIDE-RAIL	SH-DESK-DATAGRID	D-COMPACT	IX-INLINE-EDIT	PLATFORM=responsive-app; PATTERN=x-audit-trail; NAV=NAV-SIDE-RAIL; SHELL=SH-DESK-DATAGRID; DENSITY=D-COMPACT; IX=IX-INLINE-EDIT; IMPL=drag-drop-desktop,focus-trap,flex-phone-column,command-palette-js; FEEL=Who/when visible in ops
A0120	x-role-home	Role-based home	cross-platform-app	responsive-app	NAV-BOTTOM-TABS	SH-RESPONSIVE-COLLAPSE	D-DEFAULT	IX-EMPTY-CTA	PLATFORM=responsive-app; PATTERN=x-role-home; NAV=NAV-BOTTOM-TABS; SHELL=SH-RESPONSIVE-COLLAPSE; DENSITY=D-DEFAULT; IX=IX-EMPTY-CTA; IMPL=tap-highlight,inputmode,safe-area-css,command-palette-js; FEEL=Different landing by role
A0121	banking-mobile	Mobile Banking	industry-app	mobile-phone	NAV-BOTTOM-TABS	SH-PHONE-TABS	D-TOUCH-COMFORT	IX-PRIMARY-THUMB	PLATFORM=mobile-phone; PATTERN=banking-mobile; NAV=NAV-BOTTOM-TABS; SHELL=SH-PHONE-TABS; DENSITY=D-TOUCH-COMFORT; IX=IX-PRIMARY-THUMB; IMPL=content-visibility,aria-current,viewport-meta,app-badge; FEEL=balances cards transfers
A0122	banking-desktop	Desktop Banking	industry-app	desktop-web	NAV-SIDE-RAIL	SH-DESK-DATAGRID	D-DEFAULT	IX-KEYBOARD-SHORTCUTS	PLATFORM=desktop-web; PATTERN=banking-desktop; NAV=NAV-SIDE-RAIL; SHELL=SH-DESK-DATAGRID; DENSITY=D-DEFAULT; IX=IX-KEYBOARD-SHORTCUTS; IMPL=overscroll,scroll-padding,fine-pointer,pointer-events; FEEL=accounts table transfers
A0123	email-mobile	Mobile Email	industry-app	mobile-phone	NAV-STACK-PUSH	SH-PHONE-STACK	D-DEFAULT	IX-PRIMARY-THUMB	PLATFORM=mobile-phone; PATTERN=email-mobile; NAV=NAV-STACK-PUSH; SHELL=SH-PHONE-STACK; DENSITY=D-DEFAULT; IX=IX-PRIMARY-THUMB; IMPL=viewport-meta,live-region,dvh-units,aria-expanded; FEEL=inbox thread compose
A0124	calendar-mobile	Mobile Calendar	industry-app	mobile-phone	NAV-BOTTOM-TABS	SH-PHONE-TABS	D-DEFAULT	IX-PRIMARY-THUMB	PLATFORM=mobile-phone; PATTERN=calendar-mobile; NAV=NAV-BOTTOM-TABS; SHELL=SH-PHONE-TABS; DENSITY=D-DEFAULT; IX=IX-PRIMARY-THUMB; IMPL=hover-media,debounce-search,vibrate-careful,focus-visible; FEEL=agenda day create
A0125	calendar-desktop	Desktop Calendar	industry-app	desktop-web	NAV-SIDE-RAIL	SH-DESK-TOOL-CANVAS	D-DEFAULT	IX-KEYBOARD-SHORTCUTS	PLATFORM=desktop-web; PATTERN=calendar-desktop; NAV=NAV-SIDE-RAIL; SHELL=SH-DESK-TOOL-CANVAS; DENSITY=D-DEFAULT; IX=IX-KEYBOARD-SHORTCUTS; IMPL=error-boundary-ui,csrf-safe,form-novalidate,focus-trap; FEEL=week grid create
A0126	chat-mobile	Mobile Chat	industry-app	mobile-phone	NAV-STACK-PUSH	SH-PHONE-STACK	D-DEFAULT	IX-PRIMARY-THUMB	PLATFORM=mobile-phone; PATTERN=chat-mobile; NAV=NAV-STACK-PUSH; SHELL=SH-PHONE-STACK; DENSITY=D-DEFAULT; IX=IX-PRIMARY-THUMB; IMPL=prefers-reduced-motion,install-pwa,autocomplete,share-api; FEEL=threads composer
A0127	chat-desktop	Desktop Chat	industry-app	desktop-web	NAV-MASTER-DETAIL	SH-DESK-RAIL-MAIN-INSP	D-DEFAULT	IX-KEYBOARD-SHORTCUTS	PLATFORM=desktop-web; PATTERN=chat-desktop; NAV=NAV-MASTER-DETAIL; SHELL=SH-DESK-RAIL-MAIN-INSP; DENSITY=D-DEFAULT; IX=IX-KEYBOARD-SHORTCUTS; IMPL=abort-controller,drag-drop-desktop,skeleton-css,hotkeys; FEEL=list thread info-on-demand
A0128	maps-mobile	Mobile Maps	industry-app	mobile-phone	NAV-BOTTOM-SHEET	SH-PHONE-SHEET	D-TOUCH-COMFORT	IX-PRIMARY-THUMB	PLATFORM=mobile-phone; PATTERN=maps-mobile; NAV=NAV-BOTTOM-SHEET; SHELL=SH-PHONE-SHEET; DENSITY=D-TOUCH-COMFORT; IX=IX-PRIMARY-THUMB; IMPL=matchmedia,pointer-events,live-region,push-web; FEEL=map sheet search
A0129	maps-desktop	Desktop Maps	industry-app	mobile-tablet	NAV-MASTER-DETAIL	SH-TABLET-SPLIT	D-DEFAULT	IX-EMPTY-CTA	PLATFORM=mobile-tablet; PATTERN=maps-desktop; NAV=NAV-MASTER-DETAIL; SHELL=SH-TABLET-SPLIT; DENSITY=D-DEFAULT; IX=IX-EMPTY-CTA; IMPL=viewport-meta,prefers-reduced-motion,dialog-element,pointer-events; FEEL=map side list
A0130	commerce-mobile	Mobile Commerce	industry-app	mobile-phone	NAV-BOTTOM-TABS	SH-PHONE-TABS	D-TOUCH-COMFORT	IX-PRIMARY-THUMB	PLATFORM=mobile-phone; PATTERN=commerce-mobile; NAV=NAV-BOTTOM-TABS; SHELL=SH-PHONE-TABS; DENSITY=D-TOUCH-COMFORT; IX=IX-PRIMARY-THUMB; IMPL=live-region,biometric-webauthn,aria-current,dialog-element; FEEL=browse pdp cart checkout
A0131	commerce-desktop	Desktop Commerce	industry-app	desktop-web	NAV-SIDE-RAIL	SH-DESK-DATAGRID	D-DEFAULT	IX-KEYBOARD-SHORTCUTS	PLATFORM=desktop-web; PATTERN=commerce-desktop; NAV=NAV-SIDE-RAIL; SHELL=SH-DESK-DATAGRID; DENSITY=D-DEFAULT; IX=IX-KEYBOARD-SHORTCUTS; IMPL=live-region,grid-app-shell,focus-trap,virtual-list; FEEL=catalog filters pdp
A0132	health-mobile	Health Tracker Mobile	industry-app	mobile-phone	NAV-BOTTOM-TABS	SH-PHONE-TABS	D-TOUCH-COMFORT	IX-PRIMARY-THUMB	PLATFORM=mobile-phone; PATTERN=health-mobile; NAV=NAV-BOTTOM-TABS; SHELL=SH-PHONE-TABS; DENSITY=D-TOUCH-COMFORT; IX=IX-PRIMARY-THUMB; IMPL=form-novalidate,app-badge,inputmode,debounce-search; FEEL=rings trends log
A0133	health-clinic-desktop	Clinic Desktop	industry-app	desktop-web	NAV-MASTER-DETAIL	SH-DESK-RAIL-MAIN-INSP	D-COMPACT	IX-KEYBOARD-SHORTCUTS	PLATFORM=desktop-web; PATTERN=health-clinic-desktop; NAV=NAV-MASTER-DETAIL; SHELL=SH-DESK-RAIL-MAIN-INSP; DENSITY=D-COMPACT; IX=IX-KEYBOARD-SHORTCUTS; IMPL=prefers-color-scheme,debounce-search,fine-pointer,command-palette-js; FEEL=schedule patients notes
A0134	fitness-mobile	Fitness Mobile	industry-app	mobile-phone	NAV-NONE-FOCUS	SH-PHONE-CANVAS	D-TOUCH-COMFORT	IX-PRIMARY-THUMB	PLATFORM=mobile-phone; PATTERN=fitness-mobile; NAV=NAV-NONE-FOCUS; SHELL=SH-PHONE-CANVAS; DENSITY=D-TOUCH-COMFORT; IX=IX-PRIMARY-THUMB; IMPL=vibrate-careful,type-date,tap-highlight,touch-action; FEEL=workout active timer
A0135	notes-mobile	Notes Mobile	industry-app	mobile-phone	NAV-STACK-PUSH	SH-PHONE-STACK	D-DEFAULT	IX-PRIMARY-THUMB	PLATFORM=mobile-phone; PATTERN=notes-mobile; NAV=NAV-STACK-PUSH; SHELL=SH-PHONE-STACK; DENSITY=D-DEFAULT; IX=IX-PRIMARY-THUMB; IMPL=intersection-infinite,error-boundary-ui,autocomplete,min-touch; FEEL=list editor
A0136	notes-desktop	Notes Desktop	industry-app	desktop-web	NAV-SIDE-RAIL	SH-DESK-DOCUMENT	D-DEFAULT	IX-KEYBOARD-SHORTCUTS	PLATFORM=desktop-web; PATTERN=notes-desktop; NAV=NAV-SIDE-RAIL; SHELL=SH-DESK-DOCUMENT; DENSITY=D-DEFAULT; IX=IX-KEYBOARD-SHORTCUTS; IMPL=autocomplete,url-state,dialog-element,csrf-safe; FEEL=sidebar editor
A0137	tasks-mobile	Tasks Mobile	industry-app	mobile-phone	NAV-BOTTOM-TABS	SH-PHONE-TABS	D-DEFAULT	IX-PRIMARY-THUMB	PLATFORM=mobile-phone; PATTERN=tasks-mobile; NAV=NAV-BOTTOM-TABS; SHELL=SH-PHONE-TABS; DENSITY=D-DEFAULT; IX=IX-PRIMARY-THUMB; IMPL=live-region,content-visibility,coarse-pointer,skeleton-css; FEEL=lists add complete
A0138	tasks-desktop	Tasks Desktop	industry-app	desktop-web	NAV-SIDE-RAIL	SH-DESK-TOOL-CANVAS	D-DEFAULT	IX-KEYBOARD-SHORTCUTS	PLATFORM=desktop-web; PATTERN=tasks-desktop; NAV=NAV-SIDE-RAIL; SHELL=SH-DESK-TOOL-CANVAS; DENSITY=D-DEFAULT; IX=IX-KEYBOARD-SHORTCUTS; IMPL=matchmedia,localstorage-prefs,url-state,autocomplete; FEEL=board/list detail
A0139	crm-desktop	CRM Desktop	industry-app	desktop-web	NAV-SIDE-RAIL	SH-DESK-DATAGRID	D-COMPACT	IX-KEYBOARD-SHORTCUTS	PLATFORM=desktop-web; PATTERN=crm-desktop; NAV=NAV-SIDE-RAIL; SHELL=SH-DESK-DATAGRID; DENSITY=D-COMPACT; IX=IX-KEYBOARD-SHORTCUTS; IMPL=hotkeys,optimistic-ui,prefers-color-scheme,intersection-infinite; FEEL=pipeline contacts
A0140	crm-mobile	CRM Mobile	industry-app	mobile-phone	NAV-BOTTOM-TABS	SH-PHONE-TABS	D-TOUCH-COMFORT	IX-PRIMARY-THUMB	PLATFORM=mobile-phone; PATTERN=crm-mobile; NAV=NAV-BOTTOM-TABS; SHELL=SH-PHONE-TABS; DENSITY=D-TOUCH-COMFORT; IX=IX-PRIMARY-THUMB; IMPL=history-stack,focus-visible,share-api,app-badge; FEEL=today queue log call
A0141	support-desktop	Support Desktop	industry-app	desktop-web	NAV-MASTER-DETAIL	SH-DESK-RAIL-MAIN-INSP	D-COMPACT	IX-KEYBOARD-SHORTCUTS	PLATFORM=desktop-web; PATTERN=support-desktop; NAV=NAV-MASTER-DETAIL; SHELL=SH-DESK-RAIL-MAIN-INSP; DENSITY=D-COMPACT; IX=IX-KEYBOARD-SHORTCUTS; IMPL=command-palette-js,aria-current,container-queries,prefers-contrast; FEEL=ticket workspace
A0142	support-mobile	Support Mobile	industry-app	mobile-phone	NAV-STACK-PUSH	SH-PHONE-STACK	D-DEFAULT	IX-PRIMARY-THUMB	PLATFORM=mobile-phone; PATTERN=support-mobile; NAV=NAV-STACK-PUSH; SHELL=SH-PHONE-STACK; DENSITY=D-DEFAULT; IX=IX-PRIMARY-THUMB; IMPL=network-information,csrf-safe,url-state,intersection-infinite; FEEL=on-call ticket
A0143	hr-desktop	HR Desktop	industry-app	desktop-web	NAV-SIDE-RAIL	SH-DESK-DATAGRID	D-DEFAULT	IX-KEYBOARD-SHORTCUTS	PLATFORM=desktop-web; PATTERN=hr-desktop; NAV=NAV-SIDE-RAIL; SHELL=SH-DESK-DATAGRID; DENSITY=D-DEFAULT; IX=IX-KEYBOARD-SHORTCUTS; IMPL=grid-app-shell,clipboard-api,prefers-color-scheme,abort-controller; FEEL=people requests
A0144	hr-mobile	HR Mobile	industry-app	mobile-phone	NAV-BOTTOM-TABS	SH-PHONE-TABS	D-TOUCH-COMFORT	IX-PRIMARY-THUMB	PLATFORM=mobile-phone; PATTERN=hr-mobile; NAV=NAV-BOTTOM-TABS; SHELL=SH-PHONE-TABS; DENSITY=D-TOUCH-COMFORT; IX=IX-PRIMARY-THUMB; IMPL=aria-current,debounce-search,prefers-reduced-motion,prefers-color-scheme; FEEL=leave requests
A0145	erp-desktop	ERP Desktop	industry-app	desktop-web	NAV-SIDE-RAIL	SH-DESK-DATAGRID	D-COMPACT	IX-KEYBOARD-SHORTCUTS	PLATFORM=desktop-web; PATTERN=erp-desktop; NAV=NAV-SIDE-RAIL; SHELL=SH-DESK-DATAGRID; DENSITY=D-COMPACT; IX=IX-KEYBOARD-SHORTCUTS; IMPL=error-boundary-ui,hotkeys,live-region,aria-expanded; FEEL=modules dense tables
A0146	inventory-mobile	Inventory Mobile	industry-app	mobile-phone	NAV-NONE-FOCUS	SH-PHONE-STACK	D-TOUCH-COMFORT	IX-PRIMARY-THUMB	PLATFORM=mobile-phone; PATTERN=inventory-mobile; NAV=NAV-NONE-FOCUS; SHELL=SH-PHONE-STACK; DENSITY=D-TOUCH-COMFORT; IX=IX-PRIMARY-THUMB; IMPL=url-state,focus-visible,matchmedia,scroll-padding; FEEL=scan count bins
A0147	inventory-desktop	Inventory Desktop	industry-app	desktop-web	NAV-SIDE-RAIL	SH-DESK-DATAGRID	D-COMPACT	IX-KEYBOARD-SHORTCUTS	PLATFORM=desktop-web; PATTERN=inventory-desktop; NAV=NAV-SIDE-RAIL; SHELL=SH-DESK-DATAGRID; DENSITY=D-COMPACT; IX=IX-KEYBOARD-SHORTCUTS; IMPL=grid-app-shell,aria-expanded,abort-controller,live-region; FEEL=SKU grid adjust
A0148	logistics-mobile	Driver Mobile	industry-app	mobile-phone	NAV-STACK-PUSH	SH-PHONE-STACK	D-TOUCH-COMFORT	IX-PRIMARY-THUMB	PLATFORM=mobile-phone; PATTERN=logistics-mobile; NAV=NAV-STACK-PUSH; SHELL=SH-PHONE-STACK; DENSITY=D-TOUCH-COMFORT; IX=IX-PRIMARY-THUMB; IMPL=min-touch,autocomplete,sticky-footer-cta,focus-visible; FEEL=stops nav complete
A0149	logistics-desktop	Dispatch Desktop	industry-app	desktop-web	NAV-MASTER-DETAIL	SH-DESK-TOOL-CANVAS	D-COMPACT	IX-KEYBOARD-SHORTCUTS	PLATFORM=desktop-web; PATTERN=logistics-desktop; NAV=NAV-MASTER-DETAIL; SHELL=SH-DESK-TOOL-CANVAS; DENSITY=D-COMPACT; IX=IX-KEYBOARD-SHORTCUTS; IMPL=skeleton-css,abort-controller,hotkeys,prefers-contrast; FEEL=board map assign
A0150	field-service-mobile	Field Service Mobile	industry-app	mobile-phone	NAV-STACK-PUSH	SH-PHONE-STACK	D-TOUCH-COMFORT	IX-PRIMARY-THUMB	PLATFORM=mobile-phone; PATTERN=field-service-mobile; NAV=NAV-STACK-PUSH; SHELL=SH-PHONE-STACK; DENSITY=D-TOUCH-COMFORT; IX=IX-PRIMARY-THUMB; IMPL=overscroll,debounce-search,prefers-color-scheme,biometric-webauthn; FEEL=jobs checklist photo
A0151	field-service-desktop	Field Service Desktop	industry-app	desktop-web	NAV-SIDE-RAIL	SH-DESK-TOOL-CANVAS	D-COMPACT	IX-KEYBOARD-SHORTCUTS	PLATFORM=desktop-web; PATTERN=field-service-desktop; NAV=NAV-SIDE-RAIL; SHELL=SH-DESK-TOOL-CANVAS; DENSITY=D-COMPACT; IX=IX-KEYBOARD-SHORTCUTS; IMPL=popover-api,overscroll,skeleton-css,aria-expanded; FEEL=schedule board
A0152	education-mobile	Learning Mobile	industry-app	mobile-phone	NAV-BOTTOM-TABS	SH-PHONE-TABS	D-COMFORTABLE	IX-PRIMARY-THUMB	PLATFORM=mobile-phone; PATTERN=education-mobile; NAV=NAV-BOTTOM-TABS; SHELL=SH-PHONE-TABS; DENSITY=D-COMFORTABLE; IX=IX-PRIMARY-THUMB; IMPL=push-web,flex-phone-column,touch-action,prefers-color-scheme; FEEL=courses lessons
A0153	education-desktop	LMS Desktop	industry-app	desktop-web	NAV-SIDE-RAIL	SH-DESK-DATAGRID	D-DEFAULT	IX-KEYBOARD-SHORTCUTS	PLATFORM=desktop-web; PATTERN=education-desktop; NAV=NAV-SIDE-RAIL; SHELL=SH-DESK-DATAGRID; DENSITY=D-DEFAULT; IX=IX-KEYBOARD-SHORTCUTS; IMPL=command-palette-js,error-boundary-ui,focus-visible,fine-pointer; FEEL=courses gradebook
A0154	media-mobile	Media Mobile	industry-app	mobile-phone	NAV-BOTTOM-TABS	SH-PHONE-FEED	D-DEFAULT	IX-PRIMARY-THUMB	PLATFORM=mobile-phone; PATTERN=media-mobile; NAV=NAV-BOTTOM-TABS; SHELL=SH-PHONE-FEED; DENSITY=D-DEFAULT; IX=IX-PRIMARY-THUMB; IMPL=service-worker-offline,skeleton-css,debounce-search,app-badge; FEEL=player feed
A0155	media-desktop	Media Desktop	industry-app	desktop-web	NAV-SIDE-RAIL	SH-DESK-TOOL-CANVAS	D-DEFAULT	IX-KEYBOARD-SHORTCUTS	PLATFORM=desktop-web; PATTERN=media-desktop; NAV=NAV-SIDE-RAIL; SHELL=SH-DESK-TOOL-CANVAS; DENSITY=D-DEFAULT; IX=IX-KEYBOARD-SHORTCUTS; IMPL=url-state,csrf-safe,aria-current,will-change-sparing; FEEL=library player
A0156	social-mobile	Social Mobile	industry-app	mobile-phone	NAV-BOTTOM-TABS	SH-PHONE-FEED	D-DEFAULT	IX-PRIMARY-THUMB	PLATFORM=mobile-phone; PATTERN=social-mobile; NAV=NAV-BOTTOM-TABS; SHELL=SH-PHONE-FEED; DENSITY=D-DEFAULT; IX=IX-PRIMARY-THUMB; IMPL=safe-area-css,will-change-sparing,service-worker-offline,network-information; FEEL=feed create profile
A0157	social-desktop	Social Desktop	industry-app	desktop-web	NAV-SIDE-RAIL	SH-DESK-RAIL-MAIN	D-DEFAULT	IX-KEYBOARD-SHORTCUTS	PLATFORM=desktop-web; PATTERN=social-desktop; NAV=NAV-SIDE-RAIL; SHELL=SH-DESK-RAIL-MAIN; DENSITY=D-DEFAULT; IX=IX-KEYBOARD-SHORTCUTS; IMPL=overscroll,content-visibility,aria-current,skeleton-css; FEEL=feed optional rail
A0158	devtool-desktop	Developer Tool	industry-app	desktop-web	NAV-SIDE-RAIL	SH-DESK-IDE-LITE	D-COMPACT	IX-KEYBOARD-SHORTCUTS	PLATFORM=desktop-web; PATTERN=devtool-desktop; NAV=NAV-SIDE-RAIL; SHELL=SH-DESK-IDE-LITE; DENSITY=D-COMPACT; IX=IX-KEYBOARD-SHORTCUTS; IMPL=overscroll,aria-expanded,pointer-events,skeleton-css; FEEL=editor panels on demand
A0159	design-tool-desktop	Design Tool	industry-app	desktop-web	NAV-TOOLBAR	SH-DESK-TOOL-CANVAS	D-DEFAULT	IX-KEYBOARD-SHORTCUTS	PLATFORM=desktop-web; PATTERN=design-tool-desktop; NAV=NAV-TOOLBAR; SHELL=SH-DESK-TOOL-CANVAS; DENSITY=D-DEFAULT; IX=IX-KEYBOARD-SHORTCUTS; IMPL=matchmedia,optimistic-ui,debounce-search,abort-controller; FEEL=canvas tools
A0160	analytics-desktop	Analytics Desktop	industry-app	desktop-web	NAV-SIDE-RAIL	SH-DESK-DASH	D-COMPACT	IX-KEYBOARD-SHORTCUTS	PLATFORM=desktop-web; PATTERN=analytics-desktop; NAV=NAV-SIDE-RAIL; SHELL=SH-DESK-DASH; DENSITY=D-COMPACT; IX=IX-KEYBOARD-SHORTCUTS; IMPL=scroll-padding,command-palette-js,popover-api,skeleton-css; FEEL=explore charts
A0161	analytics-mobile	Analytics Mobile	industry-app	mobile-phone	NAV-STACK-PUSH	SH-PHONE-STACK	D-DEFAULT	IX-PRIMARY-THUMB	PLATFORM=mobile-phone; PATTERN=analytics-mobile; NAV=NAV-STACK-PUSH; SHELL=SH-PHONE-STACK; DENSITY=D-DEFAULT; IX=IX-PRIMARY-THUMB; IMPL=aria-expanded,live-region,touch-action,share-api; FEEL=kpi cards drill
A0162	iot-mobile	IoT Mobile	industry-app	mobile-phone	NAV-BOTTOM-TABS	SH-PHONE-TABS	D-DEFAULT	IX-PRIMARY-THUMB	PLATFORM=mobile-phone; PATTERN=iot-mobile; NAV=NAV-BOTTOM-TABS; SHELL=SH-PHONE-TABS; DENSITY=D-DEFAULT; IX=IX-PRIMARY-THUMB; IMPL=flex-phone-column,autocomplete,will-change-sparing,sticky-footer-cta; FEEL=device status control
A0163	iot-desktop	IoT Desktop	industry-app	desktop-web	NAV-SIDE-RAIL	SH-DESK-DASH	D-COMPACT	IX-KEYBOARD-SHORTCUTS	PLATFORM=desktop-web; PATTERN=iot-desktop; NAV=NAV-SIDE-RAIL; SHELL=SH-DESK-DASH; DENSITY=D-COMPACT; IX=IX-KEYBOARD-SHORTCUTS; IMPL=csrf-safe,autocomplete,hover-media,debounce-search; FEEL=fleet grid map
A0164	security-soc-desktop	SOC Desktop	industry-app	desktop-web	NAV-MASTER-DETAIL	SH-DESK-RAIL-MAIN-INSP	D-COMPACT	IX-KEYBOARD-SHORTCUTS	PLATFORM=desktop-web; PATTERN=security-soc-desktop; NAV=NAV-MASTER-DETAIL; SHELL=SH-DESK-RAIL-MAIN-INSP; DENSITY=D-COMPACT; IX=IX-KEYBOARD-SHORTCUTS; IMPL=drag-drop-desktop,hotkeys,optimistic-ui,url-state; FEEL=alerts timeline
A0165	password-mobile	Password Manager Mobile	industry-app	mobile-phone	NAV-BOTTOM-TABS	SH-PHONE-TABS	D-DEFAULT	IX-PRIMARY-THUMB	PLATFORM=mobile-phone; PATTERN=password-mobile; NAV=NAV-BOTTOM-TABS; SHELL=SH-PHONE-TABS; DENSITY=D-DEFAULT; IX=IX-PRIMARY-THUMB; IMPL=touch-action,prefers-contrast,app-badge,aria-current; FEEL=vault autofill
A0166	password-desktop	Password Manager Desktop	industry-app	desktop-web	NAV-SIDE-RAIL	SH-DESK-DATAGRID	D-DEFAULT	IX-KEYBOARD-SHORTCUTS	PLATFORM=desktop-web; PATTERN=password-desktop; NAV=NAV-SIDE-RAIL; SHELL=SH-DESK-DATAGRID; DENSITY=D-DEFAULT; IX=IX-KEYBOARD-SHORTCUTS; IMPL=overscroll,container-queries,csrf-safe,intersection-infinite; FEEL=vault generator
A0167	travel-mobile	Travel Mobile	industry-app	mobile-phone	NAV-BOTTOM-TABS	SH-PHONE-TABS	D-TOUCH-COMFORT	IX-PRIMARY-THUMB	PLATFORM=mobile-phone; PATTERN=travel-mobile; NAV=NAV-BOTTOM-TABS; SHELL=SH-PHONE-TABS; DENSITY=D-TOUCH-COMFORT; IX=IX-PRIMARY-THUMB; IMPL=aria-current,coarse-pointer,viewport-meta,file-capture; FEEL=trips boarding
A0168	travel-desktop	Travel Desktop	industry-app	desktop-web	NAV-SIDE-RAIL	SH-DESK-RAIL-MAIN	D-DEFAULT	IX-KEYBOARD-SHORTCUTS	PLATFORM=desktop-web; PATTERN=travel-desktop; NAV=NAV-SIDE-RAIL; SHELL=SH-DESK-RAIL-MAIN; DENSITY=D-DEFAULT; IX=IX-KEYBOARD-SHORTCUTS; IMPL=dialog-element,grid-app-shell,hotkeys,fine-pointer; FEEL=itinerary booking
A0169	food-delivery-mobile	Food Delivery Mobile	industry-app	mobile-phone	NAV-BOTTOM-TABS	SH-PHONE-TABS	D-TOUCH-COMFORT	IX-PRIMARY-THUMB	PLATFORM=mobile-phone; PATTERN=food-delivery-mobile; NAV=NAV-BOTTOM-TABS; SHELL=SH-PHONE-TABS; DENSITY=D-TOUCH-COMFORT; IX=IX-PRIMARY-THUMB; IMPL=dialog-element,form-novalidate,viewport-meta,history-stack; FEEL=browse cart track
A0170	food-courier-mobile	Courier Mobile	industry-app	mobile-phone	NAV-STACK-PUSH	SH-PHONE-STACK	D-TOUCH-COMFORT	IX-PRIMARY-THUMB	PLATFORM=mobile-phone; PATTERN=food-courier-mobile; NAV=NAV-STACK-PUSH; SHELL=SH-PHONE-STACK; DENSITY=D-TOUCH-COMFORT; IX=IX-PRIMARY-THUMB; IMPL=safe-area-css,url-state,overscroll,content-visibility; FEEL=orders nav photo
A0171	food-merchant-desktop	Merchant Desktop	industry-app	desktop-web	NAV-MASTER-DETAIL	SH-DESK-RAIL-MAIN-INSP	D-COMPACT	IX-KEYBOARD-SHORTCUTS	PLATFORM=desktop-web; PATTERN=food-merchant-desktop; NAV=NAV-MASTER-DETAIL; SHELL=SH-DESK-RAIL-MAIN-INSP; DENSITY=D-COMPACT; IX=IX-KEYBOARD-SHORTCUTS; IMPL=container-queries,command-palette-js,matchmedia,will-change-sparing; FEEL=orders kitchen
A0172	ride-mobile	Ride Hail Mobile	industry-app	mobile-phone	NAV-BOTTOM-SHEET	SH-PHONE-SHEET	D-TOUCH-COMFORT	IX-PRIMARY-THUMB	PLATFORM=mobile-phone; PATTERN=ride-mobile; NAV=NAV-BOTTOM-SHEET; SHELL=SH-PHONE-SHEET; DENSITY=D-TOUCH-COMFORT; IX=IX-PRIMARY-THUMB; IMPL=min-touch,coarse-pointer,intersection-infinite,optimistic-ui; FEEL=map request trip
A0173	ride-driver-mobile	Driver Mobile	industry-app	mobile-phone	NAV-NONE-FOCUS	SH-PHONE-STACK	D-TOUCH-COMFORT	IX-PRIMARY-THUMB	PLATFORM=mobile-phone; PATTERN=ride-driver-mobile; NAV=NAV-NONE-FOCUS; SHELL=SH-PHONE-STACK; DENSITY=D-TOUCH-COMFORT; IX=IX-PRIMARY-THUMB; IMPL=overscroll,focus-trap,biometric-webauthn,history-stack; FEEL=requests nav
A0174	realestate-mobile	Property Mobile	industry-app	mobile-phone	NAV-BOTTOM-TABS	SH-PHONE-TABS	D-DEFAULT	IX-PRIMARY-THUMB	PLATFORM=mobile-phone; PATTERN=realestate-mobile; NAV=NAV-BOTTOM-TABS; SHELL=SH-PHONE-TABS; DENSITY=D-DEFAULT; IX=IX-PRIMARY-THUMB; IMPL=history-stack,network-information,form-novalidate,focus-trap; FEEL=search map shortlist
A0175	realestate-desktop	Property Desktop	industry-app	mobile-tablet	NAV-MASTER-DETAIL	SH-TABLET-SPLIT	D-DEFAULT	IX-EMPTY-CTA	PLATFORM=mobile-tablet; PATTERN=realestate-desktop; NAV=NAV-MASTER-DETAIL; SHELL=SH-TABLET-SPLIT; DENSITY=D-DEFAULT; IX=IX-EMPTY-CTA; IMPL=app-badge,live-region,intersection-infinite,autocomplete; FEEL=search map table
A0176	news-mobile	News Mobile	industry-app	mobile-phone	NAV-BOTTOM-TABS	SH-PHONE-FEED	D-DEFAULT	IX-PRIMARY-THUMB	PLATFORM=mobile-phone; PATTERN=news-mobile; NAV=NAV-BOTTOM-TABS; SHELL=SH-PHONE-FEED; DENSITY=D-DEFAULT; IX=IX-PRIMARY-THUMB; IMPL=scroll-padding,install-pwa,url-state,optimistic-ui; FEEL=sections article
A0177	news-desktop	News Desktop	industry-app	desktop-web	NAV-SIDE-RAIL	SH-DESK-DOCUMENT	D-DEFAULT	IX-KEYBOARD-SHORTCUTS	PLATFORM=desktop-web; PATTERN=news-desktop; NAV=NAV-SIDE-RAIL; SHELL=SH-DESK-DOCUMENT; DENSITY=D-DEFAULT; IX=IX-KEYBOARD-SHORTCUTS; IMPL=command-palette-js,error-boundary-ui,session-timeout,form-novalidate; FEEL=sections article
A0178	weather-mobile	Weather Mobile	industry-app	mobile-phone	NAV-STACK-PUSH	SH-PHONE-STACK	D-COMFORTABLE	IX-PRIMARY-THUMB	PLATFORM=mobile-phone; PATTERN=weather-mobile; NAV=NAV-STACK-PUSH; SHELL=SH-PHONE-STACK; DENSITY=D-COMFORTABLE; IX=IX-PRIMARY-THUMB; IMPL=content-visibility,biometric-webauthn,will-change-sparing,abort-controller; FEEL=conditions hourly
A0179	photos-mobile	Photos Mobile	industry-app	mobile-phone	NAV-BOTTOM-TABS	SH-PHONE-FEED	D-DEFAULT	IX-PRIMARY-THUMB	PLATFORM=mobile-phone; PATTERN=photos-mobile; NAV=NAV-BOTTOM-TABS; SHELL=SH-PHONE-FEED; DENSITY=D-DEFAULT; IX=IX-PRIMARY-THUMB; IMPL=app-badge,type-date,autocomplete,aria-current; FEEL=library memories
A0180	photos-desktop	Photos Desktop	industry-app	desktop-web	NAV-SIDE-RAIL	SH-DESK-TOOL-CANVAS	D-DEFAULT	IX-KEYBOARD-SHORTCUTS	PLATFORM=desktop-web; PATTERN=photos-desktop; NAV=NAV-SIDE-RAIL; SHELL=SH-DESK-TOOL-CANVAS; DENSITY=D-DEFAULT; IX=IX-KEYBOARD-SHORTCUTS; IMPL=overscroll,dialog-element,resize-observer,content-visibility; FEEL=library edit
A0181	music-mobile	Music Mobile	industry-app	mobile-phone	NAV-BOTTOM-TABS	SH-PHONE-TABS	D-DEFAULT	IX-PRIMARY-THUMB	PLATFORM=mobile-phone; PATTERN=music-mobile; NAV=NAV-BOTTOM-TABS; SHELL=SH-PHONE-TABS; DENSITY=D-DEFAULT; IX=IX-PRIMARY-THUMB; IMPL=install-pwa,focus-visible,vibrate-careful,biometric-webauthn; FEEL=player library
A0182	music-desktop	Music Desktop	industry-app	desktop-web	NAV-SIDE-RAIL	SH-DESK-RAIL-MAIN-INSP	D-DEFAULT	IX-KEYBOARD-SHORTCUTS	PLATFORM=desktop-web; PATTERN=music-desktop; NAV=NAV-SIDE-RAIL; SHELL=SH-DESK-RAIL-MAIN-INSP; DENSITY=D-DEFAULT; IX=IX-KEYBOARD-SHORTCUTS; IMPL=debounce-search,clipboard-api,intersection-infinite,focus-visible; FEEL=library player queue
A0183	podcast-mobile	Podcast Mobile	industry-app	mobile-phone	NAV-BOTTOM-TABS	SH-PHONE-TABS	D-DEFAULT	IX-PRIMARY-THUMB	PLATFORM=mobile-phone; PATTERN=podcast-mobile; NAV=NAV-BOTTOM-TABS; SHELL=SH-PHONE-TABS; DENSITY=D-DEFAULT; IX=IX-PRIMARY-THUMB; IMPL=focus-visible,prefers-contrast,push-web,safe-area-css; FEEL=shows episodes player
A0184	podcast-desktop	Podcast Desktop	industry-app	desktop-web	NAV-SIDE-RAIL	SH-DESK-RAIL-MAIN	D-DEFAULT	IX-KEYBOARD-SHORTCUTS	PLATFORM=desktop-web; PATTERN=podcast-desktop; NAV=NAV-SIDE-RAIL; SHELL=SH-DESK-RAIL-MAIN; DENSITY=D-DEFAULT; IX=IX-KEYBOARD-SHORTCUTS; IMPL=hover-media,scroll-padding,overscroll,intersection-infinite; FEEL=library queue
A0185	finance-markets-mobile	Markets Mobile	industry-app	mobile-phone	NAV-BOTTOM-TABS	SH-PHONE-TABS	D-DEFAULT	IX-PRIMARY-THUMB	PLATFORM=mobile-phone; PATTERN=finance-markets-mobile; NAV=NAV-BOTTOM-TABS; SHELL=SH-PHONE-TABS; DENSITY=D-DEFAULT; IX=IX-PRIMARY-THUMB; IMPL=intersection-infinite,abort-controller,optimistic-ui,pointer-events; FEEL=watchlist quotes
A0186	finance-markets-desktop	Markets Desktop	industry-app	desktop-web	NAV-SIDE-RAIL	SH-DESK-DATAGRID	D-COMPACT	IX-KEYBOARD-SHORTCUTS	PLATFORM=desktop-web; PATTERN=finance-markets-desktop; NAV=NAV-SIDE-RAIL; SHELL=SH-DESK-DATAGRID; DENSITY=D-COMPACT; IX=IX-KEYBOARD-SHORTCUTS; IMPL=matchmedia,aria-current,error-boundary-ui,scroll-padding; FEEL=blotter charts
A0187	trading-desktop	Trading Desktop	industry-app	desktop-web	NAV-TOOLBAR	SH-DESK-IDE-LITE	D-COMPACT	IX-KEYBOARD-SHORTCUTS	PLATFORM=desktop-web; PATTERN=trading-desktop; NAV=NAV-TOOLBAR; SHELL=SH-DESK-IDE-LITE; DENSITY=D-COMPACT; IX=IX-KEYBOARD-SHORTCUTS; IMPL=container-queries,dialog-element,aria-current,session-timeout; FEEL=order entry dense
A0188	insurance-mobile	Insurance Mobile	industry-app	mobile-phone	NAV-BOTTOM-TABS	SH-PHONE-TABS	D-DEFAULT	IX-PRIMARY-THUMB	PLATFORM=mobile-phone; PATTERN=insurance-mobile; NAV=NAV-BOTTOM-TABS; SHELL=SH-PHONE-TABS; DENSITY=D-DEFAULT; IX=IX-PRIMARY-THUMB; IMPL=service-worker-offline,prefers-contrast,biometric-webauthn,file-capture; FEEL=policies claims
A0189	insurance-desktop	Insurance Desktop	industry-app	desktop-web	NAV-SIDE-RAIL	SH-DESK-DATAGRID	D-COMPACT	IX-KEYBOARD-SHORTCUTS	PLATFORM=desktop-web; PATTERN=insurance-desktop; NAV=NAV-SIDE-RAIL; SHELL=SH-DESK-DATAGRID; DENSITY=D-COMPACT; IX=IX-KEYBOARD-SHORTCUTS; IMPL=live-region,focus-trap,popover-api,hotkeys; FEEL=policies claims queue
A0190	gov-services-mobile	Gov Services Mobile	industry-app	mobile-phone	NAV-BOTTOM-TABS	SH-PHONE-TABS	D-TOUCH-COMFORT	IX-PRIMARY-THUMB	PLATFORM=mobile-phone; PATTERN=gov-services-mobile; NAV=NAV-BOTTOM-TABS; SHELL=SH-PHONE-TABS; DENSITY=D-TOUCH-COMFORT; IX=IX-PRIMARY-THUMB; IMPL=touch-action,virtual-list,pointer-events,inputmode; FEEL=tasks forms status
A0191	gov-services-desktop	Gov Services Desktop	industry-app	desktop-web	NAV-SIDE-RAIL	SH-DESK-DATAGRID	D-DEFAULT	IX-KEYBOARD-SHORTCUTS	PLATFORM=desktop-web; PATTERN=gov-services-desktop; NAV=NAV-SIDE-RAIL; SHELL=SH-DESK-DATAGRID; DENSITY=D-DEFAULT; IX=IX-KEYBOARD-SHORTCUTS; IMPL=container-queries,dialog-element,content-visibility,session-timeout; FEEL=cases queue
A0192	tax-desktop	Tax Desktop	industry-app	desktop-web	NAV-WIZARD	SH-DESK-DOCUMENT	D-DEFAULT	IX-KEYBOARD-SHORTCUTS	PLATFORM=desktop-web; PATTERN=tax-desktop; NAV=NAV-WIZARD; SHELL=SH-DESK-DOCUMENT; DENSITY=D-DEFAULT; IX=IX-KEYBOARD-SHORTCUTS; IMPL=abort-controller,prefers-color-scheme,focus-trap,url-state; FEEL=forms wizard review
A0193	tax-mobile	Tax Mobile	industry-app	mobile-phone	NAV-STACK-PUSH	SH-PHONE-STACK	D-DEFAULT	IX-PRIMARY-THUMB	PLATFORM=mobile-phone; PATTERN=tax-mobile; NAV=NAV-STACK-PUSH; SHELL=SH-PHONE-STACK; DENSITY=D-DEFAULT; IX=IX-PRIMARY-THUMB; IMPL=viewport-meta,inputmode,url-state,dvh-units; FEEL=upload status
A0194	legal-desktop	Legal Desktop	industry-app	desktop-web	NAV-SIDE-TREE	SH-DESK-RAIL-MAIN-INSP	D-COMPACT	IX-KEYBOARD-SHORTCUTS	PLATFORM=desktop-web; PATTERN=legal-desktop; NAV=NAV-SIDE-TREE; SHELL=SH-DESK-RAIL-MAIN-INSP; DENSITY=D-COMPACT; IX=IX-KEYBOARD-SHORTCUTS; IMPL=url-state,prefers-color-scheme,container-queries,autocomplete; FEEL=matters documents
A0195	legal-mobile	Legal Mobile	industry-app	mobile-phone	NAV-BOTTOM-TABS	SH-PHONE-TABS	D-DEFAULT	IX-PRIMARY-THUMB	PLATFORM=mobile-phone; PATTERN=legal-mobile; NAV=NAV-BOTTOM-TABS; SHELL=SH-PHONE-TABS; DENSITY=D-DEFAULT; IX=IX-PRIMARY-THUMB; IMPL=install-pwa,hover-media,debounce-search,biometric-webauthn; FEEL=deadlines tasks
A0196	construction-mobile	Construction Mobile	industry-app	mobile-phone	NAV-BOTTOM-TABS	SH-PHONE-TABS	D-TOUCH-COMFORT	IX-PRIMARY-THUMB	PLATFORM=mobile-phone; PATTERN=construction-mobile; NAV=NAV-BOTTOM-TABS; SHELL=SH-PHONE-TABS; DENSITY=D-TOUCH-COMFORT; IX=IX-PRIMARY-THUMB; IMPL=touch-action,dvh-units,file-capture,live-region; FEEL=site daily photos
A0197	construction-desktop	Construction Desktop	industry-app	desktop-web	NAV-SIDE-RAIL	SH-DESK-TOOL-CANVAS	D-COMPACT	IX-KEYBOARD-SHORTCUTS	PLATFORM=desktop-web; PATTERN=construction-desktop; NAV=NAV-SIDE-RAIL; SHELL=SH-DESK-TOOL-CANVAS; DENSITY=D-COMPACT; IX=IX-KEYBOARD-SHORTCUTS; IMPL=virtual-list,focus-visible,live-region,drag-drop-desktop; FEEL=projects drawings
A0198	manufacturing-desktop	MES Desktop	industry-app	desktop-web	NAV-SIDE-RAIL	SH-DESK-DATAGRID	D-COMPACT	IX-KEYBOARD-SHORTCUTS	PLATFORM=desktop-web; PATTERN=manufacturing-desktop; NAV=NAV-SIDE-RAIL; SHELL=SH-DESK-DATAGRID; DENSITY=D-COMPACT; IX=IX-KEYBOARD-SHORTCUTS; IMPL=grid-app-shell,prefers-contrast,virtual-list,dialog-element; FEEL=lines work orders
A0199	manufacturing-mobile	Shop Floor Mobile	industry-app	mobile-phone	NAV-NONE-FOCUS	SH-PHONE-STACK	D-TOUCH-COMFORT	IX-PRIMARY-THUMB	PLATFORM=mobile-phone; PATTERN=manufacturing-mobile; NAV=NAV-NONE-FOCUS; SHELL=SH-PHONE-STACK; DENSITY=D-TOUCH-COMFORT; IX=IX-PRIMARY-THUMB; IMPL=coarse-pointer,aria-expanded,csrf-safe,sticky-footer-cta; FEEL=scan complete
A0200	energy-desktop	Energy Ops Desktop	industry-app	desktop-web	NAV-MASTER-DETAIL	SH-DESK-DASH	D-COMPACT	IX-KEYBOARD-SHORTCUTS	PLATFORM=desktop-web; PATTERN=energy-desktop; NAV=NAV-MASTER-DETAIL; SHELL=SH-DESK-DASH; DENSITY=D-COMPACT; IX=IX-KEYBOARD-SHORTCUTS; IMPL=form-novalidate,scroll-padding,autocomplete,virtual-list; FEEL=grid status alarms
A0201	energy-mobile	Energy Field Mobile	industry-app	mobile-phone	NAV-STACK-PUSH	SH-PHONE-STACK	D-TOUCH-COMFORT	IX-PRIMARY-THUMB	PLATFORM=mobile-phone; PATTERN=energy-mobile; NAV=NAV-STACK-PUSH; SHELL=SH-PHONE-STACK; DENSITY=D-TOUCH-COMFORT; IX=IX-PRIMARY-THUMB; IMPL=install-pwa,vibrate-careful,virtual-list,app-badge; FEEL=assets inspect
A0202	agriculture-mobile	Ag Mobile	industry-app	mobile-phone	NAV-BOTTOM-TABS	SH-PHONE-TABS	D-TOUCH-COMFORT	IX-PRIMARY-THUMB	PLATFORM=mobile-phone; PATTERN=agriculture-mobile; NAV=NAV-BOTTOM-TABS; SHELL=SH-PHONE-TABS; DENSITY=D-TOUCH-COMFORT; IX=IX-PRIMARY-THUMB; IMPL=touch-action,focus-visible,pointer-events,viewport-meta; FEEL=fields tasks weather
A0203	agriculture-desktop	Ag Desktop	industry-app	desktop-web	NAV-SIDE-RAIL	SH-DESK-DASH	D-DEFAULT	IX-KEYBOARD-SHORTCUTS	PLATFORM=desktop-web; PATTERN=agriculture-desktop; NAV=NAV-SIDE-RAIL; SHELL=SH-DESK-DASH; DENSITY=D-DEFAULT; IX=IX-KEYBOARD-SHORTCUTS; IMPL=session-timeout,autocomplete,command-palette-js,skeleton-css; FEEL=fields seasons plans
A0204	nonprofit-mobile	Nonprofit Mobile	industry-app	mobile-phone	NAV-BOTTOM-TABS	SH-PHONE-TABS	D-COMFORTABLE	IX-PRIMARY-THUMB	PLATFORM=mobile-phone; PATTERN=nonprofit-mobile; NAV=NAV-BOTTOM-TABS; SHELL=SH-PHONE-TABS; DENSITY=D-COMFORTABLE; IX=IX-PRIMARY-THUMB; IMPL=touch-action,prefers-contrast,focus-trap,url-state; FEEL=donate volunteer
A0205	nonprofit-desktop	Nonprofit Desktop	industry-app	desktop-web	NAV-SIDE-RAIL	SH-DESK-DATAGRID	D-DEFAULT	IX-KEYBOARD-SHORTCUTS	PLATFORM=desktop-web; PATTERN=nonprofit-desktop; NAV=NAV-SIDE-RAIL; SHELL=SH-DESK-DATAGRID; DENSITY=D-DEFAULT; IX=IX-KEYBOARD-SHORTCUTS; IMPL=container-queries,aria-expanded,resize-observer,autocomplete; FEEL=campaigns donors
A0206	event-mobile	Event Mobile	industry-app	mobile-phone	NAV-BOTTOM-TABS	SH-PHONE-TABS	D-DEFAULT	IX-PRIMARY-THUMB	PLATFORM=mobile-phone; PATTERN=event-mobile; NAV=NAV-BOTTOM-TABS; SHELL=SH-PHONE-TABS; DENSITY=D-DEFAULT; IX=IX-PRIMARY-THUMB; IMPL=matchmedia,focus-visible,network-information,abort-controller; FEEL=agenda tickets map
A0207	event-desktop	Event Desktop	industry-app	desktop-web	NAV-SIDE-RAIL	SH-DESK-RAIL-MAIN	D-DEFAULT	IX-KEYBOARD-SHORTCUTS	PLATFORM=desktop-web; PATTERN=event-desktop; NAV=NAV-SIDE-RAIL; SHELL=SH-DESK-RAIL-MAIN; DENSITY=D-DEFAULT; IX=IX-KEYBOARD-SHORTCUTS; IMPL=prefers-color-scheme,hotkeys,will-change-sparing,fine-pointer; FEEL=registration agenda
A0208	hotel-mobile	Hotel Mobile	industry-app	mobile-phone	NAV-BOTTOM-TABS	SH-PHONE-TABS	D-DEFAULT	IX-PRIMARY-THUMB	PLATFORM=mobile-phone; PATTERN=hotel-mobile; NAV=NAV-BOTTOM-TABS; SHELL=SH-PHONE-TABS; DENSITY=D-DEFAULT; IX=IX-PRIMARY-THUMB; IMPL=push-web,error-boundary-ui,file-capture,hover-media; FEEL=stay key services
A0209	hotel-desktop	Hotel Desktop	industry-app	desktop-web	NAV-MASTER-DETAIL	SH-DESK-RAIL-MAIN-INSP	D-COMPACT	IX-KEYBOARD-SHORTCUTS	PLATFORM=desktop-web; PATTERN=hotel-desktop; NAV=NAV-MASTER-DETAIL; SHELL=SH-DESK-RAIL-MAIN-INSP; DENSITY=D-COMPACT; IX=IX-KEYBOARD-SHORTCUTS; IMPL=scroll-padding,debounce-search,error-boundary-ui,grid-app-shell; FEEL=reservations folio
A0210	restaurant-pos-tablet	Restaurant POS Tablet	industry-app	mobile-tablet	NAV-NONE-FOCUS	SH-TABLET-SPLIT	D-TOUCH-COMFORT	IX-EMPTY-CTA	PLATFORM=mobile-tablet; PATTERN=restaurant-pos-tablet; NAV=NAV-NONE-FOCUS; SHELL=SH-TABLET-SPLIT; DENSITY=D-TOUCH-COMFORT; IX=IX-EMPTY-CTA; IMPL=form-novalidate,hover-media,inputmode,touch-action; FEEL=tickets menu pay
A0211	restaurant-backoffice	Restaurant Backoffice	industry-app	desktop-web	NAV-SIDE-RAIL	SH-DESK-DATAGRID	D-COMPACT	IX-KEYBOARD-SHORTCUTS	PLATFORM=desktop-web; PATTERN=restaurant-backoffice; NAV=NAV-SIDE-RAIL; SHELL=SH-DESK-DATAGRID; DENSITY=D-COMPACT; IX=IX-KEYBOARD-SHORTCUTS; IMPL=matchmedia,intersection-infinite,content-visibility,fine-pointer; FEEL=menus labour
A0212	school-mobile	School Parent Mobile	industry-app	mobile-phone	NAV-BOTTOM-TABS	SH-PHONE-TABS	D-DEFAULT	IX-PRIMARY-THUMB	PLATFORM=mobile-phone; PATTERN=school-mobile; NAV=NAV-BOTTOM-TABS; SHELL=SH-PHONE-TABS; DENSITY=D-DEFAULT; IX=IX-PRIMARY-THUMB; IMPL=vibrate-careful,scroll-padding,url-state,live-region; FEEL=messages attendance
A0213	school-desktop	School Admin Desktop	industry-app	desktop-web	NAV-SIDE-RAIL	SH-DESK-DATAGRID	D-COMPACT	IX-KEYBOARD-SHORTCUTS	PLATFORM=desktop-web; PATTERN=school-desktop; NAV=NAV-SIDE-RAIL; SHELL=SH-DESK-DATAGRID; DENSITY=D-COMPACT; IX=IX-KEYBOARD-SHORTCUTS; IMPL=container-queries,focus-trap,live-region,session-timeout; FEEL=roster attendance
A0214	university-mobile	Uni Mobile	industry-app	mobile-phone	NAV-BOTTOM-TABS	SH-PHONE-TABS	D-DEFAULT	IX-PRIMARY-THUMB	PLATFORM=mobile-phone; PATTERN=university-mobile; NAV=NAV-BOTTOM-TABS; SHELL=SH-PHONE-TABS; DENSITY=D-DEFAULT; IX=IX-PRIMARY-THUMB; IMPL=overscroll,type-date,content-visibility,share-api; FEEL=timetable campus
A0215	university-desktop	Uni Admin Desktop	industry-app	desktop-web	NAV-SIDE-RAIL	SH-DESK-DATAGRID	D-COMPACT	IX-KEYBOARD-SHORTCUTS	PLATFORM=desktop-web; PATTERN=university-desktop; NAV=NAV-SIDE-RAIL; SHELL=SH-DESK-DATAGRID; DENSITY=D-COMPACT; IX=IX-KEYBOARD-SHORTCUTS; IMPL=intersection-infinite,autocomplete,virtual-list,localstorage-prefs; FEEL=enrolment records
A0216	library-mobile	Library Mobile	industry-app	mobile-phone	NAV-BOTTOM-TABS	SH-PHONE-TABS	D-DEFAULT	IX-PRIMARY-THUMB	PLATFORM=mobile-phone; PATTERN=library-mobile; NAV=NAV-BOTTOM-TABS; SHELL=SH-PHONE-TABS; DENSITY=D-DEFAULT; IX=IX-PRIMARY-THUMB; IMPL=debounce-search,focus-visible,type-date,min-touch; FEEL=search loans
A0217	library-desktop	Library Desktop	industry-app	desktop-web	NAV-SIDE-RAIL	SH-DESK-DATAGRID	D-COMPACT	IX-KEYBOARD-SHORTCUTS	PLATFORM=desktop-web; PATTERN=library-desktop; NAV=NAV-SIDE-RAIL; SHELL=SH-DESK-DATAGRID; DENSITY=D-COMPACT; IX=IX-KEYBOARD-SHORTCUTS; IMPL=aria-expanded,scroll-padding,fine-pointer,form-novalidate; FEEL=catalogue circulation
A0218	museum-mobile	Museum Mobile	industry-app	mobile-phone	NAV-TAB+STACK	SH-PHONE-STACK	D-COMFORTABLE	IX-PRIMARY-THUMB	PLATFORM=mobile-phone; PATTERN=museum-mobile; NAV=NAV-TAB+STACK; SHELL=SH-PHONE-STACK; DENSITY=D-COMFORTABLE; IX=IX-PRIMARY-THUMB; IMPL=virtual-list,error-boundary-ui,matchmedia,dvh-units; FEEL=visit guide audio
A0219	museum-desktop	Museum Desktop	industry-app	desktop-web	NAV-SIDE-RAIL	SH-DESK-DATAGRID	D-DEFAULT	IX-KEYBOARD-SHORTCUTS	PLATFORM=desktop-web; PATTERN=museum-desktop; NAV=NAV-SIDE-RAIL; SHELL=SH-DESK-DATAGRID; DENSITY=D-DEFAULT; IX=IX-KEYBOARD-SHORTCUTS; IMPL=fine-pointer,overscroll,dialog-element,optimistic-ui; FEEL=collections CMS
A0220	sports-mobile	Sports Mobile	industry-app	mobile-phone	NAV-BOTTOM-TABS	SH-PHONE-TABS	D-DEFAULT	IX-PRIMARY-THUMB	PLATFORM=mobile-phone; PATTERN=sports-mobile; NAV=NAV-BOTTOM-TABS; SHELL=SH-PHONE-TABS; DENSITY=D-DEFAULT; IX=IX-PRIMARY-THUMB; IMPL=sticky-footer-cta,autocomplete,optimistic-ui,dialog-element; FEEL=scores follow live
A0221	sports-desktop	Sports Desktop	industry-app	desktop-web	NAV-SIDE-RAIL	SH-DESK-DASH	D-COMPACT	IX-KEYBOARD-SHORTCUTS	PLATFORM=desktop-web; PATTERN=sports-desktop; NAV=NAV-SIDE-RAIL; SHELL=SH-DESK-DASH; DENSITY=D-COMPACT; IX=IX-KEYBOARD-SHORTCUTS; IMPL=drag-drop-desktop,aria-current,virtual-list,focus-trap; FEEL=stats tables live
A0222	betting-careful-mobile	Betting UI Careful	industry-app	mobile-phone	NAV-BOTTOM-TABS	SH-PHONE-TABS	D-DEFAULT	IX-PRIMARY-THUMB	PLATFORM=mobile-phone; PATTERN=betting-careful-mobile; NAV=NAV-BOTTOM-TABS; SHELL=SH-PHONE-TABS; DENSITY=D-DEFAULT; IX=IX-PRIMARY-THUMB; IMPL=install-pwa,content-visibility,abort-controller,bottom-nav-fixed; FEEL=clear stakes responsible
A0223	gaming-mobile	Casual Game Shell	industry-app	mobile-phone	NAV-NONE-FOCUS	SH-PHONE-CANVAS	D-TOUCH-COMFORT	IX-PRIMARY-THUMB	PLATFORM=mobile-phone; PATTERN=gaming-mobile; NAV=NAV-NONE-FOCUS; SHELL=SH-PHONE-CANVAS; DENSITY=D-TOUCH-COMFORT; IX=IX-PRIMARY-THUMB; IMPL=history-stack,scroll-padding,bottom-nav-fixed,live-region; FEEL=play overlay menus
A0224	gaming-desktop	PC Game Launcher	industry-app	desktop-web	NAV-SIDE-RAIL	SH-DESK-RAIL-MAIN	D-DEFAULT	IX-KEYBOARD-SHORTCUTS	PLATFORM=desktop-web; PATTERN=gaming-desktop; NAV=NAV-SIDE-RAIL; SHELL=SH-DESK-RAIL-MAIN; DENSITY=D-DEFAULT; IX=IX-KEYBOARD-SHORTCUTS; IMPL=live-region,scroll-padding,command-palette-js,autocomplete; FEEL=library friends
A0225	vpn-mobile	VPN Mobile	industry-app	mobile-phone	NAV-STACK-PUSH	SH-PHONE-STACK	D-DEFAULT	IX-PRIMARY-THUMB	PLATFORM=mobile-phone; PATTERN=vpn-mobile; NAV=NAV-STACK-PUSH; SHELL=SH-PHONE-STACK; DENSITY=D-DEFAULT; IX=IX-PRIMARY-THUMB; IMPL=hover-media,intersection-infinite,autocomplete,vibrate-careful; FEEL=connect status regions
A0226	vpn-desktop	VPN Desktop	industry-app	desktop-web	NAV-SIDE-RAIL	SH-DESK-RAIL-MAIN	D-DEFAULT	IX-KEYBOARD-SHORTCUTS	PLATFORM=desktop-web; PATTERN=vpn-desktop; NAV=NAV-SIDE-RAIL; SHELL=SH-DESK-RAIL-MAIN; DENSITY=D-DEFAULT; IX=IX-KEYBOARD-SHORTCUTS; IMPL=overscroll,roving-tabindex,focus-visible,resize-observer; FEEL=connect routes
A0227	backup-desktop	Backup Desktop	industry-app	desktop-web	NAV-SIDE-RAIL	SH-DESK-RAIL-MAIN	D-DEFAULT	IX-KEYBOARD-SHORTCUTS	PLATFORM=desktop-web; PATTERN=backup-desktop; NAV=NAV-SIDE-RAIL; SHELL=SH-DESK-RAIL-MAIN; DENSITY=D-DEFAULT; IX=IX-KEYBOARD-SHORTCUTS; IMPL=hotkeys,fine-pointer,clipboard-api,container-queries; FEEL=sources schedule status
A0228	backup-mobile	Backup Mobile	industry-app	mobile-phone	NAV-STACK-PUSH	SH-PHONE-STACK	D-DEFAULT	IX-PRIMARY-THUMB	PLATFORM=mobile-phone; PATTERN=backup-mobile; NAV=NAV-STACK-PUSH; SHELL=SH-PHONE-STACK; DENSITY=D-DEFAULT; IX=IX-PRIMARY-THUMB; IMPL=optimistic-ui,scroll-padding,hover-media,will-change-sparing; FEEL=status restore
A0229	smart-home-mobile	Smart Home Mobile	industry-app	mobile-phone	NAV-BOTTOM-TABS	SH-PHONE-TABS	D-DEFAULT	IX-PRIMARY-THUMB	PLATFORM=mobile-phone; PATTERN=smart-home-mobile; NAV=NAV-BOTTOM-TABS; SHELL=SH-PHONE-TABS; DENSITY=D-DEFAULT; IX=IX-PRIMARY-THUMB; IMPL=form-novalidate,debounce-search,inputmode,app-badge; FEEL=rooms scenes devices
A0230	smart-home-desktop	Smart Home Desktop	industry-app	desktop-web	NAV-SIDE-RAIL	SH-DESK-TOOL-CANVAS	D-DEFAULT	IX-KEYBOARD-SHORTCUTS	PLATFORM=desktop-web; PATTERN=smart-home-desktop; NAV=NAV-SIDE-RAIL; SHELL=SH-DESK-TOOL-CANVAS; DENSITY=D-DEFAULT; IX=IX-KEYBOARD-SHORTCUTS; IMPL=overscroll,scroll-padding,grid-app-shell,roving-tabindex; FEEL=floorplan devices
A0231	printer-admin-desktop	Print Admin	industry-app	desktop-web	NAV-SIDE-RAIL	SH-DESK-DATAGRID	D-COMPACT	IX-KEYBOARD-SHORTCUTS	PLATFORM=desktop-web; PATTERN=printer-admin-desktop; NAV=NAV-SIDE-RAIL; SHELL=SH-DESK-DATAGRID; DENSITY=D-COMPACT; IX=IX-KEYBOARD-SHORTCUTS; IMPL=debounce-search,url-state,aria-current,live-region; FEEL=queues devices
A0232	mdm-desktop	Device Management	industry-app	desktop-web	NAV-SIDE-RAIL	SH-DESK-DATAGRID	D-COMPACT	IX-KEYBOARD-SHORTCUTS	PLATFORM=desktop-web; PATTERN=mdm-desktop; NAV=NAV-SIDE-RAIL; SHELL=SH-DESK-DATAGRID; DENSITY=D-COMPACT; IX=IX-KEYBOARD-SHORTCUTS; IMPL=optimistic-ui,aria-current,prefers-reduced-motion,will-change-sparing; FEEL=fleet compliance
A0233	mdm-mobile	Device Enrol Mobile	industry-app	mobile-phone	NAV-WIZARD	SH-PHONE-STACK	D-TOUCH-COMFORT	IX-PRIMARY-THUMB	PLATFORM=mobile-phone; PATTERN=mdm-mobile; NAV=NAV-WIZARD; SHELL=SH-PHONE-STACK; DENSITY=D-TOUCH-COMFORT; IX=IX-PRIMARY-THUMB; IMPL=focus-visible,app-badge,prefers-reduced-motion,push-web; FEEL=enrol status
A0234	os-ios-large-title	iOS large title pattern	os-patterns	mobile-phone	NAV-STACK-PUSH	SH-PHONE-STACK	D-COMFORTABLE	IX-PRIMARY-THUMB	PLATFORM=mobile-phone; PATTERN=os-ios-large-title; NAV=NAV-STACK-PUSH; SHELL=SH-PHONE-STACK; DENSITY=D-COMFORTABLE; IX=IX-PRIMARY-THUMB; IMPL=bottom-nav-fixed,hover-media,form-novalidate,pointer-events; FEEL=Collapse on scroll
A0235	os-ios-inset-grouped	iOS inset grouped list	os-patterns	mobile-phone	NAV-STACK-PUSH	SH-PHONE-STACK	D-DEFAULT	IX-PRIMARY-THUMB	PLATFORM=mobile-phone; PATTERN=os-ios-inset-grouped; NAV=NAV-STACK-PUSH; SHELL=SH-PHONE-STACK; DENSITY=D-DEFAULT; IX=IX-PRIMARY-THUMB; IMPL=dvh-units,prefers-contrast,virtual-list,skeleton-css; FEEL=Settings style
A0236	os-ios-swipe-back	iOS interactive pop	os-patterns	mobile-phone	NAV-STACK-PUSH	SH-PHONE-STACK	D-DEFAULT	IX-PRIMARY-THUMB	PLATFORM=mobile-phone; PATTERN=os-ios-swipe-back; NAV=NAV-STACK-PUSH; SHELL=SH-PHONE-STACK; DENSITY=D-DEFAULT; IX=IX-PRIMARY-THUMB; IMPL=autocomplete,install-pwa,live-region,flex-phone-column; FEEL=Edge swipe back
A0237	os-material-nav-bar	Material bottom nav	os-patterns	mobile-phone	NAV-BOTTOM-TABS	SH-PHONE-TABS	D-TOUCH-COMFORT	IX-PRIMARY-THUMB	PLATFORM=mobile-phone; PATTERN=os-material-nav-bar; NAV=NAV-BOTTOM-TABS; SHELL=SH-PHONE-TABS; DENSITY=D-TOUCH-COMFORT; IX=IX-PRIMARY-THUMB; IMPL=touch-action,error-boundary-ui,min-touch,matchmedia; FEEL=3–5 destinations
A0238	os-material-top-app-bar	Material top app bar	os-patterns	mobile-phone	NAV-STACK-PUSH	SH-PHONE-STACK	D-DEFAULT	IX-PRIMARY-THUMB	PLATFORM=mobile-phone; PATTERN=os-material-top-app-bar; NAV=NAV-STACK-PUSH; SHELL=SH-PHONE-STACK; DENSITY=D-DEFAULT; IX=IX-PRIMARY-THUMB; IMPL=dialog-element,tap-highlight,content-visibility,file-capture; FEEL=Nav + actions
A0239	os-material-fab	Material FAB	os-patterns	mobile-phone	NAV-STACK-PUSH	SH-PHONE-FEED	D-TOUCH-COMFORT	IX-FAB	PLATFORM=mobile-phone; PATTERN=os-material-fab; NAV=NAV-STACK-PUSH; SHELL=SH-PHONE-FEED; DENSITY=D-TOUCH-COMFORT; IX=IX-FAB; IMPL=bottom-nav-fixed,prefers-color-scheme,csrf-safe,prefers-contrast; FEEL=Primary create
A0240	os-material-nav-rail	Material nav rail	os-patterns	mobile-tablet	NAV-SIDE-RAIL	SH-TABLET-RAIL	D-DEFAULT	IX-EMPTY-CTA	PLATFORM=mobile-tablet; PATTERN=os-material-nav-rail; NAV=NAV-SIDE-RAIL; SHELL=SH-TABLET-RAIL; DENSITY=D-DEFAULT; IX=IX-EMPTY-CTA; IMPL=app-badge,aria-current,optimistic-ui,service-worker-offline; FEEL=Tablet/desktop
A0241	os-android-back	Android back affordance	os-patterns	mobile-phone	NAV-STACK-PUSH	SH-PHONE-STACK	D-DEFAULT	IX-PRIMARY-THUMB	PLATFORM=mobile-phone; PATTERN=os-android-back; NAV=NAV-STACK-PUSH; SHELL=SH-PHONE-STACK; DENSITY=D-DEFAULT; IX=IX-PRIMARY-THUMB; IMPL=autocomplete,prefers-color-scheme,install-pwa,virtual-list; FEEL=Predictable back stack
A0242	os-android-snackbar	Snackbar + action	os-patterns	mobile-phone	NAV-STACK-PUSH	SH-PHONE-STACK	D-DEFAULT	IX-UNDO-TOAST	PLATFORM=mobile-phone; PATTERN=os-android-snackbar; NAV=NAV-STACK-PUSH; SHELL=SH-PHONE-STACK; DENSITY=D-DEFAULT; IX=IX-UNDO-TOAST; IMPL=debounce-search,prefers-reduced-motion,form-novalidate,matchmedia; FEEL=Undo short
A0243	os-win-titlebar	Windows titlebar patterns	os-patterns	desktop-web	NAV-MENUBAR	SH-DESK-DOCUMENT	D-DEFAULT	IX-KEYBOARD-SHORTCUTS	PLATFORM=desktop-web; PATTERN=os-win-titlebar; NAV=NAV-MENUBAR; SHELL=SH-DESK-DOCUMENT; DENSITY=D-DEFAULT; IX=IX-KEYBOARD-SHORTCUTS; IMPL=resize-observer,abort-controller,command-palette-js,prefers-contrast; FEEL=App icon caption buttons
A0244	os-win-navigation-view	Win NavigationView	os-patterns	desktop-web	NAV-SIDE-RAIL	SH-DESK-RAIL-MAIN	D-DEFAULT	IX-KEYBOARD-SHORTCUTS	PLATFORM=desktop-web; PATTERN=os-win-navigation-view; NAV=NAV-SIDE-RAIL; SHELL=SH-DESK-RAIL-MAIN; DENSITY=D-DEFAULT; IX=IX-KEYBOARD-SHORTCUTS; IMPL=csrf-safe,skeleton-css,intersection-infinite,matchmedia; FEEL=Left nav expand
A0245	os-macos-toolbar	macOS toolbar	os-patterns	desktop-web	NAV-TOOLBAR	SH-DESK-DOCUMENT	D-DEFAULT	IX-KEYBOARD-SHORTCUTS	PLATFORM=desktop-web; PATTERN=os-macos-toolbar; NAV=NAV-TOOLBAR; SHELL=SH-DESK-DOCUMENT; DENSITY=D-DEFAULT; IX=IX-KEYBOARD-SHORTCUTS; IMPL=abort-controller,optimistic-ui,overscroll,prefers-color-scheme; FEEL=Unified titlebar toolbar
A0246	os-macos-sidebar	macOS sidebar	os-patterns	desktop-web	NAV-SIDE-RAIL	SH-DESK-RAIL-MAIN	D-DEFAULT	IX-KEYBOARD-SHORTCUTS	PLATFORM=desktop-web; PATTERN=os-macos-sidebar; NAV=NAV-SIDE-RAIL; SHELL=SH-DESK-RAIL-MAIN; DENSITY=D-DEFAULT; IX=IX-KEYBOARD-SHORTCUTS; IMPL=roving-tabindex,error-boundary-ui,clipboard-api,grid-app-shell; FEEL=Source list
A0247	os-linux-desktop	Linux desktop app	os-patterns	desktop-web	NAV-SIDE-RAIL	SH-DESK-RAIL-MAIN	D-DEFAULT	IX-KEYBOARD-SHORTCUTS	PLATFORM=desktop-web; PATTERN=os-linux-desktop; NAV=NAV-SIDE-RAIL; SHELL=SH-DESK-RAIL-MAIN; DENSITY=D-DEFAULT; IX=IX-KEYBOARD-SHORTCUTS; IMPL=hover-media,optimistic-ui,focus-trap,fine-pointer; FEEL=Follow platform toolkit
A0248	os-kiosk-locked	Kiosk locked session	os-patterns	mobile-phone	NAV-NONE-FOCUS	SH-PHONE-STACK	D-TOUCH-COMFORT	IX-PRIMARY-THUMB	PLATFORM=mobile-phone; PATTERN=os-kiosk-locked; NAV=NAV-NONE-FOCUS; SHELL=SH-PHONE-STACK; DENSITY=D-TOUCH-COMFORT; IX=IX-PRIMARY-THUMB; IMPL=push-web,matchmedia,prefers-color-scheme,flex-phone-column; FEEL=Timeout reset
A0249	backup-mobile	Backup Mobile	industry-app	mobile-phone	NAV-STACK-PUSH	SH-PHONE-STACK	D-DEFAULT	IX-PRIMARY-THUMB	PLATFORM=mobile-phone; PATTERN=backup-mobile; NAV=NAV-STACK-PUSH; SHELL=SH-PHONE-STACK; DENSITY=D-DEFAULT; IX=IX-PRIMARY-THUMB; IMPL=network-information,tap-highlight,viewport-meta,touch-action; FEEL=status restore
A0250	nonprofit-desktop	Nonprofit Desktop	industry-app	desktop-web	NAV-WIZARD	SH-TABLET-RAIL	D-DEFAULT	IX-KEYBOARD-SHORTCUTS	PLATFORM=desktop-web; PATTERN=nonprofit-desktop; NAV=NAV-WIZARD; SHELL=SH-TABLET-RAIL; DENSITY=D-DEFAULT; IX=IX-KEYBOARD-SHORTCUTS; IMPL=fine-pointer,focus-trap,debounce-search,prefers-reduced-motion; FEEL=campaigns donors
A0251	m-settings-grouped	iOS-like grouped settings	mobile-structure	mobile-phone	NAV-TOP-TABS	SH-PHONE-SHEET	D-DEFAULT	IX-PRIMARY-THUMB	PLATFORM=mobile-phone; PATTERN=m-settings-grouped; NAV=NAV-TOP-TABS; SHELL=SH-PHONE-SHEET; DENSITY=D-DEFAULT; IX=IX-PRIMARY-THUMB; IMPL=debounce-search,coarse-pointer,focus-trap,url-state; FEEL=Inset grouped lists
A0252	d-settings-dialog	Settings dialog/pages	desktop-structure	desktop-web	NAV-SIDE-TREE	SH-DESK-RAIL-MAIN	D-DEFAULT	IX-KEYBOARD-SHORTCUTS	PLATFORM=desktop-web; PATTERN=d-settings-dialog; NAV=NAV-SIDE-TREE; SHELL=SH-DESK-RAIL-MAIN; DENSITY=D-DEFAULT; IX=IX-KEYBOARD-SHORTCUTS; IMPL=intersection-infinite,popover-api,hotkeys,autocomplete; FEEL=Searchable settings
A0253	x-form-validation	Inline validation	cross-platform-app	responsive-app	NAV-STACK-PUSH	SH-PHONE-STACK	D-DEFAULT	IX-FORM-SECTIONED	PLATFORM=responsive-app; PATTERN=x-form-validation; NAV=NAV-STACK-PUSH; SHELL=SH-PHONE-STACK; DENSITY=D-DEFAULT; IX=IX-FORM-SECTIONED; IMPL=container-queries,form-novalidate,file-capture,will-change-sparing; FEEL=On blur/submit plain language
A0254	gaming-mobile	Casual Game Shell	industry-app	mobile-phone	NAV-MODAL-SHEET	SH-PHONE-FEED	D-TOUCH-COMFORT	IX-PRIMARY-THUMB	PLATFORM=mobile-phone; PATTERN=gaming-mobile; NAV=NAV-MODAL-SHEET; SHELL=SH-PHONE-FEED; DENSITY=D-TOUCH-COMFORT; IX=IX-PRIMARY-THUMB; IMPL=overscroll,biometric-webauthn,prefers-color-scheme,touch-action; FEEL=play overlay menus
A0255	media-desktop	Media Desktop	industry-app	desktop-web	NAV-SIDE-RAIL	SH-DESK-TOOL-CANVAS	D-DEFAULT	IX-KEYBOARD-SHORTCUTS	PLATFORM=desktop-web; PATTERN=media-desktop; NAV=NAV-SIDE-RAIL; SHELL=SH-DESK-TOOL-CANVAS; DENSITY=D-DEFAULT; IX=IX-KEYBOARD-SHORTCUTS; IMPL=command-palette-js,will-change-sparing,scroll-padding,focus-trap; FEEL=library player
A0256	os-ios-inset-grouped	iOS inset grouped list	os-patterns	mobile-phone	NAV-STACK-PUSH	SH-PHONE-STACK	D-DEFAULT	IX-PRIMARY-THUMB	PLATFORM=mobile-phone; PATTERN=os-ios-inset-grouped; NAV=NAV-STACK-PUSH; SHELL=SH-PHONE-STACK; DENSITY=D-DEFAULT; IX=IX-PRIMARY-THUMB; IMPL=live-region,autocomplete,install-pwa,intersection-infinite; FEEL=Settings style
A0257	d-skip-to-main	Skip to main	desktop-density-keyboard	desktop-web	NAV-SIDE-RAIL	SH-DESK-RAIL-MAIN	D-DEFAULT	IX-KEYBOARD-SHORTCUTS	PLATFORM=desktop-web; PATTERN=d-skip-to-main; NAV=NAV-SIDE-RAIL; SHELL=SH-DESK-RAIL-MAIN; DENSITY=D-DEFAULT; IX=IX-KEYBOARD-SHORTCUTS; IMPL=intersection-infinite,virtual-list,popover-api,error-boundary-ui; FEEL=Landmarks + skip link
A0258	field-service-desktop	Field Service Desktop	industry-app	mobile-phone	NAV-BOTTOM-SHEET	SH-PHONE-TABS	D-TOUCH-COMFORT	IX-KEYBOARD-SHORTCUTS	PLATFORM=mobile-phone; PATTERN=field-service-desktop; NAV=NAV-BOTTOM-SHEET; SHELL=SH-PHONE-TABS; DENSITY=D-TOUCH-COMFORT; IX=IX-KEYBOARD-SHORTCUTS; IMPL=scroll-padding,bottom-nav-fixed,app-badge,form-novalidate; FEEL=schedule board
A0259	x-empty-permission	Empty by permission	cross-platform-app	responsive-app	NAV-MODAL-SHEET	SH-DESK-RAIL-MAIN-INSP	D-DEFAULT	IX-EMPTY-CTA	PLATFORM=responsive-app; PATTERN=x-empty-permission; NAV=NAV-MODAL-SHEET; SHELL=SH-DESK-RAIL-MAIN-INSP; DENSITY=D-DEFAULT; IX=IX-EMPTY-CTA; IMPL=resize-observer,app-badge,biometric-webauthn,matchmedia; FEEL=Explain access gap
A0260	manufacturing-mobile	Shop Floor Mobile	industry-app	mobile-phone	NAV-NONE-FOCUS	SH-PHONE-STACK	D-TOUCH-COMFORT	IX-PRIMARY-THUMB	PLATFORM=mobile-phone; PATTERN=manufacturing-mobile; NAV=NAV-NONE-FOCUS; SHELL=SH-PHONE-STACK; DENSITY=D-TOUCH-COMFORT; IX=IX-PRIMARY-THUMB; IMPL=skeleton-css,flex-phone-column,error-boundary-ui,app-badge; FEEL=scan complete
A0261	m-offline-first-list	Offline-first list	mobile-structure	mobile-phone	NAV-BOTTOM-TABS	SH-PHONE-FEED	D-DEFAULT	IX-PRIMARY-THUMB	PLATFORM=mobile-phone; PATTERN=m-offline-first-list; NAV=NAV-BOTTOM-TABS; SHELL=SH-PHONE-FEED; DENSITY=D-DEFAULT; IX=IX-PRIMARY-THUMB; IMPL=content-visibility,prefers-contrast,url-state,csrf-safe; FEEL=Cached + sync state
A0262	legal-mobile	Legal Mobile	industry-app	mobile-phone	NAV-BOTTOM-SHEET	SH-PHONE-CANVAS	D-DEFAULT	IX-PRIMARY-THUMB	PLATFORM=mobile-phone; PATTERN=legal-mobile; NAV=NAV-BOTTOM-SHEET; SHELL=SH-PHONE-CANVAS; DENSITY=D-DEFAULT; IX=IX-PRIMARY-THUMB; IMPL=vibrate-careful,dialog-element,app-badge,intersection-infinite; FEEL=deadlines tasks
A0263	x-performance-perceived	Perceived performance	cross-platform-app	responsive-app	NAV-NONE-FOCUS	SH-RESPONSIVE-COLLAPSE	D-DEFAULT	IX-OPTIMISTIC	PLATFORM=responsive-app; PATTERN=x-performance-perceived; NAV=NAV-NONE-FOCUS; SHELL=SH-RESPONSIVE-COLLAPSE; DENSITY=D-DEFAULT; IX=IX-OPTIMISTIC; IMPL=prefers-reduced-motion,matchmedia,vibrate-careful,push-web; FEEL=Skeleton, optimistic, stale-while-revalidate
A0264	legal-desktop	Legal Desktop	industry-app	desktop-web	NAV-SIDE-TREE	SH-DESK-RAIL-MAIN-INSP	D-COMPACT	IX-KEYBOARD-SHORTCUTS	PLATFORM=desktop-web; PATTERN=legal-desktop; NAV=NAV-SIDE-TREE; SHELL=SH-DESK-RAIL-MAIN-INSP; DENSITY=D-COMPACT; IX=IX-KEYBOARD-SHORTCUTS; IMPL=intersection-infinite,session-timeout,autocomplete,fine-pointer; FEEL=matters documents
A0265	notes-mobile	Notes Mobile	industry-app	mobile-phone	NAV-STACK-PUSH	SH-PHONE-STACK	D-DEFAULT	IX-PRIMARY-THUMB	PLATFORM=mobile-phone; PATTERN=notes-mobile; NAV=NAV-STACK-PUSH; SHELL=SH-PHONE-STACK; DENSITY=D-DEFAULT; IX=IX-PRIMARY-THUMB; IMPL=live-region,dvh-units,file-capture,coarse-pointer; FEEL=list editor
A0266	weather-mobile	Weather Mobile	industry-app	mobile-phone	NAV-STACK-PUSH	SH-PHONE-STACK	D-COMFORTABLE	IX-PRIMARY-THUMB	PLATFORM=mobile-phone; PATTERN=weather-mobile; NAV=NAV-STACK-PUSH; SHELL=SH-PHONE-STACK; DENSITY=D-COMFORTABLE; IX=IX-PRIMARY-THUMB; IMPL=viewport-meta,virtual-list,aria-current,hover-media; FEEL=conditions hourly
A0267	m-target-44	44pt touch targets	mobile-touch-a11y	mobile-phone	NAV-BOTTOM-TABS	SH-PHONE-TABS	D-TOUCH-COMFORT	IX-PRIMARY-THUMB	PLATFORM=mobile-phone; PATTERN=m-target-44; NAV=NAV-BOTTOM-TABS; SHELL=SH-PHONE-TABS; DENSITY=D-TOUCH-COMFORT; IX=IX-PRIMARY-THUMB; IMPL=service-worker-offline,content-visibility,biometric-webauthn,push-web; FEEL=Primary controls ≥44×44
A0268	chat-mobile	Mobile Chat	industry-app	mobile-phone	NAV-STACK-PUSH	SH-PHONE-STACK	D-DEFAULT	IX-PRIMARY-THUMB	PLATFORM=mobile-phone; PATTERN=chat-mobile; NAV=NAV-STACK-PUSH; SHELL=SH-PHONE-STACK; DENSITY=D-DEFAULT; IX=IX-PRIMARY-THUMB; IMPL=form-novalidate,share-api,file-capture,biometric-webauthn; FEEL=threads composer
A0269	chat-mobile	Mobile Chat	industry-app	mobile-phone	NAV-WIZARD	SH-PHONE-STACK	D-DEFAULT	IX-PRIMARY-THUMB	PLATFORM=mobile-phone; PATTERN=chat-mobile; NAV=NAV-WIZARD; SHELL=SH-PHONE-STACK; DENSITY=D-DEFAULT; IX=IX-PRIMARY-THUMB; IMPL=min-touch,install-pwa,skeleton-css,touch-action; FEEL=threads composer
A0270	m-contrast-outdoor	Outdoor contrast	mobile-touch-a11y	mobile-phone	NAV-STACK-PUSH	SH-PHONE-STACK	D-DEFAULT	IX-PRIMARY-THUMB	PLATFORM=mobile-phone; PATTERN=m-contrast-outdoor; NAV=NAV-STACK-PUSH; SHELL=SH-PHONE-STACK; DENSITY=D-DEFAULT; IX=IX-PRIMARY-THUMB; IMPL=min-touch,push-web,focus-trap,scroll-padding; FEEL=High contrast for sun
A0271	fitness-mobile	Fitness Mobile	industry-app	mobile-phone	NAV-NONE-FOCUS	SH-PHONE-CANVAS	D-TOUCH-COMFORT	IX-PRIMARY-THUMB	PLATFORM=mobile-phone; PATTERN=fitness-mobile; NAV=NAV-NONE-FOCUS; SHELL=SH-PHONE-CANVAS; DENSITY=D-TOUCH-COMFORT; IX=IX-PRIMARY-THUMB; IMPL=matchmedia,dvh-units,push-web,min-touch; FEEL=workout active timer
A0272	gaming-mobile	Casual Game Shell	industry-app	mobile-phone	NAV-NONE-FOCUS	SH-PHONE-CANVAS	D-TOUCH-COMFORT	IX-PRIMARY-THUMB	PLATFORM=mobile-phone; PATTERN=gaming-mobile; NAV=NAV-NONE-FOCUS; SHELL=SH-PHONE-CANVAS; DENSITY=D-TOUCH-COMFORT; IX=IX-PRIMARY-THUMB; IMPL=content-visibility,overscroll,touch-action,bottom-nav-fixed; FEEL=play overlay menus
A0273	m-hero-then-list	Hero then list	mobile-content-patterns	mobile-phone	NAV-STACK-PUSH	SH-PHONE-STACK	D-DEFAULT	IX-EMPTY-CTA	PLATFORM=mobile-phone; PATTERN=m-hero-then-list; NAV=NAV-STACK-PUSH; SHELL=SH-PHONE-STACK; DENSITY=D-DEFAULT; IX=IX-EMPTY-CTA; IMPL=aria-current,matchmedia,service-worker-offline,inputmode; FEEL=Context then inventory
A0274	legal-desktop	Legal Desktop	industry-app	desktop-web	NAV-SIDE-RAIL	SH-DESK-DATAGRID	D-COMPACT	IX-KEYBOARD-SHORTCUTS	PLATFORM=desktop-web; PATTERN=legal-desktop; NAV=NAV-SIDE-RAIL; SHELL=SH-DESK-DATAGRID; DENSITY=D-COMPACT; IX=IX-KEYBOARD-SHORTCUTS; IMPL=resize-observer,autocomplete,prefers-contrast,live-region; FEEL=matters documents
A0275	tax-mobile	Tax Mobile	industry-app	mobile-phone	NAV-STACK-PUSH	SH-PHONE-STACK	D-DEFAULT	IX-PRIMARY-THUMB	PLATFORM=mobile-phone; PATTERN=tax-mobile; NAV=NAV-STACK-PUSH; SHELL=SH-PHONE-STACK; DENSITY=D-DEFAULT; IX=IX-PRIMARY-THUMB; IMPL=will-change-sparing,overscroll,type-date,debounce-search; FEEL=upload status
A0276	m-focus-visible-mobile	Focus visible when keyboard	mobile-touch-a11y	mobile-phone	NAV-STACK-PUSH	SH-PHONE-STACK	D-DEFAULT	IX-KEYBOARD-SHORTCUTS	PLATFORM=mobile-phone; PATTERN=m-focus-visible-mobile; NAV=NAV-STACK-PUSH; SHELL=SH-PHONE-STACK; DENSITY=D-DEFAULT; IX=IX-KEYBOARD-SHORTCUTS; IMPL=prefers-color-scheme,intersection-infinite,focus-visible,virtual-list; FEEL=External keyboard / a11y
A0277	d-split-compare	Compare split	desktop-structure	desktop-web	NAV-WIZARD	SH-DESK-IDE-LITE	D-DEFAULT	IX-KEYBOARD-SHORTCUTS	PLATFORM=desktop-web; PATTERN=d-split-compare; NAV=NAV-WIZARD; SHELL=SH-DESK-IDE-LITE; DENSITY=D-DEFAULT; IX=IX-KEYBOARD-SHORTCUTS; IMPL=drag-drop-desktop,matchmedia,hover-media,pointer-events; FEEL=A|B decision
A0278	m-form-multipage	Multi-page form	mobile-content-patterns	mobile-phone	NAV-WIZARD	SH-PHONE-STACK	D-DEFAULT	IX-PRIMARY-THUMB	PLATFORM=mobile-phone; PATTERN=m-form-multipage; NAV=NAV-WIZARD; SHELL=SH-PHONE-STACK; DENSITY=D-DEFAULT; IX=IX-PRIMARY-THUMB; IMPL=prefers-color-scheme,matchmedia,error-boundary-ui,aria-current; FEEL=Save draft between pages
A0279	os-ios-swipe-back	iOS interactive pop	os-patterns	mobile-phone	NAV-STACK-PUSH	SH-PHONE-SHEET	D-DEFAULT	IX-PRIMARY-THUMB	PLATFORM=mobile-phone; PATTERN=os-ios-swipe-back; NAV=NAV-STACK-PUSH; SHELL=SH-PHONE-SHEET; DENSITY=D-DEFAULT; IX=IX-PRIMARY-THUMB; IMPL=skeleton-css,url-state,safe-area-css,scroll-padding; FEEL=Edge swipe back
A0280	d-split-compare	Compare split	desktop-structure	desktop-web	NAV-MASTER-DETAIL	SH-TABLET-SPLIT	D-DEFAULT	IX-KEYBOARD-SHORTCUTS	PLATFORM=desktop-web; PATTERN=d-split-compare; NAV=NAV-MASTER-DETAIL; SHELL=SH-TABLET-SPLIT; DENSITY=D-DEFAULT; IX=IX-KEYBOARD-SHORTCUTS; IMPL=roving-tabindex,abort-controller,prefers-color-scheme,optimistic-ui; FEEL=A|B decision
A0281	restaurant-backoffice	Restaurant Backoffice	industry-app	desktop-web	NAV-SIDE-RAIL	SH-DESK-DATAGRID	D-COMPACT	IX-KEYBOARD-SHORTCUTS	PLATFORM=desktop-web; PATTERN=restaurant-backoffice; NAV=NAV-SIDE-RAIL; SHELL=SH-DESK-DATAGRID; DENSITY=D-COMPACT; IX=IX-KEYBOARD-SHORTCUTS; IMPL=aria-expanded,dialog-element,autocomplete,url-state; FEEL=menus labour
A0282	d-bulk-actions	Bulk action bar	desktop-density-keyboard	desktop-web	NAV-SIDE-RAIL	SH-DESK-DATAGRID	D-COMPACT	IX-MULTISELECT	PLATFORM=desktop-web; PATTERN=d-bulk-actions; NAV=NAV-SIDE-RAIL; SHELL=SH-DESK-DATAGRID; DENSITY=D-COMPACT; IX=IX-MULTISELECT; IMPL=aria-expanded,virtual-list,dialog-element,aria-current; FEEL=Appears on selection
A0283	os-ios-swipe-back	iOS interactive pop	os-patterns	mobile-phone	NAV-STACK-PUSH	SH-PHONE-STACK	D-DEFAULT	IX-PRIMARY-THUMB	PLATFORM=mobile-phone; PATTERN=os-ios-swipe-back; NAV=NAV-STACK-PUSH; SHELL=SH-PHONE-STACK; DENSITY=D-DEFAULT; IX=IX-PRIMARY-THUMB; IMPL=hover-media,prefers-contrast,app-badge,flex-phone-column; FEEL=Edge swipe back
A0284	d-email-client	Email client	desktop-structure	desktop-web	NAV-NONE-FOCUS	SH-DESK-DOCUMENT	D-COMPACT	IX-KEYBOARD-SHORTCUTS	PLATFORM=desktop-web; PATTERN=d-email-client; NAV=NAV-NONE-FOCUS; SHELL=SH-DESK-DOCUMENT; DENSITY=D-COMPACT; IX=IX-KEYBOARD-SHORTCUTS; IMPL=live-region,scroll-padding,grid-app-shell,aria-current; FEEL=Folders | list | reading
A0285	mdm-desktop	Device Management	industry-app	desktop-web	NAV-SIDE-RAIL	SH-DESK-DATAGRID	D-COMPACT	IX-KEYBOARD-SHORTCUTS	PLATFORM=desktop-web; PATTERN=mdm-desktop; NAV=NAV-SIDE-RAIL; SHELL=SH-DESK-DATAGRID; DENSITY=D-COMPACT; IX=IX-KEYBOARD-SHORTCUTS; IMPL=prefers-color-scheme,grid-app-shell,session-timeout,container-queries; FEEL=fleet compliance
A0286	sports-mobile	Sports Mobile	industry-app	mobile-phone	NAV-WIZARD	SH-PHONE-CANVAS	D-DEFAULT	IX-PRIMARY-THUMB	PLATFORM=mobile-phone; PATTERN=sports-mobile; NAV=NAV-WIZARD; SHELL=SH-PHONE-CANVAS; DENSITY=D-DEFAULT; IX=IX-PRIMARY-THUMB; IMPL=content-visibility,file-capture,form-novalidate,dvh-units; FEEL=scores follow live
A0287	m-no-hover	No hover-only	mobile-touch-a11y	mobile-phone	NAV-STACK-PUSH	SH-PHONE-STACK	D-DEFAULT	IX-PRIMARY-THUMB	PLATFORM=mobile-phone; PATTERN=m-no-hover; NAV=NAV-STACK-PUSH; SHELL=SH-PHONE-STACK; DENSITY=D-DEFAULT; IX=IX-PRIMARY-THUMB; IMPL=dvh-units,debounce-search,file-capture,tap-highlight; FEEL=All actions visible/tappable
A0288	d-focus-trap-modal	Modal focus trap	desktop-density-keyboard	desktop-web	NAV-SIDE-RAIL	SH-DESK-DASH	D-DEFAULT	IX-KEYBOARD-SHORTCUTS	PLATFORM=desktop-web; PATTERN=d-focus-trap-modal; NAV=NAV-SIDE-RAIL; SHELL=SH-DESK-DASH; DENSITY=D-DEFAULT; IX=IX-KEYBOARD-SHORTCUTS; IMPL=scroll-padding,fine-pointer,csrf-safe,matchmedia; FEEL=Esc closes; restore focus
A0289	m-haptic-meaning	Haptics with meaning	mobile-touch-a11y	mobile-phone	NAV-STACK-PUSH	SH-PHONE-STACK	D-DEFAULT	IX-UNDO-TOAST	PLATFORM=mobile-phone; PATTERN=m-haptic-meaning; NAV=NAV-STACK-PUSH; SHELL=SH-PHONE-STACK; DENSITY=D-DEFAULT; IX=IX-UNDO-TOAST; IMPL=prefers-contrast,history-stack,min-touch,aria-expanded; FEEL=Confirm/error/success only
A0290	nonprofit-desktop	Nonprofit Desktop	industry-app	desktop-web	NAV-SIDE-RAIL	SH-DESK-DATAGRID	D-DEFAULT	IX-KEYBOARD-SHORTCUTS	PLATFORM=desktop-web; PATTERN=nonprofit-desktop; NAV=NAV-SIDE-RAIL; SHELL=SH-DESK-DATAGRID; DENSITY=D-DEFAULT; IX=IX-KEYBOARD-SHORTCUTS; IMPL=drag-drop-desktop,overscroll,hotkeys,prefers-reduced-motion; FEEL=campaigns donors
A0291	m-list-dense	Dense mobile list	mobile-content-patterns	mobile-phone	NAV-WIZARD	SH-PHONE-SHEET	D-DEFAULT	IX-INFINITE-SCROLL	PLATFORM=mobile-phone; PATTERN=m-list-dense; NAV=NAV-WIZARD; SHELL=SH-PHONE-SHEET; DENSITY=D-DEFAULT; IX=IX-INFINITE-SCROLL; IMPL=focus-trap,push-web,abort-controller,optimistic-ui; FEEL=One primary line + meta
A0292	sports-mobile	Sports Mobile	industry-app	mobile-phone	NAV-BOTTOM-TABS	SH-PHONE-TABS	D-DEFAULT	IX-PRIMARY-THUMB	PLATFORM=mobile-phone; PATTERN=sports-mobile; NAV=NAV-BOTTOM-TABS; SHELL=SH-PHONE-TABS; DENSITY=D-DEFAULT; IX=IX-PRIMARY-THUMB; IMPL=inputmode,hover-media,viewport-meta,vibrate-careful; FEEL=scores follow live
A0293	m-checkout-linear	Mobile checkout linear	mobile-structure	mobile-phone	NAV-WIZARD	SH-PHONE-STACK	D-TOUCH-COMFORT	IX-PRIMARY-THUMB	PLATFORM=mobile-phone; PATTERN=m-checkout-linear; NAV=NAV-WIZARD; SHELL=SH-PHONE-STACK; DENSITY=D-TOUCH-COMFORT; IX=IX-PRIMARY-THUMB; IMPL=tap-highlight,sticky-footer-cta,abort-controller,scroll-padding; FEEL=Steps, progress, sticky pay
A0294	x-breakpoint-nav-swap	Nav swap by breakpoint	cross-platform-app	responsive-app	NAV-BOTTOM-TABS	SH-RESPONSIVE-COLLAPSE	D-DEFAULT	IX-EMPTY-CTA	PLATFORM=responsive-app; PATTERN=x-breakpoint-nav-swap; NAV=NAV-BOTTOM-TABS; SHELL=SH-RESPONSIVE-COLLAPSE; DENSITY=D-DEFAULT; IX=IX-EMPTY-CTA; IMPL=content-visibility,focus-trap,install-pwa,hotkeys; FEEL=Rail↔tabs
A0295	os-macos-sidebar	macOS sidebar	os-patterns	desktop-web	NAV-SIDE-RAIL	SH-DESK-RAIL-MAIN	D-DEFAULT	IX-KEYBOARD-SHORTCUTS	PLATFORM=desktop-web; PATTERN=os-macos-sidebar; NAV=NAV-SIDE-RAIL; SHELL=SH-DESK-RAIL-MAIN; DENSITY=D-DEFAULT; IX=IX-KEYBOARD-SHORTCUTS; IMPL=skeleton-css,optimistic-ui,content-visibility,grid-app-shell; FEEL=Source list
A0296	os-win-titlebar	Windows titlebar patterns	os-patterns	desktop-web	NAV-SIDE-TREE	SH-DESK-IDE-LITE	D-DEFAULT	IX-KEYBOARD-SHORTCUTS	PLATFORM=desktop-web; PATTERN=os-win-titlebar; NAV=NAV-SIDE-TREE; SHELL=SH-DESK-IDE-LITE; DENSITY=D-DEFAULT; IX=IX-KEYBOARD-SHORTCUTS; IMPL=drag-drop-desktop,aria-current,overscroll,will-change-sparing; FEEL=App icon caption buttons
A0297	d-skip-to-main	Skip to main	desktop-density-keyboard	desktop-web	NAV-WIZARD	SH-DESK-TOOL-CANVAS	D-DEFAULT	IX-KEYBOARD-SHORTCUTS	PLATFORM=desktop-web; PATTERN=d-skip-to-main; NAV=NAV-WIZARD; SHELL=SH-DESK-TOOL-CANVAS; DENSITY=D-DEFAULT; IX=IX-KEYBOARD-SHORTCUTS; IMPL=focus-visible,dialog-element,prefers-contrast,intersection-infinite; FEEL=Landmarks + skip link
A0298	os-kiosk-locked	Kiosk locked session	os-patterns	mobile-phone	NAV-NONE-FOCUS	SH-PHONE-STACK	D-TOUCH-COMFORT	IX-PRIMARY-THUMB	PLATFORM=mobile-phone; PATTERN=os-kiosk-locked; NAV=NAV-NONE-FOCUS; SHELL=SH-PHONE-STACK; DENSITY=D-TOUCH-COMFORT; IX=IX-PRIMARY-THUMB; IMPL=optimistic-ui,aria-expanded,biometric-webauthn,error-boundary-ui; FEEL=Timeout reset
A0299	realestate-mobile	Property Mobile	industry-app	mobile-phone	NAV-TOP-TABS	SH-PHONE-SHEET	D-DEFAULT	IX-PRIMARY-THUMB	PLATFORM=mobile-phone; PATTERN=realestate-mobile; NAV=NAV-TOP-TABS; SHELL=SH-PHONE-SHEET; DENSITY=D-DEFAULT; IX=IX-PRIMARY-THUMB; IMPL=install-pwa,network-information,intersection-infinite,flex-phone-column; FEEL=search map shortlist
A0300	x-rtl-ready	RTL-ready layout	cross-platform-app	responsive-app	NAV-BREADCRUMB	SH-PHONE-STACK	D-DEFAULT	IX-PRIMARY-THUMB	PLATFORM=responsive-app; PATTERN=x-rtl-ready; NAV=NAV-BREADCRUMB; SHELL=SH-PHONE-STACK; DENSITY=D-DEFAULT; IX=IX-PRIMARY-THUMB; IMPL=skeleton-css,csrf-safe,virtual-list,prefers-color-scheme; FEEL=Logical properties
A0301	x-role-home	Role-based home	cross-platform-app	responsive-app	NAV-BOTTOM-TABS	SH-RESPONSIVE-COLLAPSE	D-DEFAULT	IX-EMPTY-CTA	PLATFORM=responsive-app; PATTERN=x-role-home; NAV=NAV-BOTTOM-TABS; SHELL=SH-RESPONSIVE-COLLAPSE; DENSITY=D-DEFAULT; IX=IX-EMPTY-CTA; IMPL=app-badge,virtual-list,type-date,command-palette-js; FEEL=Different landing by role
A0302	m-push-pref-center	Notification prefs	mobile-content-patterns	mobile-phone	NAV-WIZARD	SH-PHONE-FEED	D-DEFAULT	IX-PRIMARY-THUMB	PLATFORM=mobile-phone; PATTERN=m-push-pref-center; NAV=NAV-WIZARD; SHELL=SH-PHONE-FEED; DENSITY=D-DEFAULT; IX=IX-PRIMARY-THUMB; IMPL=network-information,overscroll,inputmode,biometric-webauthn; FEEL=Granular, not all-or-nothing
A0303	m-hero-then-list	Hero then list	mobile-content-patterns	mobile-phone	NAV-STACK-PUSH	SH-PHONE-STACK	D-DEFAULT	IX-EMPTY-CTA	PLATFORM=mobile-phone; PATTERN=m-hero-then-list; NAV=NAV-STACK-PUSH; SHELL=SH-PHONE-STACK; DENSITY=D-DEFAULT; IX=IX-EMPTY-CTA; IMPL=prefers-color-scheme,safe-area-css,hover-media,flex-phone-column; FEEL=Context then inventory
A0304	m-screen-reader-order	Screen reader order	mobile-touch-a11y	mobile-phone	NAV-WIZARD	SH-PHONE-FEED	D-DEFAULT	IX-PRIMARY-THUMB	PLATFORM=mobile-phone; PATTERN=m-screen-reader-order; NAV=NAV-WIZARD; SHELL=SH-PHONE-FEED; DENSITY=D-DEFAULT; IX=IX-PRIMARY-THUMB; IMPL=scroll-padding,intersection-infinite,push-web,skeleton-css; FEEL=DOM order matches visual job
A0305	notes-desktop	Notes Desktop	industry-app	mobile-phone	NAV-MODAL-SHEET	SH-PHONE-CANVAS	D-DEFAULT	IX-KEYBOARD-SHORTCUTS	PLATFORM=mobile-phone; PATTERN=notes-desktop; NAV=NAV-MODAL-SHEET; SHELL=SH-PHONE-CANVAS; DENSITY=D-DEFAULT; IX=IX-KEYBOARD-SHORTCUTS; IMPL=aria-current,form-novalidate,flex-phone-column,intersection-infinite; FEEL=sidebar editor
A0306	m-cards-scroll	Card vertical stack	mobile-content-patterns	mobile-phone	NAV-MODAL-SHEET	SH-PHONE-SHEET	D-COMFORTABLE	IX-INFINITE-SCROLL	PLATFORM=mobile-phone; PATTERN=m-cards-scroll; NAV=NAV-MODAL-SHEET; SHELL=SH-PHONE-SHEET; DENSITY=D-COMFORTABLE; IX=IX-INFINITE-SCROLL; IMPL=app-badge,dvh-units,network-information,install-pwa; FEEL=Scannable cards
A0307	x-semantic-status	Semantic status colours	cross-platform-app	responsive-app	NAV-NONE-FOCUS	SH-RESPONSIVE-COLLAPSE	D-DEFAULT	IX-EMPTY-CTA	PLATFORM=responsive-app; PATTERN=x-semantic-status; NAV=NAV-NONE-FOCUS; SHELL=SH-RESPONSIVE-COLLAPSE; DENSITY=D-DEFAULT; IX=IX-EMPTY-CTA; IMPL=hotkeys,overscroll,touch-action,resize-observer; FEEL=+ icon/text not colour only
A0308	chat-mobile	Mobile Chat	industry-app	mobile-phone	NAV-NONE-FOCUS	SH-PHONE-TABS	D-DEFAULT	IX-PRIMARY-THUMB	PLATFORM=mobile-phone; PATTERN=chat-mobile; NAV=NAV-NONE-FOCUS; SHELL=SH-PHONE-TABS; DENSITY=D-DEFAULT; IX=IX-PRIMARY-THUMB; IMPL=biometric-webauthn,scroll-padding,vibrate-careful,app-badge; FEEL=threads composer
A0309	library-mobile	Library Mobile	industry-app	mobile-phone	NAV-BOTTOM-TABS	SH-PHONE-TABS	D-DEFAULT	IX-PRIMARY-THUMB	PLATFORM=mobile-phone; PATTERN=library-mobile; NAV=NAV-BOTTOM-TABS; SHELL=SH-PHONE-TABS; DENSITY=D-DEFAULT; IX=IX-PRIMARY-THUMB; IMPL=biometric-webauthn,tap-highlight,dvh-units,virtual-list; FEEL=search loans
A0310	os-material-nav-bar	Material bottom nav	os-patterns	mobile-phone	NAV-BOTTOM-TABS	SH-PHONE-TABS	D-TOUCH-COMFORT	IX-PRIMARY-THUMB	PLATFORM=mobile-phone; PATTERN=os-material-nav-bar; NAV=NAV-BOTTOM-TABS; SHELL=SH-PHONE-TABS; DENSITY=D-TOUCH-COMFORT; IX=IX-PRIMARY-THUMB; IMPL=content-visibility,dvh-units,prefers-contrast,app-badge; FEEL=3–5 destinations
A0311	health-clinic-desktop	Clinic Desktop	industry-app	desktop-web	NAV-MASTER-DETAIL	SH-DESK-RAIL-MAIN-INSP	D-COMPACT	IX-KEYBOARD-SHORTCUTS	PLATFORM=desktop-web; PATTERN=health-clinic-desktop; NAV=NAV-MASTER-DETAIL; SHELL=SH-DESK-RAIL-MAIN-INSP; DENSITY=D-COMPACT; IX=IX-KEYBOARD-SHORTCUTS; IMPL=localstorage-prefs,prefers-color-scheme,session-timeout,container-queries; FEEL=schedule patients notes
A0312	x-permissioned-ui	Permissioned UI	cross-platform-app	responsive-app	NAV-TAB+STACK	SH-DESK-DATAGRID	D-DEFAULT	IX-EMPTY-CTA	PLATFORM=responsive-app; PATTERN=x-permissioned-ui; NAV=NAV-TAB+STACK; SHELL=SH-DESK-DATAGRID; DENSITY=D-DEFAULT; IX=IX-EMPTY-CTA; IMPL=coarse-pointer,live-region,focus-visible,overscroll; FEEL=Hide vs disable with reason
A0313	x-empty-permission	Empty by permission	cross-platform-app	responsive-app	NAV-BREADCRUMB	SH-DESK-RAIL-MAIN-INSP	D-DEFAULT	IX-EMPTY-CTA	PLATFORM=responsive-app; PATTERN=x-empty-permission; NAV=NAV-BREADCRUMB; SHELL=SH-DESK-RAIL-MAIN-INSP; DENSITY=D-DEFAULT; IX=IX-EMPTY-CTA; IMPL=autocomplete,viewport-meta,dialog-element,popover-api; FEEL=Explain access gap
A0314	fitness-mobile	Fitness Mobile	industry-app	responsive-app	NAV-NONE-FOCUS	SH-PHONE-CANVAS	D-TOUCH-COMFORT	IX-PRIMARY-THUMB	PLATFORM=responsive-app; PATTERN=fitness-mobile; NAV=NAV-NONE-FOCUS; SHELL=SH-PHONE-CANVAS; DENSITY=D-TOUCH-COMFORT; IX=IX-PRIMARY-THUMB; IMPL=dvh-units,popover-api,overscroll,focus-trap; FEEL=workout active timer
A0315	x-form-validation	Inline validation	cross-platform-app	responsive-app	NAV-BOTTOM-SHEET	SH-TABLET-SPLIT	D-DEFAULT	IX-FORM-SECTIONED	PLATFORM=responsive-app; PATTERN=x-form-validation; NAV=NAV-BOTTOM-SHEET; SHELL=SH-TABLET-SPLIT; DENSITY=D-DEFAULT; IX=IX-FORM-SECTIONED; IMPL=error-boundary-ui,history-stack,push-web,network-information; FEEL=On blur/submit plain language
A0316	mdm-desktop	Device Management	industry-app	mobile-phone	NAV-MODAL-SHEET	SH-PHONE-CANVAS	D-TOUCH-COMFORT	IX-KEYBOARD-SHORTCUTS	PLATFORM=mobile-phone; PATTERN=mdm-desktop; NAV=NAV-MODAL-SHEET; SHELL=SH-PHONE-CANVAS; DENSITY=D-TOUCH-COMFORT; IX=IX-KEYBOARD-SHORTCUTS; IMPL=min-touch,content-visibility,coarse-pointer,flex-phone-column; FEEL=fleet compliance
A0317	calendar-desktop	Desktop Calendar	industry-app	mobile-phone	NAV-BOTTOM-TABS	SH-RESPONSIVE-COLLAPSE	D-DEFAULT	IX-KEYBOARD-SHORTCUTS	PLATFORM=mobile-phone; PATTERN=calendar-desktop; NAV=NAV-BOTTOM-TABS; SHELL=SH-RESPONSIVE-COLLAPSE; DENSITY=D-DEFAULT; IX=IX-KEYBOARD-SHORTCUTS; IMPL=autocomplete,scroll-padding,will-change-sparing,live-region; FEEL=week grid create
A0318	museum-desktop	Museum Desktop	industry-app	desktop-web	NAV-SIDE-RAIL	SH-DESK-DATAGRID	D-DEFAULT	IX-KEYBOARD-SHORTCUTS	PLATFORM=desktop-web; PATTERN=museum-desktop; NAV=NAV-SIDE-RAIL; SHELL=SH-DESK-DATAGRID; DENSITY=D-DEFAULT; IX=IX-KEYBOARD-SHORTCUTS; IMPL=resize-observer,aria-current,session-timeout,dialog-element; FEEL=collections CMS
A0319	os-ios-inset-grouped	iOS inset grouped list	os-patterns	mobile-phone	NAV-STACK-PUSH	SH-PHONE-STACK	D-DEFAULT	IX-PRIMARY-THUMB	PLATFORM=mobile-phone; PATTERN=os-ios-inset-grouped; NAV=NAV-STACK-PUSH; SHELL=SH-PHONE-STACK; DENSITY=D-DEFAULT; IX=IX-PRIMARY-THUMB; IMPL=min-touch,push-web,safe-area-css,inputmode; FEEL=Settings style
A0320	manufacturing-desktop	MES Desktop	industry-app	desktop-web	NAV-SIDE-RAIL	SH-DESK-DATAGRID	D-COMPACT	IX-KEYBOARD-SHORTCUTS	PLATFORM=desktop-web; PATTERN=manufacturing-desktop; NAV=NAV-SIDE-RAIL; SHELL=SH-DESK-DATAGRID; DENSITY=D-COMPACT; IX=IX-KEYBOARD-SHORTCUTS; IMPL=aria-expanded,popover-api,intersection-infinite,resize-observer; FEEL=lines work orders
A0321	social-mobile	Social Mobile	industry-app	mobile-phone	NAV-BOTTOM-TABS	SH-PHONE-FEED	D-DEFAULT	IX-PRIMARY-THUMB	PLATFORM=mobile-phone; PATTERN=social-mobile; NAV=NAV-BOTTOM-TABS; SHELL=SH-PHONE-FEED; DENSITY=D-DEFAULT; IX=IX-PRIMARY-THUMB; IMPL=autocomplete,safe-area-css,url-state,virtual-list; FEEL=feed create profile
A0322	vpn-desktop	VPN Desktop	industry-app	desktop-web	NAV-SIDE-RAIL	SH-DESK-RAIL-MAIN	D-DEFAULT	IX-KEYBOARD-SHORTCUTS	PLATFORM=desktop-web; PATTERN=vpn-desktop; NAV=NAV-SIDE-RAIL; SHELL=SH-DESK-RAIL-MAIN; DENSITY=D-DEFAULT; IX=IX-KEYBOARD-SHORTCUTS; IMPL=command-palette-js,debounce-search,skeleton-css,localstorage-prefs; FEEL=connect routes
A0323	hr-mobile	HR Mobile	industry-app	mobile-phone	NAV-BOTTOM-TABS	SH-PHONE-STACK	D-TOUCH-COMFORT	IX-PRIMARY-THUMB	PLATFORM=mobile-phone; PATTERN=hr-mobile; NAV=NAV-BOTTOM-TABS; SHELL=SH-PHONE-STACK; DENSITY=D-TOUCH-COMFORT; IX=IX-PRIMARY-THUMB; IMPL=pointer-events,min-touch,inputmode,install-pwa; FEEL=leave requests
A0324	d-multi-workspace	Workspaces/projects switcher	desktop-structure	desktop-web	NAV-SIDE-RAIL	SH-DESK-RAIL-MAIN	D-DEFAULT	IX-KEYBOARD-SHORTCUTS	PLATFORM=desktop-web; PATTERN=d-multi-workspace; NAV=NAV-SIDE-RAIL; SHELL=SH-DESK-RAIL-MAIN; DENSITY=D-DEFAULT; IX=IX-KEYBOARD-SHORTCUTS; IMPL=overscroll,prefers-color-scheme,session-timeout,form-novalidate; FEEL=Context switch clear
A0325	tax-desktop	Tax Desktop	industry-app	desktop-web	NAV-BREADCRUMB	SH-DESK-DATAGRID	D-DEFAULT	IX-KEYBOARD-SHORTCUTS	PLATFORM=desktop-web; PATTERN=tax-desktop; NAV=NAV-BREADCRUMB; SHELL=SH-DESK-DATAGRID; DENSITY=D-DEFAULT; IX=IX-KEYBOARD-SHORTCUTS; IMPL=focus-visible,form-novalidate,session-timeout,prefers-reduced-motion; FEEL=forms wizard review
A0326	d-multi-workspace	Workspaces/projects switcher	desktop-structure	desktop-web	NAV-TOP-TABS	SH-DESK-DOCUMENT	D-DEFAULT	IX-KEYBOARD-SHORTCUTS	PLATFORM=desktop-web; PATTERN=d-multi-workspace; NAV=NAV-TOP-TABS; SHELL=SH-DESK-DOCUMENT; DENSITY=D-DEFAULT; IX=IX-KEYBOARD-SHORTCUTS; IMPL=prefers-contrast,fine-pointer,dialog-element,roving-tabindex; FEEL=Context switch clear
A0327	sports-desktop	Sports Desktop	industry-app	responsive-app	NAV-BOTTOM-SHEET	SH-PHONE-CANVAS	D-COMPACT	IX-KEYBOARD-SHORTCUTS	PLATFORM=responsive-app; PATTERN=sports-desktop; NAV=NAV-BOTTOM-SHEET; SHELL=SH-PHONE-CANVAS; DENSITY=D-COMPACT; IX=IX-KEYBOARD-SHORTCUTS; IMPL=touch-action,focus-visible,container-queries,bottom-nav-fixed; FEEL=stats tables live
A0328	d-rail-main	Icon rail + main	desktop-structure	desktop-web	NAV-TOP-TABS	SH-DESK-RAIL-MAIN	D-DEFAULT	IX-KEYBOARD-SHORTCUTS	PLATFORM=desktop-web; PATTERN=d-rail-main; NAV=NAV-TOP-TABS; SHELL=SH-DESK-RAIL-MAIN; DENSITY=D-DEFAULT; IX=IX-KEYBOARD-SHORTCUTS; IMPL=drag-drop-desktop,container-queries,live-region,aria-expanded; FEEL=Primary desktop shell
A0329	m-status-bar-legible	Status bar legible	mobile-touch-a11y	mobile-phone	NAV-STACK-PUSH	SH-PHONE-STACK	D-DEFAULT	IX-PRIMARY-THUMB	PLATFORM=mobile-phone; PATTERN=m-status-bar-legible; NAV=NAV-STACK-PUSH; SHELL=SH-PHONE-STACK; DENSITY=D-DEFAULT; IX=IX-PRIMARY-THUMB; IMPL=viewport-meta,vibrate-careful,overscroll,file-capture; FEEL=Content not under status
A0330	m-single-feed	Single feed app	mobile-structure	mobile-phone	NAV-STACK-PUSH	SH-PHONE-FEED	D-DEFAULT	IX-PRIMARY-THUMB	PLATFORM=mobile-phone; PATTERN=m-single-feed; NAV=NAV-STACK-PUSH; SHELL=SH-PHONE-FEED; DENSITY=D-DEFAULT; IX=IX-PRIMARY-THUMB; IMPL=virtual-list,will-change-sparing,live-region,tap-highlight; FEEL=Content is the app
A0331	ride-mobile	Ride Hail Mobile	industry-app	mobile-phone	NAV-BOTTOM-SHEET	SH-PHONE-SHEET	D-TOUCH-COMFORT	IX-PRIMARY-THUMB	PLATFORM=mobile-phone; PATTERN=ride-mobile; NAV=NAV-BOTTOM-SHEET; SHELL=SH-PHONE-SHEET; DENSITY=D-TOUCH-COMFORT; IX=IX-PRIMARY-THUMB; IMPL=csrf-safe,prefers-contrast,pointer-events,app-badge; FEEL=map request trip
A0332	m-form-multipage	Multi-page form	mobile-content-patterns	mobile-phone	NAV-WIZARD	SH-PHONE-STACK	D-DEFAULT	IX-PRIMARY-THUMB	PLATFORM=mobile-phone; PATTERN=m-form-multipage; NAV=NAV-WIZARD; SHELL=SH-PHONE-STACK; DENSITY=D-DEFAULT; IX=IX-PRIMARY-THUMB; IMPL=abort-controller,sticky-footer-cta,tap-highlight,optimistic-ui; FEEL=Save draft between pages
A0333	x-help-inline	Inline help	cross-platform-app	responsive-app	NAV-NONE-FOCUS	SH-RESPONSIVE-COLLAPSE	D-DEFAULT	IX-EMPTY-CTA	PLATFORM=responsive-app; PATTERN=x-help-inline; NAV=NAV-NONE-FOCUS; SHELL=SH-RESPONSIVE-COLLAPSE; DENSITY=D-DEFAULT; IX=IX-EMPTY-CTA; IMPL=skeleton-css,overscroll,app-badge,prefers-color-scheme; FEEL=Contextual, not only docs site
A0334	school-desktop	School Admin Desktop	industry-app	desktop-web	NAV-MASTER-DETAIL	SH-RESPONSIVE-COLLAPSE	D-COMPACT	IX-KEYBOARD-SHORTCUTS	PLATFORM=desktop-web; PATTERN=school-desktop; NAV=NAV-MASTER-DETAIL; SHELL=SH-RESPONSIVE-COLLAPSE; DENSITY=D-COMPACT; IX=IX-KEYBOARD-SHORTCUTS; IMPL=url-state,prefers-contrast,drag-drop-desktop,roving-tabindex; FEEL=roster attendance
A0335	x-audit-trail	Audit-friendly UI	cross-platform-app	responsive-app	NAV-SIDE-RAIL	SH-DESK-DATAGRID	D-COMPACT	IX-INLINE-EDIT	PLATFORM=responsive-app; PATTERN=x-audit-trail; NAV=NAV-SIDE-RAIL; SHELL=SH-DESK-DATAGRID; DENSITY=D-COMPACT; IX=IX-INLINE-EDIT; IMPL=coarse-pointer,hover-media,prefers-reduced-motion,pointer-events; FEEL=Who/when visible in ops
A0336	m-haptic-meaning	Haptics with meaning	mobile-touch-a11y	mobile-phone	NAV-STACK-PUSH	SH-PHONE-STACK	D-DEFAULT	IX-UNDO-TOAST	PLATFORM=mobile-phone; PATTERN=m-haptic-meaning; NAV=NAV-STACK-PUSH; SHELL=SH-PHONE-STACK; DENSITY=D-DEFAULT; IX=IX-UNDO-TOAST; IMPL=viewport-meta,virtual-list,service-worker-offline,live-region; FEEL=Confirm/error/success only
A0337	d-chat-desktop	Desktop messaging	desktop-structure	desktop-web	NAV-MASTER-DETAIL	SH-DESK-RAIL-MAIN-INSP	D-DEFAULT	IX-KEYBOARD-SHORTCUTS	PLATFORM=desktop-web; PATTERN=d-chat-desktop; NAV=NAV-MASTER-DETAIL; SHELL=SH-DESK-RAIL-MAIN-INSP; DENSITY=D-DEFAULT; IX=IX-KEYBOARD-SHORTCUTS; IMPL=clipboard-api,drag-drop-desktop,hotkeys,hover-media; FEEL=List | thread | optional info
A0338	m-hero-then-list	Hero then list	mobile-content-patterns	mobile-phone	NAV-STACK-PUSH	SH-PHONE-STACK	D-DEFAULT	IX-EMPTY-CTA	PLATFORM=mobile-phone; PATTERN=m-hero-then-list; NAV=NAV-STACK-PUSH; SHELL=SH-PHONE-STACK; DENSITY=D-DEFAULT; IX=IX-EMPTY-CTA; IMPL=sticky-footer-cta,csrf-safe,prefers-contrast,install-pwa; FEEL=Context then inventory
A0339	m-large-text	Dynamic type / large text	mobile-touch-a11y	mobile-phone	NAV-BOTTOM-SHEET	SH-PHONE-STACK	D-COMFORTABLE	IX-PRIMARY-THUMB	PLATFORM=mobile-phone; PATTERN=m-large-text; NAV=NAV-BOTTOM-SHEET; SHELL=SH-PHONE-STACK; DENSITY=D-COMFORTABLE; IX=IX-PRIMARY-THUMB; IMPL=dialog-element,touch-action,tap-highlight,virtual-list; FEEL=Layout flexes with text size
A0340	ride-mobile	Ride Hail Mobile	industry-app	mobile-phone	NAV-DRAWER	SH-PHONE-STACK	D-TOUCH-COMFORT	IX-PRIMARY-THUMB	PLATFORM=mobile-phone; PATTERN=ride-mobile; NAV=NAV-DRAWER; SHELL=SH-PHONE-STACK; DENSITY=D-TOUCH-COMFORT; IX=IX-PRIMARY-THUMB; IMPL=sticky-footer-cta,content-visibility,tap-highlight,autocomplete; FEEL=map request trip
A0341	os-linux-desktop	Linux desktop app	os-patterns	desktop-web	NAV-MENUBAR	SH-DESK-IDE-LITE	D-DEFAULT	IX-KEYBOARD-SHORTCUTS	PLATFORM=desktop-web; PATTERN=os-linux-desktop; NAV=NAV-MENUBAR; SHELL=SH-DESK-IDE-LITE; DENSITY=D-DEFAULT; IX=IX-KEYBOARD-SHORTCUTS; IMPL=hotkeys,aria-current,overscroll,popover-api; FEEL=Follow platform toolkit
A0342	x-help-inline	Inline help	cross-platform-app	responsive-app	NAV-NONE-FOCUS	SH-RESPONSIVE-COLLAPSE	D-DEFAULT	IX-EMPTY-CTA	PLATFORM=responsive-app; PATTERN=x-help-inline; NAV=NAV-NONE-FOCUS; SHELL=SH-RESPONSIVE-COLLAPSE; DENSITY=D-DEFAULT; IX=IX-EMPTY-CTA; IMPL=pointer-events,optimistic-ui,abort-controller,popover-api; FEEL=Contextual, not only docs site
A0343	d-skip-to-main	Skip to main	desktop-density-keyboard	desktop-web	NAV-SIDE-RAIL	SH-DESK-RAIL-MAIN	D-DEFAULT	IX-KEYBOARD-SHORTCUTS	PLATFORM=desktop-web; PATTERN=d-skip-to-main; NAV=NAV-SIDE-RAIL; SHELL=SH-DESK-RAIL-MAIN; DENSITY=D-DEFAULT; IX=IX-KEYBOARD-SHORTCUTS; IMPL=debounce-search,overscroll,pointer-events,session-timeout; FEEL=Landmarks + skip link
A0344	os-ios-swipe-back	iOS interactive pop	os-patterns	mobile-phone	NAV-STACK-PUSH	SH-PHONE-STACK	D-DEFAULT	IX-PRIMARY-THUMB	PLATFORM=mobile-phone; PATTERN=os-ios-swipe-back; NAV=NAV-STACK-PUSH; SHELL=SH-PHONE-STACK; DENSITY=D-DEFAULT; IX=IX-PRIMARY-THUMB; IMPL=install-pwa,hover-media,csrf-safe,prefers-reduced-motion; FEEL=Edge swipe back
A0345	m-list-media	Media list rows	mobile-content-patterns	mobile-phone	NAV-BOTTOM-SHEET	SH-RESPONSIVE-COLLAPSE	D-DEFAULT	IX-INFINITE-SCROLL	PLATFORM=mobile-phone; PATTERN=m-list-media; NAV=NAV-BOTTOM-SHEET; SHELL=SH-RESPONSIVE-COLLAPSE; DENSITY=D-DEFAULT; IX=IX-INFINITE-SCROLL; IMPL=prefers-contrast,csrf-safe,url-state,dvh-units; FEEL=Thumb + title + meta
A0346	m-checkout-linear	Mobile checkout linear	mobile-structure	mobile-phone	NAV-DRAWER	SH-PHONE-TABS	D-TOUCH-COMFORT	IX-PRIMARY-THUMB	PLATFORM=mobile-phone; PATTERN=m-checkout-linear; NAV=NAV-DRAWER; SHELL=SH-PHONE-TABS; DENSITY=D-TOUCH-COMFORT; IX=IX-PRIMARY-THUMB; IMPL=network-information,url-state,push-web,sticky-footer-cta; FEEL=Steps, progress, sticky pay
A0347	health-mobile	Health Tracker Mobile	industry-app	mobile-phone	NAV-TOP-TABS	SH-PHONE-CANVAS	D-TOUCH-COMFORT	IX-PRIMARY-THUMB	PLATFORM=mobile-phone; PATTERN=health-mobile; NAV=NAV-TOP-TABS; SHELL=SH-PHONE-CANVAS; DENSITY=D-TOUCH-COMFORT; IX=IX-PRIMARY-THUMB; IMPL=scroll-padding,abort-controller,content-visibility,focus-visible; FEEL=rings trends log
A0348	d-rail-main	Icon rail + main	desktop-structure	desktop-web	NAV-SIDE-RAIL	SH-DESK-RAIL-MAIN	D-DEFAULT	IX-KEYBOARD-SHORTCUTS	PLATFORM=desktop-web; PATTERN=d-rail-main; NAV=NAV-SIDE-RAIL; SHELL=SH-DESK-RAIL-MAIN; DENSITY=D-DEFAULT; IX=IX-KEYBOARD-SHORTCUTS; IMPL=matchmedia,roving-tabindex,drag-drop-desktop,fine-pointer; FEEL=Primary desktop shell
A0349	d-typeahead	Typeahead find	desktop-density-keyboard	desktop-web	NAV-SIDE-TREE	SH-DESK-TOOL-CANVAS	D-COMPACT	IX-SEARCH-FIRST	PLATFORM=desktop-web; PATTERN=d-typeahead; NAV=NAV-SIDE-TREE; SHELL=SH-DESK-TOOL-CANVAS; DENSITY=D-COMPACT; IX=IX-SEARCH-FIRST; IMPL=skeleton-css,scroll-padding,roving-tabindex,csrf-safe; FEEL=Jump in lists
A0350	m-cards-scroll	Card vertical stack	mobile-content-patterns	mobile-phone	NAV-STACK-PUSH	SH-PHONE-FEED	D-COMFORTABLE	IX-INFINITE-SCROLL	PLATFORM=mobile-phone; PATTERN=m-cards-scroll; NAV=NAV-STACK-PUSH; SHELL=SH-PHONE-FEED; DENSITY=D-COMFORTABLE; IX=IX-INFINITE-SCROLL; IMPL=url-state,inputmode,autocomplete,tap-highlight; FEEL=Scannable cards
A0351	event-desktop	Event Desktop	industry-app	desktop-web	NAV-SIDE-RAIL	SH-DESK-RAIL-MAIN	D-DEFAULT	IX-KEYBOARD-SHORTCUTS	PLATFORM=desktop-web; PATTERN=event-desktop; NAV=NAV-SIDE-RAIL; SHELL=SH-DESK-RAIL-MAIN; DENSITY=D-DEFAULT; IX=IX-KEYBOARD-SHORTCUTS; IMPL=hover-media,clipboard-api,content-visibility,prefers-color-scheme; FEEL=registration agenda
A0352	d-multi-window	Multi-window ready	desktop-density-keyboard	desktop-web	NAV-MENUBAR	SH-DESK-DOCUMENT	D-DEFAULT	IX-KEYBOARD-SHORTCUTS	PLATFORM=desktop-web; PATTERN=d-multi-window; NAV=NAV-MENUBAR; SHELL=SH-DESK-DOCUMENT; DENSITY=D-DEFAULT; IX=IX-KEYBOARD-SHORTCUTS; IMPL=roving-tabindex,focus-trap,prefers-color-scheme,virtual-list; FEEL=Deep links open surfaces
A0353	event-desktop	Event Desktop	industry-app	mobile-phone	NAV-TOP-TABS	SH-PHONE-TABS	D-DEFAULT	IX-KEYBOARD-SHORTCUTS	PLATFORM=mobile-phone; PATTERN=event-desktop; NAV=NAV-TOP-TABS; SHELL=SH-PHONE-TABS; DENSITY=D-DEFAULT; IX=IX-KEYBOARD-SHORTCUTS; IMPL=skeleton-css,autocomplete,scroll-padding,coarse-pointer; FEEL=registration agenda
A0354	os-ios-inset-grouped	iOS inset grouped list	os-patterns	mobile-phone	NAV-STACK-PUSH	SH-PHONE-STACK	D-DEFAULT	IX-PRIMARY-THUMB	PLATFORM=mobile-phone; PATTERN=os-ios-inset-grouped; NAV=NAV-STACK-PUSH; SHELL=SH-PHONE-STACK; DENSITY=D-DEFAULT; IX=IX-PRIMARY-THUMB; IMPL=skeleton-css,intersection-infinite,biometric-webauthn,csrf-safe; FEEL=Settings style
A0355	library-desktop	Library Desktop	industry-app	desktop-web	NAV-SIDE-RAIL	SH-DESK-DATAGRID	D-COMPACT	IX-KEYBOARD-SHORTCUTS	PLATFORM=desktop-web; PATTERN=library-desktop; NAV=NAV-SIDE-RAIL; SHELL=SH-DESK-DATAGRID; DENSITY=D-COMPACT; IX=IX-KEYBOARD-SHORTCUTS; IMPL=autocomplete,session-timeout,container-queries,intersection-infinite; FEEL=catalogue circulation
A0356	vpn-desktop	VPN Desktop	industry-app	desktop-web	NAV-SIDE-RAIL	SH-DESK-RAIL-MAIN	D-DEFAULT	IX-KEYBOARD-SHORTCUTS	PLATFORM=desktop-web; PATTERN=vpn-desktop; NAV=NAV-SIDE-RAIL; SHELL=SH-DESK-RAIL-MAIN; DENSITY=D-DEFAULT; IX=IX-KEYBOARD-SHORTCUTS; IMPL=content-visibility,drag-drop-desktop,url-state,error-boundary-ui; FEEL=connect routes
A0357	betting-careful-mobile	Betting UI Careful	industry-app	mobile-phone	NAV-BOTTOM-TABS	SH-PHONE-TABS	D-DEFAULT	IX-PRIMARY-THUMB	PLATFORM=mobile-phone; PATTERN=betting-careful-mobile; NAV=NAV-BOTTOM-TABS; SHELL=SH-PHONE-TABS; DENSITY=D-DEFAULT; IX=IX-PRIMARY-THUMB; IMPL=type-date,focus-trap,tap-highlight,content-visibility; FEEL=clear stakes responsible
A0358	tax-desktop	Tax Desktop	industry-app	desktop-web	NAV-WIZARD	SH-DESK-DOCUMENT	D-DEFAULT	IX-KEYBOARD-SHORTCUTS	PLATFORM=desktop-web; PATTERN=tax-desktop; NAV=NAV-WIZARD; SHELL=SH-DESK-DOCUMENT; DENSITY=D-DEFAULT; IX=IX-KEYBOARD-SHORTCUTS; IMPL=clipboard-api,prefers-contrast,session-timeout,intersection-infinite; FEEL=forms wizard review
A0359	food-courier-mobile	Courier Mobile	industry-app	mobile-phone	NAV-STACK-PUSH	SH-PHONE-STACK	D-TOUCH-COMFORT	IX-PRIMARY-THUMB	PLATFORM=mobile-phone; PATTERN=food-courier-mobile; NAV=NAV-STACK-PUSH; SHELL=SH-PHONE-STACK; DENSITY=D-TOUCH-COMFORT; IX=IX-PRIMARY-THUMB; IMPL=sticky-footer-cta,inputmode,error-boundary-ui,aria-expanded; FEEL=orders nav photo
A0360	m-wizard-fullscreen	Fullscreen wizard	mobile-structure	mobile-phone	NAV-WIZARD	SH-PHONE-STACK	D-COMFORTABLE	IX-PRIMARY-THUMB	PLATFORM=mobile-phone; PATTERN=m-wizard-fullscreen; NAV=NAV-WIZARD; SHELL=SH-PHONE-STACK; DENSITY=D-COMFORTABLE; IX=IX-PRIMARY-THUMB; IMPL=overscroll,safe-area-css,error-boundary-ui,url-state; FEEL=Step chrome only
A0361	education-mobile	Learning Mobile	industry-app	mobile-phone	NAV-BOTTOM-TABS	SH-RESPONSIVE-COLLAPSE	D-COMFORTABLE	IX-PRIMARY-THUMB	PLATFORM=mobile-phone; PATTERN=education-mobile; NAV=NAV-BOTTOM-TABS; SHELL=SH-RESPONSIVE-COLLAPSE; DENSITY=D-COMFORTABLE; IX=IX-PRIMARY-THUMB; IMPL=min-touch,optimistic-ui,history-stack,share-api; FEEL=courses lessons
A0362	m-bottom-tabs-3	Bottom tabs (3)	mobile-structure	mobile-phone	NAV-BOTTOM-TABS	SH-PHONE-TABS	D-TOUCH-COMFORT	IX-PRIMARY-THUMB	PLATFORM=mobile-phone; PATTERN=m-bottom-tabs-3; NAV=NAV-BOTTOM-TABS; SHELL=SH-PHONE-TABS; DENSITY=D-TOUCH-COMFORT; IX=IX-PRIMARY-THUMB; IMPL=service-worker-offline,debounce-search,intersection-infinite,virtual-list; FEEL=Focused product
A0363	sports-desktop	Sports Desktop	industry-app	desktop-web	NAV-SIDE-RAIL	SH-DESK-DASH	D-COMPACT	IX-KEYBOARD-SHORTCUTS	PLATFORM=desktop-web; PATTERN=sports-desktop; NAV=NAV-SIDE-RAIL; SHELL=SH-DESK-DASH; DENSITY=D-COMPACT; IX=IX-KEYBOARD-SHORTCUTS; IMPL=debounce-search,localstorage-prefs,hotkeys,roving-tabindex; FEEL=stats tables live
A0364	x-destructive-confirm	Destructive confirm	cross-platform-app	responsive-app	NAV-TOOLBAR	SH-DESK-DATAGRID	D-DEFAULT	IX-UNDO-TOAST	PLATFORM=responsive-app; PATTERN=x-destructive-confirm; NAV=NAV-TOOLBAR; SHELL=SH-DESK-DATAGRID; DENSITY=D-DEFAULT; IX=IX-UNDO-TOAST; IMPL=virtual-list,coarse-pointer,push-web,roving-tabindex; FEEL=Typed confirm or undo
A0365	ride-mobile	Ride Hail Mobile	industry-app	mobile-phone	NAV-BOTTOM-SHEET	SH-PHONE-SHEET	D-TOUCH-COMFORT	IX-PRIMARY-THUMB	PLATFORM=mobile-phone; PATTERN=ride-mobile; NAV=NAV-BOTTOM-SHEET; SHELL=SH-PHONE-SHEET; DENSITY=D-TOUCH-COMFORT; IX=IX-PRIMARY-THUMB; IMPL=viewport-meta,abort-controller,error-boundary-ui,prefers-reduced-motion; FEEL=map request trip
A0366	m-search-tab	Search as tab	mobile-structure	mobile-phone	NAV-BOTTOM-TABS	SH-PHONE-TABS	D-DEFAULT	IX-PRIMARY-THUMB	PLATFORM=mobile-phone; PATTERN=m-search-tab; NAV=NAV-BOTTOM-TABS; SHELL=SH-PHONE-TABS; DENSITY=D-DEFAULT; IX=IX-PRIMARY-THUMB; IMPL=tap-highlight,prefers-color-scheme,autocomplete,aria-expanded; FEEL=Search is a root job
A0367	m-single-feed	Single feed app	mobile-structure	mobile-phone	NAV-NONE-FOCUS	SH-PHONE-FEED	D-DEFAULT	IX-PRIMARY-THUMB	PLATFORM=mobile-phone; PATTERN=m-single-feed; NAV=NAV-NONE-FOCUS; SHELL=SH-PHONE-FEED; DENSITY=D-DEFAULT; IX=IX-PRIMARY-THUMB; IMPL=live-region,content-visibility,url-state,touch-action; FEEL=Content is the app
A0368	m-create-fab	Create via FAB	mobile-structure	mobile-phone	NAV-BOTTOM-TABS	SH-PHONE-FEED	D-TOUCH-COMFORT	IX-PRIMARY-THUMB	PLATFORM=mobile-phone; PATTERN=m-create-fab; NAV=NAV-BOTTOM-TABS; SHELL=SH-PHONE-FEED; DENSITY=D-TOUCH-COMFORT; IX=IX-PRIMARY-THUMB; IMPL=focus-trap,dialog-element,safe-area-css,install-pwa; FEEL=One create affordance
A0369	agriculture-desktop	Ag Desktop	industry-app	desktop-web	NAV-SIDE-RAIL	SH-DESK-DASH	D-DEFAULT	IX-KEYBOARD-SHORTCUTS	PLATFORM=desktop-web; PATTERN=agriculture-desktop; NAV=NAV-SIDE-RAIL; SHELL=SH-DESK-DASH; DENSITY=D-DEFAULT; IX=IX-KEYBOARD-SHORTCUTS; IMPL=resize-observer,roving-tabindex,content-visibility,session-timeout; FEEL=fields seasons plans
A0370	d-wizard-desktop	Desktop wizard modal	desktop-structure	desktop-web	NAV-WIZARD	SH-DESK-RAIL-MAIN	D-COMFORTABLE	IX-KEYBOARD-SHORTCUTS	PLATFORM=desktop-web; PATTERN=d-wizard-desktop; NAV=NAV-WIZARD; SHELL=SH-DESK-RAIL-MAIN; DENSITY=D-COMFORTABLE; IX=IX-KEYBOARD-SHORTCUTS; IMPL=aria-current,grid-app-shell,scroll-padding,prefers-reduced-motion; FEEL=Centered steps
A0371	education-desktop	LMS Desktop	industry-app	desktop-web	NAV-SIDE-RAIL	SH-DESK-DATAGRID	D-DEFAULT	IX-KEYBOARD-SHORTCUTS	PLATFORM=desktop-web; PATTERN=education-desktop; NAV=NAV-SIDE-RAIL; SHELL=SH-DESK-DATAGRID; DENSITY=D-DEFAULT; IX=IX-KEYBOARD-SHORTCUTS; IMPL=clipboard-api,optimistic-ui,error-boundary-ui,live-region; FEEL=courses gradebook
A0372	m-biometric-gate	Biometric gate	mobile-structure	mobile-phone	NAV-NONE-FOCUS	SH-PHONE-STACK	D-COMFORTABLE	IX-PRIMARY-THUMB	PLATFORM=mobile-phone; PATTERN=m-biometric-gate; NAV=NAV-NONE-FOCUS; SHELL=SH-PHONE-STACK; DENSITY=D-COMFORTABLE; IX=IX-PRIMARY-THUMB; IMPL=overscroll,dvh-units,network-information,focus-visible; FEEL=Local auth then app
A0373	design-tool-desktop	Design Tool	industry-app	desktop-web	NAV-TOP-TABS	SH-DESK-IDE-LITE	D-DEFAULT	IX-KEYBOARD-SHORTCUTS	PLATFORM=desktop-web; PATTERN=design-tool-desktop; NAV=NAV-TOP-TABS; SHELL=SH-DESK-IDE-LITE; DENSITY=D-DEFAULT; IX=IX-KEYBOARD-SHORTCUTS; IMPL=prefers-contrast,optimistic-ui,will-change-sparing,error-boundary-ui; FEEL=canvas tools
A0374	d-autosave-status	Autosave status	desktop-density-keyboard	desktop-web	NAV-MENUBAR	SH-DESK-DOCUMENT	D-DEFAULT	IX-AUTOSAVE	PLATFORM=desktop-web; PATTERN=d-autosave-status; NAV=NAV-MENUBAR; SHELL=SH-DESK-DOCUMENT; DENSITY=D-DEFAULT; IX=IX-AUTOSAVE; IMPL=pointer-events,form-novalidate,content-visibility,live-region; FEEL=Saving/saved/error in chrome
A0375	inventory-desktop	Inventory Desktop	industry-app	desktop-web	NAV-SIDE-TREE	SH-DESK-RAIL-MAIN	D-COMPACT	IX-KEYBOARD-SHORTCUTS	PLATFORM=desktop-web; PATTERN=inventory-desktop; NAV=NAV-SIDE-TREE; SHELL=SH-DESK-RAIL-MAIN; DENSITY=D-COMPACT; IX=IX-KEYBOARD-SHORTCUTS; IMPL=prefers-reduced-motion,resize-observer,aria-expanded,optimistic-ui; FEEL=SKU grid adjust
A0376	m-target-spacing	Target spacing	mobile-touch-a11y	mobile-phone	NAV-STACK-PUSH	SH-PHONE-STACK	D-TOUCH-COMFORT	IX-PRIMARY-THUMB	PLATFORM=mobile-phone; PATTERN=m-target-spacing; NAV=NAV-STACK-PUSH; SHELL=SH-PHONE-STACK; DENSITY=D-TOUCH-COMFORT; IX=IX-PRIMARY-THUMB; IMPL=csrf-safe,inputmode,install-pwa,network-information; FEEL=Avoid mis-taps between actions
A0377	banking-mobile	Mobile Banking	industry-app	mobile-phone	NAV-BOTTOM-TABS	SH-PHONE-TABS	D-TOUCH-COMFORT	IX-PRIMARY-THUMB	PLATFORM=mobile-phone; PATTERN=banking-mobile; NAV=NAV-BOTTOM-TABS; SHELL=SH-PHONE-TABS; DENSITY=D-TOUCH-COMFORT; IX=IX-PRIMARY-THUMB; IMPL=focus-visible,prefers-reduced-motion,skeleton-css,abort-controller; FEEL=balances cards transfers
A0378	backup-desktop	Backup Desktop	industry-app	desktop-web	NAV-SIDE-RAIL	SH-DESK-RAIL-MAIN-INSP	D-DEFAULT	IX-KEYBOARD-SHORTCUTS	PLATFORM=desktop-web; PATTERN=backup-desktop; NAV=NAV-SIDE-RAIL; SHELL=SH-DESK-RAIL-MAIN-INSP; DENSITY=D-DEFAULT; IX=IX-KEYBOARD-SHORTCUTS; IMPL=matchmedia,live-region,virtual-list,focus-visible; FEEL=sources schedule status
A0379	education-mobile	Learning Mobile	industry-app	responsive-app	NAV-SIDE-RAIL	SH-DESK-DATAGRID	D-COMFORTABLE	IX-PRIMARY-THUMB	PLATFORM=responsive-app; PATTERN=education-mobile; NAV=NAV-SIDE-RAIL; SHELL=SH-DESK-DATAGRID; DENSITY=D-COMFORTABLE; IX=IX-PRIMARY-THUMB; IMPL=inputmode,hotkeys,share-api,file-capture; FEEL=courses lessons
A0380	chat-mobile	Mobile Chat	industry-app	responsive-app	NAV-STACK-PUSH	SH-PHONE-STACK	D-DEFAULT	IX-PRIMARY-THUMB	PLATFORM=responsive-app; PATTERN=chat-mobile; NAV=NAV-STACK-PUSH; SHELL=SH-PHONE-STACK; DENSITY=D-DEFAULT; IX=IX-PRIMARY-THUMB; IMPL=url-state,history-stack,prefers-reduced-motion,clipboard-api; FEEL=threads composer
A0381	x-error-boundary	Error boundary UX	cross-platform-app	responsive-app	NAV-NONE-FOCUS	SH-RESPONSIVE-COLLAPSE	D-DEFAULT	IX-EMPTY-CTA	PLATFORM=responsive-app; PATTERN=x-error-boundary; NAV=NAV-NONE-FOCUS; SHELL=SH-RESPONSIVE-COLLAPSE; DENSITY=D-DEFAULT; IX=IX-EMPTY-CTA; IMPL=abort-controller,type-date,focus-visible,hover-media; FEEL=Recover section not white screen
A0382	password-mobile	Password Manager Mobile	industry-app	mobile-phone	NAV-BOTTOM-TABS	SH-PHONE-TABS	D-DEFAULT	IX-PRIMARY-THUMB	PLATFORM=mobile-phone; PATTERN=password-mobile; NAV=NAV-BOTTOM-TABS; SHELL=SH-PHONE-TABS; DENSITY=D-DEFAULT; IX=IX-PRIMARY-THUMB; IMPL=hover-media,inputmode,prefers-contrast,autocomplete; FEEL=vault autofill
A0383	d-dashboard-ops	Ops dashboard	desktop-structure	desktop-web	NAV-SIDE-RAIL	SH-DESK-DASH	D-DEFAULT	IX-KEYBOARD-SHORTCUTS	PLATFORM=desktop-web; PATTERN=d-dashboard-ops; NAV=NAV-SIDE-RAIL; SHELL=SH-DESK-DASH; DENSITY=D-DEFAULT; IX=IX-KEYBOARD-SHORTCUTS; IMPL=scroll-padding,clipboard-api,skeleton-css,abort-controller; FEEL=KPI + one focus viz
A0384	betting-careful-mobile	Betting UI Careful	industry-app	mobile-phone	NAV-WIZARD	SH-RESPONSIVE-COLLAPSE	D-DEFAULT	IX-PRIMARY-THUMB	PLATFORM=mobile-phone; PATTERN=betting-careful-mobile; NAV=NAV-WIZARD; SHELL=SH-RESPONSIVE-COLLAPSE; DENSITY=D-DEFAULT; IX=IX-PRIMARY-THUMB; IMPL=safe-area-css,hover-media,touch-action,matchmedia; FEEL=clear stakes responsible
A0385	x-performance-perceived	Perceived performance	cross-platform-app	responsive-app	NAV-NONE-FOCUS	SH-RESPONSIVE-COLLAPSE	D-DEFAULT	IX-OPTIMISTIC	PLATFORM=responsive-app; PATTERN=x-performance-perceived; NAV=NAV-NONE-FOCUS; SHELL=SH-RESPONSIVE-COLLAPSE; DENSITY=D-DEFAULT; IX=IX-OPTIMISTIC; IMPL=content-visibility,coarse-pointer,autocomplete,app-badge; FEEL=Skeleton, optimistic, stale-while-revalidate
A0386	m-create-fab	Create via FAB	mobile-structure	mobile-phone	NAV-BOTTOM-TABS	SH-PHONE-FEED	D-TOUCH-COMFORT	IX-PRIMARY-THUMB	PLATFORM=mobile-phone; PATTERN=m-create-fab; NAV=NAV-BOTTOM-TABS; SHELL=SH-PHONE-FEED; DENSITY=D-TOUCH-COMFORT; IX=IX-PRIMARY-THUMB; IMPL=tap-highlight,biometric-webauthn,error-boundary-ui,push-web; FEEL=One create affordance
A0387	smart-home-desktop	Smart Home Desktop	industry-app	desktop-web	NAV-SIDE-RAIL	SH-DESK-TOOL-CANVAS	D-DEFAULT	IX-KEYBOARD-SHORTCUTS	PLATFORM=desktop-web; PATTERN=smart-home-desktop; NAV=NAV-SIDE-RAIL; SHELL=SH-DESK-TOOL-CANVAS; DENSITY=D-DEFAULT; IX=IX-KEYBOARD-SHORTCUTS; IMPL=command-palette-js,skeleton-css,autocomplete,aria-current; FEEL=floorplan devices
A0388	m-screen-reader-order	Screen reader order	mobile-touch-a11y	mobile-phone	NAV-BOTTOM-SHEET	SH-RESPONSIVE-COLLAPSE	D-DEFAULT	IX-PRIMARY-THUMB	PLATFORM=mobile-phone; PATTERN=m-screen-reader-order; NAV=NAV-BOTTOM-SHEET; SHELL=SH-RESPONSIVE-COLLAPSE; DENSITY=D-DEFAULT; IX=IX-PRIMARY-THUMB; IMPL=pointer-events,autocomplete,vibrate-careful,content-visibility; FEEL=DOM order matches visual job
A0389	manufacturing-desktop	MES Desktop	industry-app	desktop-web	NAV-SIDE-TREE	SH-DESK-IDE-LITE	D-COMPACT	IX-KEYBOARD-SHORTCUTS	PLATFORM=desktop-web; PATTERN=manufacturing-desktop; NAV=NAV-SIDE-TREE; SHELL=SH-DESK-IDE-LITE; DENSITY=D-COMPACT; IX=IX-KEYBOARD-SHORTCUTS; IMPL=debounce-search,resize-observer,form-novalidate,session-timeout; FEEL=lines work orders
A0390	museum-mobile	Museum Mobile	industry-app	mobile-phone	NAV-TAB+STACK	SH-PHONE-STACK	D-COMFORTABLE	IX-PRIMARY-THUMB	PLATFORM=mobile-phone; PATTERN=museum-mobile; NAV=NAV-TAB+STACK; SHELL=SH-PHONE-STACK; DENSITY=D-COMFORTABLE; IX=IX-PRIMARY-THUMB; IMPL=debounce-search,sticky-footer-cta,optimistic-ui,bottom-nav-fixed; FEEL=visit guide audio
A0391	m-hub-and-spoke	Hub home + spokes	mobile-structure	mobile-phone	NAV-STACK-PUSH	SH-PHONE-STACK	D-DEFAULT	IX-PRIMARY-THUMB	PLATFORM=mobile-phone; PATTERN=m-hub-and-spoke; NAV=NAV-STACK-PUSH; SHELL=SH-PHONE-STACK; DENSITY=D-DEFAULT; IX=IX-PRIMARY-THUMB; IMPL=push-web,tap-highlight,bottom-nav-fixed,share-api; FEEL=Home launches tasks
A0392	x-shared-tokens	Shared design tokens	cross-platform-app	responsive-app	NAV-TOOLBAR	SH-PHONE-FEED	D-DEFAULT	IX-PRIMARY-THUMB	PLATFORM=responsive-app; PATTERN=x-shared-tokens; NAV=NAV-TOOLBAR; SHELL=SH-PHONE-FEED; DENSITY=D-DEFAULT; IX=IX-PRIMARY-THUMB; IMPL=aria-expanded,skeleton-css,file-capture,fine-pointer; FEEL=Colour type space cross surface
A0393	fitness-mobile	Fitness Mobile	industry-app	mobile-phone	NAV-NONE-FOCUS	SH-PHONE-CANVAS	D-TOUCH-COMFORT	IX-PRIMARY-THUMB	PLATFORM=mobile-phone; PATTERN=fitness-mobile; NAV=NAV-NONE-FOCUS; SHELL=SH-PHONE-CANVAS; DENSITY=D-TOUCH-COMFORT; IX=IX-PRIMARY-THUMB; IMPL=prefers-contrast,virtual-list,scroll-padding,coarse-pointer; FEEL=workout active timer
A0394	tasks-desktop	Tasks Desktop	industry-app	responsive-app	NAV-SIDE-RAIL	SH-DESK-TOOL-CANVAS	D-DEFAULT	IX-KEYBOARD-SHORTCUTS	PLATFORM=responsive-app; PATTERN=tasks-desktop; NAV=NAV-SIDE-RAIL; SHELL=SH-DESK-TOOL-CANVAS; DENSITY=D-DEFAULT; IX=IX-KEYBOARD-SHORTCUTS; IMPL=prefers-reduced-motion,min-touch,dvh-units,coarse-pointer; FEEL=board/list detail
A0395	photos-desktop	Photos Desktop	industry-app	desktop-web	NAV-SIDE-RAIL	SH-DESK-TOOL-CANVAS	D-DEFAULT	IX-KEYBOARD-SHORTCUTS	PLATFORM=desktop-web; PATTERN=photos-desktop; NAV=NAV-SIDE-RAIL; SHELL=SH-DESK-TOOL-CANVAS; DENSITY=D-DEFAULT; IX=IX-KEYBOARD-SHORTCUTS; IMPL=autocomplete,command-palette-js,localstorage-prefs,scroll-padding; FEEL=library edit
A0396	d-dashboard-ops	Ops dashboard	desktop-structure	desktop-web	NAV-SIDE-TREE	SH-TABLET-RAIL	D-DEFAULT	IX-KEYBOARD-SHORTCUTS	PLATFORM=desktop-web; PATTERN=d-dashboard-ops; NAV=NAV-SIDE-TREE; SHELL=SH-TABLET-RAIL; DENSITY=D-DEFAULT; IX=IX-KEYBOARD-SHORTCUTS; IMPL=optimistic-ui,grid-app-shell,popover-api,session-timeout; FEEL=KPI + one focus viz
A0397	energy-mobile	Energy Field Mobile	industry-app	mobile-phone	NAV-STACK-PUSH	SH-PHONE-STACK	D-TOUCH-COMFORT	IX-PRIMARY-THUMB	PLATFORM=mobile-phone; PATTERN=energy-mobile; NAV=NAV-STACK-PUSH; SHELL=SH-PHONE-STACK; DENSITY=D-TOUCH-COMFORT; IX=IX-PRIMARY-THUMB; IMPL=push-web,form-novalidate,skeleton-css,prefers-reduced-motion; FEEL=assets inspect
A0398	d-large-display	Large display use	desktop-density-keyboard	desktop-web	NAV-NONE-FOCUS	SH-TABLET-RAIL	D-DEFAULT	IX-SPLIT-RESIZE	PLATFORM=desktop-web; PATTERN=d-large-display; NAV=NAV-NONE-FOCUS; SHELL=SH-TABLET-RAIL; DENSITY=D-DEFAULT; IX=IX-SPLIT-RESIZE; IMPL=aria-current,abort-controller,skeleton-css,prefers-color-scheme; FEEL=Don't stretch uselessly
A0399	d-map-desktop	Map ops desktop	desktop-structure	desktop-web	NAV-MASTER-DETAIL	SH-TABLET-RAIL	D-DEFAULT	IX-KEYBOARD-SHORTCUTS	PLATFORM=desktop-web; PATTERN=d-map-desktop; NAV=NAV-MASTER-DETAIL; SHELL=SH-TABLET-RAIL; DENSITY=D-DEFAULT; IX=IX-KEYBOARD-SHORTCUTS; IMPL=hotkeys,localstorage-prefs,focus-visible,container-queries; FEEL=Map + side list
A0400	os-android-snackbar	Snackbar + action	os-patterns	mobile-phone	NAV-STACK-PUSH	SH-PHONE-STACK	D-DEFAULT	IX-UNDO-TOAST	PLATFORM=mobile-phone; PATTERN=os-android-snackbar; NAV=NAV-STACK-PUSH; SHELL=SH-PHONE-STACK; DENSITY=D-DEFAULT; IX=IX-UNDO-TOAST; IMPL=matchmedia,virtual-list,url-state,form-novalidate; FEEL=Undo short
A0401	university-mobile	Uni Mobile	industry-app	mobile-phone	NAV-BOTTOM-TABS	SH-PHONE-TABS	D-DEFAULT	IX-PRIMARY-THUMB	PLATFORM=mobile-phone; PATTERN=university-mobile; NAV=NAV-BOTTOM-TABS; SHELL=SH-PHONE-TABS; DENSITY=D-DEFAULT; IX=IX-PRIMARY-THUMB; IMPL=autocomplete,skeleton-css,flex-phone-column,push-web; FEEL=timetable campus
A0402	m-gesture-alt	Gesture + visible alt	mobile-touch-a11y	mobile-phone	NAV-STACK-PUSH	SH-PHONE-FEED	D-DEFAULT	IX-SWIPE-ACTIONS	PLATFORM=mobile-phone; PATTERN=m-gesture-alt; NAV=NAV-STACK-PUSH; SHELL=SH-PHONE-FEED; DENSITY=D-DEFAULT; IX=IX-SWIPE-ACTIONS; IMPL=focus-visible,install-pwa,vibrate-careful,debounce-search; FEEL=Swipe not only path
A0403	d-document-editor	Document editor	desktop-structure	desktop-web	NAV-MENUBAR	SH-DESK-DOCUMENT	D-DEFAULT	IX-KEYBOARD-SHORTCUTS	PLATFORM=desktop-web; PATTERN=d-document-editor; NAV=NAV-MENUBAR; SHELL=SH-DESK-DOCUMENT; DENSITY=D-DEFAULT; IX=IX-KEYBOARD-SHORTCUTS; IMPL=container-queries,live-region,localstorage-prefs,popover-api; FEEL=Canvas/document center
A0404	m-keyboard-avoid	Keyboard avoidance	mobile-touch-a11y	mobile-phone	NAV-STACK-PUSH	SH-PHONE-STACK	D-DEFAULT	IX-FORM-SECTIONED	PLATFORM=mobile-phone; PATTERN=m-keyboard-avoid; NAV=NAV-STACK-PUSH; SHELL=SH-PHONE-STACK; DENSITY=D-DEFAULT; IX=IX-FORM-SECTIONED; IMPL=coarse-pointer,live-region,min-touch,aria-expanded; FEEL=Focused field visible
A0405	tax-desktop	Tax Desktop	industry-app	desktop-web	NAV-WIZARD	SH-DESK-DOCUMENT	D-DEFAULT	IX-KEYBOARD-SHORTCUTS	PLATFORM=desktop-web; PATTERN=tax-desktop; NAV=NAV-WIZARD; SHELL=SH-DESK-DOCUMENT; DENSITY=D-DEFAULT; IX=IX-KEYBOARD-SHORTCUTS; IMPL=focus-trap,skeleton-css,prefers-color-scheme,grid-app-shell; FEEL=forms wizard review
A0406	library-desktop	Library Desktop	industry-app	desktop-web	NAV-SIDE-RAIL	SH-DESK-DATAGRID	D-COMPACT	IX-KEYBOARD-SHORTCUTS	PLATFORM=desktop-web; PATTERN=library-desktop; NAV=NAV-SIDE-RAIL; SHELL=SH-DESK-DATAGRID; DENSITY=D-COMPACT; IX=IX-KEYBOARD-SHORTCUTS; IMPL=skeleton-css,command-palette-js,form-novalidate,popover-api; FEEL=catalogue circulation
A0407	d-master-detail	Master-detail	desktop-structure	desktop-web	NAV-SIDE-RAIL	SH-DESK-RAIL-MAIN-INSP	D-DEFAULT	IX-KEYBOARD-SHORTCUTS	PLATFORM=desktop-web; PATTERN=d-master-detail; NAV=NAV-SIDE-RAIL; SHELL=SH-DESK-RAIL-MAIN-INSP; DENSITY=D-DEFAULT; IX=IX-KEYBOARD-SHORTCUTS; IMPL=skeleton-css,roving-tabindex,form-novalidate,prefers-reduced-motion; FEEL=List drives detail
A0408	d-ide-lite	IDE-lite	desktop-structure	desktop-web	NAV-SIDE-RAIL	SH-DESK-IDE-LITE	D-COMPACT	IX-KEYBOARD-SHORTCUTS	PLATFORM=desktop-web; PATTERN=d-ide-lite; NAV=NAV-SIDE-RAIL; SHELL=SH-DESK-IDE-LITE; DENSITY=D-COMPACT; IX=IX-KEYBOARD-SHORTCUTS; IMPL=roving-tabindex,popover-api,fine-pointer,drag-drop-desktop; FEEL=Editor primary; panels optional
A0409	realestate-desktop	Property Desktop	industry-app	desktop-web	NAV-SIDE-RAIL	SH-TABLET-SPLIT	D-DEFAULT	IX-EMPTY-CTA	PLATFORM=desktop-web; PATTERN=realestate-desktop; NAV=NAV-SIDE-RAIL; SHELL=SH-TABLET-SPLIT; DENSITY=D-DEFAULT; IX=IX-EMPTY-CTA; IMPL=form-novalidate,pointer-events,fine-pointer,skeleton-css; FEEL=search map table
A0410	d-tooltip-labels	Icon buttons labelled	desktop-density-keyboard	desktop-web	NAV-TOOLBAR	SH-DESK-TOOL-CANVAS	D-DEFAULT	IX-KEYBOARD-SHORTCUTS	PLATFORM=desktop-web; PATTERN=d-tooltip-labels; NAV=NAV-TOOLBAR; SHELL=SH-DESK-TOOL-CANVAS; DENSITY=D-DEFAULT; IX=IX-KEYBOARD-SHORTCUTS; IMPL=scroll-padding,hotkeys,error-boundary-ui,clipboard-api; FEEL=Tooltip + aria-label
A0411	d-rail-labels	Rail with labels	desktop-structure	desktop-web	NAV-SIDE-TREE	SH-DESK-RAIL-MAIN	D-DEFAULT	IX-KEYBOARD-SHORTCUTS	PLATFORM=desktop-web; PATTERN=d-rail-labels; NAV=NAV-SIDE-TREE; SHELL=SH-DESK-RAIL-MAIN; DENSITY=D-DEFAULT; IX=IX-KEYBOARD-SHORTCUTS; IMPL=optimistic-ui,hotkeys,autocomplete,intersection-infinite; FEEL=Discoverability > icons-only
A0412	mdm-mobile	Device Enrol Mobile	industry-app	mobile-phone	NAV-STACK-PUSH	SH-PHONE-TABS	D-TOUCH-COMFORT	IX-PRIMARY-THUMB	PLATFORM=mobile-phone; PATTERN=mdm-mobile; NAV=NAV-STACK-PUSH; SHELL=SH-PHONE-TABS; DENSITY=D-TOUCH-COMFORT; IX=IX-PRIMARY-THUMB; IMPL=url-state,aria-expanded,aria-current,tap-highlight; FEEL=enrol status
A0413	insurance-desktop	Insurance Desktop	industry-app	desktop-web	NAV-MENUBAR	SH-RESPONSIVE-COLLAPSE	D-COMPACT	IX-KEYBOARD-SHORTCUTS	PLATFORM=desktop-web; PATTERN=insurance-desktop; NAV=NAV-MENUBAR; SHELL=SH-RESPONSIVE-COLLAPSE; DENSITY=D-COMPACT; IX=IX-KEYBOARD-SHORTCUTS; IMPL=hover-media,container-queries,autocomplete,pointer-events; FEEL=policies claims queue
A0414	d-high-contrast	OS high contrast aware	desktop-density-keyboard	desktop-web	NAV-SIDE-RAIL	SH-DESK-RAIL-MAIN	D-DEFAULT	IX-PRIMARY-THUMB	PLATFORM=desktop-web; PATTERN=d-high-contrast; NAV=NAV-SIDE-RAIL; SHELL=SH-DESK-RAIL-MAIN; DENSITY=D-DEFAULT; IX=IX-PRIMARY-THUMB; IMPL=optimistic-ui,skeleton-css,aria-current,fine-pointer; FEEL=Borders not colour-only
A0415	d-comfortable-tables	Comfortable tables	desktop-density-keyboard	desktop-web	NAV-SIDE-RAIL	SH-DESK-DATAGRID	D-DEFAULT	IX-PAGINATION	PLATFORM=desktop-web; PATTERN=d-comfortable-tables; NAV=NAV-SIDE-RAIL; SHELL=SH-DESK-DATAGRID; DENSITY=D-DEFAULT; IX=IX-PAGINATION; IMPL=overscroll,will-change-sparing,fine-pointer,pointer-events; FEEL=Readable rows
A0416	d-column-custom	Column customization	desktop-density-keyboard	desktop-web	NAV-BREADCRUMB	SH-DESK-DOCUMENT	D-COMPACT	IX-INLINE-EDIT	PLATFORM=desktop-web; PATTERN=d-column-custom; NAV=NAV-BREADCRUMB; SHELL=SH-DESK-DOCUMENT; DENSITY=D-COMPACT; IX=IX-INLINE-EDIT; IMPL=matchmedia,error-boundary-ui,localstorage-prefs,popover-api; FEEL=Show/hide/reorder columns
A0417	crm-mobile	CRM Mobile	industry-app	mobile-phone	NAV-BOTTOM-TABS	SH-PHONE-TABS	D-TOUCH-COMFORT	IX-PRIMARY-THUMB	PLATFORM=mobile-phone; PATTERN=crm-mobile; NAV=NAV-BOTTOM-TABS; SHELL=SH-PHONE-TABS; DENSITY=D-TOUCH-COMFORT; IX=IX-PRIMARY-THUMB; IMPL=inputmode,error-boundary-ui,min-touch,focus-visible; FEEL=today queue log call
A0418	x-semantic-status	Semantic status colours	cross-platform-app	responsive-app	NAV-NONE-FOCUS	SH-RESPONSIVE-COLLAPSE	D-DEFAULT	IX-EMPTY-CTA	PLATFORM=responsive-app; PATTERN=x-semantic-status; NAV=NAV-NONE-FOCUS; SHELL=SH-RESPONSIVE-COLLAPSE; DENSITY=D-DEFAULT; IX=IX-EMPTY-CTA; IMPL=intersection-infinite,resize-observer,focus-trap,session-timeout; FEEL=+ icon/text not colour only
A0419	d-rail-labels	Rail with labels	desktop-structure	desktop-web	NAV-TOP-TABS	SH-TABLET-SPLIT	D-DEFAULT	IX-KEYBOARD-SHORTCUTS	PLATFORM=desktop-web; PATTERN=d-rail-labels; NAV=NAV-TOP-TABS; SHELL=SH-TABLET-SPLIT; DENSITY=D-DEFAULT; IX=IX-KEYBOARD-SHORTCUTS; IMPL=error-boundary-ui,csrf-safe,popover-api,overscroll; FEEL=Discoverability > icons-only
A0420	m-error-fullpage	Full-page error	mobile-content-patterns	mobile-phone	NAV-MODAL-SHEET	SH-PHONE-SHEET	D-DEFAULT	IX-EMPTY-CTA	PLATFORM=mobile-phone; PATTERN=m-error-fullpage; NAV=NAV-MODAL-SHEET; SHELL=SH-PHONE-SHEET; DENSITY=D-DEFAULT; IX=IX-EMPTY-CTA; IMPL=content-visibility,push-web,coarse-pointer,url-state; FEEL=Retry + support
A0421	field-service-mobile	Field Service Mobile	industry-app	responsive-app	NAV-STACK-PUSH	SH-PHONE-STACK	D-TOUCH-COMFORT	IX-PRIMARY-THUMB	PLATFORM=responsive-app; PATTERN=field-service-mobile; NAV=NAV-STACK-PUSH; SHELL=SH-PHONE-STACK; DENSITY=D-TOUCH-COMFORT; IX=IX-PRIMARY-THUMB; IMPL=csrf-safe,vibrate-careful,service-worker-offline,virtual-list; FEEL=jobs checklist photo
A0422	m-create-sheet	Create via sheet	mobile-structure	mobile-phone	NAV-BOTTOM-SHEET	SH-PHONE-SHEET	D-DEFAULT	IX-PRIMARY-THUMB	PLATFORM=mobile-phone; PATTERN=m-create-sheet; NAV=NAV-BOTTOM-SHEET; SHELL=SH-PHONE-SHEET; DENSITY=D-DEFAULT; IX=IX-PRIMARY-THUMB; IMPL=coarse-pointer,aria-expanded,focus-trap,optimistic-ui; FEEL=Compose in sheet
A0423	m-search-results	Search results mobile	mobile-content-patterns	mobile-phone	NAV-STACK-PUSH	SH-PHONE-STACK	D-DEFAULT	IX-SEARCH-FIRST	PLATFORM=mobile-phone; PATTERN=m-search-results; NAV=NAV-STACK-PUSH; SHELL=SH-PHONE-STACK; DENSITY=D-DEFAULT; IX=IX-SEARCH-FIRST; IMPL=biometric-webauthn,overscroll,coarse-pointer,focus-visible; FEEL=Query sticky + results
A0424	smart-home-desktop	Smart Home Desktop	industry-app	desktop-web	NAV-SIDE-RAIL	SH-DESK-TOOL-CANVAS	D-DEFAULT	IX-KEYBOARD-SHORTCUTS	PLATFORM=desktop-web; PATTERN=smart-home-desktop; NAV=NAV-SIDE-RAIL; SHELL=SH-DESK-TOOL-CANVAS; DENSITY=D-DEFAULT; IX=IX-KEYBOARD-SHORTCUTS; IMPL=resize-observer,prefers-contrast,dialog-element,focus-visible; FEEL=floorplan devices
A0425	d-typeahead	Typeahead find	desktop-density-keyboard	desktop-web	NAV-SIDE-RAIL	SH-DESK-DATAGRID	D-COMPACT	IX-SEARCH-FIRST	PLATFORM=desktop-web; PATTERN=d-typeahead; NAV=NAV-SIDE-RAIL; SHELL=SH-DESK-DATAGRID; DENSITY=D-COMPACT; IX=IX-SEARCH-FIRST; IMPL=will-change-sparing,csrf-safe,dialog-element,aria-current; FEEL=Jump in lists
A0426	x-localization-ready	Localization ready	cross-platform-app	responsive-app	NAV-NONE-FOCUS	SH-RESPONSIVE-COLLAPSE	D-DEFAULT	IX-PRIMARY-THUMB	PLATFORM=responsive-app; PATTERN=x-localization-ready; NAV=NAV-NONE-FOCUS; SHELL=SH-RESPONSIVE-COLLAPSE; DENSITY=D-DEFAULT; IX=IX-PRIMARY-THUMB; IMPL=optimistic-ui,dvh-units,error-boundary-ui,min-touch; FEEL=No truncated critical labels
A0427	field-service-mobile	Field Service Mobile	industry-app	mobile-phone	NAV-STACK-PUSH	SH-PHONE-STACK	D-TOUCH-COMFORT	IX-PRIMARY-THUMB	PLATFORM=mobile-phone; PATTERN=field-service-mobile; NAV=NAV-STACK-PUSH; SHELL=SH-PHONE-STACK; DENSITY=D-TOUCH-COMFORT; IX=IX-PRIMARY-THUMB; IMPL=url-state,sticky-footer-cta,prefers-reduced-motion,autocomplete; FEEL=jobs checklist photo
A0428	nonprofit-mobile	Nonprofit Mobile	industry-app	desktop-web	NAV-BREADCRUMB	SH-TABLET-RAIL	D-COMFORTABLE	IX-PRIMARY-THUMB	PLATFORM=desktop-web; PATTERN=nonprofit-mobile; NAV=NAV-BREADCRUMB; SHELL=SH-TABLET-RAIL; DENSITY=D-COMFORTABLE; IX=IX-PRIMARY-THUMB; IMPL=resize-observer,debounce-search,fine-pointer,abort-controller; FEEL=donate volunteer
A0429	d-rail-main-inspector	Rail + main + inspector	desktop-structure	desktop-web	NAV-MENUBAR	SH-DESK-RAIL-MAIN	D-COMPACT	IX-KEYBOARD-SHORTCUTS	PLATFORM=desktop-web; PATTERN=d-rail-main-inspector; NAV=NAV-MENUBAR; SHELL=SH-DESK-RAIL-MAIN; DENSITY=D-COMPACT; IX=IX-KEYBOARD-SHORTCUTS; IMPL=prefers-reduced-motion,aria-current,localstorage-prefs,optimistic-ui; FEEL=Selection details; not idle triple
A0430	m-thumb-zone-cta	Thumb-zone primary CTA	mobile-touch-a11y	mobile-phone	NAV-STACK-PUSH	SH-PHONE-STACK	D-TOUCH-COMFORT	IX-STICKY-FOOTER-CTA	PLATFORM=mobile-phone; PATTERN=m-thumb-zone-cta; NAV=NAV-STACK-PUSH; SHELL=SH-PHONE-STACK; DENSITY=D-TOUCH-COMFORT; IX=IX-STICKY-FOOTER-CTA; IMPL=min-touch,share-api,scroll-padding,aria-expanded; FEEL=Primary near bottom
A0431	fitness-mobile	Fitness Mobile	industry-app	mobile-phone	NAV-NONE-FOCUS	SH-PHONE-CANVAS	D-TOUCH-COMFORT	IX-PRIMARY-THUMB	PLATFORM=mobile-phone; PATTERN=fitness-mobile; NAV=NAV-NONE-FOCUS; SHELL=SH-PHONE-CANVAS; DENSITY=D-TOUCH-COMFORT; IX=IX-PRIMARY-THUMB; IMPL=hover-media,scroll-padding,aria-expanded,min-touch; FEEL=workout active timer
A0432	crm-desktop	CRM Desktop	industry-app	desktop-web	NAV-SIDE-RAIL	SH-DESK-DATAGRID	D-COMPACT	IX-KEYBOARD-SHORTCUTS	PLATFORM=desktop-web; PATTERN=crm-desktop; NAV=NAV-SIDE-RAIL; SHELL=SH-DESK-DATAGRID; DENSITY=D-COMPACT; IX=IX-KEYBOARD-SHORTCUTS; IMPL=intersection-infinite,debounce-search,container-queries,hotkeys; FEEL=pipeline contacts
A0433	maps-desktop	Desktop Maps	industry-app	mobile-phone	NAV-TAB+STACK	SH-PHONE-SHEET	D-DEFAULT	IX-EMPTY-CTA	PLATFORM=mobile-phone; PATTERN=maps-desktop; NAV=NAV-TAB+STACK; SHELL=SH-PHONE-SHEET; DENSITY=D-DEFAULT; IX=IX-EMPTY-CTA; IMPL=viewport-meta,install-pwa,network-information,csrf-safe; FEEL=map side list
A0434	library-mobile	Library Mobile	industry-app	mobile-phone	NAV-BOTTOM-TABS	SH-PHONE-TABS	D-DEFAULT	IX-PRIMARY-THUMB	PLATFORM=mobile-phone; PATTERN=library-mobile; NAV=NAV-BOTTOM-TABS; SHELL=SH-PHONE-TABS; DENSITY=D-DEFAULT; IX=IX-PRIMARY-THUMB; IMPL=type-date,flex-phone-column,service-worker-offline,focus-visible; FEEL=search loans
A0435	nonprofit-desktop	Nonprofit Desktop	industry-app	desktop-web	NAV-SIDE-RAIL	SH-DESK-DATAGRID	D-DEFAULT	IX-KEYBOARD-SHORTCUTS	PLATFORM=desktop-web; PATTERN=nonprofit-desktop; NAV=NAV-SIDE-RAIL; SHELL=SH-DESK-DATAGRID; DENSITY=D-DEFAULT; IX=IX-KEYBOARD-SHORTCUTS; IMPL=aria-expanded,content-visibility,url-state,session-timeout; FEEL=campaigns donors
A0436	m-camera-first	Camera/capture first	mobile-structure	mobile-phone	NAV-NONE-FOCUS	SH-PHONE-CANVAS	D-TOUCH-COMFORT	IX-PRIMARY-THUMB	PLATFORM=mobile-phone; PATTERN=m-camera-first; NAV=NAV-NONE-FOCUS; SHELL=SH-PHONE-CANVAS; DENSITY=D-TOUCH-COMFORT; IX=IX-PRIMARY-THUMB; IMPL=vibrate-careful,type-date,bottom-nav-fixed,aria-expanded; FEEL=Capture chrome minimal
A0437	m-list-media	Media list rows	mobile-content-patterns	mobile-phone	NAV-MODAL-SHEET	SH-PHONE-TABS	D-DEFAULT	IX-INFINITE-SCROLL	PLATFORM=mobile-phone; PATTERN=m-list-media; NAV=NAV-MODAL-SHEET; SHELL=SH-PHONE-TABS; DENSITY=D-DEFAULT; IX=IX-INFINITE-SCROLL; IMPL=debounce-search,intersection-infinite,content-visibility,flex-phone-column; FEEL=Thumb + title + meta
A0438	crm-desktop	CRM Desktop	industry-app	desktop-web	NAV-SIDE-RAIL	SH-DESK-DATAGRID	D-COMPACT	IX-KEYBOARD-SHORTCUTS	PLATFORM=desktop-web; PATTERN=crm-desktop; NAV=NAV-SIDE-RAIL; SHELL=SH-DESK-DATAGRID; DENSITY=D-COMPACT; IX=IX-KEYBOARD-SHORTCUTS; IMPL=drag-drop-desktop,prefers-reduced-motion,url-state,prefers-color-scheme; FEEL=pipeline contacts
A0439	x-breakpoint-nav-swap	Nav swap by breakpoint	cross-platform-app	responsive-app	NAV-NONE-FOCUS	SH-PHONE-STACK	D-DEFAULT	IX-EMPTY-CTA	PLATFORM=responsive-app; PATTERN=x-breakpoint-nav-swap; NAV=NAV-NONE-FOCUS; SHELL=SH-PHONE-STACK; DENSITY=D-DEFAULT; IX=IX-EMPTY-CTA; IMPL=popover-api,bottom-nav-fixed,grid-app-shell,content-visibility; FEEL=Rail↔tabs
A0440	x-responsive-collapse	Responsive collapse	cross-platform-app	responsive-app	NAV-NONE-FOCUS	SH-DESK-IDE-LITE	D-DEFAULT	IX-EMPTY-CTA	PLATFORM=responsive-app; PATTERN=x-responsive-collapse; NAV=NAV-NONE-FOCUS; SHELL=SH-DESK-IDE-LITE; DENSITY=D-DEFAULT; IX=IX-EMPTY-CTA; IMPL=session-timeout,dialog-element,skeleton-css,abort-controller; FEEL=Split→stack at breakpoint
A0441	d-kanban-desktop	Kanban board	desktop-structure	desktop-web	NAV-SIDE-RAIL	SH-DESK-TOOL-CANVAS	D-DEFAULT	IX-KEYBOARD-SHORTCUTS	PLATFORM=desktop-web; PATTERN=d-kanban-desktop; NAV=NAV-SIDE-RAIL; SHELL=SH-DESK-TOOL-CANVAS; DENSITY=D-DEFAULT; IX=IX-KEYBOARD-SHORTCUTS; IMPL=matchmedia,prefers-contrast,session-timeout,fine-pointer; FEEL=Columns + cards
A0442	d-datagrid-app	Datagrid application	desktop-structure	desktop-web	NAV-SIDE-RAIL	SH-DESK-DATAGRID	D-COMPACT	IX-KEYBOARD-SHORTCUTS	PLATFORM=desktop-web; PATTERN=d-datagrid-app; NAV=NAV-SIDE-RAIL; SHELL=SH-DESK-DATAGRID; DENSITY=D-COMPACT; IX=IX-KEYBOARD-SHORTCUTS; IMPL=session-timeout,grid-app-shell,content-visibility,focus-trap; FEEL=Table is the product
A0443	email-mobile	Mobile Email	industry-app	mobile-phone	NAV-DRAWER	SH-PHONE-SHEET	D-DEFAULT	IX-PRIMARY-THUMB	PLATFORM=mobile-phone; PATTERN=email-mobile; NAV=NAV-DRAWER; SHELL=SH-PHONE-SHEET; DENSITY=D-DEFAULT; IX=IX-PRIMARY-THUMB; IMPL=skeleton-css,aria-current,focus-trap,virtual-list; FEEL=inbox thread compose
A0444	chat-desktop	Desktop Chat	industry-app	desktop-web	NAV-MASTER-DETAIL	SH-DESK-RAIL-MAIN-INSP	D-DEFAULT	IX-KEYBOARD-SHORTCUTS	PLATFORM=desktop-web; PATTERN=chat-desktop; NAV=NAV-MASTER-DETAIL; SHELL=SH-DESK-RAIL-MAIN-INSP; DENSITY=D-DEFAULT; IX=IX-KEYBOARD-SHORTCUTS; IMPL=pointer-events,error-boundary-ui,intersection-infinite,focus-trap; FEEL=list thread info-on-demand
A0445	media-mobile	Media Mobile	industry-app	mobile-phone	NAV-BOTTOM-TABS	SH-PHONE-FEED	D-DEFAULT	IX-PRIMARY-THUMB	PLATFORM=mobile-phone; PATTERN=media-mobile; NAV=NAV-BOTTOM-TABS; SHELL=SH-PHONE-FEED; DENSITY=D-DEFAULT; IX=IX-PRIMARY-THUMB; IMPL=min-touch,matchmedia,abort-controller,virtual-list; FEEL=player feed
A0446	d-resize-panes	Resizable panes	desktop-density-keyboard	desktop-web	NAV-SIDE-RAIL	SH-DESK-RAIL-MAIN-INSP	D-DEFAULT	IX-SPLIT-RESIZE	PLATFORM=desktop-web; PATTERN=d-resize-panes; NAV=NAV-SIDE-RAIL; SHELL=SH-DESK-RAIL-MAIN-INSP; DENSITY=D-DEFAULT; IX=IX-SPLIT-RESIZE; IMPL=csrf-safe,autocomplete,content-visibility,resize-observer; FEEL=Min width; persist
A0447	fitness-mobile	Fitness Mobile	industry-app	mobile-phone	NAV-NONE-FOCUS	SH-PHONE-CANVAS	D-TOUCH-COMFORT	IX-PRIMARY-THUMB	PLATFORM=mobile-phone; PATTERN=fitness-mobile; NAV=NAV-NONE-FOCUS; SHELL=SH-PHONE-CANVAS; DENSITY=D-TOUCH-COMFORT; IX=IX-PRIMARY-THUMB; IMPL=push-web,app-badge,will-change-sparing,overscroll; FEEL=workout active timer
A0448	notes-mobile	Notes Mobile	industry-app	mobile-phone	NAV-STACK-PUSH	SH-PHONE-STACK	D-DEFAULT	IX-PRIMARY-THUMB	PLATFORM=mobile-phone; PATTERN=notes-mobile; NAV=NAV-STACK-PUSH; SHELL=SH-PHONE-STACK; DENSITY=D-DEFAULT; IX=IX-PRIMARY-THUMB; IMPL=optimistic-ui,virtual-list,type-date,inputmode; FEEL=list editor
A0449	ride-mobile	Ride Hail Mobile	industry-app	desktop-web	NAV-COMMAND-PALETTE	SH-DESK-IDE-LITE	D-DEFAULT	IX-PRIMARY-THUMB	PLATFORM=desktop-web; PATTERN=ride-mobile; NAV=NAV-COMMAND-PALETTE; SHELL=SH-DESK-IDE-LITE; DENSITY=D-DEFAULT; IX=IX-PRIMARY-THUMB; IMPL=url-state,overscroll,focus-visible,session-timeout; FEEL=map request trip
A0450	d-rail-labels	Rail with labels	desktop-structure	desktop-web	NAV-SIDE-RAIL	SH-DESK-RAIL-MAIN	D-DEFAULT	IX-KEYBOARD-SHORTCUTS	PLATFORM=desktop-web; PATTERN=d-rail-labels; NAV=NAV-SIDE-RAIL; SHELL=SH-DESK-RAIL-MAIN; DENSITY=D-DEFAULT; IX=IX-KEYBOARD-SHORTCUTS; IMPL=popover-api,session-timeout,fine-pointer,url-state; FEEL=Discoverability > icons-only
A0451	analytics-mobile	Analytics Mobile	industry-app	desktop-web	NAV-MENUBAR	SH-DESK-DOCUMENT	D-DEFAULT	IX-PRIMARY-THUMB	PLATFORM=desktop-web; PATTERN=analytics-mobile; NAV=NAV-MENUBAR; SHELL=SH-DESK-DOCUMENT; DENSITY=D-DEFAULT; IX=IX-PRIMARY-THUMB; IMPL=live-region,virtual-list,prefers-contrast,command-palette-js; FEEL=kpi cards drill
A0452	event-desktop	Event Desktop	industry-app	desktop-web	NAV-SIDE-RAIL	SH-DESK-RAIL-MAIN	D-DEFAULT	IX-KEYBOARD-SHORTCUTS	PLATFORM=desktop-web; PATTERN=event-desktop; NAV=NAV-SIDE-RAIL; SHELL=SH-DESK-RAIL-MAIN; DENSITY=D-DEFAULT; IX=IX-KEYBOARD-SHORTCUTS; IMPL=hotkeys,error-boundary-ui,drag-drop-desktop,content-visibility; FEEL=registration agenda
A0453	d-menubar-classic	Classic menubar	desktop-structure	desktop-web	NAV-MENUBAR	SH-DESK-DOCUMENT	D-DEFAULT	IX-KEYBOARD-SHORTCUTS	PLATFORM=desktop-web; PATTERN=d-menubar-classic; NAV=NAV-MENUBAR; SHELL=SH-DESK-DOCUMENT; DENSITY=D-DEFAULT; IX=IX-KEYBOARD-SHORTCUTS; IMPL=localstorage-prefs,pointer-events,resize-observer,container-queries; FEEL=File/Edit/View…
A0454	backup-desktop	Backup Desktop	industry-app	responsive-app	NAV-SIDE-RAIL	SH-DESK-RAIL-MAIN	D-DEFAULT	IX-KEYBOARD-SHORTCUTS	PLATFORM=responsive-app; PATTERN=backup-desktop; NAV=NAV-SIDE-RAIL; SHELL=SH-DESK-RAIL-MAIN; DENSITY=D-DEFAULT; IX=IX-KEYBOARD-SHORTCUTS; IMPL=network-information,type-date,form-novalidate,bottom-nav-fixed; FEEL=sources schedule status
A0455	travel-mobile	Travel Mobile	industry-app	mobile-phone	NAV-MODAL-SHEET	SH-PHONE-TABS	D-TOUCH-COMFORT	IX-PRIMARY-THUMB	PLATFORM=mobile-phone; PATTERN=travel-mobile; NAV=NAV-MODAL-SHEET; SHELL=SH-PHONE-TABS; DENSITY=D-TOUCH-COMFORT; IX=IX-PRIMARY-THUMB; IMPL=install-pwa,aria-expanded,push-web,virtual-list; FEEL=trips boarding
A0456	tax-desktop	Tax Desktop	industry-app	desktop-web	NAV-WIZARD	SH-DESK-DOCUMENT	D-DEFAULT	IX-KEYBOARD-SHORTCUTS	PLATFORM=desktop-web; PATTERN=tax-desktop; NAV=NAV-WIZARD; SHELL=SH-DESK-DOCUMENT; DENSITY=D-DEFAULT; IX=IX-KEYBOARD-SHORTCUTS; IMPL=resize-observer,matchmedia,focus-visible,popover-api; FEEL=forms wizard review
A0457	d-autosave-status	Autosave status	desktop-density-keyboard	desktop-web	NAV-MENUBAR	SH-DESK-DOCUMENT	D-DEFAULT	IX-AUTOSAVE	PLATFORM=desktop-web; PATTERN=d-autosave-status; NAV=NAV-MENUBAR; SHELL=SH-DESK-DOCUMENT; DENSITY=D-DEFAULT; IX=IX-AUTOSAVE; IMPL=resize-observer,clipboard-api,dialog-element,hotkeys; FEEL=Saving/saved/error in chrome
A0458	university-mobile	Uni Mobile	industry-app	mobile-phone	NAV-WIZARD	SH-PHONE-FEED	D-DEFAULT	IX-PRIMARY-THUMB	PLATFORM=mobile-phone; PATTERN=university-mobile; NAV=NAV-WIZARD; SHELL=SH-PHONE-FEED; DENSITY=D-DEFAULT; IX=IX-PRIMARY-THUMB; IMPL=debounce-search,viewport-meta,url-state,vibrate-careful; FEEL=timetable campus
A0459	insurance-mobile	Insurance Mobile	industry-app	mobile-phone	NAV-WIZARD	SH-PHONE-STACK	D-DEFAULT	IX-PRIMARY-THUMB	PLATFORM=mobile-phone; PATTERN=insurance-mobile; NAV=NAV-WIZARD; SHELL=SH-PHONE-STACK; DENSITY=D-DEFAULT; IX=IX-PRIMARY-THUMB; IMPL=will-change-sparing,focus-visible,aria-current,service-worker-offline; FEEL=policies claims
A0460	m-screen-reader-order	Screen reader order	mobile-touch-a11y	mobile-phone	NAV-STACK-PUSH	SH-PHONE-STACK	D-DEFAULT	IX-PRIMARY-THUMB	PLATFORM=mobile-phone; PATTERN=m-screen-reader-order; NAV=NAV-STACK-PUSH; SHELL=SH-PHONE-STACK; DENSITY=D-DEFAULT; IX=IX-PRIMARY-THUMB; IMPL=viewport-meta,tap-highlight,form-novalidate,focus-trap; FEEL=DOM order matches visual job
A0461	nonprofit-mobile	Nonprofit Mobile	industry-app	mobile-phone	NAV-BOTTOM-TABS	SH-PHONE-TABS	D-COMFORTABLE	IX-PRIMARY-THUMB	PLATFORM=mobile-phone; PATTERN=nonprofit-mobile; NAV=NAV-BOTTOM-TABS; SHELL=SH-PHONE-TABS; DENSITY=D-COMFORTABLE; IX=IX-PRIMARY-THUMB; IMPL=pointer-events,intersection-infinite,dvh-units,touch-action; FEEL=donate volunteer
A0462	trading-desktop	Trading Desktop	industry-app	desktop-web	NAV-TOOLBAR	SH-DESK-IDE-LITE	D-COMPACT	IX-KEYBOARD-SHORTCUTS	PLATFORM=desktop-web; PATTERN=trading-desktop; NAV=NAV-TOOLBAR; SHELL=SH-DESK-IDE-LITE; DENSITY=D-COMPACT; IX=IX-KEYBOARD-SHORTCUTS; IMPL=live-region,fine-pointer,focus-visible,aria-expanded; FEEL=order entry dense
A0463	event-desktop	Event Desktop	industry-app	desktop-web	NAV-DRAWER	SH-DESK-DATAGRID	D-DEFAULT	IX-KEYBOARD-SHORTCUTS	PLATFORM=desktop-web; PATTERN=event-desktop; NAV=NAV-DRAWER; SHELL=SH-DESK-DATAGRID; DENSITY=D-DEFAULT; IX=IX-KEYBOARD-SHORTCUTS; IMPL=virtual-list,csrf-safe,hotkeys,fine-pointer; FEEL=registration agenda
A0464	x-destructive-confirm	Destructive confirm	cross-platform-app	responsive-app	NAV-NONE-FOCUS	SH-RESPONSIVE-COLLAPSE	D-DEFAULT	IX-UNDO-TOAST	PLATFORM=responsive-app; PATTERN=x-destructive-confirm; NAV=NAV-NONE-FOCUS; SHELL=SH-RESPONSIVE-COLLAPSE; DENSITY=D-DEFAULT; IX=IX-UNDO-TOAST; IMPL=skeleton-css,flex-phone-column,inputmode,aria-expanded; FEEL=Typed confirm or undo
A0465	x-audit-trail	Audit-friendly UI	cross-platform-app	responsive-app	NAV-SIDE-RAIL	SH-DESK-DATAGRID	D-COMPACT	IX-INLINE-EDIT	PLATFORM=responsive-app; PATTERN=x-audit-trail; NAV=NAV-SIDE-RAIL; SHELL=SH-DESK-DATAGRID; DENSITY=D-COMPACT; IX=IX-INLINE-EDIT; IMPL=flex-phone-column,clipboard-api,scroll-padding,dvh-units; FEEL=Who/when visible in ops
A0466	vpn-desktop	VPN Desktop	industry-app	desktop-web	NAV-TOOLBAR	SH-DESK-DATAGRID	D-DEFAULT	IX-KEYBOARD-SHORTCUTS	PLATFORM=desktop-web; PATTERN=vpn-desktop; NAV=NAV-TOOLBAR; SHELL=SH-DESK-DATAGRID; DENSITY=D-DEFAULT; IX=IX-KEYBOARD-SHORTCUTS; IMPL=aria-expanded,debounce-search,roving-tabindex,abort-controller; FEEL=connect routes
A0467	music-mobile	Music Mobile	industry-app	mobile-phone	NAV-BOTTOM-TABS	SH-PHONE-TABS	D-DEFAULT	IX-PRIMARY-THUMB	PLATFORM=mobile-phone; PATTERN=music-mobile; NAV=NAV-BOTTOM-TABS; SHELL=SH-PHONE-TABS; DENSITY=D-DEFAULT; IX=IX-PRIMARY-THUMB; IMPL=prefers-reduced-motion,min-touch,hover-media,scroll-padding; FEEL=player library
A0468	vpn-desktop	VPN Desktop	industry-app	responsive-app	NAV-SIDE-RAIL	SH-DESK-RAIL-MAIN	D-DEFAULT	IX-KEYBOARD-SHORTCUTS	PLATFORM=responsive-app; PATTERN=vpn-desktop; NAV=NAV-SIDE-RAIL; SHELL=SH-DESK-RAIL-MAIN; DENSITY=D-DEFAULT; IX=IX-KEYBOARD-SHORTCUTS; IMPL=form-novalidate,live-region,command-palette-js,drag-drop-desktop; FEEL=connect routes
A0469	agriculture-desktop	Ag Desktop	industry-app	desktop-web	NAV-SIDE-RAIL	SH-DESK-DASH	D-DEFAULT	IX-KEYBOARD-SHORTCUTS	PLATFORM=desktop-web; PATTERN=agriculture-desktop; NAV=NAV-SIDE-RAIL; SHELL=SH-DESK-DASH; DENSITY=D-DEFAULT; IX=IX-KEYBOARD-SHORTCUTS; IMPL=hover-media,skeleton-css,error-boundary-ui,container-queries; FEEL=fields seasons plans
A0470	logistics-desktop	Dispatch Desktop	industry-app	desktop-web	NAV-WIZARD	SH-TABLET-SPLIT	D-COMPACT	IX-KEYBOARD-SHORTCUTS	PLATFORM=desktop-web; PATTERN=logistics-desktop; NAV=NAV-WIZARD; SHELL=SH-TABLET-SPLIT; DENSITY=D-COMPACT; IX=IX-KEYBOARD-SHORTCUTS; IMPL=resize-observer,dialog-element,scroll-padding,fine-pointer; FEEL=board map assign
A0471	m-profile-me	Profile / Me tab	mobile-structure	mobile-phone	NAV-NONE-FOCUS	SH-PHONE-SHEET	D-DEFAULT	IX-PRIMARY-THUMB	PLATFORM=mobile-phone; PATTERN=m-profile-me; NAV=NAV-NONE-FOCUS; SHELL=SH-PHONE-SHEET; DENSITY=D-DEFAULT; IX=IX-PRIMARY-THUMB; IMPL=prefers-color-scheme,flex-phone-column,aria-current,overscroll; FEEL=Account + prefs entry
A0472	d-rail-main-inspector	Rail + main + inspector	desktop-structure	desktop-web	NAV-MENUBAR	SH-DESK-DATAGRID	D-COMPACT	IX-KEYBOARD-SHORTCUTS	PLATFORM=desktop-web; PATTERN=d-rail-main-inspector; NAV=NAV-MENUBAR; SHELL=SH-DESK-DATAGRID; DENSITY=D-COMPACT; IX=IX-KEYBOARD-SHORTCUTS; IMPL=abort-controller,virtual-list,error-boundary-ui,optimistic-ui; FEEL=Selection details; not idle triple
A0473	os-win-titlebar	Windows titlebar patterns	os-patterns	desktop-web	NAV-MENUBAR	SH-DESK-DOCUMENT	D-DEFAULT	IX-KEYBOARD-SHORTCUTS	PLATFORM=desktop-web; PATTERN=os-win-titlebar; NAV=NAV-MENUBAR; SHELL=SH-DESK-DOCUMENT; DENSITY=D-DEFAULT; IX=IX-KEYBOARD-SHORTCUTS; IMPL=container-queries,form-novalidate,overscroll,clipboard-api; FEEL=App icon caption buttons
A0474	x-destructive-confirm	Destructive confirm	cross-platform-app	responsive-app	NAV-NONE-FOCUS	SH-RESPONSIVE-COLLAPSE	D-DEFAULT	IX-UNDO-TOAST	PLATFORM=responsive-app; PATTERN=x-destructive-confirm; NAV=NAV-NONE-FOCUS; SHELL=SH-RESPONSIVE-COLLAPSE; DENSITY=D-DEFAULT; IX=IX-UNDO-TOAST; IMPL=content-visibility,resize-observer,flex-phone-column,biometric-webauthn; FEEL=Typed confirm or undo
A0475	x-search-global	Global search	cross-platform-app	responsive-app	NAV-NONE-FOCUS	SH-RESPONSIVE-COLLAPSE	D-DEFAULT	IX-SEARCH-FIRST	PLATFORM=responsive-app; PATTERN=x-search-global; NAV=NAV-NONE-FOCUS; SHELL=SH-RESPONSIVE-COLLAPSE; DENSITY=D-DEFAULT; IX=IX-SEARCH-FIRST; IMPL=touch-action,error-boundary-ui,biometric-webauthn,popover-api; FEEL=Entities + actions
A0476	m-cards-scroll	Card vertical stack	mobile-content-patterns	mobile-phone	NAV-STACK-PUSH	SH-RESPONSIVE-COLLAPSE	D-COMFORTABLE	IX-INFINITE-SCROLL	PLATFORM=mobile-phone; PATTERN=m-cards-scroll; NAV=NAV-STACK-PUSH; SHELL=SH-RESPONSIVE-COLLAPSE; DENSITY=D-COMFORTABLE; IX=IX-INFINITE-SCROLL; IMPL=type-date,install-pwa,prefers-reduced-motion,form-novalidate; FEEL=Scannable cards
A0477	podcast-mobile	Podcast Mobile	industry-app	mobile-phone	NAV-BOTTOM-TABS	SH-PHONE-TABS	D-DEFAULT	IX-PRIMARY-THUMB	PLATFORM=mobile-phone; PATTERN=podcast-mobile; NAV=NAV-BOTTOM-TABS; SHELL=SH-PHONE-TABS; DENSITY=D-DEFAULT; IX=IX-PRIMARY-THUMB; IMPL=type-date,overscroll,debounce-search,history-stack; FEEL=shows episodes player
A0478	gov-services-mobile	Gov Services Mobile	industry-app	responsive-app	NAV-STACK-PUSH	SH-PHONE-CANVAS	D-TOUCH-COMFORT	IX-PRIMARY-THUMB	PLATFORM=responsive-app; PATTERN=gov-services-mobile; NAV=NAV-STACK-PUSH; SHELL=SH-PHONE-CANVAS; DENSITY=D-TOUCH-COMFORT; IX=IX-PRIMARY-THUMB; IMPL=clipboard-api,intersection-infinite,dvh-units,tap-highlight; FEEL=tasks forms status
A0479	d-shortcuts-help	? shortcuts cheatsheet	desktop-density-keyboard	desktop-web	NAV-SIDE-RAIL	SH-DESK-RAIL-MAIN	D-DEFAULT	IX-KEYBOARD-SHORTCUTS	PLATFORM=desktop-web; PATTERN=d-shortcuts-help; NAV=NAV-SIDE-RAIL; SHELL=SH-DESK-RAIL-MAIN; DENSITY=D-DEFAULT; IX=IX-KEYBOARD-SHORTCUTS; IMPL=command-palette-js,drag-drop-desktop,focus-trap,autocomplete; FEEL=Discoverable shortcuts
A0480	d-support-console	Support console	desktop-structure	desktop-web	NAV-MASTER-DETAIL	SH-DESK-RAIL-MAIN-INSP	D-COMPACT	IX-KEYBOARD-SHORTCUTS	PLATFORM=desktop-web; PATTERN=d-support-console; NAV=NAV-MASTER-DETAIL; SHELL=SH-DESK-RAIL-MAIN-INSP; DENSITY=D-COMPACT; IX=IX-KEYBOARD-SHORTCUTS; IMPL=virtual-list,aria-expanded,overscroll,focus-visible; FEEL=Ticket queue + workspace
A0481	news-mobile	News Mobile	industry-app	mobile-phone	NAV-BOTTOM-SHEET	SH-PHONE-STACK	D-DEFAULT	IX-PRIMARY-THUMB	PLATFORM=mobile-phone; PATTERN=news-mobile; NAV=NAV-BOTTOM-SHEET; SHELL=SH-PHONE-STACK; DENSITY=D-DEFAULT; IX=IX-PRIMARY-THUMB; IMPL=sticky-footer-cta,install-pwa,share-api,push-web; FEEL=sections article
A0482	m-thumb-zone-cta	Thumb-zone primary CTA	mobile-touch-a11y	mobile-phone	NAV-STACK-PUSH	SH-PHONE-STACK	D-TOUCH-COMFORT	IX-STICKY-FOOTER-CTA	PLATFORM=mobile-phone; PATTERN=m-thumb-zone-cta; NAV=NAV-STACK-PUSH; SHELL=SH-PHONE-STACK; DENSITY=D-TOUCH-COMFORT; IX=IX-STICKY-FOOTER-CTA; IMPL=bottom-nav-fixed,prefers-contrast,skeleton-css,service-worker-offline; FEEL=Primary near bottom
A0483	m-detail-push	Detail push	mobile-structure	mobile-phone	NAV-STACK-PUSH	SH-PHONE-STACK	D-DEFAULT	IX-PRIMARY-THUMB	PLATFORM=mobile-phone; PATTERN=m-detail-push; NAV=NAV-STACK-PUSH; SHELL=SH-PHONE-STACK; DENSITY=D-DEFAULT; IX=IX-PRIMARY-THUMB; IMPL=skeleton-css,push-web,network-information,debounce-search; FEEL=List to detail with back
A0484	x-localization-ready	Localization ready	cross-platform-app	responsive-app	NAV-NONE-FOCUS	SH-RESPONSIVE-COLLAPSE	D-DEFAULT	IX-PRIMARY-THUMB	PLATFORM=responsive-app; PATTERN=x-localization-ready; NAV=NAV-NONE-FOCUS; SHELL=SH-RESPONSIVE-COLLAPSE; DENSITY=D-DEFAULT; IX=IX-PRIMARY-THUMB; IMPL=clipboard-api,url-state,focus-visible,will-change-sparing; FEEL=No truncated critical labels
A0485	podcast-mobile	Podcast Mobile	industry-app	mobile-phone	NAV-BOTTOM-TABS	SH-PHONE-TABS	D-DEFAULT	IX-PRIMARY-THUMB	PLATFORM=mobile-phone; PATTERN=podcast-mobile; NAV=NAV-BOTTOM-TABS; SHELL=SH-PHONE-TABS; DENSITY=D-DEFAULT; IX=IX-PRIMARY-THUMB; IMPL=pointer-events,min-touch,bottom-nav-fixed,file-capture; FEEL=shows episodes player
A0486	ride-driver-mobile	Driver Mobile	industry-app	mobile-phone	NAV-NONE-FOCUS	SH-PHONE-STACK	D-TOUCH-COMFORT	IX-PRIMARY-THUMB	PLATFORM=mobile-phone; PATTERN=ride-driver-mobile; NAV=NAV-NONE-FOCUS; SHELL=SH-PHONE-STACK; DENSITY=D-TOUCH-COMFORT; IX=IX-PRIMARY-THUMB; IMPL=prefers-color-scheme,debounce-search,autocomplete,url-state; FEEL=requests nav
A0487	photos-desktop	Photos Desktop	industry-app	desktop-web	NAV-SIDE-RAIL	SH-DESK-TOOL-CANVAS	D-DEFAULT	IX-KEYBOARD-SHORTCUTS	PLATFORM=desktop-web; PATTERN=photos-desktop; NAV=NAV-SIDE-RAIL; SHELL=SH-DESK-TOOL-CANVAS; DENSITY=D-DEFAULT; IX=IX-KEYBOARD-SHORTCUTS; IMPL=hover-media,popover-api,prefers-color-scheme,live-region; FEEL=library edit
A0488	os-linux-desktop	Linux desktop app	os-patterns	desktop-web	NAV-SIDE-RAIL	SH-DESK-RAIL-MAIN	D-DEFAULT	IX-KEYBOARD-SHORTCUTS	PLATFORM=desktop-web; PATTERN=os-linux-desktop; NAV=NAV-SIDE-RAIL; SHELL=SH-DESK-RAIL-MAIN; DENSITY=D-DEFAULT; IX=IX-KEYBOARD-SHORTCUTS; IMPL=content-visibility,will-change-sparing,focus-trap,csrf-safe; FEEL=Follow platform toolkit
A0489	restaurant-pos-tablet	Restaurant POS Tablet	industry-app	mobile-tablet	NAV-MODAL-SHEET	SH-PHONE-TABS	D-TOUCH-COMFORT	IX-EMPTY-CTA	PLATFORM=mobile-tablet; PATTERN=restaurant-pos-tablet; NAV=NAV-MODAL-SHEET; SHELL=SH-PHONE-TABS; DENSITY=D-TOUCH-COMFORT; IX=IX-EMPTY-CTA; IMPL=bottom-nav-fixed,dialog-element,intersection-infinite,autocomplete; FEEL=tickets menu pay
A0490	m-action-sheet	Action sheet confirm	mobile-structure	mobile-phone	NAV-WIZARD	SH-PHONE-SHEET	D-TOUCH-COMFORT	IX-PRIMARY-THUMB	PLATFORM=mobile-phone; PATTERN=m-action-sheet; NAV=NAV-WIZARD; SHELL=SH-PHONE-SHEET; DENSITY=D-TOUCH-COMFORT; IX=IX-PRIMARY-THUMB; IMPL=dialog-element,content-visibility,sticky-footer-cta,touch-action; FEEL=Destructive choices clear
A0491	legal-mobile	Legal Mobile	industry-app	mobile-phone	NAV-BOTTOM-SHEET	SH-PHONE-TABS	D-DEFAULT	IX-PRIMARY-THUMB	PLATFORM=mobile-phone; PATTERN=legal-mobile; NAV=NAV-BOTTOM-SHEET; SHELL=SH-PHONE-TABS; DENSITY=D-DEFAULT; IX=IX-PRIMARY-THUMB; IMPL=network-information,aria-expanded,skeleton-css,dvh-units; FEEL=deadlines tasks
A0492	d-calendar-desktop	Calendar app	desktop-structure	desktop-web	NAV-SIDE-RAIL	SH-DESK-TOOL-CANVAS	D-DEFAULT	IX-KEYBOARD-SHORTCUTS	PLATFORM=desktop-web; PATTERN=d-calendar-desktop; NAV=NAV-SIDE-RAIL; SHELL=SH-DESK-TOOL-CANVAS; DENSITY=D-DEFAULT; IX=IX-KEYBOARD-SHORTCUTS; IMPL=intersection-infinite,grid-app-shell,prefers-reduced-motion,live-region; FEEL=Time grid primary
A0493	m-checkout-linear	Mobile checkout linear	mobile-structure	mobile-phone	NAV-BOTTOM-SHEET	SH-PHONE-STACK	D-TOUCH-COMFORT	IX-PRIMARY-THUMB	PLATFORM=mobile-phone; PATTERN=m-checkout-linear; NAV=NAV-BOTTOM-SHEET; SHELL=SH-PHONE-STACK; DENSITY=D-TOUCH-COMFORT; IX=IX-PRIMARY-THUMB; IMPL=prefers-contrast,biometric-webauthn,safe-area-css,optimistic-ui; FEEL=Steps, progress, sticky pay
A0494	banking-desktop	Desktop Banking	industry-app	desktop-web	NAV-SIDE-RAIL	SH-DESK-DATAGRID	D-DEFAULT	IX-KEYBOARD-SHORTCUTS	PLATFORM=desktop-web; PATTERN=banking-desktop; NAV=NAV-SIDE-RAIL; SHELL=SH-DESK-DATAGRID; DENSITY=D-DEFAULT; IX=IX-KEYBOARD-SHORTCUTS; IMPL=skeleton-css,autocomplete,debounce-search,popover-api; FEEL=accounts table transfers
A0495	gaming-mobile	Casual Game Shell	industry-app	desktop-web	NAV-SIDE-RAIL	SH-DESK-DOCUMENT	D-DEFAULT	IX-PRIMARY-THUMB	PLATFORM=desktop-web; PATTERN=gaming-mobile; NAV=NAV-SIDE-RAIL; SHELL=SH-DESK-DOCUMENT; DENSITY=D-DEFAULT; IX=IX-PRIMARY-THUMB; IMPL=virtual-list,scroll-padding,hover-media,resize-observer; FEEL=play overlay menus
A0496	os-material-fab	Material FAB	os-patterns	mobile-phone	NAV-BOTTOM-SHEET	SH-PHONE-SHEET	D-TOUCH-COMFORT	IX-FAB	PLATFORM=mobile-phone; PATTERN=os-material-fab; NAV=NAV-BOTTOM-SHEET; SHELL=SH-PHONE-SHEET; DENSITY=D-TOUCH-COMFORT; IX=IX-FAB; IMPL=abort-controller,safe-area-css,inputmode,focus-visible; FEEL=Primary create
A0497	x-localization-ready	Localization ready	cross-platform-app	responsive-app	NAV-NONE-FOCUS	SH-RESPONSIVE-COLLAPSE	D-DEFAULT	IX-PRIMARY-THUMB	PLATFORM=responsive-app; PATTERN=x-localization-ready; NAV=NAV-NONE-FOCUS; SHELL=SH-RESPONSIVE-COLLAPSE; DENSITY=D-DEFAULT; IX=IX-PRIMARY-THUMB; IMPL=service-worker-offline,hotkeys,content-visibility,app-badge; FEEL=No truncated critical labels
A0498	iot-desktop	IoT Desktop	industry-app	desktop-web	NAV-TOOLBAR	SH-DESK-DATAGRID	D-COMPACT	IX-KEYBOARD-SHORTCUTS	PLATFORM=desktop-web; PATTERN=iot-desktop; NAV=NAV-TOOLBAR; SHELL=SH-DESK-DATAGRID; DENSITY=D-COMPACT; IX=IX-KEYBOARD-SHORTCUTS; IMPL=pointer-events,prefers-color-scheme,roving-tabindex,drag-drop-desktop; FEEL=fleet grid map
A0499	maps-desktop	Desktop Maps	industry-app	responsive-app	NAV-COMMAND-PALETTE	SH-TABLET-RAIL	D-DEFAULT	IX-EMPTY-CTA	PLATFORM=responsive-app; PATTERN=maps-desktop; NAV=NAV-COMMAND-PALETTE; SHELL=SH-TABLET-RAIL; DENSITY=D-DEFAULT; IX=IX-EMPTY-CTA; IMPL=push-web,flex-phone-column,app-badge,touch-action; FEEL=map side list
A0500	d-column-custom	Column customization	desktop-density-keyboard	desktop-web	NAV-SIDE-RAIL	SH-RESPONSIVE-COLLAPSE	D-COMPACT	IX-INLINE-EDIT	PLATFORM=desktop-web; PATTERN=d-column-custom; NAV=NAV-SIDE-RAIL; SHELL=SH-RESPONSIVE-COLLAPSE; DENSITY=D-COMPACT; IX=IX-INLINE-EDIT; IMPL=prefers-contrast,autocomplete,prefers-reduced-motion,dialog-element; FEEL=Show/hide/reorder columns
A0501	m-map-first	Map-first mobile	mobile-structure	mobile-phone	NAV-BOTTOM-SHEET	SH-PHONE-SHEET	D-TOUCH-COMFORT	IX-PRIMARY-THUMB	PLATFORM=mobile-phone; PATTERN=m-map-first; NAV=NAV-BOTTOM-SHEET; SHELL=SH-PHONE-SHEET; DENSITY=D-TOUCH-COMFORT; IX=IX-PRIMARY-THUMB; IMPL=overscroll,form-novalidate,min-touch,skeleton-css; FEEL=Map stage + sheet
A0502	d-file-manager	File manager	desktop-structure	desktop-web	NAV-SIDE-TREE	SH-DESK-RAIL-MAIN-INSP	D-COMPACT	IX-KEYBOARD-SHORTCUTS	PLATFORM=desktop-web; PATTERN=d-file-manager; NAV=NAV-SIDE-TREE; SHELL=SH-DESK-RAIL-MAIN-INSP; DENSITY=D-COMPACT; IX=IX-KEYBOARD-SHORTCUTS; IMPL=drag-drop-desktop,matchmedia,skeleton-css,resize-observer; FEEL=Tree | files | preview
A0503	m-thumb-zone-cta	Thumb-zone primary CTA	mobile-touch-a11y	mobile-phone	NAV-STACK-PUSH	SH-PHONE-STACK	D-TOUCH-COMFORT	IX-STICKY-FOOTER-CTA	PLATFORM=mobile-phone; PATTERN=m-thumb-zone-cta; NAV=NAV-STACK-PUSH; SHELL=SH-PHONE-STACK; DENSITY=D-TOUCH-COMFORT; IX=IX-STICKY-FOOTER-CTA; IMPL=push-web,sticky-footer-cta,network-information,intersection-infinite; FEEL=Primary near bottom
A0504	tasks-desktop	Tasks Desktop	industry-app	desktop-web	NAV-SIDE-RAIL	SH-DESK-TOOL-CANVAS	D-DEFAULT	IX-KEYBOARD-SHORTCUTS	PLATFORM=desktop-web; PATTERN=tasks-desktop; NAV=NAV-SIDE-RAIL; SHELL=SH-DESK-TOOL-CANVAS; DENSITY=D-DEFAULT; IX=IX-KEYBOARD-SHORTCUTS; IMPL=error-boundary-ui,focus-visible,hotkeys,dialog-element; FEEL=board/list detail
A0505	m-profile-me	Profile / Me tab	mobile-structure	mobile-phone	NAV-BOTTOM-TABS	SH-PHONE-TABS	D-DEFAULT	IX-PRIMARY-THUMB	PLATFORM=mobile-phone; PATTERN=m-profile-me; NAV=NAV-BOTTOM-TABS; SHELL=SH-PHONE-TABS; DENSITY=D-DEFAULT; IX=IX-PRIMARY-THUMB; IMPL=overscroll,content-visibility,push-web,optimistic-ui; FEEL=Account + prefs entry
A0506	health-mobile	Health Tracker Mobile	industry-app	mobile-phone	NAV-BOTTOM-TABS	SH-PHONE-TABS	D-TOUCH-COMFORT	IX-PRIMARY-THUMB	PLATFORM=mobile-phone; PATTERN=health-mobile; NAV=NAV-BOTTOM-TABS; SHELL=SH-PHONE-TABS; DENSITY=D-TOUCH-COMFORT; IX=IX-PRIMARY-THUMB; IMPL=virtual-list,history-stack,vibrate-careful,aria-current; FEEL=rings trends log
A0507	x-empty-permission	Empty by permission	cross-platform-app	responsive-app	NAV-SIDE-TREE	SH-PHONE-FEED	D-DEFAULT	IX-EMPTY-CTA	PLATFORM=responsive-app; PATTERN=x-empty-permission; NAV=NAV-SIDE-TREE; SHELL=SH-PHONE-FEED; DENSITY=D-DEFAULT; IX=IX-EMPTY-CTA; IMPL=dialog-element,app-badge,vibrate-careful,push-web; FEEL=Explain access gap
A0508	library-desktop	Library Desktop	industry-app	desktop-web	NAV-SIDE-RAIL	SH-DESK-DATAGRID	D-COMPACT	IX-KEYBOARD-SHORTCUTS	PLATFORM=desktop-web; PATTERN=library-desktop; NAV=NAV-SIDE-RAIL; SHELL=SH-DESK-DATAGRID; DENSITY=D-COMPACT; IX=IX-KEYBOARD-SHORTCUTS; IMPL=focus-trap,abort-controller,drag-drop-desktop,session-timeout; FEEL=catalogue circulation
A0509	d-typeahead	Typeahead find	desktop-density-keyboard	desktop-web	NAV-SIDE-RAIL	SH-DESK-DATAGRID	D-COMPACT	IX-SEARCH-FIRST	PLATFORM=desktop-web; PATTERN=d-typeahead; NAV=NAV-SIDE-RAIL; SHELL=SH-DESK-DATAGRID; DENSITY=D-COMPACT; IX=IX-SEARCH-FIRST; IMPL=skeleton-css,session-timeout,popover-api,will-change-sparing; FEEL=Jump in lists
A0510	m-bottom-tabs-5	Bottom tabs (max 5)	mobile-structure	mobile-phone	NAV-MODAL-SHEET	SH-RESPONSIVE-COLLAPSE	D-TOUCH-COMFORT	IX-PRIMARY-THUMB	PLATFORM=mobile-phone; PATTERN=m-bottom-tabs-5; NAV=NAV-MODAL-SHEET; SHELL=SH-RESPONSIVE-COLLAPSE; DENSITY=D-TOUCH-COMFORT; IX=IX-PRIMARY-THUMB; IMPL=error-boundary-ui,dvh-units,content-visibility,bottom-nav-fixed; FEEL=Peer top-level destinations
A0511	logistics-desktop	Dispatch Desktop	industry-app	desktop-web	NAV-MASTER-DETAIL	SH-DESK-TOOL-CANVAS	D-COMPACT	IX-KEYBOARD-SHORTCUTS	PLATFORM=desktop-web; PATTERN=logistics-desktop; NAV=NAV-MASTER-DETAIL; SHELL=SH-DESK-TOOL-CANVAS; DENSITY=D-COMPACT; IX=IX-KEYBOARD-SHORTCUTS; IMPL=fine-pointer,error-boundary-ui,clipboard-api,overscroll; FEEL=board map assign
A0512	event-desktop	Event Desktop	industry-app	desktop-web	NAV-SIDE-RAIL	SH-DESK-RAIL-MAIN	D-DEFAULT	IX-KEYBOARD-SHORTCUTS	PLATFORM=desktop-web; PATTERN=event-desktop; NAV=NAV-SIDE-RAIL; SHELL=SH-DESK-RAIL-MAIN; DENSITY=D-DEFAULT; IX=IX-KEYBOARD-SHORTCUTS; IMPL=scroll-padding,fine-pointer,prefers-reduced-motion,resize-observer; FEEL=registration agenda
A0513	energy-desktop	Energy Ops Desktop	industry-app	responsive-app	NAV-MASTER-DETAIL	SH-DESK-DASH	D-COMPACT	IX-KEYBOARD-SHORTCUTS	PLATFORM=responsive-app; PATTERN=energy-desktop; NAV=NAV-MASTER-DETAIL; SHELL=SH-DESK-DASH; DENSITY=D-COMPACT; IX=IX-KEYBOARD-SHORTCUTS; IMPL=pointer-events,sticky-footer-cta,prefers-reduced-motion,dialog-element; FEEL=grid status alarms
A0514	podcast-desktop	Podcast Desktop	industry-app	desktop-web	NAV-SIDE-RAIL	SH-DESK-RAIL-MAIN	D-DEFAULT	IX-KEYBOARD-SHORTCUTS	PLATFORM=desktop-web; PATTERN=podcast-desktop; NAV=NAV-SIDE-RAIL; SHELL=SH-DESK-RAIL-MAIN; DENSITY=D-DEFAULT; IX=IX-KEYBOARD-SHORTCUTS; IMPL=localstorage-prefs,prefers-contrast,focus-visible,pointer-events; FEEL=library queue
A0515	m-media-fullscreen	Fullscreen media	mobile-content-patterns	mobile-phone	NAV-NONE-FOCUS	SH-PHONE-CANVAS	D-DEFAULT	IX-PRIMARY-THUMB	PLATFORM=mobile-phone; PATTERN=m-media-fullscreen; NAV=NAV-NONE-FOCUS; SHELL=SH-PHONE-CANVAS; DENSITY=D-DEFAULT; IX=IX-PRIMARY-THUMB; IMPL=matchmedia,error-boundary-ui,autocomplete,url-state; FEEL=Swipe dismiss, chrome fade
A0516	d-calendar-desktop	Calendar app	desktop-structure	desktop-web	NAV-SIDE-RAIL	SH-DESK-TOOL-CANVAS	D-DEFAULT	IX-KEYBOARD-SHORTCUTS	PLATFORM=desktop-web; PATTERN=d-calendar-desktop; NAV=NAV-SIDE-RAIL; SHELL=SH-DESK-TOOL-CANVAS; DENSITY=D-DEFAULT; IX=IX-KEYBOARD-SHORTCUTS; IMPL=virtual-list,error-boundary-ui,command-palette-js,scroll-padding; FEEL=Time grid primary
A0517	password-desktop	Password Manager Desktop	industry-app	desktop-web	NAV-SIDE-RAIL	SH-DESK-DATAGRID	D-DEFAULT	IX-KEYBOARD-SHORTCUTS	PLATFORM=desktop-web; PATTERN=password-desktop; NAV=NAV-SIDE-RAIL; SHELL=SH-DESK-DATAGRID; DENSITY=D-DEFAULT; IX=IX-KEYBOARD-SHORTCUTS; IMPL=localstorage-prefs,abort-controller,virtual-list,container-queries; FEEL=vault generator
A0518	email-mobile	Mobile Email	industry-app	mobile-phone	NAV-STACK-PUSH	SH-PHONE-STACK	D-DEFAULT	IX-PRIMARY-THUMB	PLATFORM=mobile-phone; PATTERN=email-mobile; NAV=NAV-STACK-PUSH; SHELL=SH-PHONE-STACK; DENSITY=D-DEFAULT; IX=IX-PRIMARY-THUMB; IMPL=app-badge,csrf-safe,focus-visible,content-visibility; FEEL=inbox thread compose
A0519	betting-careful-mobile	Betting UI Careful	industry-app	mobile-phone	NAV-BOTTOM-TABS	SH-PHONE-TABS	D-DEFAULT	IX-PRIMARY-THUMB	PLATFORM=mobile-phone; PATTERN=betting-careful-mobile; NAV=NAV-BOTTOM-TABS; SHELL=SH-PHONE-TABS; DENSITY=D-DEFAULT; IX=IX-PRIMARY-THUMB; IMPL=viewport-meta,touch-action,error-boundary-ui,min-touch; FEEL=clear stakes responsible
A0520	gov-services-desktop	Gov Services Desktop	industry-app	mobile-phone	NAV-WIZARD	SH-RESPONSIVE-COLLAPSE	D-DEFAULT	IX-KEYBOARD-SHORTCUTS	PLATFORM=mobile-phone; PATTERN=gov-services-desktop; NAV=NAV-WIZARD; SHELL=SH-RESPONSIVE-COLLAPSE; DENSITY=D-DEFAULT; IX=IX-KEYBOARD-SHORTCUTS; IMPL=history-stack,tap-highlight,aria-current,prefers-color-scheme; FEEL=cases queue
A0521	m-map-first	Map-first mobile	mobile-structure	mobile-phone	NAV-BOTTOM-SHEET	SH-PHONE-SHEET	D-TOUCH-COMFORT	IX-PRIMARY-THUMB	PLATFORM=mobile-phone; PATTERN=m-map-first; NAV=NAV-BOTTOM-SHEET; SHELL=SH-PHONE-SHEET; DENSITY=D-TOUCH-COMFORT; IX=IX-PRIMARY-THUMB; IMPL=service-worker-offline,abort-controller,tap-highlight,vibrate-careful; FEEL=Map stage + sheet
A0522	d-command-first	Command palette first	desktop-structure	desktop-web	NAV-BREADCRUMB	SH-DESK-RAIL-MAIN	D-COMPACT	IX-KEYBOARD-SHORTCUTS	PLATFORM=desktop-web; PATTERN=d-command-first; NAV=NAV-BREADCRUMB; SHELL=SH-DESK-RAIL-MAIN; DENSITY=D-COMPACT; IX=IX-KEYBOARD-SHORTCUTS; IMPL=debounce-search,resize-observer,popover-api,intersection-infinite; FEEL=Keyboard jump primary
A0523	gaming-desktop	PC Game Launcher	industry-app	responsive-app	NAV-DRAWER	SH-DESK-DATAGRID	D-DEFAULT	IX-KEYBOARD-SHORTCUTS	PLATFORM=responsive-app; PATTERN=gaming-desktop; NAV=NAV-DRAWER; SHELL=SH-DESK-DATAGRID; DENSITY=D-DEFAULT; IX=IX-KEYBOARD-SHORTCUTS; IMPL=url-state,hover-media,grid-app-shell,share-api; FEEL=library friends
A0524	design-tool-desktop	Design Tool	industry-app	desktop-web	NAV-TOOLBAR	SH-DESK-TOOL-CANVAS	D-DEFAULT	IX-KEYBOARD-SHORTCUTS	PLATFORM=desktop-web; PATTERN=design-tool-desktop; NAV=NAV-TOOLBAR; SHELL=SH-DESK-TOOL-CANVAS; DENSITY=D-DEFAULT; IX=IX-KEYBOARD-SHORTCUTS; IMPL=prefers-color-scheme,prefers-reduced-motion,resize-observer,abort-controller; FEEL=canvas tools
A0525	energy-desktop	Energy Ops Desktop	industry-app	desktop-web	NAV-MASTER-DETAIL	SH-DESK-DASH	D-COMPACT	IX-KEYBOARD-SHORTCUTS	PLATFORM=desktop-web; PATTERN=energy-desktop; NAV=NAV-MASTER-DETAIL; SHELL=SH-DESK-DASH; DENSITY=D-COMPACT; IX=IX-KEYBOARD-SHORTCUTS; IMPL=live-region,roving-tabindex,aria-expanded,abort-controller; FEEL=grid status alarms
A0526	m-safe-area-chrome	Safe-area chrome	mobile-touch-a11y	mobile-phone	NAV-BOTTOM-TABS	SH-PHONE-TABS	D-TOUCH-COMFORT	IX-STICKY-FOOTER-CTA	PLATFORM=mobile-phone; PATTERN=m-safe-area-chrome; NAV=NAV-BOTTOM-TABS; SHELL=SH-PHONE-TABS; DENSITY=D-TOUCH-COMFORT; IX=IX-STICKY-FOOTER-CTA; IMPL=aria-expanded,aria-current,min-touch,app-badge; FEEL=Tabs/CTAs above home indicator
A0527	m-search-tab	Search as tab	mobile-structure	mobile-phone	NAV-BOTTOM-TABS	SH-PHONE-TABS	D-DEFAULT	IX-PRIMARY-THUMB	PLATFORM=mobile-phone; PATTERN=m-search-tab; NAV=NAV-BOTTOM-TABS; SHELL=SH-PHONE-TABS; DENSITY=D-DEFAULT; IX=IX-PRIMARY-THUMB; IMPL=touch-action,install-pwa,overscroll,safe-area-css; FEEL=Search is a root job
A0528	construction-mobile	Construction Mobile	industry-app	mobile-phone	NAV-BOTTOM-TABS	SH-PHONE-TABS	D-TOUCH-COMFORT	IX-PRIMARY-THUMB	PLATFORM=mobile-phone; PATTERN=construction-mobile; NAV=NAV-BOTTOM-TABS; SHELL=SH-PHONE-TABS; DENSITY=D-TOUCH-COMFORT; IX=IX-PRIMARY-THUMB; IMPL=url-state,dialog-element,viewport-meta,optimistic-ui; FEEL=site daily photos
A0529	gov-services-mobile	Gov Services Mobile	industry-app	mobile-phone	NAV-BOTTOM-TABS	SH-PHONE-TABS	D-TOUCH-COMFORT	IX-PRIMARY-THUMB	PLATFORM=mobile-phone; PATTERN=gov-services-mobile; NAV=NAV-BOTTOM-TABS; SHELL=SH-PHONE-TABS; DENSITY=D-TOUCH-COMFORT; IX=IX-PRIMARY-THUMB; IMPL=optimistic-ui,install-pwa,type-date,push-web; FEEL=tasks forms status
A0530	d-skip-to-main	Skip to main	desktop-density-keyboard	desktop-web	NAV-SIDE-RAIL	SH-DESK-RAIL-MAIN	D-DEFAULT	IX-KEYBOARD-SHORTCUTS	PLATFORM=desktop-web; PATTERN=d-skip-to-main; NAV=NAV-SIDE-RAIL; SHELL=SH-DESK-RAIL-MAIN; DENSITY=D-DEFAULT; IX=IX-KEYBOARD-SHORTCUTS; IMPL=live-region,aria-current,pointer-events,error-boundary-ui; FEEL=Landmarks + skip link
A0531	event-mobile	Event Mobile	industry-app	mobile-phone	NAV-BOTTOM-TABS	SH-PHONE-TABS	D-DEFAULT	IX-PRIMARY-THUMB	PLATFORM=mobile-phone; PATTERN=event-mobile; NAV=NAV-BOTTOM-TABS; SHELL=SH-PHONE-TABS; DENSITY=D-DEFAULT; IX=IX-PRIMARY-THUMB; IMPL=viewport-meta,service-worker-offline,hover-media,inputmode; FEEL=agenda tickets map
A0532	vpn-desktop	VPN Desktop	industry-app	desktop-web	NAV-SIDE-RAIL	SH-DESK-RAIL-MAIN	D-DEFAULT	IX-KEYBOARD-SHORTCUTS	PLATFORM=desktop-web; PATTERN=vpn-desktop; NAV=NAV-SIDE-RAIL; SHELL=SH-DESK-RAIL-MAIN; DENSITY=D-DEFAULT; IX=IX-KEYBOARD-SHORTCUTS; IMPL=aria-current,content-visibility,pointer-events,error-boundary-ui; FEEL=connect routes
A0533	d-typeahead	Typeahead find	desktop-density-keyboard	desktop-web	NAV-COMMAND-PALETTE	SH-DESK-IDE-LITE	D-COMPACT	IX-SEARCH-FIRST	PLATFORM=desktop-web; PATTERN=d-typeahead; NAV=NAV-COMMAND-PALETTE; SHELL=SH-DESK-IDE-LITE; DENSITY=D-COMPACT; IX=IX-SEARCH-FIRST; IMPL=resize-observer,form-novalidate,dialog-element,optimistic-ui; FEEL=Jump in lists
A0534	realestate-desktop	Property Desktop	industry-app	mobile-tablet	NAV-MASTER-DETAIL	SH-TABLET-SPLIT	D-DEFAULT	IX-EMPTY-CTA	PLATFORM=mobile-tablet; PATTERN=realestate-desktop; NAV=NAV-MASTER-DETAIL; SHELL=SH-TABLET-SPLIT; DENSITY=D-DEFAULT; IX=IX-EMPTY-CTA; IMPL=share-api,skeleton-css,sticky-footer-cta,type-date; FEEL=search map table
A0535	maps-mobile	Mobile Maps	industry-app	mobile-phone	NAV-BOTTOM-SHEET	SH-PHONE-TABS	D-TOUCH-COMFORT	IX-PRIMARY-THUMB	PLATFORM=mobile-phone; PATTERN=maps-mobile; NAV=NAV-BOTTOM-SHEET; SHELL=SH-PHONE-TABS; DENSITY=D-TOUCH-COMFORT; IX=IX-PRIMARY-THUMB; IMPL=install-pwa,dialog-element,share-api,aria-expanded; FEEL=map sheet search
A0536	x-role-home	Role-based home	cross-platform-app	responsive-app	NAV-TAB+STACK	SH-PHONE-TABS	D-DEFAULT	IX-EMPTY-CTA	PLATFORM=responsive-app; PATTERN=x-role-home; NAV=NAV-TAB+STACK; SHELL=SH-PHONE-TABS; DENSITY=D-DEFAULT; IX=IX-EMPTY-CTA; IMPL=type-date,matchmedia,network-information,autocomplete; FEEL=Different landing by role
A0537	notes-mobile	Notes Mobile	industry-app	mobile-phone	NAV-MODAL-SHEET	SH-PHONE-CANVAS	D-DEFAULT	IX-PRIMARY-THUMB	PLATFORM=mobile-phone; PATTERN=notes-mobile; NAV=NAV-MODAL-SHEET; SHELL=SH-PHONE-CANVAS; DENSITY=D-DEFAULT; IX=IX-PRIMARY-THUMB; IMPL=csrf-safe,viewport-meta,dialog-element,pointer-events; FEEL=list editor
A0538	os-material-top-app-bar	Material top app bar	os-patterns	mobile-phone	NAV-STACK-PUSH	SH-PHONE-STACK	D-DEFAULT	IX-PRIMARY-THUMB	PLATFORM=mobile-phone; PATTERN=os-material-top-app-bar; NAV=NAV-STACK-PUSH; SHELL=SH-PHONE-STACK; DENSITY=D-DEFAULT; IX=IX-PRIMARY-THUMB; IMPL=skeleton-css,flex-phone-column,abort-controller,dialog-element; FEEL=Nav + actions
A0539	d-master-detail	Master-detail	desktop-structure	desktop-web	NAV-MASTER-DETAIL	SH-TABLET-SPLIT	D-DEFAULT	IX-KEYBOARD-SHORTCUTS	PLATFORM=desktop-web; PATTERN=d-master-detail; NAV=NAV-MASTER-DETAIL; SHELL=SH-TABLET-SPLIT; DENSITY=D-DEFAULT; IX=IX-KEYBOARD-SHORTCUTS; IMPL=will-change-sparing,roving-tabindex,csrf-safe,dialog-element; FEEL=List drives detail
A0540	m-timeline-vertical	Vertical timeline	mobile-content-patterns	mobile-phone	NAV-STACK-PUSH	SH-PHONE-STACK	D-DEFAULT	IX-INFINITE-SCROLL	PLATFORM=mobile-phone; PATTERN=m-timeline-vertical; NAV=NAV-STACK-PUSH; SHELL=SH-PHONE-STACK; DENSITY=D-DEFAULT; IX=IX-INFINITE-SCROLL; IMPL=dvh-units,will-change-sparing,coarse-pointer,touch-action; FEEL=Activity history
A0541	password-desktop	Password Manager Desktop	industry-app	desktop-web	NAV-SIDE-RAIL	SH-DESK-DATAGRID	D-DEFAULT	IX-KEYBOARD-SHORTCUTS	PLATFORM=desktop-web; PATTERN=password-desktop; NAV=NAV-SIDE-RAIL; SHELL=SH-DESK-DATAGRID; DENSITY=D-DEFAULT; IX=IX-KEYBOARD-SHORTCUTS; IMPL=grid-app-shell,csrf-safe,hotkeys,prefers-contrast; FEEL=vault generator
A0542	d-breadcrumb-admin	Admin with breadcrumbs	desktop-structure	desktop-web	NAV-BREADCRUMB	SH-DESK-DATAGRID	D-COMPACT	IX-KEYBOARD-SHORTCUTS	PLATFORM=desktop-web; PATTERN=d-breadcrumb-admin; NAV=NAV-BREADCRUMB; SHELL=SH-DESK-DATAGRID; DENSITY=D-COMPACT; IX=IX-KEYBOARD-SHORTCUTS; IMPL=csrf-safe,popover-api,error-boundary-ui,optimistic-ui; FEEL=Deep trees oriented
A0543	education-mobile	Learning Mobile	industry-app	mobile-phone	NAV-BOTTOM-TABS	SH-PHONE-TABS	D-COMFORTABLE	IX-PRIMARY-THUMB	PLATFORM=mobile-phone; PATTERN=education-mobile; NAV=NAV-BOTTOM-TABS; SHELL=SH-PHONE-TABS; DENSITY=D-COMFORTABLE; IX=IX-PRIMARY-THUMB; IMPL=viewport-meta,vibrate-careful,network-information,virtual-list; FEEL=courses lessons
A0544	weather-mobile	Weather Mobile	industry-app	mobile-phone	NAV-STACK-PUSH	SH-PHONE-STACK	D-COMFORTABLE	IX-PRIMARY-THUMB	PLATFORM=mobile-phone; PATTERN=weather-mobile; NAV=NAV-STACK-PUSH; SHELL=SH-PHONE-STACK; DENSITY=D-COMFORTABLE; IX=IX-PRIMARY-THUMB; IMPL=viewport-meta,biometric-webauthn,focus-visible,history-stack; FEEL=conditions hourly
A0545	d-resize-panes	Resizable panes	desktop-density-keyboard	desktop-web	NAV-SIDE-RAIL	SH-DESK-RAIL-MAIN-INSP	D-DEFAULT	IX-SPLIT-RESIZE	PLATFORM=desktop-web; PATTERN=d-resize-panes; NAV=NAV-SIDE-RAIL; SHELL=SH-DESK-RAIL-MAIN-INSP; DENSITY=D-DEFAULT; IX=IX-SPLIT-RESIZE; IMPL=focus-visible,form-novalidate,optimistic-ui,aria-expanded; FEEL=Min width; persist
A0546	university-mobile	Uni Mobile	industry-app	mobile-phone	NAV-BOTTOM-TABS	SH-PHONE-TABS	D-DEFAULT	IX-PRIMARY-THUMB	PLATFORM=mobile-phone; PATTERN=university-mobile; NAV=NAV-BOTTOM-TABS; SHELL=SH-PHONE-TABS; DENSITY=D-DEFAULT; IX=IX-PRIMARY-THUMB; IMPL=dvh-units,push-web,matchmedia,overscroll; FEEL=timetable campus
A0547	m-camera-first	Camera/capture first	mobile-structure	mobile-phone	NAV-NONE-FOCUS	SH-PHONE-CANVAS	D-TOUCH-COMFORT	IX-PRIMARY-THUMB	PLATFORM=mobile-phone; PATTERN=m-camera-first; NAV=NAV-NONE-FOCUS; SHELL=SH-PHONE-CANVAS; DENSITY=D-TOUCH-COMFORT; IX=IX-PRIMARY-THUMB; IMPL=overscroll,flex-phone-column,file-capture,url-state; FEEL=Capture chrome minimal
A0548	m-create-fab	Create via FAB	mobile-structure	mobile-phone	NAV-BOTTOM-TABS	SH-PHONE-FEED	D-TOUCH-COMFORT	IX-PRIMARY-THUMB	PLATFORM=mobile-phone; PATTERN=m-create-fab; NAV=NAV-BOTTOM-TABS; SHELL=SH-PHONE-FEED; DENSITY=D-TOUCH-COMFORT; IX=IX-PRIMARY-THUMB; IMPL=app-badge,inputmode,matchmedia,sticky-footer-cta; FEEL=One create affordance
A0549	d-wizard-desktop	Desktop wizard modal	desktop-structure	desktop-web	NAV-WIZARD	SH-DESK-RAIL-MAIN	D-COMFORTABLE	IX-KEYBOARD-SHORTCUTS	PLATFORM=desktop-web; PATTERN=d-wizard-desktop; NAV=NAV-WIZARD; SHELL=SH-DESK-RAIL-MAIN; DENSITY=D-COMFORTABLE; IX=IX-KEYBOARD-SHORTCUTS; IMPL=localstorage-prefs,dialog-element,roving-tabindex,overscroll; FEEL=Centered steps
A0550	os-macos-toolbar	macOS toolbar	os-patterns	desktop-web	NAV-TOOLBAR	SH-DESK-DOCUMENT	D-DEFAULT	IX-KEYBOARD-SHORTCUTS	PLATFORM=desktop-web; PATTERN=os-macos-toolbar; NAV=NAV-TOOLBAR; SHELL=SH-DESK-DOCUMENT; DENSITY=D-DEFAULT; IX=IX-KEYBOARD-SHORTCUTS; IMPL=abort-controller,virtual-list,prefers-reduced-motion,hover-media; FEEL=Unified titlebar toolbar
A0551	os-win-navigation-view	Win NavigationView	os-patterns	desktop-web	NAV-SIDE-RAIL	SH-DESK-DOCUMENT	D-DEFAULT	IX-KEYBOARD-SHORTCUTS	PLATFORM=desktop-web; PATTERN=os-win-navigation-view; NAV=NAV-SIDE-RAIL; SHELL=SH-DESK-DOCUMENT; DENSITY=D-DEFAULT; IX=IX-KEYBOARD-SHORTCUTS; IMPL=command-palette-js,hotkeys,scroll-padding,hover-media; FEEL=Left nav expand
A0552	chat-desktop	Desktop Chat	industry-app	mobile-phone	NAV-STACK-PUSH	SH-PHONE-FEED	D-DEFAULT	IX-KEYBOARD-SHORTCUTS	PLATFORM=mobile-phone; PATTERN=chat-desktop; NAV=NAV-STACK-PUSH; SHELL=SH-PHONE-FEED; DENSITY=D-DEFAULT; IX=IX-KEYBOARD-SHORTCUTS; IMPL=inputmode,share-api,network-information,abort-controller; FEEL=list thread info-on-demand
A0553	m-list-dense	Dense mobile list	mobile-content-patterns	mobile-phone	NAV-STACK-PUSH	SH-PHONE-FEED	D-DEFAULT	IX-INFINITE-SCROLL	PLATFORM=mobile-phone; PATTERN=m-list-dense; NAV=NAV-STACK-PUSH; SHELL=SH-PHONE-FEED; DENSITY=D-DEFAULT; IX=IX-INFINITE-SCROLL; IMPL=live-region,intersection-infinite,optimistic-ui,aria-expanded; FEEL=One primary line + meta
A0554	insurance-desktop	Insurance Desktop	industry-app	desktop-web	NAV-SIDE-RAIL	SH-DESK-DATAGRID	D-COMPACT	IX-KEYBOARD-SHORTCUTS	PLATFORM=desktop-web; PATTERN=insurance-desktop; NAV=NAV-SIDE-RAIL; SHELL=SH-DESK-DATAGRID; DENSITY=D-COMPACT; IX=IX-KEYBOARD-SHORTCUTS; IMPL=prefers-reduced-motion,aria-current,prefers-color-scheme,clipboard-api; FEEL=policies claims queue
A0555	manufacturing-desktop	MES Desktop	industry-app	desktop-web	NAV-SIDE-RAIL	SH-DESK-DATAGRID	D-COMPACT	IX-KEYBOARD-SHORTCUTS	PLATFORM=desktop-web; PATTERN=manufacturing-desktop; NAV=NAV-SIDE-RAIL; SHELL=SH-DESK-DATAGRID; DENSITY=D-COMPACT; IX=IX-KEYBOARD-SHORTCUTS; IMPL=csrf-safe,resize-observer,content-visibility,localstorage-prefs; FEEL=lines work orders
A0556	os-ios-large-title	iOS large title pattern	os-patterns	mobile-phone	NAV-STACK-PUSH	SH-PHONE-STACK	D-COMFORTABLE	IX-PRIMARY-THUMB	PLATFORM=mobile-phone; PATTERN=os-ios-large-title; NAV=NAV-STACK-PUSH; SHELL=SH-PHONE-STACK; DENSITY=D-COMFORTABLE; IX=IX-PRIMARY-THUMB; IMPL=pointer-events,file-capture,tap-highlight,focus-visible; FEEL=Collapse on scroll
A0557	m-reduce-motion	Respect reduce motion	mobile-touch-a11y	mobile-phone	NAV-STACK-PUSH	SH-PHONE-STACK	D-DEFAULT	IX-SKELETON-LOAD	PLATFORM=mobile-phone; PATTERN=m-reduce-motion; NAV=NAV-STACK-PUSH; SHELL=SH-PHONE-STACK; DENSITY=D-DEFAULT; IX=IX-SKELETON-LOAD; IMPL=vibrate-careful,overscroll,aria-expanded,hover-media; FEEL=Essential feedback remains
A0558	m-map-first	Map-first mobile	mobile-structure	mobile-phone	NAV-BOTTOM-SHEET	SH-PHONE-SHEET	D-TOUCH-COMFORT	IX-PRIMARY-THUMB	PLATFORM=mobile-phone; PATTERN=m-map-first; NAV=NAV-BOTTOM-SHEET; SHELL=SH-PHONE-SHEET; DENSITY=D-TOUCH-COMFORT; IX=IX-PRIMARY-THUMB; IMPL=live-region,prefers-contrast,will-change-sparing,inputmode; FEEL=Map stage + sheet
A0559	d-column-custom	Column customization	desktop-density-keyboard	desktop-web	NAV-SIDE-RAIL	SH-DESK-DATAGRID	D-COMPACT	IX-INLINE-EDIT	PLATFORM=desktop-web; PATTERN=d-column-custom; NAV=NAV-SIDE-RAIL; SHELL=SH-DESK-DATAGRID; DENSITY=D-COMPACT; IX=IX-INLINE-EDIT; IMPL=aria-expanded,resize-observer,dialog-element,form-novalidate; FEEL=Show/hide/reorder columns
A0560	energy-mobile	Energy Field Mobile	industry-app	mobile-phone	NAV-STACK-PUSH	SH-PHONE-STACK	D-TOUCH-COMFORT	IX-PRIMARY-THUMB	PLATFORM=mobile-phone; PATTERN=energy-mobile; NAV=NAV-STACK-PUSH; SHELL=SH-PHONE-STACK; DENSITY=D-TOUCH-COMFORT; IX=IX-PRIMARY-THUMB; IMPL=pointer-events,app-badge,hover-media,prefers-reduced-motion; FEEL=assets inspect
A0561	m-timeline-vertical	Vertical timeline	mobile-content-patterns	mobile-phone	NAV-STACK-PUSH	SH-PHONE-STACK	D-DEFAULT	IX-INFINITE-SCROLL	PLATFORM=mobile-phone; PATTERN=m-timeline-vertical; NAV=NAV-STACK-PUSH; SHELL=SH-PHONE-STACK; DENSITY=D-DEFAULT; IX=IX-INFINITE-SCROLL; IMPL=tap-highlight,url-state,optimistic-ui,service-worker-offline; FEEL=Activity history
A0562	m-bottom-tabs-3	Bottom tabs (3)	mobile-structure	mobile-phone	NAV-BOTTOM-TABS	SH-PHONE-TABS	D-TOUCH-COMFORT	IX-PRIMARY-THUMB	PLATFORM=mobile-phone; PATTERN=m-bottom-tabs-3; NAV=NAV-BOTTOM-TABS; SHELL=SH-PHONE-TABS; DENSITY=D-TOUCH-COMFORT; IX=IX-PRIMARY-THUMB; IMPL=touch-action,virtual-list,optimistic-ui,skeleton-css; FEEL=Focused product
A0563	d-undo-stack	Document undo	desktop-density-keyboard	desktop-web	NAV-SIDE-RAIL	SH-TABLET-RAIL	D-DEFAULT	IX-UNDO-TOAST	PLATFORM=desktop-web; PATTERN=d-undo-stack; NAV=NAV-SIDE-RAIL; SHELL=SH-TABLET-RAIL; DENSITY=D-DEFAULT; IX=IX-UNDO-TOAST; IMPL=overscroll,url-state,roving-tabindex,focus-visible; FEEL=⌘Z meaningful
A0564	museum-desktop	Museum Desktop	industry-app	desktop-web	NAV-TOP-TABS	SH-DESK-TOOL-CANVAS	D-DEFAULT	IX-KEYBOARD-SHORTCUTS	PLATFORM=desktop-web; PATTERN=museum-desktop; NAV=NAV-TOP-TABS; SHELL=SH-DESK-TOOL-CANVAS; DENSITY=D-DEFAULT; IX=IX-KEYBOARD-SHORTCUTS; IMPL=debounce-search,aria-current,csrf-safe,clipboard-api; FEEL=collections CMS
A0565	x-help-inline	Inline help	cross-platform-app	responsive-app	NAV-NONE-FOCUS	SH-RESPONSIVE-COLLAPSE	D-DEFAULT	IX-EMPTY-CTA	PLATFORM=responsive-app; PATTERN=x-help-inline; NAV=NAV-NONE-FOCUS; SHELL=SH-RESPONSIVE-COLLAPSE; DENSITY=D-DEFAULT; IX=IX-EMPTY-CTA; IMPL=clipboard-api,fine-pointer,history-stack,flex-phone-column; FEEL=Contextual, not only docs site
A0566	m-one-hand	One-handed path	mobile-touch-a11y	mobile-phone	NAV-BOTTOM-TABS	SH-PHONE-TABS	D-TOUCH-COMFORT	IX-PRIMARY-THUMB	PLATFORM=mobile-phone; PATTERN=m-one-hand; NAV=NAV-BOTTOM-TABS; SHELL=SH-PHONE-TABS; DENSITY=D-TOUCH-COMFORT; IX=IX-PRIMARY-THUMB; IMPL=share-api,error-boundary-ui,bottom-nav-fixed,network-information; FEEL=Critical path without stretch
A0567	smart-home-desktop	Smart Home Desktop	industry-app	desktop-web	NAV-WIZARD	SH-DESK-DASH	D-DEFAULT	IX-KEYBOARD-SHORTCUTS	PLATFORM=desktop-web; PATTERN=smart-home-desktop; NAV=NAV-WIZARD; SHELL=SH-DESK-DASH; DENSITY=D-DEFAULT; IX=IX-KEYBOARD-SHORTCUTS; IMPL=clipboard-api,matchmedia,url-state,container-queries; FEEL=floorplan devices
A0568	analytics-desktop	Analytics Desktop	industry-app	desktop-web	NAV-MENUBAR	SH-TABLET-SPLIT	D-COMPACT	IX-KEYBOARD-SHORTCUTS	PLATFORM=desktop-web; PATTERN=analytics-desktop; NAV=NAV-MENUBAR; SHELL=SH-TABLET-SPLIT; DENSITY=D-COMPACT; IX=IX-KEYBOARD-SHORTCUTS; IMPL=overscroll,skeleton-css,popover-api,content-visibility; FEEL=explore charts
A0569	d-keyboard-nav	Full keyboard nav	desktop-density-keyboard	desktop-web	NAV-SIDE-RAIL	SH-DESK-RAIL-MAIN	D-DEFAULT	IX-KEYBOARD-SHORTCUTS	PLATFORM=desktop-web; PATTERN=d-keyboard-nav; NAV=NAV-SIDE-RAIL; SHELL=SH-DESK-RAIL-MAIN; DENSITY=D-DEFAULT; IX=IX-KEYBOARD-SHORTCUTS; IMPL=hover-media,command-palette-js,session-timeout,popover-api; FEEL=Tab order, roving tabindex lists
A0570	m-action-sheet	Action sheet confirm	mobile-structure	mobile-phone	NAV-WIZARD	SH-PHONE-STACK	D-TOUCH-COMFORT	IX-PRIMARY-THUMB	PLATFORM=mobile-phone; PATTERN=m-action-sheet; NAV=NAV-WIZARD; SHELL=SH-PHONE-STACK; DENSITY=D-TOUCH-COMFORT; IX=IX-PRIMARY-THUMB; IMPL=error-boundary-ui,file-capture,prefers-color-scheme,debounce-search; FEEL=Destructive choices clear
A0571	m-map-first	Map-first mobile	mobile-structure	mobile-phone	NAV-BOTTOM-SHEET	SH-PHONE-SHEET	D-TOUCH-COMFORT	IX-PRIMARY-THUMB	PLATFORM=mobile-phone; PATTERN=m-map-first; NAV=NAV-BOTTOM-SHEET; SHELL=SH-PHONE-SHEET; DENSITY=D-TOUCH-COMFORT; IX=IX-PRIMARY-THUMB; IMPL=bottom-nav-fixed,viewport-meta,network-information,url-state; FEEL=Map stage + sheet
A0572	nonprofit-desktop	Nonprofit Desktop	industry-app	desktop-web	NAV-SIDE-RAIL	SH-DESK-DATAGRID	D-DEFAULT	IX-KEYBOARD-SHORTCUTS	PLATFORM=desktop-web; PATTERN=nonprofit-desktop; NAV=NAV-SIDE-RAIL; SHELL=SH-DESK-DATAGRID; DENSITY=D-DEFAULT; IX=IX-KEYBOARD-SHORTCUTS; IMPL=drag-drop-desktop,clipboard-api,debounce-search,aria-expanded; FEEL=campaigns donors
A0573	photos-mobile	Photos Mobile	industry-app	mobile-phone	NAV-BOTTOM-TABS	SH-PHONE-FEED	D-DEFAULT	IX-PRIMARY-THUMB	PLATFORM=mobile-phone; PATTERN=photos-mobile; NAV=NAV-BOTTOM-TABS; SHELL=SH-PHONE-FEED; DENSITY=D-DEFAULT; IX=IX-PRIMARY-THUMB; IMPL=prefers-reduced-motion,flex-phone-column,file-capture,service-worker-offline; FEEL=library memories
A0574	smart-home-mobile	Smart Home Mobile	industry-app	mobile-phone	NAV-BOTTOM-TABS	SH-PHONE-TABS	D-DEFAULT	IX-PRIMARY-THUMB	PLATFORM=mobile-phone; PATTERN=smart-home-mobile; NAV=NAV-BOTTOM-TABS; SHELL=SH-PHONE-TABS; DENSITY=D-DEFAULT; IX=IX-PRIMARY-THUMB; IMPL=prefers-reduced-motion,install-pwa,biometric-webauthn,viewport-meta; FEEL=rooms scenes devices
A0575	museum-desktop	Museum Desktop	industry-app	desktop-web	NAV-SIDE-RAIL	SH-DESK-DATAGRID	D-DEFAULT	IX-KEYBOARD-SHORTCUTS	PLATFORM=desktop-web; PATTERN=museum-desktop; NAV=NAV-SIDE-RAIL; SHELL=SH-DESK-DATAGRID; DENSITY=D-DEFAULT; IX=IX-KEYBOARD-SHORTCUTS; IMPL=overscroll,dialog-element,hotkeys,virtual-list; FEEL=collections CMS
A0576	food-courier-mobile	Courier Mobile	industry-app	mobile-phone	NAV-STACK-PUSH	SH-PHONE-STACK	D-TOUCH-COMFORT	IX-PRIMARY-THUMB	PLATFORM=mobile-phone; PATTERN=food-courier-mobile; NAV=NAV-STACK-PUSH; SHELL=SH-PHONE-STACK; DENSITY=D-TOUCH-COMFORT; IX=IX-PRIMARY-THUMB; IMPL=prefers-contrast,aria-current,network-information,coarse-pointer; FEEL=orders nav photo
A0577	m-form-multipage	Multi-page form	mobile-content-patterns	mobile-phone	NAV-WIZARD	SH-PHONE-STACK	D-DEFAULT	IX-PRIMARY-THUMB	PLATFORM=mobile-phone; PATTERN=m-form-multipage; NAV=NAV-WIZARD; SHELL=SH-PHONE-STACK; DENSITY=D-DEFAULT; IX=IX-PRIMARY-THUMB; IMPL=aria-expanded,skeleton-css,aria-current,coarse-pointer; FEEL=Save draft between pages
A0578	m-safe-area-chrome	Safe-area chrome	mobile-touch-a11y	mobile-phone	NAV-BOTTOM-TABS	SH-PHONE-TABS	D-TOUCH-COMFORT	IX-STICKY-FOOTER-CTA	PLATFORM=mobile-phone; PATTERN=m-safe-area-chrome; NAV=NAV-BOTTOM-TABS; SHELL=SH-PHONE-TABS; DENSITY=D-TOUCH-COMFORT; IX=IX-STICKY-FOOTER-CTA; IMPL=biometric-webauthn,safe-area-css,will-change-sparing,touch-action; FEEL=Tabs/CTAs above home indicator
A0579	os-material-fab	Material FAB	os-patterns	mobile-phone	NAV-STACK-PUSH	SH-PHONE-FEED	D-TOUCH-COMFORT	IX-FAB	PLATFORM=mobile-phone; PATTERN=os-material-fab; NAV=NAV-STACK-PUSH; SHELL=SH-PHONE-FEED; DENSITY=D-TOUCH-COMFORT; IX=IX-FAB; IMPL=csrf-safe,matchmedia,min-touch,app-badge; FEEL=Primary create
A0580	energy-mobile	Energy Field Mobile	industry-app	mobile-phone	NAV-TOP-TABS	SH-PHONE-FEED	D-TOUCH-COMFORT	IX-PRIMARY-THUMB	PLATFORM=mobile-phone; PATTERN=energy-mobile; NAV=NAV-TOP-TABS; SHELL=SH-PHONE-FEED; DENSITY=D-TOUCH-COMFORT; IX=IX-PRIMARY-THUMB; IMPL=matchmedia,app-badge,live-region,flex-phone-column; FEEL=assets inspect
A0581	m-permission-preface	Permission preface	mobile-content-patterns	mobile-phone	NAV-TOP-TABS	SH-PHONE-TABS	D-COMFORTABLE	IX-PERMISSION-RATIONALE	PLATFORM=mobile-phone; PATTERN=m-permission-preface; NAV=NAV-TOP-TABS; SHELL=SH-PHONE-TABS; DENSITY=D-COMFORTABLE; IX=IX-PERMISSION-RATIONALE; IMPL=app-badge,matchmedia,share-api,touch-action; FEEL=Value prop before OS dialog
A0582	museum-mobile	Museum Mobile	industry-app	mobile-phone	NAV-DRAWER	SH-PHONE-FEED	D-COMFORTABLE	IX-PRIMARY-THUMB	PLATFORM=mobile-phone; PATTERN=museum-mobile; NAV=NAV-DRAWER; SHELL=SH-PHONE-FEED; DENSITY=D-COMFORTABLE; IX=IX-PRIMARY-THUMB; IMPL=pointer-events,prefers-color-scheme,dvh-units,focus-visible; FEEL=visit guide audio
A0583	d-bulk-actions	Bulk action bar	desktop-density-keyboard	desktop-web	NAV-SIDE-RAIL	SH-DESK-DATAGRID	D-COMPACT	IX-MULTISELECT	PLATFORM=desktop-web; PATTERN=d-bulk-actions; NAV=NAV-SIDE-RAIL; SHELL=SH-DESK-DATAGRID; DENSITY=D-COMPACT; IX=IX-MULTISELECT; IMPL=fine-pointer,prefers-reduced-motion,clipboard-api,matchmedia; FEEL=Appears on selection
A0584	d-keyboard-nav	Full keyboard nav	desktop-density-keyboard	desktop-web	NAV-SIDE-RAIL	SH-DESK-RAIL-MAIN	D-DEFAULT	IX-KEYBOARD-SHORTCUTS	PLATFORM=desktop-web; PATTERN=d-keyboard-nav; NAV=NAV-SIDE-RAIL; SHELL=SH-DESK-RAIL-MAIN; DENSITY=D-DEFAULT; IX=IX-KEYBOARD-SHORTCUTS; IMPL=hover-media,intersection-infinite,pointer-events,prefers-color-scheme; FEEL=Tab order, roving tabindex lists
A0585	event-desktop	Event Desktop	industry-app	desktop-web	NAV-SIDE-RAIL	SH-DESK-RAIL-MAIN	D-DEFAULT	IX-KEYBOARD-SHORTCUTS	PLATFORM=desktop-web; PATTERN=event-desktop; NAV=NAV-SIDE-RAIL; SHELL=SH-DESK-RAIL-MAIN; DENSITY=D-DEFAULT; IX=IX-KEYBOARD-SHORTCUTS; IMPL=resize-observer,drag-drop-desktop,hotkeys,prefers-color-scheme; FEEL=registration agenda
A0586	m-search-results	Search results mobile	mobile-content-patterns	mobile-phone	NAV-STACK-PUSH	SH-PHONE-STACK	D-DEFAULT	IX-SEARCH-FIRST	PLATFORM=mobile-phone; PATTERN=m-search-results; NAV=NAV-STACK-PUSH; SHELL=SH-PHONE-STACK; DENSITY=D-DEFAULT; IX=IX-SEARCH-FIRST; IMPL=share-api,touch-action,min-touch,prefers-reduced-motion; FEEL=Query sticky + results
A0587	insurance-mobile	Insurance Mobile	industry-app	mobile-phone	NAV-BOTTOM-SHEET	SH-PHONE-TABS	D-DEFAULT	IX-PRIMARY-THUMB	PLATFORM=mobile-phone; PATTERN=insurance-mobile; NAV=NAV-BOTTOM-SHEET; SHELL=SH-PHONE-TABS; DENSITY=D-DEFAULT; IX=IX-PRIMARY-THUMB; IMPL=focus-trap,prefers-color-scheme,optimistic-ui,app-badge; FEEL=policies claims
A0588	d-rail-labels	Rail with labels	desktop-structure	desktop-web	NAV-SIDE-RAIL	SH-DESK-RAIL-MAIN	D-DEFAULT	IX-KEYBOARD-SHORTCUTS	PLATFORM=desktop-web; PATTERN=d-rail-labels; NAV=NAV-SIDE-RAIL; SHELL=SH-DESK-RAIL-MAIN; DENSITY=D-DEFAULT; IX=IX-KEYBOARD-SHORTCUTS; IMPL=virtual-list,dialog-element,url-state,hotkeys; FEEL=Discoverability > icons-only
A0589	restaurant-pos-tablet	Restaurant POS Tablet	industry-app	mobile-tablet	NAV-NONE-FOCUS	SH-TABLET-SPLIT	D-TOUCH-COMFORT	IX-EMPTY-CTA	PLATFORM=mobile-tablet; PATTERN=restaurant-pos-tablet; NAV=NAV-NONE-FOCUS; SHELL=SH-TABLET-SPLIT; DENSITY=D-TOUCH-COMFORT; IX=IX-EMPTY-CTA; IMPL=tap-highlight,scroll-padding,prefers-contrast,overscroll; FEEL=tickets menu pay
A0590	insurance-desktop	Insurance Desktop	industry-app	desktop-web	NAV-MENUBAR	SH-DESK-TOOL-CANVAS	D-COMPACT	IX-KEYBOARD-SHORTCUTS	PLATFORM=desktop-web; PATTERN=insurance-desktop; NAV=NAV-MENUBAR; SHELL=SH-DESK-TOOL-CANVAS; DENSITY=D-COMPACT; IX=IX-KEYBOARD-SHORTCUTS; IMPL=prefers-reduced-motion,drag-drop-desktop,resize-observer,focus-visible; FEEL=policies claims queue
A0591	m-form-multipage	Multi-page form	mobile-content-patterns	mobile-phone	NAV-WIZARD	SH-PHONE-STACK	D-DEFAULT	IX-PRIMARY-THUMB	PLATFORM=mobile-phone; PATTERN=m-form-multipage; NAV=NAV-WIZARD; SHELL=SH-PHONE-STACK; DENSITY=D-DEFAULT; IX=IX-PRIMARY-THUMB; IMPL=push-web,skeleton-css,network-information,form-novalidate; FEEL=Save draft between pages
A0592	email-mobile	Mobile Email	industry-app	mobile-phone	NAV-STACK-PUSH	SH-PHONE-STACK	D-DEFAULT	IX-PRIMARY-THUMB	PLATFORM=mobile-phone; PATTERN=email-mobile; NAV=NAV-STACK-PUSH; SHELL=SH-PHONE-STACK; DENSITY=D-DEFAULT; IX=IX-PRIMARY-THUMB; IMPL=overscroll,hover-media,dvh-units,error-boundary-ui; FEEL=inbox thread compose
A0593	d-rail-main-inspector	Rail + main + inspector	desktop-structure	desktop-web	NAV-SIDE-TREE	SH-DESK-DOCUMENT	D-COMPACT	IX-KEYBOARD-SHORTCUTS	PLATFORM=desktop-web; PATTERN=d-rail-main-inspector; NAV=NAV-SIDE-TREE; SHELL=SH-DESK-DOCUMENT; DENSITY=D-COMPACT; IX=IX-KEYBOARD-SHORTCUTS; IMPL=debounce-search,hotkeys,dialog-element,popover-api; FEEL=Selection details; not idle triple
A0594	d-comfortable-tables	Comfortable tables	desktop-density-keyboard	desktop-web	NAV-SIDE-RAIL	SH-DESK-DATAGRID	D-DEFAULT	IX-PAGINATION	PLATFORM=desktop-web; PATTERN=d-comfortable-tables; NAV=NAV-SIDE-RAIL; SHELL=SH-DESK-DATAGRID; DENSITY=D-DEFAULT; IX=IX-PAGINATION; IMPL=prefers-reduced-motion,clipboard-api,live-region,overscroll; FEEL=Readable rows
A0595	energy-desktop	Energy Ops Desktop	industry-app	desktop-web	NAV-TOP-TABS	SH-DESK-TOOL-CANVAS	D-COMPACT	IX-KEYBOARD-SHORTCUTS	PLATFORM=desktop-web; PATTERN=energy-desktop; NAV=NAV-TOP-TABS; SHELL=SH-DESK-TOOL-CANVAS; DENSITY=D-COMPACT; IX=IX-KEYBOARD-SHORTCUTS; IMPL=will-change-sparing,error-boundary-ui,prefers-color-scheme,scroll-padding; FEEL=grid status alarms
A0596	x-error-boundary	Error boundary UX	cross-platform-app	responsive-app	NAV-NONE-FOCUS	SH-RESPONSIVE-COLLAPSE	D-DEFAULT	IX-EMPTY-CTA	PLATFORM=responsive-app; PATTERN=x-error-boundary; NAV=NAV-NONE-FOCUS; SHELL=SH-RESPONSIVE-COLLAPSE; DENSITY=D-DEFAULT; IX=IX-EMPTY-CTA; IMPL=install-pwa,hotkeys,scroll-padding,dialog-element; FEEL=Recover section not white screen
A0597	x-search-global	Global search	cross-platform-app	responsive-app	NAV-NONE-FOCUS	SH-RESPONSIVE-COLLAPSE	D-DEFAULT	IX-SEARCH-FIRST	PLATFORM=responsive-app; PATTERN=x-search-global; NAV=NAV-NONE-FOCUS; SHELL=SH-RESPONSIVE-COLLAPSE; DENSITY=D-DEFAULT; IX=IX-SEARCH-FIRST; IMPL=url-state,sticky-footer-cta,hotkeys,container-queries; FEEL=Entities + actions
A0598	logistics-mobile	Driver Mobile	industry-app	mobile-phone	NAV-STACK-PUSH	SH-PHONE-STACK	D-TOUCH-COMFORT	IX-PRIMARY-THUMB	PLATFORM=mobile-phone; PATTERN=logistics-mobile; NAV=NAV-STACK-PUSH; SHELL=SH-PHONE-STACK; DENSITY=D-TOUCH-COMFORT; IX=IX-PRIMARY-THUMB; IMPL=autocomplete,viewport-meta,skeleton-css,safe-area-css; FEEL=stops nav complete
A0599	d-multi-window	Multi-window ready	desktop-density-keyboard	desktop-web	NAV-MENUBAR	SH-DESK-DOCUMENT	D-DEFAULT	IX-KEYBOARD-SHORTCUTS	PLATFORM=desktop-web; PATTERN=d-multi-window; NAV=NAV-MENUBAR; SHELL=SH-DESK-DOCUMENT; DENSITY=D-DEFAULT; IX=IX-KEYBOARD-SHORTCUTS; IMPL=aria-current,focus-visible,virtual-list,fine-pointer; FEEL=Deep links open surfaces
A0600	health-mobile	Health Tracker Mobile	industry-app	mobile-phone	NAV-BOTTOM-TABS	SH-PHONE-TABS	D-TOUCH-COMFORT	IX-PRIMARY-THUMB	PLATFORM=mobile-phone; PATTERN=health-mobile; NAV=NAV-BOTTOM-TABS; SHELL=SH-PHONE-TABS; DENSITY=D-TOUCH-COMFORT; IX=IX-PRIMARY-THUMB; IMPL=focus-trap,csrf-safe,service-worker-offline,dvh-units; FEEL=rings trends log
A0601	d-high-contrast	OS high contrast aware	desktop-density-keyboard	desktop-web	NAV-MENUBAR	SH-DESK-TOOL-CANVAS	D-DEFAULT	IX-PRIMARY-THUMB	PLATFORM=desktop-web; PATTERN=d-high-contrast; NAV=NAV-MENUBAR; SHELL=SH-DESK-TOOL-CANVAS; DENSITY=D-DEFAULT; IX=IX-PRIMARY-THUMB; IMPL=container-queries,debounce-search,drag-drop-desktop,focus-visible; FEEL=Borders not colour-only
A0602	os-kiosk-locked	Kiosk locked session	os-patterns	mobile-phone	NAV-NONE-FOCUS	SH-PHONE-STACK	D-TOUCH-COMFORT	IX-PRIMARY-THUMB	PLATFORM=mobile-phone; PATTERN=os-kiosk-locked; NAV=NAV-NONE-FOCUS; SHELL=SH-PHONE-STACK; DENSITY=D-TOUCH-COMFORT; IX=IX-PRIMARY-THUMB; IMPL=content-visibility,skeleton-css,focus-visible,network-information; FEEL=Timeout reset
A0603	tax-mobile	Tax Mobile	industry-app	mobile-phone	NAV-STACK-PUSH	SH-PHONE-STACK	D-DEFAULT	IX-PRIMARY-THUMB	PLATFORM=mobile-phone; PATTERN=tax-mobile; NAV=NAV-STACK-PUSH; SHELL=SH-PHONE-STACK; DENSITY=D-DEFAULT; IX=IX-PRIMARY-THUMB; IMPL=push-web,aria-current,dvh-units,overscroll; FEEL=upload status
A0604	x-permissioned-ui	Permissioned UI	cross-platform-app	responsive-app	NAV-NONE-FOCUS	SH-RESPONSIVE-COLLAPSE	D-DEFAULT	IX-EMPTY-CTA	PLATFORM=responsive-app; PATTERN=x-permissioned-ui; NAV=NAV-NONE-FOCUS; SHELL=SH-RESPONSIVE-COLLAPSE; DENSITY=D-DEFAULT; IX=IX-EMPTY-CTA; IMPL=virtual-list,scroll-padding,command-palette-js,overscroll; FEEL=Hide vs disable with reason
A0605	news-desktop	News Desktop	industry-app	desktop-web	NAV-MASTER-DETAIL	SH-TABLET-SPLIT	D-DEFAULT	IX-KEYBOARD-SHORTCUTS	PLATFORM=desktop-web; PATTERN=news-desktop; NAV=NAV-MASTER-DETAIL; SHELL=SH-TABLET-SPLIT; DENSITY=D-DEFAULT; IX=IX-KEYBOARD-SHORTCUTS; IMPL=debounce-search,matchmedia,overscroll,session-timeout; FEEL=sections article
A0606	m-no-hover	No hover-only	mobile-touch-a11y	mobile-phone	NAV-STACK-PUSH	SH-PHONE-STACK	D-DEFAULT	IX-PRIMARY-THUMB	PLATFORM=mobile-phone; PATTERN=m-no-hover; NAV=NAV-STACK-PUSH; SHELL=SH-PHONE-STACK; DENSITY=D-DEFAULT; IX=IX-PRIMARY-THUMB; IMPL=file-capture,tap-highlight,network-information,vibrate-careful; FEEL=All actions visible/tappable
A0607	m-cards-scroll	Card vertical stack	mobile-content-patterns	mobile-phone	NAV-STACK-PUSH	SH-PHONE-FEED	D-COMFORTABLE	IX-INFINITE-SCROLL	PLATFORM=mobile-phone; PATTERN=m-cards-scroll; NAV=NAV-STACK-PUSH; SHELL=SH-PHONE-FEED; DENSITY=D-COMFORTABLE; IX=IX-INFINITE-SCROLL; IMPL=type-date,bottom-nav-fixed,aria-expanded,intersection-infinite; FEEL=Scannable cards
A0608	d-design-canvas	Design/tool canvas	desktop-structure	desktop-web	NAV-TOOLBAR	SH-DESK-TOOL-CANVAS	D-DEFAULT	IX-KEYBOARD-SHORTCUTS	PLATFORM=desktop-web; PATTERN=d-design-canvas; NAV=NAV-TOOLBAR; SHELL=SH-DESK-TOOL-CANVAS; DENSITY=D-DEFAULT; IX=IX-KEYBOARD-SHORTCUTS; IMPL=popover-api,hotkeys,optimistic-ui,prefers-contrast; FEEL=Tools on demand
A0609	vpn-mobile	VPN Mobile	industry-app	mobile-phone	NAV-NONE-FOCUS	SH-PHONE-FEED	D-DEFAULT	IX-PRIMARY-THUMB	PLATFORM=mobile-phone; PATTERN=vpn-mobile; NAV=NAV-NONE-FOCUS; SHELL=SH-PHONE-FEED; DENSITY=D-DEFAULT; IX=IX-PRIMARY-THUMB; IMPL=service-worker-offline,bottom-nav-fixed,abort-controller,vibrate-careful; FEEL=connect status regions
A0610	health-clinic-desktop	Clinic Desktop	industry-app	responsive-app	NAV-MASTER-DETAIL	SH-DESK-RAIL-MAIN-INSP	D-COMPACT	IX-KEYBOARD-SHORTCUTS	PLATFORM=responsive-app; PATTERN=health-clinic-desktop; NAV=NAV-MASTER-DETAIL; SHELL=SH-DESK-RAIL-MAIN-INSP; DENSITY=D-COMPACT; IX=IX-KEYBOARD-SHORTCUTS; IMPL=dialog-element,intersection-infinite,live-region,sticky-footer-cta; FEEL=schedule patients notes
A0611	d-rail-main-inspector	Rail + main + inspector	desktop-structure	desktop-web	NAV-MENUBAR	SH-DESK-RAIL-MAIN-INSP	D-COMPACT	IX-KEYBOARD-SHORTCUTS	PLATFORM=desktop-web; PATTERN=d-rail-main-inspector; NAV=NAV-MENUBAR; SHELL=SH-DESK-RAIL-MAIN-INSP; DENSITY=D-COMPACT; IX=IX-KEYBOARD-SHORTCUTS; IMPL=intersection-infinite,clipboard-api,debounce-search,pointer-events; FEEL=Selection details; not idle triple
A0612	school-desktop	School Admin Desktop	industry-app	desktop-web	NAV-DRAWER	SH-DESK-RAIL-MAIN	D-COMPACT	IX-KEYBOARD-SHORTCUTS	PLATFORM=desktop-web; PATTERN=school-desktop; NAV=NAV-DRAWER; SHELL=SH-DESK-RAIL-MAIN; DENSITY=D-COMPACT; IX=IX-KEYBOARD-SHORTCUTS; IMPL=csrf-safe,hover-media,prefers-color-scheme,focus-trap; FEEL=roster attendance
A0613	maps-mobile	Mobile Maps	industry-app	responsive-app	NAV-BOTTOM-SHEET	SH-PHONE-SHEET	D-TOUCH-COMFORT	IX-PRIMARY-THUMB	PLATFORM=responsive-app; PATTERN=maps-mobile; NAV=NAV-BOTTOM-SHEET; SHELL=SH-PHONE-SHEET; DENSITY=D-TOUCH-COMFORT; IX=IX-PRIMARY-THUMB; IMPL=touch-action,debounce-search,skeleton-css,popover-api; FEEL=map sheet search
A0614	m-filter-sheet	Filter sheet	mobile-structure	mobile-phone	NAV-NONE-FOCUS	SH-PHONE-SHEET	D-DEFAULT	IX-PRIMARY-THUMB	PLATFORM=mobile-phone; PATTERN=m-filter-sheet; NAV=NAV-NONE-FOCUS; SHELL=SH-PHONE-SHEET; DENSITY=D-DEFAULT; IX=IX-PRIMARY-THUMB; IMPL=vibrate-careful,form-novalidate,scroll-padding,inputmode; FEEL=Filters over results
A0615	os-material-top-app-bar	Material top app bar	os-patterns	mobile-phone	NAV-TOP-TABS	SH-PHONE-SHEET	D-DEFAULT	IX-PRIMARY-THUMB	PLATFORM=mobile-phone; PATTERN=os-material-top-app-bar; NAV=NAV-TOP-TABS; SHELL=SH-PHONE-SHEET; DENSITY=D-DEFAULT; IX=IX-PRIMARY-THUMB; IMPL=biometric-webauthn,inputmode,app-badge,pointer-events; FEEL=Nav + actions
A0616	d-typeahead	Typeahead find	desktop-density-keyboard	desktop-web	NAV-SIDE-RAIL	SH-DESK-DATAGRID	D-COMPACT	IX-SEARCH-FIRST	PLATFORM=desktop-web; PATTERN=d-typeahead; NAV=NAV-SIDE-RAIL; SHELL=SH-DESK-DATAGRID; DENSITY=D-COMPACT; IX=IX-SEARCH-FIRST; IMPL=form-novalidate,hotkeys,overscroll,aria-expanded; FEEL=Jump in lists
A0617	d-progressive-more	More/Fewer options	desktop-density-keyboard	desktop-web	NAV-SIDE-TREE	SH-DESK-RAIL-MAIN-INSP	D-DEFAULT	IX-FILTER-CHIPS	PLATFORM=desktop-web; PATTERN=d-progressive-more; NAV=NAV-SIDE-TREE; SHELL=SH-DESK-RAIL-MAIN-INSP; DENSITY=D-DEFAULT; IX=IX-FILTER-CHIPS; IMPL=virtual-list,resize-observer,prefers-contrast,grid-app-shell; FEEL=Hide rare advanced
A0618	calendar-desktop	Desktop Calendar	industry-app	responsive-app	NAV-DRAWER	SH-PHONE-STACK	D-DEFAULT	IX-KEYBOARD-SHORTCUTS	PLATFORM=responsive-app; PATTERN=calendar-desktop; NAV=NAV-DRAWER; SHELL=SH-PHONE-STACK; DENSITY=D-DEFAULT; IX=IX-KEYBOARD-SHORTCUTS; IMPL=sticky-footer-cta,tap-highlight,share-api,abort-controller; FEEL=week grid create
A0619	vpn-mobile	VPN Mobile	industry-app	mobile-phone	NAV-BOTTOM-TABS	SH-PHONE-SHEET	D-DEFAULT	IX-PRIMARY-THUMB	PLATFORM=mobile-phone; PATTERN=vpn-mobile; NAV=NAV-BOTTOM-TABS; SHELL=SH-PHONE-SHEET; DENSITY=D-DEFAULT; IX=IX-PRIMARY-THUMB; IMPL=hover-media,intersection-infinite,history-stack,focus-visible; FEEL=connect status regions
A0620	m-timeline-vertical	Vertical timeline	mobile-content-patterns	mobile-phone	NAV-STACK-PUSH	SH-PHONE-STACK	D-DEFAULT	IX-INFINITE-SCROLL	PLATFORM=mobile-phone; PATTERN=m-timeline-vertical; NAV=NAV-STACK-PUSH; SHELL=SH-PHONE-STACK; DENSITY=D-DEFAULT; IX=IX-INFINITE-SCROLL; IMPL=file-capture,aria-expanded,app-badge,tap-highlight; FEEL=Activity history
A0621	travel-desktop	Travel Desktop	industry-app	desktop-web	NAV-MASTER-DETAIL	SH-DESK-IDE-LITE	D-DEFAULT	IX-KEYBOARD-SHORTCUTS	PLATFORM=desktop-web; PATTERN=travel-desktop; NAV=NAV-MASTER-DETAIL; SHELL=SH-DESK-IDE-LITE; DENSITY=D-DEFAULT; IX=IX-KEYBOARD-SHORTCUTS; IMPL=session-timeout,focus-trap,hotkeys,prefers-reduced-motion; FEEL=itinerary booking
A0622	m-safe-area-chrome	Safe-area chrome	mobile-touch-a11y	mobile-phone	NAV-BOTTOM-SHEET	SH-PHONE-STACK	D-TOUCH-COMFORT	IX-STICKY-FOOTER-CTA	PLATFORM=mobile-phone; PATTERN=m-safe-area-chrome; NAV=NAV-BOTTOM-SHEET; SHELL=SH-PHONE-STACK; DENSITY=D-TOUCH-COMFORT; IX=IX-STICKY-FOOTER-CTA; IMPL=viewport-meta,virtual-list,focus-visible,touch-action; FEEL=Tabs/CTAs above home indicator
A0623	social-mobile	Social Mobile	industry-app	mobile-phone	NAV-NONE-FOCUS	SH-PHONE-SHEET	D-DEFAULT	IX-PRIMARY-THUMB	PLATFORM=mobile-phone; PATTERN=social-mobile; NAV=NAV-NONE-FOCUS; SHELL=SH-PHONE-SHEET; DENSITY=D-DEFAULT; IX=IX-PRIMARY-THUMB; IMPL=service-worker-offline,safe-area-css,viewport-meta,focus-visible; FEEL=feed create profile
A0624	m-checkout-linear	Mobile checkout linear	mobile-structure	mobile-phone	NAV-WIZARD	SH-PHONE-STACK	D-TOUCH-COMFORT	IX-PRIMARY-THUMB	PLATFORM=mobile-phone; PATTERN=m-checkout-linear; NAV=NAV-WIZARD; SHELL=SH-PHONE-STACK; DENSITY=D-TOUCH-COMFORT; IX=IX-PRIMARY-THUMB; IMPL=push-web,pointer-events,history-stack,dialog-element; FEEL=Steps, progress, sticky pay
A0625	m-tab-per-stack	Tab + stack per root	mobile-structure	mobile-phone	NAV-TAB+STACK	SH-PHONE-TABS	D-TOUCH-COMFORT	IX-PRIMARY-THUMB	PLATFORM=mobile-phone; PATTERN=m-tab-per-stack; NAV=NAV-TAB+STACK; SHELL=SH-PHONE-TABS; DENSITY=D-TOUCH-COMFORT; IX=IX-PRIMARY-THUMB; IMPL=aria-expanded,focus-visible,type-date,form-novalidate; FEEL=Independent history per tab
A0626	chat-mobile	Mobile Chat	industry-app	mobile-phone	NAV-STACK-PUSH	SH-PHONE-STACK	D-DEFAULT	IX-PRIMARY-THUMB	PLATFORM=mobile-phone; PATTERN=chat-mobile; NAV=NAV-STACK-PUSH; SHELL=SH-PHONE-STACK; DENSITY=D-DEFAULT; IX=IX-PRIMARY-THUMB; IMPL=aria-current,prefers-color-scheme,optimistic-ui,focus-trap; FEEL=threads composer
A0627	x-rtl-ready	RTL-ready layout	cross-platform-app	responsive-app	NAV-NONE-FOCUS	SH-RESPONSIVE-COLLAPSE	D-DEFAULT	IX-PRIMARY-THUMB	PLATFORM=responsive-app; PATTERN=x-rtl-ready; NAV=NAV-NONE-FOCUS; SHELL=SH-RESPONSIVE-COLLAPSE; DENSITY=D-DEFAULT; IX=IX-PRIMARY-THUMB; IMPL=live-region,inputmode,safe-area-css,push-web; FEEL=Logical properties
A0628	m-gesture-alt	Gesture + visible alt	mobile-touch-a11y	mobile-phone	NAV-STACK-PUSH	SH-PHONE-FEED	D-DEFAULT	IX-SWIPE-ACTIONS	PLATFORM=mobile-phone; PATTERN=m-gesture-alt; NAV=NAV-STACK-PUSH; SHELL=SH-PHONE-FEED; DENSITY=D-DEFAULT; IX=IX-SWIPE-ACTIONS; IMPL=aria-expanded,hover-media,matchmedia,optimistic-ui; FEEL=Swipe not only path
A0629	tax-desktop	Tax Desktop	industry-app	responsive-app	NAV-MODAL-SHEET	SH-DESK-RAIL-MAIN	D-DEFAULT	IX-KEYBOARD-SHORTCUTS	PLATFORM=responsive-app; PATTERN=tax-desktop; NAV=NAV-MODAL-SHEET; SHELL=SH-DESK-RAIL-MAIN; DENSITY=D-DEFAULT; IX=IX-KEYBOARD-SHORTCUTS; IMPL=content-visibility,live-region,will-change-sparing,drag-drop-desktop; FEEL=forms wizard review
A0630	os-macos-sidebar	macOS sidebar	os-patterns	desktop-web	NAV-SIDE-RAIL	SH-DESK-RAIL-MAIN	D-DEFAULT	IX-KEYBOARD-SHORTCUTS	PLATFORM=desktop-web; PATTERN=os-macos-sidebar; NAV=NAV-SIDE-RAIL; SHELL=SH-DESK-RAIL-MAIN; DENSITY=D-DEFAULT; IX=IX-KEYBOARD-SHORTCUTS; IMPL=hover-media,autocomplete,scroll-padding,pointer-events; FEEL=Source list
A0631	os-ios-swipe-back	iOS interactive pop	os-patterns	mobile-phone	NAV-TAB+STACK	SH-PHONE-FEED	D-DEFAULT	IX-PRIMARY-THUMB	PLATFORM=mobile-phone; PATTERN=os-ios-swipe-back; NAV=NAV-TAB+STACK; SHELL=SH-PHONE-FEED; DENSITY=D-DEFAULT; IX=IX-PRIMARY-THUMB; IMPL=app-badge,hover-media,network-information,pointer-events; FEEL=Edge swipe back
A0632	food-merchant-desktop	Merchant Desktop	industry-app	desktop-web	NAV-MASTER-DETAIL	SH-DESK-RAIL-MAIN-INSP	D-COMPACT	IX-KEYBOARD-SHORTCUTS	PLATFORM=desktop-web; PATTERN=food-merchant-desktop; NAV=NAV-MASTER-DETAIL; SHELL=SH-DESK-RAIL-MAIN-INSP; DENSITY=D-COMPACT; IX=IX-KEYBOARD-SHORTCUTS; IMPL=focus-visible,hotkeys,command-palette-js,localstorage-prefs; FEEL=orders kitchen
A0633	d-progressive-more	More/Fewer options	desktop-density-keyboard	desktop-web	NAV-DRAWER	SH-TABLET-RAIL	D-DEFAULT	IX-FILTER-CHIPS	PLATFORM=desktop-web; PATTERN=d-progressive-more; NAV=NAV-DRAWER; SHELL=SH-TABLET-RAIL; DENSITY=D-DEFAULT; IX=IX-FILTER-CHIPS; IMPL=roving-tabindex,clipboard-api,hotkeys,prefers-contrast; FEEL=Hide rare advanced
A0634	d-resize-panes	Resizable panes	desktop-density-keyboard	desktop-web	NAV-SIDE-RAIL	SH-DESK-DATAGRID	D-DEFAULT	IX-SPLIT-RESIZE	PLATFORM=desktop-web; PATTERN=d-resize-panes; NAV=NAV-SIDE-RAIL; SHELL=SH-DESK-DATAGRID; DENSITY=D-DEFAULT; IX=IX-SPLIT-RESIZE; IMPL=will-change-sparing,virtual-list,pointer-events,csrf-safe; FEEL=Min width; persist
A0635	x-shared-tokens	Shared design tokens	cross-platform-app	responsive-app	NAV-BREADCRUMB	SH-DESK-RAIL-MAIN-INSP	D-DEFAULT	IX-PRIMARY-THUMB	PLATFORM=responsive-app; PATTERN=x-shared-tokens; NAV=NAV-BREADCRUMB; SHELL=SH-DESK-RAIL-MAIN-INSP; DENSITY=D-DEFAULT; IX=IX-PRIMARY-THUMB; IMPL=overscroll,will-change-sparing,bottom-nav-fixed,form-novalidate; FEEL=Colour type space cross surface
A0636	vpn-desktop	VPN Desktop	industry-app	desktop-web	NAV-MENUBAR	SH-DESK-DASH	D-DEFAULT	IX-KEYBOARD-SHORTCUTS	PLATFORM=desktop-web; PATTERN=vpn-desktop; NAV=NAV-MENUBAR; SHELL=SH-DESK-DASH; DENSITY=D-DEFAULT; IX=IX-KEYBOARD-SHORTCUTS; IMPL=form-novalidate,container-queries,aria-expanded,prefers-color-scheme; FEEL=connect routes
A0637	m-camera-first	Camera/capture first	mobile-structure	mobile-phone	NAV-NONE-FOCUS	SH-PHONE-CANVAS	D-TOUCH-COMFORT	IX-PRIMARY-THUMB	PLATFORM=mobile-phone; PATTERN=m-camera-first; NAV=NAV-NONE-FOCUS; SHELL=SH-PHONE-CANVAS; DENSITY=D-TOUCH-COMFORT; IX=IX-PRIMARY-THUMB; IMPL=coarse-pointer,url-state,will-change-sparing,optimistic-ui; FEEL=Capture chrome minimal
A0638	m-auth-focus	Auth focus flow	mobile-structure	mobile-phone	NAV-NONE-FOCUS	SH-PHONE-STACK	D-COMFORTABLE	IX-PRIMARY-THUMB	PLATFORM=mobile-phone; PATTERN=m-auth-focus; NAV=NAV-NONE-FOCUS; SHELL=SH-PHONE-STACK; DENSITY=D-COMFORTABLE; IX=IX-PRIMARY-THUMB; IMPL=virtual-list,file-capture,focus-visible,optimistic-ui; FEEL=No app chrome
A0639	realestate-desktop	Property Desktop	industry-app	mobile-tablet	NAV-MASTER-DETAIL	SH-TABLET-SPLIT	D-DEFAULT	IX-EMPTY-CTA	PLATFORM=mobile-tablet; PATTERN=realestate-desktop; NAV=NAV-MASTER-DETAIL; SHELL=SH-TABLET-SPLIT; DENSITY=D-DEFAULT; IX=IX-EMPTY-CTA; IMPL=prefers-reduced-motion,hover-media,vibrate-careful,dialog-element; FEEL=search map table
A0640	password-mobile	Password Manager Mobile	industry-app	mobile-phone	NAV-BOTTOM-TABS	SH-PHONE-TABS	D-DEFAULT	IX-PRIMARY-THUMB	PLATFORM=mobile-phone; PATTERN=password-mobile; NAV=NAV-BOTTOM-TABS; SHELL=SH-PHONE-TABS; DENSITY=D-DEFAULT; IX=IX-PRIMARY-THUMB; IMPL=csrf-safe,sticky-footer-cta,will-change-sparing,coarse-pointer; FEEL=vault autofill
A0641	x-breakpoint-nav-swap	Nav swap by breakpoint	cross-platform-app	responsive-app	NAV-BOTTOM-TABS	SH-RESPONSIVE-COLLAPSE	D-DEFAULT	IX-EMPTY-CTA	PLATFORM=responsive-app; PATTERN=x-breakpoint-nav-swap; NAV=NAV-BOTTOM-TABS; SHELL=SH-RESPONSIVE-COLLAPSE; DENSITY=D-DEFAULT; IX=IX-EMPTY-CTA; IMPL=viewport-meta,bottom-nav-fixed,focus-trap,focus-visible; FEEL=Rail↔tabs
A0642	trading-desktop	Trading Desktop	industry-app	desktop-web	NAV-TOOLBAR	SH-DESK-IDE-LITE	D-COMPACT	IX-KEYBOARD-SHORTCUTS	PLATFORM=desktop-web; PATTERN=trading-desktop; NAV=NAV-TOOLBAR; SHELL=SH-DESK-IDE-LITE; DENSITY=D-COMPACT; IX=IX-KEYBOARD-SHORTCUTS; IMPL=abort-controller,localstorage-prefs,prefers-contrast,csrf-safe; FEEL=order entry dense
A0643	d-command-first	Command palette first	desktop-structure	desktop-web	NAV-COMMAND-PALETTE	SH-DESK-RAIL-MAIN	D-COMPACT	IX-KEYBOARD-SHORTCUTS	PLATFORM=desktop-web; PATTERN=d-command-first; NAV=NAV-COMMAND-PALETTE; SHELL=SH-DESK-RAIL-MAIN; DENSITY=D-COMPACT; IX=IX-KEYBOARD-SHORTCUTS; IMPL=hover-media,prefers-contrast,clipboard-api,url-state; FEEL=Keyboard jump primary
A0644	erp-desktop	ERP Desktop	industry-app	desktop-web	NAV-SIDE-RAIL	SH-DESK-DATAGRID	D-COMPACT	IX-KEYBOARD-SHORTCUTS	PLATFORM=desktop-web; PATTERN=erp-desktop; NAV=NAV-SIDE-RAIL; SHELL=SH-DESK-DATAGRID; DENSITY=D-COMPACT; IX=IX-KEYBOARD-SHORTCUTS; IMPL=overscroll,aria-current,abort-controller,hotkeys; FEEL=modules dense tables
A0645	insurance-desktop	Insurance Desktop	industry-app	desktop-web	NAV-BREADCRUMB	SH-DESK-RAIL-MAIN-INSP	D-COMPACT	IX-KEYBOARD-SHORTCUTS	PLATFORM=desktop-web; PATTERN=insurance-desktop; NAV=NAV-BREADCRUMB; SHELL=SH-DESK-RAIL-MAIN-INSP; DENSITY=D-COMPACT; IX=IX-KEYBOARD-SHORTCUTS; IMPL=focus-visible,clipboard-api,resize-observer,aria-expanded; FEEL=policies claims queue
A0646	tasks-mobile	Tasks Mobile	industry-app	mobile-phone	NAV-BOTTOM-TABS	SH-PHONE-TABS	D-DEFAULT	IX-PRIMARY-THUMB	PLATFORM=mobile-phone; PATTERN=tasks-mobile; NAV=NAV-BOTTOM-TABS; SHELL=SH-PHONE-TABS; DENSITY=D-DEFAULT; IX=IX-PRIMARY-THUMB; IMPL=tap-highlight,service-worker-offline,share-api,network-information; FEEL=lists add complete
A0647	m-camera-first	Camera/capture first	mobile-structure	mobile-phone	NAV-NONE-FOCUS	SH-PHONE-CANVAS	D-TOUCH-COMFORT	IX-PRIMARY-THUMB	PLATFORM=mobile-phone; PATTERN=m-camera-first; NAV=NAV-NONE-FOCUS; SHELL=SH-PHONE-CANVAS; DENSITY=D-TOUCH-COMFORT; IX=IX-PRIMARY-THUMB; IMPL=app-badge,skeleton-css,intersection-infinite,scroll-padding; FEEL=Capture chrome minimal
A0648	tasks-mobile	Tasks Mobile	industry-app	desktop-web	NAV-TOOLBAR	SH-DESK-TOOL-CANVAS	D-DEFAULT	IX-PRIMARY-THUMB	PLATFORM=desktop-web; PATTERN=tasks-mobile; NAV=NAV-TOOLBAR; SHELL=SH-DESK-TOOL-CANVAS; DENSITY=D-DEFAULT; IX=IX-PRIMARY-THUMB; IMPL=intersection-infinite,url-state,live-region,hotkeys; FEEL=lists add complete
A0649	school-desktop	School Admin Desktop	industry-app	responsive-app	NAV-SIDE-RAIL	SH-DESK-DATAGRID	D-COMPACT	IX-KEYBOARD-SHORTCUTS	PLATFORM=responsive-app; PATTERN=school-desktop; NAV=NAV-SIDE-RAIL; SHELL=SH-DESK-DATAGRID; DENSITY=D-COMPACT; IX=IX-KEYBOARD-SHORTCUTS; IMPL=file-capture,focus-trap,bottom-nav-fixed,network-information; FEEL=roster attendance
A0650	university-mobile	Uni Mobile	industry-app	mobile-phone	NAV-BOTTOM-TABS	SH-PHONE-TABS	D-DEFAULT	IX-PRIMARY-THUMB	PLATFORM=mobile-phone; PATTERN=university-mobile; NAV=NAV-BOTTOM-TABS; SHELL=SH-PHONE-TABS; DENSITY=D-DEFAULT; IX=IX-PRIMARY-THUMB; IMPL=optimistic-ui,will-change-sparing,install-pwa,vibrate-careful; FEEL=timetable campus
A0651	m-picker-sheet	Picker sheet	mobile-structure	mobile-phone	NAV-BOTTOM-SHEET	SH-PHONE-SHEET	D-TOUCH-COMFORT	IX-PRIMARY-THUMB	PLATFORM=mobile-phone; PATTERN=m-picker-sheet; NAV=NAV-BOTTOM-SHEET; SHELL=SH-PHONE-SHEET; DENSITY=D-TOUCH-COMFORT; IX=IX-PRIMARY-THUMB; IMPL=prefers-reduced-motion,push-web,dvh-units,aria-expanded; FEEL=Select without full page
A0652	os-win-navigation-view	Win NavigationView	os-patterns	desktop-web	NAV-NONE-FOCUS	SH-TABLET-RAIL	D-DEFAULT	IX-KEYBOARD-SHORTCUTS	PLATFORM=desktop-web; PATTERN=os-win-navigation-view; NAV=NAV-NONE-FOCUS; SHELL=SH-TABLET-RAIL; DENSITY=D-DEFAULT; IX=IX-KEYBOARD-SHORTCUTS; IMPL=container-queries,hotkeys,grid-app-shell,scroll-padding; FEEL=Left nav expand
A0653	d-bulk-actions	Bulk action bar	desktop-density-keyboard	desktop-web	NAV-SIDE-RAIL	SH-DESK-DATAGRID	D-COMPACT	IX-MULTISELECT	PLATFORM=desktop-web; PATTERN=d-bulk-actions; NAV=NAV-SIDE-RAIL; SHELL=SH-DESK-DATAGRID; DENSITY=D-COMPACT; IX=IX-MULTISELECT; IMPL=content-visibility,skeleton-css,fine-pointer,autocomplete; FEEL=Appears on selection
A0654	fitness-mobile	Fitness Mobile	industry-app	desktop-web	NAV-BREADCRUMB	SH-DESK-DOCUMENT	D-DEFAULT	IX-PRIMARY-THUMB	PLATFORM=desktop-web; PATTERN=fitness-mobile; NAV=NAV-BREADCRUMB; SHELL=SH-DESK-DOCUMENT; DENSITY=D-DEFAULT; IX=IX-PRIMARY-THUMB; IMPL=clipboard-api,hover-media,matchmedia,pointer-events; FEEL=workout active timer
A0655	support-mobile	Support Mobile	industry-app	desktop-web	NAV-SIDE-TREE	SH-TABLET-SPLIT	D-DEFAULT	IX-PRIMARY-THUMB	PLATFORM=desktop-web; PATTERN=support-mobile; NAV=NAV-SIDE-TREE; SHELL=SH-TABLET-SPLIT; DENSITY=D-DEFAULT; IX=IX-PRIMARY-THUMB; IMPL=prefers-color-scheme,drag-drop-desktop,will-change-sparing,popover-api; FEEL=on-call ticket
A0656	x-state-matrix	Full state matrix	cross-platform-app	responsive-app	NAV-NONE-FOCUS	SH-RESPONSIVE-COLLAPSE	D-DEFAULT	IX-SKELETON-LOAD	PLATFORM=responsive-app; PATTERN=x-state-matrix; NAV=NAV-NONE-FOCUS; SHELL=SH-RESPONSIVE-COLLAPSE; DENSITY=D-DEFAULT; IX=IX-SKELETON-LOAD; IMPL=debounce-search,focus-trap,content-visibility,install-pwa; FEEL=default loading empty error success
A0657	d-context-menu	Context menu + menu bar	desktop-density-keyboard	desktop-web	NAV-SIDE-RAIL	SH-DESK-DATAGRID	D-DEFAULT	IX-KEYBOARD-SHORTCUTS	PLATFORM=desktop-web; PATTERN=d-context-menu; NAV=NAV-SIDE-RAIL; SHELL=SH-DESK-DATAGRID; DENSITY=D-DEFAULT; IX=IX-KEYBOARD-SHORTCUTS; IMPL=overscroll,will-change-sparing,autocomplete,debounce-search; FEEL=Right-click not only path
A0658	gaming-mobile	Casual Game Shell	industry-app	desktop-web	NAV-SIDE-TREE	SH-DESK-DOCUMENT	D-DEFAULT	IX-PRIMARY-THUMB	PLATFORM=desktop-web; PATTERN=gaming-mobile; NAV=NAV-SIDE-TREE; SHELL=SH-DESK-DOCUMENT; DENSITY=D-DEFAULT; IX=IX-PRIMARY-THUMB; IMPL=clipboard-api,live-region,csrf-safe,focus-trap; FEEL=play overlay menus
A0659	d-density-toggle	User density toggle	desktop-density-keyboard	desktop-web	NAV-SIDE-RAIL	SH-DESK-DATAGRID	D-DEFAULT	IX-WINDOW-DENSITY	PLATFORM=desktop-web; PATTERN=d-density-toggle; NAV=NAV-SIDE-RAIL; SHELL=SH-DESK-DATAGRID; DENSITY=D-DEFAULT; IX=IX-WINDOW-DENSITY; IMPL=will-change-sparing,focus-visible,matchmedia,container-queries; FEEL=Comfortable/Compact persist
A0660	m-hamburger-secondary	Drawer for secondary only	mobile-structure	mobile-phone	NAV-DRAWER	SH-PHONE-STACK	D-DEFAULT	IX-PRIMARY-THUMB	PLATFORM=mobile-phone; PATTERN=m-hamburger-secondary; NAV=NAV-DRAWER; SHELL=SH-PHONE-STACK; DENSITY=D-DEFAULT; IX=IX-PRIMARY-THUMB; IMPL=error-boundary-ui,abort-controller,autocomplete,coarse-pointer; FEEL=Not for primary 5 destinations
A0661	m-filter-sheet	Filter sheet	mobile-structure	mobile-phone	NAV-BOTTOM-SHEET	SH-PHONE-SHEET	D-DEFAULT	IX-PRIMARY-THUMB	PLATFORM=mobile-phone; PATTERN=m-filter-sheet; NAV=NAV-BOTTOM-SHEET; SHELL=SH-PHONE-SHEET; DENSITY=D-DEFAULT; IX=IX-PRIMARY-THUMB; IMPL=dialog-element,dvh-units,prefers-contrast,safe-area-css; FEEL=Filters over results
A0662	inventory-mobile	Inventory Mobile	industry-app	mobile-phone	NAV-NONE-FOCUS	SH-PHONE-STACK	D-TOUCH-COMFORT	IX-PRIMARY-THUMB	PLATFORM=mobile-phone; PATTERN=inventory-mobile; NAV=NAV-NONE-FOCUS; SHELL=SH-PHONE-STACK; DENSITY=D-TOUCH-COMFORT; IX=IX-PRIMARY-THUMB; IMPL=prefers-reduced-motion,flex-phone-column,biometric-webauthn,push-web; FEEL=scan count bins
A0663	password-desktop	Password Manager Desktop	industry-app	desktop-web	NAV-SIDE-RAIL	SH-DESK-DATAGRID	D-DEFAULT	IX-KEYBOARD-SHORTCUTS	PLATFORM=desktop-web; PATTERN=password-desktop; NAV=NAV-SIDE-RAIL; SHELL=SH-DESK-DATAGRID; DENSITY=D-DEFAULT; IX=IX-KEYBOARD-SHORTCUTS; IMPL=command-palette-js,skeleton-css,autocomplete,prefers-contrast; FEEL=vault generator
A0664	m-grid-2col	2-column grid	mobile-content-patterns	mobile-phone	NAV-STACK-PUSH	SH-PHONE-FEED	D-DEFAULT	IX-INFINITE-SCROLL	PLATFORM=mobile-phone; PATTERN=m-grid-2col; NAV=NAV-STACK-PUSH; SHELL=SH-PHONE-FEED; DENSITY=D-DEFAULT; IX=IX-INFINITE-SCROLL; IMPL=touch-action,app-badge,csrf-safe,live-region; FEEL=Gallery/products
A0665	d-shortcuts-help	? shortcuts cheatsheet	desktop-density-keyboard	desktop-web	NAV-SIDE-RAIL	SH-DESK-RAIL-MAIN	D-DEFAULT	IX-KEYBOARD-SHORTCUTS	PLATFORM=desktop-web; PATTERN=d-shortcuts-help; NAV=NAV-SIDE-RAIL; SHELL=SH-DESK-RAIL-MAIN; DENSITY=D-DEFAULT; IX=IX-KEYBOARD-SHORTCUTS; IMPL=roving-tabindex,prefers-color-scheme,resize-observer,overscroll; FEEL=Discoverable shortcuts
A0666	d-dashboard-ops	Ops dashboard	desktop-structure	desktop-web	NAV-COMMAND-PALETTE	SH-DESK-TOOL-CANVAS	D-DEFAULT	IX-KEYBOARD-SHORTCUTS	PLATFORM=desktop-web; PATTERN=d-dashboard-ops; NAV=NAV-COMMAND-PALETTE; SHELL=SH-DESK-TOOL-CANVAS; DENSITY=D-DEFAULT; IX=IX-KEYBOARD-SHORTCUTS; IMPL=will-change-sparing,focus-trap,session-timeout,virtual-list; FEEL=KPI + one focus viz
A0667	m-onboarding-pager	Onboarding pager	mobile-structure	mobile-phone	NAV-WIZARD	SH-PHONE-STACK	D-COMFORTABLE	IX-PRIMARY-THUMB	PLATFORM=mobile-phone; PATTERN=m-onboarding-pager; NAV=NAV-WIZARD; SHELL=SH-PHONE-STACK; DENSITY=D-COMFORTABLE; IX=IX-PRIMARY-THUMB; IMPL=coarse-pointer,matchmedia,overscroll,content-visibility; FEEL=3–5 screens skipable
A0668	d-support-console	Support console	desktop-structure	desktop-web	NAV-MASTER-DETAIL	SH-DESK-RAIL-MAIN-INSP	D-COMPACT	IX-KEYBOARD-SHORTCUTS	PLATFORM=desktop-web; PATTERN=d-support-console; NAV=NAV-MASTER-DETAIL; SHELL=SH-DESK-RAIL-MAIN-INSP; DENSITY=D-COMPACT; IX=IX-KEYBOARD-SHORTCUTS; IMPL=optimistic-ui,dialog-element,focus-trap,overscroll; FEEL=Ticket queue + workspace
A0669	d-file-manager	File manager	desktop-structure	desktop-web	NAV-SIDE-TREE	SH-DESK-RAIL-MAIN-INSP	D-COMPACT	IX-KEYBOARD-SHORTCUTS	PLATFORM=desktop-web; PATTERN=d-file-manager; NAV=NAV-SIDE-TREE; SHELL=SH-DESK-RAIL-MAIN-INSP; DENSITY=D-COMPACT; IX=IX-KEYBOARD-SHORTCUTS; IMPL=drag-drop-desktop,live-region,hover-media,virtual-list; FEEL=Tree | files | preview
A0670	museum-desktop	Museum Desktop	industry-app	desktop-web	NAV-SIDE-RAIL	SH-DESK-DATAGRID	D-DEFAULT	IX-KEYBOARD-SHORTCUTS	PLATFORM=desktop-web; PATTERN=museum-desktop; NAV=NAV-SIDE-RAIL; SHELL=SH-DESK-DATAGRID; DENSITY=D-DEFAULT; IX=IX-KEYBOARD-SHORTCUTS; IMPL=scroll-padding,url-state,roving-tabindex,aria-current; FEEL=collections CMS
A0671	password-desktop	Password Manager Desktop	industry-app	desktop-web	NAV-SIDE-TREE	SH-DESK-RAIL-MAIN	D-DEFAULT	IX-KEYBOARD-SHORTCUTS	PLATFORM=desktop-web; PATTERN=password-desktop; NAV=NAV-SIDE-TREE; SHELL=SH-DESK-RAIL-MAIN; DENSITY=D-DEFAULT; IX=IX-KEYBOARD-SHORTCUTS; IMPL=url-state,abort-controller,aria-current,focus-trap; FEEL=vault generator
A0672	education-desktop	LMS Desktop	industry-app	mobile-phone	NAV-WIZARD	SH-PHONE-STACK	D-DEFAULT	IX-KEYBOARD-SHORTCUTS	PLATFORM=mobile-phone; PATTERN=education-desktop; NAV=NAV-WIZARD; SHELL=SH-PHONE-STACK; DENSITY=D-DEFAULT; IX=IX-KEYBOARD-SHORTCUTS; IMPL=form-novalidate,file-capture,virtual-list,matchmedia; FEEL=courses gradebook
A0673	x-theming-light-dark	Light/dark tokens	cross-platform-app	responsive-app	NAV-NONE-FOCUS	SH-RESPONSIVE-COLLAPSE	D-DEFAULT	IX-PRIMARY-THUMB	PLATFORM=responsive-app; PATTERN=x-theming-light-dark; NAV=NAV-NONE-FOCUS; SHELL=SH-RESPONSIVE-COLLAPSE; DENSITY=D-DEFAULT; IX=IX-PRIMARY-THUMB; IMPL=debounce-search,url-state,app-badge,vibrate-careful; FEEL=Semantic surfaces
A0674	ride-driver-mobile	Driver Mobile	industry-app	mobile-phone	NAV-NONE-FOCUS	SH-PHONE-STACK	D-TOUCH-COMFORT	IX-PRIMARY-THUMB	PLATFORM=mobile-phone; PATTERN=ride-driver-mobile; NAV=NAV-NONE-FOCUS; SHELL=SH-PHONE-STACK; DENSITY=D-TOUCH-COMFORT; IX=IX-PRIMARY-THUMB; IMPL=aria-expanded,error-boundary-ui,prefers-color-scheme,autocomplete; FEEL=requests nav
A0675	museum-desktop	Museum Desktop	industry-app	desktop-web	NAV-SIDE-RAIL	SH-DESK-DATAGRID	D-DEFAULT	IX-KEYBOARD-SHORTCUTS	PLATFORM=desktop-web; PATTERN=museum-desktop; NAV=NAV-SIDE-RAIL; SHELL=SH-DESK-DATAGRID; DENSITY=D-DEFAULT; IX=IX-KEYBOARD-SHORTCUTS; IMPL=grid-app-shell,hotkeys,resize-observer,matchmedia; FEEL=collections CMS
A0676	travel-desktop	Travel Desktop	industry-app	responsive-app	NAV-SIDE-RAIL	SH-DESK-RAIL-MAIN	D-DEFAULT	IX-KEYBOARD-SHORTCUTS	PLATFORM=responsive-app; PATTERN=travel-desktop; NAV=NAV-SIDE-RAIL; SHELL=SH-DESK-RAIL-MAIN; DENSITY=D-DEFAULT; IX=IX-KEYBOARD-SHORTCUTS; IMPL=viewport-meta,command-palette-js,container-queries,sticky-footer-cta; FEEL=itinerary booking
A0677	x-notifications-inbox	In-app notification inbox	cross-platform-app	responsive-app	NAV-STACK-PUSH	SH-RESPONSIVE-COLLAPSE	D-DEFAULT	IX-EMPTY-CTA	PLATFORM=responsive-app; PATTERN=x-notifications-inbox; NAV=NAV-STACK-PUSH; SHELL=SH-RESPONSIVE-COLLAPSE; DENSITY=D-DEFAULT; IX=IX-EMPTY-CTA; IMPL=touch-action,container-queries,intersection-infinite,command-palette-js; FEEL=Read state + deep link
A0678	museum-desktop	Museum Desktop	industry-app	desktop-web	NAV-SIDE-TREE	SH-TABLET-RAIL	D-DEFAULT	IX-KEYBOARD-SHORTCUTS	PLATFORM=desktop-web; PATTERN=museum-desktop; NAV=NAV-SIDE-TREE; SHELL=SH-TABLET-RAIL; DENSITY=D-DEFAULT; IX=IX-KEYBOARD-SHORTCUTS; IMPL=will-change-sparing,live-region,prefers-reduced-motion,error-boundary-ui; FEEL=collections CMS
A0679	d-split-compare	Compare split	desktop-structure	desktop-web	NAV-MASTER-DETAIL	SH-TABLET-SPLIT	D-DEFAULT	IX-KEYBOARD-SHORTCUTS	PLATFORM=desktop-web; PATTERN=d-split-compare; NAV=NAV-MASTER-DETAIL; SHELL=SH-TABLET-SPLIT; DENSITY=D-DEFAULT; IX=IX-KEYBOARD-SHORTCUTS; IMPL=error-boundary-ui,popover-api,scroll-padding,debounce-search; FEEL=A|B decision
A0680	m-error-fullpage	Full-page error	mobile-content-patterns	mobile-phone	NAV-STACK-PUSH	SH-PHONE-STACK	D-DEFAULT	IX-EMPTY-CTA	PLATFORM=mobile-phone; PATTERN=m-error-fullpage; NAV=NAV-STACK-PUSH; SHELL=SH-PHONE-STACK; DENSITY=D-DEFAULT; IX=IX-EMPTY-CTA; IMPL=dvh-units,touch-action,focus-visible,sticky-footer-cta; FEEL=Retry + support
A0681	agriculture-mobile	Ag Mobile	industry-app	desktop-web	NAV-MASTER-DETAIL	SH-DESK-DATAGRID	D-DEFAULT	IX-PRIMARY-THUMB	PLATFORM=desktop-web; PATTERN=agriculture-mobile; NAV=NAV-MASTER-DETAIL; SHELL=SH-DESK-DATAGRID; DENSITY=D-DEFAULT; IX=IX-PRIMARY-THUMB; IMPL=intersection-infinite,command-palette-js,focus-trap,abort-controller; FEEL=fields tasks weather
A0682	calendar-mobile	Mobile Calendar	industry-app	mobile-phone	NAV-DRAWER	SH-PHONE-SHEET	D-DEFAULT	IX-PRIMARY-THUMB	PLATFORM=mobile-phone; PATTERN=calendar-mobile; NAV=NAV-DRAWER; SHELL=SH-PHONE-SHEET; DENSITY=D-DEFAULT; IX=IX-PRIMARY-THUMB; IMPL=live-region,debounce-search,safe-area-css,hover-media; FEEL=agenda day create
A0683	d-multi-window	Multi-window ready	desktop-density-keyboard	desktop-web	NAV-MENUBAR	SH-DESK-DOCUMENT	D-DEFAULT	IX-KEYBOARD-SHORTCUTS	PLATFORM=desktop-web; PATTERN=d-multi-window; NAV=NAV-MENUBAR; SHELL=SH-DESK-DOCUMENT; DENSITY=D-DEFAULT; IX=IX-KEYBOARD-SHORTCUTS; IMPL=overscroll,container-queries,skeleton-css,live-region; FEEL=Deep links open surfaces
A0684	x-notifications-inbox	In-app notification inbox	cross-platform-app	responsive-app	NAV-TAB+STACK	SH-DESK-IDE-LITE	D-DEFAULT	IX-EMPTY-CTA	PLATFORM=responsive-app; PATTERN=x-notifications-inbox; NAV=NAV-TAB+STACK; SHELL=SH-DESK-IDE-LITE; DENSITY=D-DEFAULT; IX=IX-EMPTY-CTA; IMPL=safe-area-css,service-worker-offline,prefers-reduced-motion,focus-visible; FEEL=Read state + deep link
A0685	betting-careful-mobile	Betting UI Careful	industry-app	responsive-app	NAV-BOTTOM-TABS	SH-DESK-DOCUMENT	D-DEFAULT	IX-PRIMARY-THUMB	PLATFORM=responsive-app; PATTERN=betting-careful-mobile; NAV=NAV-BOTTOM-TABS; SHELL=SH-DESK-DOCUMENT; DENSITY=D-DEFAULT; IX=IX-PRIMARY-THUMB; IMPL=push-web,focus-visible,bottom-nav-fixed,dialog-element; FEEL=clear stakes responsible
A0686	restaurant-pos-tablet	Restaurant POS Tablet	industry-app	desktop-web	NAV-MENUBAR	SH-RESPONSIVE-COLLAPSE	D-DEFAULT	IX-EMPTY-CTA	PLATFORM=desktop-web; PATTERN=restaurant-pos-tablet; NAV=NAV-MENUBAR; SHELL=SH-RESPONSIVE-COLLAPSE; DENSITY=D-DEFAULT; IX=IX-EMPTY-CTA; IMPL=overscroll,command-palette-js,roving-tabindex,pointer-events; FEEL=tickets menu pay
A0687	os-material-nav-rail	Material nav rail	os-patterns	mobile-tablet	NAV-BOTTOM-TABS	SH-PHONE-STACK	D-DEFAULT	IX-EMPTY-CTA	PLATFORM=mobile-tablet; PATTERN=os-material-nav-rail; NAV=NAV-BOTTOM-TABS; SHELL=SH-PHONE-STACK; DENSITY=D-DEFAULT; IX=IX-EMPTY-CTA; IMPL=focus-trap,vibrate-careful,will-change-sparing,type-date; FEEL=Tablet/desktop
A0688	os-macos-sidebar	macOS sidebar	os-patterns	desktop-web	NAV-WIZARD	SH-DESK-DATAGRID	D-DEFAULT	IX-KEYBOARD-SHORTCUTS	PLATFORM=desktop-web; PATTERN=os-macos-sidebar; NAV=NAV-WIZARD; SHELL=SH-DESK-DATAGRID; DENSITY=D-DEFAULT; IX=IX-KEYBOARD-SHORTCUTS; IMPL=aria-current,command-palette-js,virtual-list,url-state; FEEL=Source list
A0689	maps-mobile	Mobile Maps	industry-app	mobile-phone	NAV-BOTTOM-SHEET	SH-PHONE-SHEET	D-TOUCH-COMFORT	IX-PRIMARY-THUMB	PLATFORM=mobile-phone; PATTERN=maps-mobile; NAV=NAV-BOTTOM-SHEET; SHELL=SH-PHONE-SHEET; DENSITY=D-TOUCH-COMFORT; IX=IX-PRIMARY-THUMB; IMPL=app-badge,matchmedia,file-capture,install-pwa; FEEL=map sheet search
A0690	x-shared-tokens	Shared design tokens	cross-platform-app	responsive-app	NAV-BOTTOM-SHEET	SH-PHONE-CANVAS	D-DEFAULT	IX-PRIMARY-THUMB	PLATFORM=responsive-app; PATTERN=x-shared-tokens; NAV=NAV-BOTTOM-SHEET; SHELL=SH-PHONE-CANVAS; DENSITY=D-DEFAULT; IX=IX-PRIMARY-THUMB; IMPL=inputmode,touch-action,type-date,will-change-sparing; FEEL=Colour type space cross surface
A0691	d-map-desktop	Map ops desktop	desktop-structure	desktop-web	NAV-MASTER-DETAIL	SH-TABLET-SPLIT	D-DEFAULT	IX-KEYBOARD-SHORTCUTS	PLATFORM=desktop-web; PATTERN=d-map-desktop; NAV=NAV-MASTER-DETAIL; SHELL=SH-TABLET-SPLIT; DENSITY=D-DEFAULT; IX=IX-KEYBOARD-SHORTCUTS; IMPL=popover-api,url-state,aria-current,matchmedia; FEEL=Map + side list
A0692	os-win-navigation-view	Win NavigationView	os-patterns	desktop-web	NAV-MENUBAR	SH-DESK-IDE-LITE	D-DEFAULT	IX-KEYBOARD-SHORTCUTS	PLATFORM=desktop-web; PATTERN=os-win-navigation-view; NAV=NAV-MENUBAR; SHELL=SH-DESK-IDE-LITE; DENSITY=D-DEFAULT; IX=IX-KEYBOARD-SHORTCUTS; IMPL=overscroll,aria-current,localstorage-prefs,drag-drop-desktop; FEEL=Left nav expand
A0693	m-list-dense	Dense mobile list	mobile-content-patterns	mobile-phone	NAV-TOP-TABS	SH-PHONE-SHEET	D-DEFAULT	IX-INFINITE-SCROLL	PLATFORM=mobile-phone; PATTERN=m-list-dense; NAV=NAV-TOP-TABS; SHELL=SH-PHONE-SHEET; DENSITY=D-DEFAULT; IX=IX-INFINITE-SCROLL; IMPL=content-visibility,file-capture,optimistic-ui,aria-current; FEEL=One primary line + meta
A0694	m-camera-first	Camera/capture first	mobile-structure	mobile-phone	NAV-NONE-FOCUS	SH-PHONE-CANVAS	D-TOUCH-COMFORT	IX-PRIMARY-THUMB	PLATFORM=mobile-phone; PATTERN=m-camera-first; NAV=NAV-NONE-FOCUS; SHELL=SH-PHONE-CANVAS; DENSITY=D-TOUCH-COMFORT; IX=IX-PRIMARY-THUMB; IMPL=overscroll,prefers-contrast,prefers-reduced-motion,will-change-sparing; FEEL=Capture chrome minimal
A0695	security-soc-desktop	SOC Desktop	industry-app	desktop-web	NAV-MASTER-DETAIL	SH-DESK-RAIL-MAIN-INSP	D-COMPACT	IX-KEYBOARD-SHORTCUTS	PLATFORM=desktop-web; PATTERN=security-soc-desktop; NAV=NAV-MASTER-DETAIL; SHELL=SH-DESK-RAIL-MAIN-INSP; DENSITY=D-COMPACT; IX=IX-KEYBOARD-SHORTCUTS; IMPL=fine-pointer,csrf-safe,popover-api,url-state; FEEL=alerts timeline
A0696	x-rtl-ready	RTL-ready layout	cross-platform-app	responsive-app	NAV-NONE-FOCUS	SH-RESPONSIVE-COLLAPSE	D-DEFAULT	IX-PRIMARY-THUMB	PLATFORM=responsive-app; PATTERN=x-rtl-ready; NAV=NAV-NONE-FOCUS; SHELL=SH-RESPONSIVE-COLLAPSE; DENSITY=D-DEFAULT; IX=IX-PRIMARY-THUMB; IMPL=share-api,inputmode,dvh-units,coarse-pointer; FEEL=Logical properties
A0697	logistics-mobile	Driver Mobile	industry-app	mobile-phone	NAV-TAB+STACK	SH-PHONE-FEED	D-TOUCH-COMFORT	IX-PRIMARY-THUMB	PLATFORM=mobile-phone; PATTERN=logistics-mobile; NAV=NAV-TAB+STACK; SHELL=SH-PHONE-FEED; DENSITY=D-TOUCH-COMFORT; IX=IX-PRIMARY-THUMB; IMPL=dvh-units,error-boundary-ui,share-api,overscroll; FEEL=stops nav complete
A0698	m-search-results	Search results mobile	mobile-content-patterns	mobile-phone	NAV-TAB+STACK	SH-PHONE-STACK	D-DEFAULT	IX-SEARCH-FIRST	PLATFORM=mobile-phone; PATTERN=m-search-results; NAV=NAV-TAB+STACK; SHELL=SH-PHONE-STACK; DENSITY=D-DEFAULT; IX=IX-SEARCH-FIRST; IMPL=safe-area-css,service-worker-offline,pointer-events,intersection-infinite; FEEL=Query sticky + results
A0699	os-android-back	Android back affordance	os-patterns	mobile-phone	NAV-STACK-PUSH	SH-PHONE-STACK	D-DEFAULT	IX-PRIMARY-THUMB	PLATFORM=mobile-phone; PATTERN=os-android-back; NAV=NAV-STACK-PUSH; SHELL=SH-PHONE-STACK; DENSITY=D-DEFAULT; IX=IX-PRIMARY-THUMB; IMPL=aria-expanded,service-worker-offline,prefers-contrast,coarse-pointer; FEEL=Predictable back stack
A0700	legal-mobile	Legal Mobile	industry-app	responsive-app	NAV-BOTTOM-TABS	SH-PHONE-TABS	D-DEFAULT	IX-PRIMARY-THUMB	PLATFORM=responsive-app; PATTERN=legal-mobile; NAV=NAV-BOTTOM-TABS; SHELL=SH-PHONE-TABS; DENSITY=D-DEFAULT; IX=IX-PRIMARY-THUMB; IMPL=autocomplete,focus-visible,container-queries,overscroll; FEEL=deadlines tasks
A0701	legal-mobile	Legal Mobile	industry-app	mobile-phone	NAV-DRAWER	SH-PHONE-TABS	D-DEFAULT	IX-PRIMARY-THUMB	PLATFORM=mobile-phone; PATTERN=legal-mobile; NAV=NAV-DRAWER; SHELL=SH-PHONE-TABS; DENSITY=D-DEFAULT; IX=IX-PRIMARY-THUMB; IMPL=dvh-units,error-boundary-ui,abort-controller,matchmedia; FEEL=deadlines tasks
A0702	os-ios-large-title	iOS large title pattern	os-patterns	mobile-phone	NAV-STACK-PUSH	SH-PHONE-STACK	D-COMFORTABLE	IX-PRIMARY-THUMB	PLATFORM=mobile-phone; PATTERN=os-ios-large-title; NAV=NAV-STACK-PUSH; SHELL=SH-PHONE-STACK; DENSITY=D-COMFORTABLE; IX=IX-PRIMARY-THUMB; IMPL=flex-phone-column,pointer-events,scroll-padding,file-capture; FEEL=Collapse on scroll
A0703	m-gesture-alt	Gesture + visible alt	mobile-touch-a11y	mobile-phone	NAV-STACK-PUSH	SH-PHONE-FEED	D-DEFAULT	IX-SWIPE-ACTIONS	PLATFORM=mobile-phone; PATTERN=m-gesture-alt; NAV=NAV-STACK-PUSH; SHELL=SH-PHONE-FEED; DENSITY=D-DEFAULT; IX=IX-SWIPE-ACTIONS; IMPL=matchmedia,dialog-element,inputmode,live-region; FEEL=Swipe not only path
A0704	x-responsive-collapse	Responsive collapse	cross-platform-app	responsive-app	NAV-MASTER-DETAIL	SH-RESPONSIVE-COLLAPSE	D-DEFAULT	IX-EMPTY-CTA	PLATFORM=responsive-app; PATTERN=x-responsive-collapse; NAV=NAV-MASTER-DETAIL; SHELL=SH-RESPONSIVE-COLLAPSE; DENSITY=D-DEFAULT; IX=IX-EMPTY-CTA; IMPL=inputmode,fine-pointer,push-web,csrf-safe; FEEL=Split→stack at breakpoint
A0705	notes-mobile	Notes Mobile	industry-app	mobile-phone	NAV-STACK-PUSH	SH-PHONE-STACK	D-DEFAULT	IX-PRIMARY-THUMB	PLATFORM=mobile-phone; PATTERN=notes-mobile; NAV=NAV-STACK-PUSH; SHELL=SH-PHONE-STACK; DENSITY=D-DEFAULT; IX=IX-PRIMARY-THUMB; IMPL=error-boundary-ui,overscroll,viewport-meta,app-badge; FEEL=list editor
A0706	food-merchant-desktop	Merchant Desktop	industry-app	responsive-app	NAV-MASTER-DETAIL	SH-PHONE-CANVAS	D-COMPACT	IX-KEYBOARD-SHORTCUTS	PLATFORM=responsive-app; PATTERN=food-merchant-desktop; NAV=NAV-MASTER-DETAIL; SHELL=SH-PHONE-CANVAS; DENSITY=D-COMPACT; IX=IX-KEYBOARD-SHORTCUTS; IMPL=overscroll,push-web,prefers-contrast,url-state; FEEL=orders kitchen
A0707	chat-desktop	Desktop Chat	industry-app	desktop-web	NAV-MASTER-DETAIL	SH-DESK-RAIL-MAIN-INSP	D-DEFAULT	IX-KEYBOARD-SHORTCUTS	PLATFORM=desktop-web; PATTERN=chat-desktop; NAV=NAV-MASTER-DETAIL; SHELL=SH-DESK-RAIL-MAIN-INSP; DENSITY=D-DEFAULT; IX=IX-KEYBOARD-SHORTCUTS; IMPL=autocomplete,debounce-search,drag-drop-desktop,url-state; FEEL=list thread info-on-demand
A0708	m-detail-push	Detail push	mobile-structure	mobile-phone	NAV-STACK-PUSH	SH-PHONE-STACK	D-DEFAULT	IX-PRIMARY-THUMB	PLATFORM=mobile-phone; PATTERN=m-detail-push; NAV=NAV-STACK-PUSH; SHELL=SH-PHONE-STACK; DENSITY=D-DEFAULT; IX=IX-PRIMARY-THUMB; IMPL=safe-area-css,content-visibility,optimistic-ui,history-stack; FEEL=List to detail with back
A0709	podcast-desktop	Podcast Desktop	industry-app	desktop-web	NAV-SIDE-TREE	SH-DESK-IDE-LITE	D-DEFAULT	IX-KEYBOARD-SHORTCUTS	PLATFORM=desktop-web; PATTERN=podcast-desktop; NAV=NAV-SIDE-TREE; SHELL=SH-DESK-IDE-LITE; DENSITY=D-DEFAULT; IX=IX-KEYBOARD-SHORTCUTS; IMPL=clipboard-api,localstorage-prefs,aria-current,roving-tabindex; FEEL=library queue
A0710	banking-desktop	Desktop Banking	industry-app	desktop-web	NAV-SIDE-RAIL	SH-DESK-DATAGRID	D-DEFAULT	IX-KEYBOARD-SHORTCUTS	PLATFORM=desktop-web; PATTERN=banking-desktop; NAV=NAV-SIDE-RAIL; SHELL=SH-DESK-DATAGRID; DENSITY=D-DEFAULT; IX=IX-KEYBOARD-SHORTCUTS; IMPL=form-novalidate,csrf-safe,prefers-color-scheme,skeleton-css; FEEL=accounts table transfers
A0711	sports-desktop	Sports Desktop	industry-app	desktop-web	NAV-SIDE-RAIL	SH-DESK-DASH	D-COMPACT	IX-KEYBOARD-SHORTCUTS	PLATFORM=desktop-web; PATTERN=sports-desktop; NAV=NAV-SIDE-RAIL; SHELL=SH-DESK-DASH; DENSITY=D-COMPACT; IX=IX-KEYBOARD-SHORTCUTS; IMPL=form-novalidate,content-visibility,resize-observer,skeleton-css; FEEL=stats tables live
A0712	m-biometric-gate	Biometric gate	mobile-structure	mobile-phone	NAV-NONE-FOCUS	SH-PHONE-STACK	D-COMFORTABLE	IX-PRIMARY-THUMB	PLATFORM=mobile-phone; PATTERN=m-biometric-gate; NAV=NAV-NONE-FOCUS; SHELL=SH-PHONE-STACK; DENSITY=D-COMFORTABLE; IX=IX-PRIMARY-THUMB; IMPL=hover-media,push-web,dialog-element,prefers-reduced-motion; FEEL=Local auth then app
A0713	os-material-nav-bar	Material bottom nav	os-patterns	mobile-phone	NAV-BOTTOM-TABS	SH-PHONE-TABS	D-TOUCH-COMFORT	IX-PRIMARY-THUMB	PLATFORM=mobile-phone; PATTERN=os-material-nav-bar; NAV=NAV-BOTTOM-TABS; SHELL=SH-PHONE-TABS; DENSITY=D-TOUCH-COMFORT; IX=IX-PRIMARY-THUMB; IMPL=content-visibility,prefers-contrast,prefers-reduced-motion,network-information; FEEL=3–5 destinations
A0714	commerce-desktop	Desktop Commerce	industry-app	desktop-web	NAV-SIDE-RAIL	SH-DESK-DATAGRID	D-DEFAULT	IX-KEYBOARD-SHORTCUTS	PLATFORM=desktop-web; PATTERN=commerce-desktop; NAV=NAV-SIDE-RAIL; SHELL=SH-DESK-DATAGRID; DENSITY=D-DEFAULT; IX=IX-KEYBOARD-SHORTCUTS; IMPL=container-queries,roving-tabindex,debounce-search,virtual-list; FEEL=catalog filters pdp
A0715	education-desktop	LMS Desktop	industry-app	mobile-phone	NAV-STACK-PUSH	SH-PHONE-CANVAS	D-DEFAULT	IX-KEYBOARD-SHORTCUTS	PLATFORM=mobile-phone; PATTERN=education-desktop; NAV=NAV-STACK-PUSH; SHELL=SH-PHONE-CANVAS; DENSITY=D-DEFAULT; IX=IX-KEYBOARD-SHORTCUTS; IMPL=biometric-webauthn,min-touch,focus-trap,overscroll; FEEL=courses gradebook
A0716	d-file-manager	File manager	desktop-structure	desktop-web	NAV-SIDE-TREE	SH-DESK-RAIL-MAIN-INSP	D-COMPACT	IX-KEYBOARD-SHORTCUTS	PLATFORM=desktop-web; PATTERN=d-file-manager; NAV=NAV-SIDE-TREE; SHELL=SH-DESK-RAIL-MAIN-INSP; DENSITY=D-COMPACT; IX=IX-KEYBOARD-SHORTCUTS; IMPL=prefers-color-scheme,popover-api,scroll-padding,localstorage-prefs; FEEL=Tree | files | preview
A0717	ride-mobile	Ride Hail Mobile	industry-app	mobile-phone	NAV-WIZARD	SH-PHONE-STACK	D-TOUCH-COMFORT	IX-PRIMARY-THUMB	PLATFORM=mobile-phone; PATTERN=ride-mobile; NAV=NAV-WIZARD; SHELL=SH-PHONE-STACK; DENSITY=D-TOUCH-COMFORT; IX=IX-PRIMARY-THUMB; IMPL=tap-highlight,bottom-nav-fixed,dialog-element,network-information; FEEL=map request trip
A0718	travel-desktop	Travel Desktop	industry-app	desktop-web	NAV-MENUBAR	SH-RESPONSIVE-COLLAPSE	D-DEFAULT	IX-KEYBOARD-SHORTCUTS	PLATFORM=desktop-web; PATTERN=travel-desktop; NAV=NAV-MENUBAR; SHELL=SH-RESPONSIVE-COLLAPSE; DENSITY=D-DEFAULT; IX=IX-KEYBOARD-SHORTCUTS; IMPL=matchmedia,content-visibility,dialog-element,skeleton-css; FEEL=itinerary booking
A0719	d-datagrid-app	Datagrid application	desktop-structure	desktop-web	NAV-COMMAND-PALETTE	SH-DESK-TOOL-CANVAS	D-COMPACT	IX-KEYBOARD-SHORTCUTS	PLATFORM=desktop-web; PATTERN=d-datagrid-app; NAV=NAV-COMMAND-PALETTE; SHELL=SH-DESK-TOOL-CANVAS; DENSITY=D-COMPACT; IX=IX-KEYBOARD-SHORTCUTS; IMPL=grid-app-shell,focus-trap,form-novalidate,skeleton-css; FEEL=Table is the product
A0720	x-shared-tokens	Shared design tokens	cross-platform-app	responsive-app	NAV-NONE-FOCUS	SH-RESPONSIVE-COLLAPSE	D-DEFAULT	IX-PRIMARY-THUMB	PLATFORM=responsive-app; PATTERN=x-shared-tokens; NAV=NAV-NONE-FOCUS; SHELL=SH-RESPONSIVE-COLLAPSE; DENSITY=D-DEFAULT; IX=IX-PRIMARY-THUMB; IMPL=scroll-padding,type-date,app-badge,clipboard-api; FEEL=Colour type space cross surface
A0721	m-thumb-zone-cta	Thumb-zone primary CTA	mobile-touch-a11y	mobile-phone	NAV-STACK-PUSH	SH-PHONE-STACK	D-TOUCH-COMFORT	IX-STICKY-FOOTER-CTA	PLATFORM=mobile-phone; PATTERN=m-thumb-zone-cta; NAV=NAV-STACK-PUSH; SHELL=SH-PHONE-STACK; DENSITY=D-TOUCH-COMFORT; IX=IX-STICKY-FOOTER-CTA; IMPL=autocomplete,abort-controller,overscroll,history-stack; FEEL=Primary near bottom
A0722	m-bottom-tabs-3	Bottom tabs (3)	mobile-structure	mobile-phone	NAV-BOTTOM-TABS	SH-PHONE-TABS	D-TOUCH-COMFORT	IX-PRIMARY-THUMB	PLATFORM=mobile-phone; PATTERN=m-bottom-tabs-3; NAV=NAV-BOTTOM-TABS; SHELL=SH-PHONE-TABS; DENSITY=D-TOUCH-COMFORT; IX=IX-PRIMARY-THUMB; IMPL=prefers-color-scheme,file-capture,url-state,scroll-padding; FEEL=Focused product
A0723	iot-desktop	IoT Desktop	industry-app	desktop-web	NAV-SIDE-RAIL	SH-DESK-DASH	D-COMPACT	IX-KEYBOARD-SHORTCUTS	PLATFORM=desktop-web; PATTERN=iot-desktop; NAV=NAV-SIDE-RAIL; SHELL=SH-DESK-DASH; DENSITY=D-COMPACT; IX=IX-KEYBOARD-SHORTCUTS; IMPL=session-timeout,container-queries,will-change-sparing,hotkeys; FEEL=fleet grid map
A0724	finance-markets-desktop	Markets Desktop	industry-app	desktop-web	NAV-SIDE-RAIL	SH-DESK-DATAGRID	D-COMPACT	IX-KEYBOARD-SHORTCUTS	PLATFORM=desktop-web; PATTERN=finance-markets-desktop; NAV=NAV-SIDE-RAIL; SHELL=SH-DESK-DATAGRID; DENSITY=D-COMPACT; IX=IX-KEYBOARD-SHORTCUTS; IMPL=url-state,dialog-element,abort-controller,intersection-infinite; FEEL=blotter charts
A0725	m-form-multipage	Multi-page form	mobile-content-patterns	mobile-phone	NAV-WIZARD	SH-PHONE-STACK	D-DEFAULT	IX-PRIMARY-THUMB	PLATFORM=mobile-phone; PATTERN=m-form-multipage; NAV=NAV-WIZARD; SHELL=SH-PHONE-STACK; DENSITY=D-DEFAULT; IX=IX-PRIMARY-THUMB; IMPL=scroll-padding,abort-controller,matchmedia,network-information; FEEL=Save draft between pages
A0726	m-hero-then-list	Hero then list	mobile-content-patterns	mobile-phone	NAV-STACK-PUSH	SH-PHONE-FEED	D-DEFAULT	IX-EMPTY-CTA	PLATFORM=mobile-phone; PATTERN=m-hero-then-list; NAV=NAV-STACK-PUSH; SHELL=SH-PHONE-FEED; DENSITY=D-DEFAULT; IX=IX-EMPTY-CTA; IMPL=aria-expanded,optimistic-ui,dvh-units,biometric-webauthn; FEEL=Context then inventory
A0727	m-gesture-alt	Gesture + visible alt	mobile-touch-a11y	mobile-phone	NAV-STACK-PUSH	SH-PHONE-FEED	D-DEFAULT	IX-SWIPE-ACTIONS	PLATFORM=mobile-phone; PATTERN=m-gesture-alt; NAV=NAV-STACK-PUSH; SHELL=SH-PHONE-FEED; DENSITY=D-DEFAULT; IX=IX-SWIPE-ACTIONS; IMPL=tap-highlight,dialog-element,share-api,network-information; FEEL=Swipe not only path
A0728	food-courier-mobile	Courier Mobile	industry-app	desktop-web	NAV-SIDE-TREE	SH-DESK-DASH	D-DEFAULT	IX-PRIMARY-THUMB	PLATFORM=desktop-web; PATTERN=food-courier-mobile; NAV=NAV-SIDE-TREE; SHELL=SH-DESK-DASH; DENSITY=D-DEFAULT; IX=IX-PRIMARY-THUMB; IMPL=prefers-reduced-motion,dialog-element,resize-observer,content-visibility; FEEL=orders nav photo
A0729	m-one-hand	One-handed path	mobile-touch-a11y	mobile-phone	NAV-MODAL-SHEET	SH-PHONE-STACK	D-TOUCH-COMFORT	IX-PRIMARY-THUMB	PLATFORM=mobile-phone; PATTERN=m-one-hand; NAV=NAV-MODAL-SHEET; SHELL=SH-PHONE-STACK; DENSITY=D-TOUCH-COMFORT; IX=IX-PRIMARY-THUMB; IMPL=biometric-webauthn,touch-action,virtual-list,app-badge; FEEL=Critical path without stretch
A0730	d-rail-labels	Rail with labels	desktop-structure	desktop-web	NAV-DRAWER	SH-RESPONSIVE-COLLAPSE	D-DEFAULT	IX-KEYBOARD-SHORTCUTS	PLATFORM=desktop-web; PATTERN=d-rail-labels; NAV=NAV-DRAWER; SHELL=SH-RESPONSIVE-COLLAPSE; DENSITY=D-DEFAULT; IX=IX-KEYBOARD-SHORTCUTS; IMPL=aria-expanded,drag-drop-desktop,focus-trap,prefers-reduced-motion; FEEL=Discoverability > icons-only
A0731	media-desktop	Media Desktop	industry-app	mobile-phone	NAV-NONE-FOCUS	SH-PHONE-STACK	D-DEFAULT	IX-KEYBOARD-SHORTCUTS	PLATFORM=mobile-phone; PATTERN=media-desktop; NAV=NAV-NONE-FOCUS; SHELL=SH-PHONE-STACK; DENSITY=D-DEFAULT; IX=IX-KEYBOARD-SHORTCUTS; IMPL=install-pwa,touch-action,will-change-sparing,sticky-footer-cta; FEEL=library player
A0732	m-gesture-alt	Gesture + visible alt	mobile-touch-a11y	mobile-phone	NAV-STACK-PUSH	SH-PHONE-FEED	D-DEFAULT	IX-SWIPE-ACTIONS	PLATFORM=mobile-phone; PATTERN=m-gesture-alt; NAV=NAV-STACK-PUSH; SHELL=SH-PHONE-FEED; DENSITY=D-DEFAULT; IX=IX-SWIPE-ACTIONS; IMPL=virtual-list,push-web,coarse-pointer,dialog-element; FEEL=Swipe not only path
A0733	mdm-mobile	Device Enrol Mobile	industry-app	mobile-phone	NAV-TOP-TABS	SH-PHONE-SHEET	D-TOUCH-COMFORT	IX-PRIMARY-THUMB	PLATFORM=mobile-phone; PATTERN=mdm-mobile; NAV=NAV-TOP-TABS; SHELL=SH-PHONE-SHEET; DENSITY=D-TOUCH-COMFORT; IX=IX-PRIMARY-THUMB; IMPL=viewport-meta,app-badge,biometric-webauthn,type-date; FEEL=enrol status
A0734	m-empty-first-run	First-run empty	mobile-content-patterns	mobile-phone	NAV-STACK-PUSH	SH-PHONE-STACK	D-COMFORTABLE	IX-EMPTY-CTA	PLATFORM=mobile-phone; PATTERN=m-empty-first-run; NAV=NAV-STACK-PUSH; SHELL=SH-PHONE-STACK; DENSITY=D-COMFORTABLE; IX=IX-EMPTY-CTA; IMPL=min-touch,scroll-padding,will-change-sparing,hover-media; FEEL=Education + CTA
A0735	analytics-mobile	Analytics Mobile	industry-app	desktop-web	NAV-SIDE-RAIL	SH-DESK-RAIL-MAIN-INSP	D-DEFAULT	IX-PRIMARY-THUMB	PLATFORM=desktop-web; PATTERN=analytics-mobile; NAV=NAV-SIDE-RAIL; SHELL=SH-DESK-RAIL-MAIN-INSP; DENSITY=D-DEFAULT; IX=IX-PRIMARY-THUMB; IMPL=aria-expanded,dialog-element,url-state,fine-pointer; FEEL=kpi cards drill
A0736	smart-home-desktop	Smart Home Desktop	industry-app	desktop-web	NAV-SIDE-RAIL	SH-DESK-TOOL-CANVAS	D-DEFAULT	IX-KEYBOARD-SHORTCUTS	PLATFORM=desktop-web; PATTERN=smart-home-desktop; NAV=NAV-SIDE-RAIL; SHELL=SH-DESK-TOOL-CANVAS; DENSITY=D-DEFAULT; IX=IX-KEYBOARD-SHORTCUTS; IMPL=live-region,aria-expanded,dialog-element,autocomplete; FEEL=floorplan devices
A0737	d-multi-window	Multi-window ready	desktop-density-keyboard	desktop-web	NAV-MENUBAR	SH-DESK-DOCUMENT	D-DEFAULT	IX-KEYBOARD-SHORTCUTS	PLATFORM=desktop-web; PATTERN=d-multi-window; NAV=NAV-MENUBAR; SHELL=SH-DESK-DOCUMENT; DENSITY=D-DEFAULT; IX=IX-KEYBOARD-SHORTCUTS; IMPL=url-state,hover-media,skeleton-css,hotkeys; FEEL=Deep links open surfaces
A0738	m-offline-first-list	Offline-first list	mobile-structure	mobile-phone	NAV-BOTTOM-TABS	SH-PHONE-FEED	D-DEFAULT	IX-PRIMARY-THUMB	PLATFORM=mobile-phone; PATTERN=m-offline-first-list; NAV=NAV-BOTTOM-TABS; SHELL=SH-PHONE-FEED; DENSITY=D-DEFAULT; IX=IX-PRIMARY-THUMB; IMPL=aria-current,overscroll,viewport-meta,pointer-events; FEEL=Cached + sync state
A0739	banking-desktop	Desktop Banking	industry-app	desktop-web	NAV-SIDE-RAIL	SH-DESK-DATAGRID	D-DEFAULT	IX-KEYBOARD-SHORTCUTS	PLATFORM=desktop-web; PATTERN=banking-desktop; NAV=NAV-SIDE-RAIL; SHELL=SH-DESK-DATAGRID; DENSITY=D-DEFAULT; IX=IX-KEYBOARD-SHORTCUTS; IMPL=container-queries,matchmedia,csrf-safe,clipboard-api; FEEL=accounts table transfers
A0740	music-mobile	Music Mobile	industry-app	mobile-phone	NAV-BOTTOM-TABS	SH-PHONE-TABS	D-DEFAULT	IX-PRIMARY-THUMB	PLATFORM=mobile-phone; PATTERN=music-mobile; NAV=NAV-BOTTOM-TABS; SHELL=SH-PHONE-TABS; DENSITY=D-DEFAULT; IX=IX-PRIMARY-THUMB; IMPL=will-change-sparing,safe-area-css,skeleton-css,aria-expanded; FEEL=player library
A0741	os-win-navigation-view	Win NavigationView	os-patterns	desktop-web	NAV-COMMAND-PALETTE	SH-DESK-DATAGRID	D-DEFAULT	IX-KEYBOARD-SHORTCUTS	PLATFORM=desktop-web; PATTERN=os-win-navigation-view; NAV=NAV-COMMAND-PALETTE; SHELL=SH-DESK-DATAGRID; DENSITY=D-DEFAULT; IX=IX-KEYBOARD-SHORTCUTS; IMPL=dialog-element,resize-observer,matchmedia,pointer-events; FEEL=Left nav expand
A0742	x-error-boundary	Error boundary UX	cross-platform-app	responsive-app	NAV-NONE-FOCUS	SH-RESPONSIVE-COLLAPSE	D-DEFAULT	IX-EMPTY-CTA	PLATFORM=responsive-app; PATTERN=x-error-boundary; NAV=NAV-NONE-FOCUS; SHELL=SH-RESPONSIVE-COLLAPSE; DENSITY=D-DEFAULT; IX=IX-EMPTY-CTA; IMPL=session-timeout,intersection-infinite,hover-media,push-web; FEEL=Recover section not white screen
A0743	m-edit-modal	Edit modal	mobile-structure	mobile-phone	NAV-DRAWER	SH-PHONE-CANVAS	D-DEFAULT	IX-PRIMARY-THUMB	PLATFORM=mobile-phone; PATTERN=m-edit-modal; NAV=NAV-DRAWER; SHELL=SH-PHONE-CANVAS; DENSITY=D-DEFAULT; IX=IX-PRIMARY-THUMB; IMPL=dvh-units,will-change-sparing,tap-highlight,prefers-contrast; FEEL=Block context for edit
A0744	notes-desktop	Notes Desktop	industry-app	desktop-web	NAV-SIDE-RAIL	SH-DESK-DOCUMENT	D-DEFAULT	IX-KEYBOARD-SHORTCUTS	PLATFORM=desktop-web; PATTERN=notes-desktop; NAV=NAV-SIDE-RAIL; SHELL=SH-DESK-DOCUMENT; DENSITY=D-DEFAULT; IX=IX-KEYBOARD-SHORTCUTS; IMPL=debounce-search,url-state,fine-pointer,aria-expanded; FEEL=sidebar editor
A0745	podcast-desktop	Podcast Desktop	industry-app	desktop-web	NAV-BREADCRUMB	SH-TABLET-SPLIT	D-DEFAULT	IX-KEYBOARD-SHORTCUTS	PLATFORM=desktop-web; PATTERN=podcast-desktop; NAV=NAV-BREADCRUMB; SHELL=SH-TABLET-SPLIT; DENSITY=D-DEFAULT; IX=IX-KEYBOARD-SHORTCUTS; IMPL=scroll-padding,drag-drop-desktop,grid-app-shell,pointer-events; FEEL=library queue
A0746	d-context-menu	Context menu + menu bar	desktop-density-keyboard	desktop-web	NAV-SIDE-RAIL	SH-DESK-DATAGRID	D-DEFAULT	IX-KEYBOARD-SHORTCUTS	PLATFORM=desktop-web; PATTERN=d-context-menu; NAV=NAV-SIDE-RAIL; SHELL=SH-DESK-DATAGRID; DENSITY=D-DEFAULT; IX=IX-KEYBOARD-SHORTCUTS; IMPL=pointer-events,overscroll,aria-current,fine-pointer; FEEL=Right-click not only path
A0747	os-material-nav-rail	Material nav rail	os-patterns	mobile-tablet	NAV-SIDE-RAIL	SH-TABLET-RAIL	D-DEFAULT	IX-EMPTY-CTA	PLATFORM=mobile-tablet; PATTERN=os-material-nav-rail; NAV=NAV-SIDE-RAIL; SHELL=SH-TABLET-RAIL; DENSITY=D-DEFAULT; IX=IX-EMPTY-CTA; IMPL=touch-action,app-badge,history-stack,sticky-footer-cta; FEEL=Tablet/desktop
A0748	legal-desktop	Legal Desktop	industry-app	desktop-web	NAV-MENUBAR	SH-TABLET-SPLIT	D-COMPACT	IX-KEYBOARD-SHORTCUTS	PLATFORM=desktop-web; PATTERN=legal-desktop; NAV=NAV-MENUBAR; SHELL=SH-TABLET-SPLIT; DENSITY=D-COMPACT; IX=IX-KEYBOARD-SHORTCUTS; IMPL=url-state,aria-current,overscroll,fine-pointer; FEEL=matters documents
A0749	m-picker-sheet	Picker sheet	mobile-structure	mobile-phone	NAV-BOTTOM-SHEET	SH-PHONE-SHEET	D-TOUCH-COMFORT	IX-PRIMARY-THUMB	PLATFORM=mobile-phone; PATTERN=m-picker-sheet; NAV=NAV-BOTTOM-SHEET; SHELL=SH-PHONE-SHEET; DENSITY=D-TOUCH-COMFORT; IX=IX-PRIMARY-THUMB; IMPL=dvh-units,focus-visible,hover-media,history-stack; FEEL=Select without full page
A0750	fitness-mobile	Fitness Mobile	industry-app	responsive-app	NAV-TOP-TABS	SH-PHONE-FEED	D-TOUCH-COMFORT	IX-PRIMARY-THUMB	PLATFORM=responsive-app; PATTERN=fitness-mobile; NAV=NAV-TOP-TABS; SHELL=SH-PHONE-FEED; DENSITY=D-TOUCH-COMFORT; IX=IX-PRIMARY-THUMB; IMPL=clipboard-api,popover-api,install-pwa,app-badge; FEEL=workout active timer
A0751	vpn-mobile	VPN Mobile	industry-app	desktop-web	NAV-COMMAND-PALETTE	SH-TABLET-RAIL	D-DEFAULT	IX-PRIMARY-THUMB	PLATFORM=desktop-web; PATTERN=vpn-mobile; NAV=NAV-COMMAND-PALETTE; SHELL=SH-TABLET-RAIL; DENSITY=D-DEFAULT; IX=IX-PRIMARY-THUMB; IMPL=matchmedia,focus-visible,hotkeys,roving-tabindex; FEEL=connect status regions
A0752	m-chat-thread	Chat thread mobile	mobile-structure	mobile-phone	NAV-STACK-PUSH	SH-PHONE-STACK	D-DEFAULT	IX-PRIMARY-THUMB	PLATFORM=mobile-phone; PATTERN=m-chat-thread; NAV=NAV-STACK-PUSH; SHELL=SH-PHONE-STACK; DENSITY=D-DEFAULT; IX=IX-PRIMARY-THUMB; IMPL=push-web,live-region,share-api,will-change-sparing; FEEL=Thread + composer bottom
A0753	music-desktop	Music Desktop	industry-app	desktop-web	NAV-COMMAND-PALETTE	SH-DESK-RAIL-MAIN	D-DEFAULT	IX-KEYBOARD-SHORTCUTS	PLATFORM=desktop-web; PATTERN=music-desktop; NAV=NAV-COMMAND-PALETTE; SHELL=SH-DESK-RAIL-MAIN; DENSITY=D-DEFAULT; IX=IX-KEYBOARD-SHORTCUTS; IMPL=url-state,content-visibility,session-timeout,focus-trap; FEEL=library player queue
A0754	manufacturing-mobile	Shop Floor Mobile	industry-app	mobile-phone	NAV-NONE-FOCUS	SH-PHONE-STACK	D-TOUCH-COMFORT	IX-PRIMARY-THUMB	PLATFORM=mobile-phone; PATTERN=manufacturing-mobile; NAV=NAV-NONE-FOCUS; SHELL=SH-PHONE-STACK; DENSITY=D-TOUCH-COMFORT; IX=IX-PRIMARY-THUMB; IMPL=optimistic-ui,matchmedia,dvh-units,file-capture; FEEL=scan complete
A0755	d-map-desktop	Map ops desktop	desktop-structure	desktop-web	NAV-DRAWER	SH-TABLET-RAIL	D-DEFAULT	IX-KEYBOARD-SHORTCUTS	PLATFORM=desktop-web; PATTERN=d-map-desktop; NAV=NAV-DRAWER; SHELL=SH-TABLET-RAIL; DENSITY=D-DEFAULT; IX=IX-KEYBOARD-SHORTCUTS; IMPL=roving-tabindex,command-palette-js,grid-app-shell,hover-media; FEEL=Map + side list
A0756	m-list-dense	Dense mobile list	mobile-content-patterns	mobile-phone	NAV-STACK-PUSH	SH-PHONE-FEED	D-DEFAULT	IX-INFINITE-SCROLL	PLATFORM=mobile-phone; PATTERN=m-list-dense; NAV=NAV-STACK-PUSH; SHELL=SH-PHONE-FEED; DENSITY=D-DEFAULT; IX=IX-INFINITE-SCROLL; IMPL=focus-trap,app-badge,bottom-nav-fixed,file-capture; FEEL=One primary line + meta
A0757	legal-mobile	Legal Mobile	industry-app	mobile-phone	NAV-BOTTOM-TABS	SH-PHONE-TABS	D-DEFAULT	IX-PRIMARY-THUMB	PLATFORM=mobile-phone; PATTERN=legal-mobile; NAV=NAV-BOTTOM-TABS; SHELL=SH-PHONE-TABS; DENSITY=D-DEFAULT; IX=IX-PRIMARY-THUMB; IMPL=matchmedia,bottom-nav-fixed,hover-media,tap-highlight; FEEL=deadlines tasks
A0758	os-win-titlebar	Windows titlebar patterns	os-patterns	desktop-web	NAV-MENUBAR	SH-DESK-DOCUMENT	D-DEFAULT	IX-KEYBOARD-SHORTCUTS	PLATFORM=desktop-web; PATTERN=os-win-titlebar; NAV=NAV-MENUBAR; SHELL=SH-DESK-DOCUMENT; DENSITY=D-DEFAULT; IX=IX-KEYBOARD-SHORTCUTS; IMPL=autocomplete,pointer-events,command-palette-js,fine-pointer; FEEL=App icon caption buttons
A0759	museum-mobile	Museum Mobile	industry-app	mobile-phone	NAV-TAB+STACK	SH-PHONE-TABS	D-COMFORTABLE	IX-PRIMARY-THUMB	PLATFORM=mobile-phone; PATTERN=museum-mobile; NAV=NAV-TAB+STACK; SHELL=SH-PHONE-TABS; DENSITY=D-COMFORTABLE; IX=IX-PRIMARY-THUMB; IMPL=prefers-color-scheme,abort-controller,safe-area-css,csrf-safe; FEEL=visit guide audio
A0760	gaming-desktop	PC Game Launcher	industry-app	desktop-web	NAV-SIDE-RAIL	SH-DESK-RAIL-MAIN	D-DEFAULT	IX-KEYBOARD-SHORTCUTS	PLATFORM=desktop-web; PATTERN=gaming-desktop; NAV=NAV-SIDE-RAIL; SHELL=SH-DESK-RAIL-MAIN; DENSITY=D-DEFAULT; IX=IX-KEYBOARD-SHORTCUTS; IMPL=command-palette-js,url-state,form-novalidate,abort-controller; FEEL=library friends
A0761	realestate-mobile	Property Mobile	industry-app	mobile-phone	NAV-BOTTOM-TABS	SH-PHONE-TABS	D-DEFAULT	IX-PRIMARY-THUMB	PLATFORM=mobile-phone; PATTERN=realestate-mobile; NAV=NAV-BOTTOM-TABS; SHELL=SH-PHONE-TABS; DENSITY=D-DEFAULT; IX=IX-PRIMARY-THUMB; IMPL=dialog-element,optimistic-ui,bottom-nav-fixed,min-touch; FEEL=search map shortlist
A0762	museum-desktop	Museum Desktop	industry-app	desktop-web	NAV-SIDE-RAIL	SH-DESK-DATAGRID	D-DEFAULT	IX-KEYBOARD-SHORTCUTS	PLATFORM=desktop-web; PATTERN=museum-desktop; NAV=NAV-SIDE-RAIL; SHELL=SH-DESK-DATAGRID; DENSITY=D-DEFAULT; IX=IX-KEYBOARD-SHORTCUTS; IMPL=focus-visible,scroll-padding,prefers-contrast,popover-api; FEEL=collections CMS
A0763	travel-mobile	Travel Mobile	industry-app	mobile-phone	NAV-BOTTOM-TABS	SH-PHONE-TABS	D-TOUCH-COMFORT	IX-PRIMARY-THUMB	PLATFORM=mobile-phone; PATTERN=travel-mobile; NAV=NAV-BOTTOM-TABS; SHELL=SH-PHONE-TABS; DENSITY=D-TOUCH-COMFORT; IX=IX-PRIMARY-THUMB; IMPL=aria-expanded,flex-phone-column,tap-highlight,aria-current; FEEL=trips boarding
A0764	notes-desktop	Notes Desktop	industry-app	mobile-phone	NAV-NONE-FOCUS	SH-RESPONSIVE-COLLAPSE	D-DEFAULT	IX-KEYBOARD-SHORTCUTS	PLATFORM=mobile-phone; PATTERN=notes-desktop; NAV=NAV-NONE-FOCUS; SHELL=SH-RESPONSIVE-COLLAPSE; DENSITY=D-DEFAULT; IX=IX-KEYBOARD-SHORTCUTS; IMPL=url-state,safe-area-css,form-novalidate,share-api; FEEL=sidebar editor
A0765	news-mobile	News Mobile	industry-app	mobile-phone	NAV-BOTTOM-TABS	SH-PHONE-FEED	D-DEFAULT	IX-PRIMARY-THUMB	PLATFORM=mobile-phone; PATTERN=news-mobile; NAV=NAV-BOTTOM-TABS; SHELL=SH-PHONE-FEED; DENSITY=D-DEFAULT; IX=IX-PRIMARY-THUMB; IMPL=pointer-events,coarse-pointer,min-touch,optimistic-ui; FEEL=sections article
A0766	energy-desktop	Energy Ops Desktop	industry-app	desktop-web	NAV-MASTER-DETAIL	SH-DESK-DASH	D-COMPACT	IX-KEYBOARD-SHORTCUTS	PLATFORM=desktop-web; PATTERN=energy-desktop; NAV=NAV-MASTER-DETAIL; SHELL=SH-DESK-DASH; DENSITY=D-COMPACT; IX=IX-KEYBOARD-SHORTCUTS; IMPL=drag-drop-desktop,dialog-element,will-change-sparing,matchmedia; FEEL=grid status alarms
A0767	m-screen-reader-order	Screen reader order	mobile-touch-a11y	mobile-phone	NAV-STACK-PUSH	SH-PHONE-STACK	D-DEFAULT	IX-PRIMARY-THUMB	PLATFORM=mobile-phone; PATTERN=m-screen-reader-order; NAV=NAV-STACK-PUSH; SHELL=SH-PHONE-STACK; DENSITY=D-DEFAULT; IX=IX-PRIMARY-THUMB; IMPL=vibrate-careful,aria-expanded,bottom-nav-fixed,will-change-sparing; FEEL=DOM order matches visual job
A0768	m-edit-modal	Edit modal	mobile-structure	mobile-phone	NAV-TAB+STACK	SH-PHONE-CANVAS	D-DEFAULT	IX-PRIMARY-THUMB	PLATFORM=mobile-phone; PATTERN=m-edit-modal; NAV=NAV-TAB+STACK; SHELL=SH-PHONE-CANVAS; DENSITY=D-DEFAULT; IX=IX-PRIMARY-THUMB; IMPL=pointer-events,biometric-webauthn,focus-trap,content-visibility; FEEL=Block context for edit
A0769	m-large-text	Dynamic type / large text	mobile-touch-a11y	mobile-phone	NAV-STACK-PUSH	SH-PHONE-STACK	D-COMFORTABLE	IX-PRIMARY-THUMB	PLATFORM=mobile-phone; PATTERN=m-large-text; NAV=NAV-STACK-PUSH; SHELL=SH-PHONE-STACK; DENSITY=D-COMFORTABLE; IX=IX-PRIMARY-THUMB; IMPL=matchmedia,hover-media,autocomplete,vibrate-careful; FEEL=Layout flexes with text size
A0770	d-comfortable-tables	Comfortable tables	desktop-density-keyboard	desktop-web	NAV-TOP-TABS	SH-DESK-DASH	D-DEFAULT	IX-PAGINATION	PLATFORM=desktop-web; PATTERN=d-comfortable-tables; NAV=NAV-TOP-TABS; SHELL=SH-DESK-DASH; DENSITY=D-DEFAULT; IX=IX-PAGINATION; IMPL=live-region,dialog-element,session-timeout,will-change-sparing; FEEL=Readable rows
A0771	d-rail-labels	Rail with labels	desktop-structure	desktop-web	NAV-SIDE-RAIL	SH-DESK-RAIL-MAIN	D-DEFAULT	IX-KEYBOARD-SHORTCUTS	PLATFORM=desktop-web; PATTERN=d-rail-labels; NAV=NAV-SIDE-RAIL; SHELL=SH-DESK-RAIL-MAIN; DENSITY=D-DEFAULT; IX=IX-KEYBOARD-SHORTCUTS; IMPL=aria-expanded,resize-observer,focus-visible,session-timeout; FEEL=Discoverability > icons-only
A0772	m-stepper-progress	Stepper progress	mobile-content-patterns	mobile-phone	NAV-WIZARD	SH-PHONE-STACK	D-COMFORTABLE	IX-PRIMARY-THUMB	PLATFORM=mobile-phone; PATTERN=m-stepper-progress; NAV=NAV-WIZARD; SHELL=SH-PHONE-STACK; DENSITY=D-COMFORTABLE; IX=IX-PRIMARY-THUMB; IMPL=focus-trap,virtual-list,optimistic-ui,app-badge; FEEL=Show step n of m
A0773	m-list-dense	Dense mobile list	mobile-content-patterns	mobile-phone	NAV-STACK-PUSH	SH-PHONE-FEED	D-DEFAULT	IX-INFINITE-SCROLL	PLATFORM=mobile-phone; PATTERN=m-list-dense; NAV=NAV-STACK-PUSH; SHELL=SH-PHONE-FEED; DENSITY=D-DEFAULT; IX=IX-INFINITE-SCROLL; IMPL=prefers-contrast,aria-expanded,dialog-element,tap-highlight; FEEL=One primary line + meta
A0774	m-search-results	Search results mobile	mobile-content-patterns	mobile-phone	NAV-DRAWER	SH-PHONE-CANVAS	D-DEFAULT	IX-SEARCH-FIRST	PLATFORM=mobile-phone; PATTERN=m-search-results; NAV=NAV-DRAWER; SHELL=SH-PHONE-CANVAS; DENSITY=D-DEFAULT; IX=IX-SEARCH-FIRST; IMPL=viewport-meta,focus-visible,aria-expanded,virtual-list; FEEL=Query sticky + results
A0775	d-rail-labels	Rail with labels	desktop-structure	desktop-web	NAV-SIDE-RAIL	SH-DESK-RAIL-MAIN	D-DEFAULT	IX-KEYBOARD-SHORTCUTS	PLATFORM=desktop-web; PATTERN=d-rail-labels; NAV=NAV-SIDE-RAIL; SHELL=SH-DESK-RAIL-MAIN; DENSITY=D-DEFAULT; IX=IX-KEYBOARD-SHORTCUTS; IMPL=prefers-color-scheme,url-state,aria-current,scroll-padding; FEEL=Discoverability > icons-only
A0776	backup-desktop	Backup Desktop	industry-app	mobile-phone	NAV-TOP-TABS	SH-PHONE-TABS	D-DEFAULT	IX-KEYBOARD-SHORTCUTS	PLATFORM=mobile-phone; PATTERN=backup-desktop; NAV=NAV-TOP-TABS; SHELL=SH-PHONE-TABS; DENSITY=D-DEFAULT; IX=IX-KEYBOARD-SHORTCUTS; IMPL=service-worker-offline,viewport-meta,live-region,scroll-padding; FEEL=sources schedule status
A0777	os-macos-sidebar	macOS sidebar	os-patterns	desktop-web	NAV-SIDE-TREE	SH-DESK-DASH	D-DEFAULT	IX-KEYBOARD-SHORTCUTS	PLATFORM=desktop-web; PATTERN=os-macos-sidebar; NAV=NAV-SIDE-TREE; SHELL=SH-DESK-DASH; DENSITY=D-DEFAULT; IX=IX-KEYBOARD-SHORTCUTS; IMPL=live-region,focus-trap,scroll-padding,csrf-safe; FEEL=Source list
A0778	support-mobile	Support Mobile	industry-app	desktop-web	NAV-COMMAND-PALETTE	SH-DESK-RAIL-MAIN-INSP	D-DEFAULT	IX-PRIMARY-THUMB	PLATFORM=desktop-web; PATTERN=support-mobile; NAV=NAV-COMMAND-PALETTE; SHELL=SH-DESK-RAIL-MAIN-INSP; DENSITY=D-DEFAULT; IX=IX-PRIMARY-THUMB; IMPL=matchmedia,content-visibility,optimistic-ui,form-novalidate; FEEL=on-call ticket
A0779	agriculture-mobile	Ag Mobile	industry-app	mobile-phone	NAV-DRAWER	SH-PHONE-SHEET	D-TOUCH-COMFORT	IX-PRIMARY-THUMB	PLATFORM=mobile-phone; PATTERN=agriculture-mobile; NAV=NAV-DRAWER; SHELL=SH-PHONE-SHEET; DENSITY=D-TOUCH-COMFORT; IX=IX-PRIMARY-THUMB; IMPL=live-region,tap-highlight,file-capture,share-api; FEEL=fields tasks weather
A0780	os-ios-large-title	iOS large title pattern	os-patterns	mobile-phone	NAV-STACK-PUSH	SH-PHONE-STACK	D-COMFORTABLE	IX-PRIMARY-THUMB	PLATFORM=mobile-phone; PATTERN=os-ios-large-title; NAV=NAV-STACK-PUSH; SHELL=SH-PHONE-STACK; DENSITY=D-COMFORTABLE; IX=IX-PRIMARY-THUMB; IMPL=tap-highlight,app-badge,matchmedia,flex-phone-column; FEEL=Collapse on scroll
A0781	m-form-multipage	Multi-page form	mobile-content-patterns	mobile-phone	NAV-WIZARD	SH-PHONE-STACK	D-DEFAULT	IX-PRIMARY-THUMB	PLATFORM=mobile-phone; PATTERN=m-form-multipage; NAV=NAV-WIZARD; SHELL=SH-PHONE-STACK; DENSITY=D-DEFAULT; IX=IX-PRIMARY-THUMB; IMPL=abort-controller,file-capture,push-web,sticky-footer-cta; FEEL=Save draft between pages
A0782	iot-desktop	IoT Desktop	industry-app	desktop-web	NAV-SIDE-RAIL	SH-DESK-DASH	D-COMPACT	IX-KEYBOARD-SHORTCUTS	PLATFORM=desktop-web; PATTERN=iot-desktop; NAV=NAV-SIDE-RAIL; SHELL=SH-DESK-DASH; DENSITY=D-COMPACT; IX=IX-KEYBOARD-SHORTCUTS; IMPL=optimistic-ui,resize-observer,matchmedia,prefers-contrast; FEEL=fleet grid map
A0783	health-clinic-desktop	Clinic Desktop	industry-app	desktop-web	NAV-MASTER-DETAIL	SH-DESK-RAIL-MAIN-INSP	D-COMPACT	IX-KEYBOARD-SHORTCUTS	PLATFORM=desktop-web; PATTERN=health-clinic-desktop; NAV=NAV-MASTER-DETAIL; SHELL=SH-DESK-RAIL-MAIN-INSP; DENSITY=D-COMPACT; IX=IX-KEYBOARD-SHORTCUTS; IMPL=localstorage-prefs,virtual-list,skeleton-css,focus-visible; FEEL=schedule patients notes
A0784	d-density-toggle	User density toggle	desktop-density-keyboard	desktop-web	NAV-MENUBAR	SH-RESPONSIVE-COLLAPSE	D-DEFAULT	IX-WINDOW-DENSITY	PLATFORM=desktop-web; PATTERN=d-density-toggle; NAV=NAV-MENUBAR; SHELL=SH-RESPONSIVE-COLLAPSE; DENSITY=D-DEFAULT; IX=IX-WINDOW-DENSITY; IMPL=prefers-color-scheme,csrf-safe,overscroll,intersection-infinite; FEEL=Comfortable/Compact persist
A0785	m-list-dense	Dense mobile list	mobile-content-patterns	mobile-phone	NAV-TAB+STACK	SH-PHONE-CANVAS	D-DEFAULT	IX-INFINITE-SCROLL	PLATFORM=mobile-phone; PATTERN=m-list-dense; NAV=NAV-TAB+STACK; SHELL=SH-PHONE-CANVAS; DENSITY=D-DEFAULT; IX=IX-INFINITE-SCROLL; IMPL=aria-current,app-badge,autocomplete,focus-visible; FEEL=One primary line + meta
A0786	inventory-desktop	Inventory Desktop	industry-app	desktop-web	NAV-BREADCRUMB	SH-TABLET-SPLIT	D-COMPACT	IX-KEYBOARD-SHORTCUTS	PLATFORM=desktop-web; PATTERN=inventory-desktop; NAV=NAV-BREADCRUMB; SHELL=SH-TABLET-SPLIT; DENSITY=D-COMPACT; IX=IX-KEYBOARD-SHORTCUTS; IMPL=debounce-search,pointer-events,error-boundary-ui,virtual-list; FEEL=SKU grid adjust
A0787	calendar-desktop	Desktop Calendar	industry-app	mobile-phone	NAV-WIZARD	SH-PHONE-CANVAS	D-DEFAULT	IX-KEYBOARD-SHORTCUTS	PLATFORM=mobile-phone; PATTERN=calendar-desktop; NAV=NAV-WIZARD; SHELL=SH-PHONE-CANVAS; DENSITY=D-DEFAULT; IX=IX-KEYBOARD-SHORTCUTS; IMPL=tap-highlight,push-web,url-state,touch-action; FEEL=week grid create
A0788	tax-desktop	Tax Desktop	industry-app	responsive-app	NAV-WIZARD	SH-DESK-DOCUMENT	D-DEFAULT	IX-KEYBOARD-SHORTCUTS	PLATFORM=responsive-app; PATTERN=tax-desktop; NAV=NAV-WIZARD; SHELL=SH-DESK-DOCUMENT; DENSITY=D-DEFAULT; IX=IX-KEYBOARD-SHORTCUTS; IMPL=app-badge,content-visibility,coarse-pointer,roving-tabindex; FEEL=forms wizard review
A0789	mdm-mobile	Device Enrol Mobile	industry-app	responsive-app	NAV-WIZARD	SH-PHONE-STACK	D-TOUCH-COMFORT	IX-PRIMARY-THUMB	PLATFORM=responsive-app; PATTERN=mdm-mobile; NAV=NAV-WIZARD; SHELL=SH-PHONE-STACK; DENSITY=D-TOUCH-COMFORT; IX=IX-PRIMARY-THUMB; IMPL=will-change-sparing,bottom-nav-fixed,container-queries,popover-api; FEEL=enrol status
A0790	os-android-snackbar	Snackbar + action	os-patterns	mobile-phone	NAV-STACK-PUSH	SH-PHONE-STACK	D-DEFAULT	IX-UNDO-TOAST	PLATFORM=mobile-phone; PATTERN=os-android-snackbar; NAV=NAV-STACK-PUSH; SHELL=SH-PHONE-STACK; DENSITY=D-DEFAULT; IX=IX-UNDO-TOAST; IMPL=matchmedia,will-change-sparing,focus-visible,debounce-search; FEEL=Undo short
A0791	university-desktop	Uni Admin Desktop	industry-app	desktop-web	NAV-SIDE-RAIL	SH-DESK-DATAGRID	D-COMPACT	IX-KEYBOARD-SHORTCUTS	PLATFORM=desktop-web; PATTERN=university-desktop; NAV=NAV-SIDE-RAIL; SHELL=SH-DESK-DATAGRID; DENSITY=D-COMPACT; IX=IX-KEYBOARD-SHORTCUTS; IMPL=will-change-sparing,error-boundary-ui,debounce-search,clipboard-api; FEEL=enrolment records
A0792	crm-desktop	CRM Desktop	industry-app	desktop-web	NAV-SIDE-RAIL	SH-DESK-DATAGRID	D-COMPACT	IX-KEYBOARD-SHORTCUTS	PLATFORM=desktop-web; PATTERN=crm-desktop; NAV=NAV-SIDE-RAIL; SHELL=SH-DESK-DATAGRID; DENSITY=D-COMPACT; IX=IX-KEYBOARD-SHORTCUTS; IMPL=focus-visible,resize-observer,grid-app-shell,matchmedia; FEEL=pipeline contacts
A0793	x-empty-permission	Empty by permission	cross-platform-app	responsive-app	NAV-BOTTOM-SHEET	SH-PHONE-SHEET	D-DEFAULT	IX-EMPTY-CTA	PLATFORM=responsive-app; PATTERN=x-empty-permission; NAV=NAV-BOTTOM-SHEET; SHELL=SH-PHONE-SHEET; DENSITY=D-DEFAULT; IX=IX-EMPTY-CTA; IMPL=install-pwa,skeleton-css,clipboard-api,min-touch; FEEL=Explain access gap
A0794	iot-desktop	IoT Desktop	industry-app	desktop-web	NAV-SIDE-RAIL	SH-DESK-DASH	D-COMPACT	IX-KEYBOARD-SHORTCUTS	PLATFORM=desktop-web; PATTERN=iot-desktop; NAV=NAV-SIDE-RAIL; SHELL=SH-DESK-DASH; DENSITY=D-COMPACT; IX=IX-KEYBOARD-SHORTCUTS; IMPL=debounce-search,prefers-color-scheme,will-change-sparing,focus-visible; FEEL=fleet grid map
A0795	hr-desktop	HR Desktop	industry-app	desktop-web	NAV-SIDE-RAIL	SH-DESK-DATAGRID	D-DEFAULT	IX-KEYBOARD-SHORTCUTS	PLATFORM=desktop-web; PATTERN=hr-desktop; NAV=NAV-SIDE-RAIL; SHELL=SH-DESK-DATAGRID; DENSITY=D-DEFAULT; IX=IX-KEYBOARD-SHORTCUTS; IMPL=prefers-contrast,clipboard-api,popover-api,error-boundary-ui; FEEL=people requests
A0796	podcast-desktop	Podcast Desktop	industry-app	desktop-web	NAV-SIDE-RAIL	SH-DESK-RAIL-MAIN	D-DEFAULT	IX-KEYBOARD-SHORTCUTS	PLATFORM=desktop-web; PATTERN=podcast-desktop; NAV=NAV-SIDE-RAIL; SHELL=SH-DESK-RAIL-MAIN; DENSITY=D-DEFAULT; IX=IX-KEYBOARD-SHORTCUTS; IMPL=form-novalidate,aria-expanded,hotkeys,popover-api; FEEL=library queue
A0797	m-action-sheet	Action sheet confirm	mobile-structure	mobile-phone	NAV-BOTTOM-SHEET	SH-PHONE-TABS	D-TOUCH-COMFORT	IX-PRIMARY-THUMB	PLATFORM=mobile-phone; PATTERN=m-action-sheet; NAV=NAV-BOTTOM-SHEET; SHELL=SH-PHONE-TABS; DENSITY=D-TOUCH-COMFORT; IX=IX-PRIMARY-THUMB; IMPL=install-pwa,url-state,viewport-meta,tap-highlight; FEEL=Destructive choices clear
A0798	m-permission-preface	Permission preface	mobile-content-patterns	mobile-phone	NAV-STACK-PUSH	SH-PHONE-FEED	D-COMFORTABLE	IX-PERMISSION-RATIONALE	PLATFORM=mobile-phone; PATTERN=m-permission-preface; NAV=NAV-STACK-PUSH; SHELL=SH-PHONE-FEED; DENSITY=D-COMFORTABLE; IX=IX-PERMISSION-RATIONALE; IMPL=url-state,intersection-infinite,abort-controller,biometric-webauthn; FEEL=Value prop before OS dialog
A0799	password-mobile	Password Manager Mobile	industry-app	mobile-phone	NAV-BOTTOM-TABS	SH-PHONE-TABS	D-DEFAULT	IX-PRIMARY-THUMB	PLATFORM=mobile-phone; PATTERN=password-mobile; NAV=NAV-BOTTOM-TABS; SHELL=SH-PHONE-TABS; DENSITY=D-DEFAULT; IX=IX-PRIMARY-THUMB; IMPL=prefers-color-scheme,focus-trap,virtual-list,biometric-webauthn; FEEL=vault autofill
A0800	education-mobile	Learning Mobile	industry-app	mobile-phone	NAV-NONE-FOCUS	SH-PHONE-FEED	D-COMFORTABLE	IX-PRIMARY-THUMB	PLATFORM=mobile-phone; PATTERN=education-mobile; NAV=NAV-NONE-FOCUS; SHELL=SH-PHONE-FEED; DENSITY=D-COMFORTABLE; IX=IX-PRIMARY-THUMB; IMPL=focus-visible,prefers-reduced-motion,skeleton-css,intersection-infinite; FEEL=courses lessons
A0801	media-mobile	Media Mobile	industry-app	mobile-phone	NAV-BOTTOM-TABS	SH-PHONE-FEED	D-DEFAULT	IX-PRIMARY-THUMB	PLATFORM=mobile-phone; PATTERN=media-mobile; NAV=NAV-BOTTOM-TABS; SHELL=SH-PHONE-FEED; DENSITY=D-DEFAULT; IX=IX-PRIMARY-THUMB; IMPL=bottom-nav-fixed,prefers-color-scheme,live-region,aria-current; FEEL=player feed
A0802	os-macos-sidebar	macOS sidebar	os-patterns	desktop-web	NAV-SIDE-RAIL	SH-DESK-RAIL-MAIN	D-DEFAULT	IX-KEYBOARD-SHORTCUTS	PLATFORM=desktop-web; PATTERN=os-macos-sidebar; NAV=NAV-SIDE-RAIL; SHELL=SH-DESK-RAIL-MAIN; DENSITY=D-DEFAULT; IX=IX-KEYBOARD-SHORTCUTS; IMPL=prefers-contrast,prefers-reduced-motion,session-timeout,matchmedia; FEEL=Source list
A0803	agriculture-mobile	Ag Mobile	industry-app	desktop-web	NAV-TOP-TABS	SH-DESK-DATAGRID	D-DEFAULT	IX-PRIMARY-THUMB	PLATFORM=desktop-web; PATTERN=agriculture-mobile; NAV=NAV-TOP-TABS; SHELL=SH-DESK-DATAGRID; DENSITY=D-DEFAULT; IX=IX-PRIMARY-THUMB; IMPL=popover-api,debounce-search,scroll-padding,aria-current; FEEL=fields tasks weather
A0804	music-desktop	Music Desktop	industry-app	desktop-web	NAV-SIDE-RAIL	SH-DESK-RAIL-MAIN-INSP	D-DEFAULT	IX-KEYBOARD-SHORTCUTS	PLATFORM=desktop-web; PATTERN=music-desktop; NAV=NAV-SIDE-RAIL; SHELL=SH-DESK-RAIL-MAIN-INSP; DENSITY=D-DEFAULT; IX=IX-KEYBOARD-SHORTCUTS; IMPL=session-timeout,scroll-padding,hover-media,clipboard-api; FEEL=library player queue
A0805	m-empty-first-run	First-run empty	mobile-content-patterns	mobile-phone	NAV-STACK-PUSH	SH-PHONE-STACK	D-COMFORTABLE	IX-EMPTY-CTA	PLATFORM=mobile-phone; PATTERN=m-empty-first-run; NAV=NAV-STACK-PUSH; SHELL=SH-PHONE-STACK; DENSITY=D-COMFORTABLE; IX=IX-EMPTY-CTA; IMPL=matchmedia,tap-highlight,error-boundary-ui,touch-action; FEEL=Education + CTA
A0806	m-focus-visible-mobile	Focus visible when keyboard	mobile-touch-a11y	mobile-phone	NAV-MODAL-SHEET	SH-PHONE-CANVAS	D-DEFAULT	IX-KEYBOARD-SHORTCUTS	PLATFORM=mobile-phone; PATTERN=m-focus-visible-mobile; NAV=NAV-MODAL-SHEET; SHELL=SH-PHONE-CANVAS; DENSITY=D-DEFAULT; IX=IX-KEYBOARD-SHORTCUTS; IMPL=type-date,abort-controller,hover-media,prefers-color-scheme; FEEL=External keyboard / a11y
A0807	x-semantic-status	Semantic status colours	cross-platform-app	responsive-app	NAV-NONE-FOCUS	SH-RESPONSIVE-COLLAPSE	D-DEFAULT	IX-EMPTY-CTA	PLATFORM=responsive-app; PATTERN=x-semantic-status; NAV=NAV-NONE-FOCUS; SHELL=SH-RESPONSIVE-COLLAPSE; DENSITY=D-DEFAULT; IX=IX-EMPTY-CTA; IMPL=dialog-element,coarse-pointer,scroll-padding,optimistic-ui; FEEL=+ icon/text not colour only
A0808	m-create-sheet	Create via sheet	mobile-structure	mobile-phone	NAV-BOTTOM-SHEET	SH-PHONE-SHEET	D-DEFAULT	IX-PRIMARY-THUMB	PLATFORM=mobile-phone; PATTERN=m-create-sheet; NAV=NAV-BOTTOM-SHEET; SHELL=SH-PHONE-SHEET; DENSITY=D-DEFAULT; IX=IX-PRIMARY-THUMB; IMPL=prefers-color-scheme,app-badge,type-date,error-boundary-ui; FEEL=Compose in sheet
A0809	os-android-back	Android back affordance	os-patterns	mobile-phone	NAV-WIZARD	SH-PHONE-TABS	D-DEFAULT	IX-PRIMARY-THUMB	PLATFORM=mobile-phone; PATTERN=os-android-back; NAV=NAV-WIZARD; SHELL=SH-PHONE-TABS; DENSITY=D-DEFAULT; IX=IX-PRIMARY-THUMB; IMPL=sticky-footer-cta,autocomplete,scroll-padding,pointer-events; FEEL=Predictable back stack
A0810	smart-home-mobile	Smart Home Mobile	industry-app	mobile-phone	NAV-BOTTOM-TABS	SH-PHONE-TABS	D-DEFAULT	IX-PRIMARY-THUMB	PLATFORM=mobile-phone; PATTERN=smart-home-mobile; NAV=NAV-BOTTOM-TABS; SHELL=SH-PHONE-TABS; DENSITY=D-DEFAULT; IX=IX-PRIMARY-THUMB; IMPL=skeleton-css,intersection-infinite,will-change-sparing,flex-phone-column; FEEL=rooms scenes devices
A0811	d-density-toggle	User density toggle	desktop-density-keyboard	desktop-web	NAV-SIDE-RAIL	SH-DESK-DATAGRID	D-DEFAULT	IX-WINDOW-DENSITY	PLATFORM=desktop-web; PATTERN=d-density-toggle; NAV=NAV-SIDE-RAIL; SHELL=SH-DESK-DATAGRID; DENSITY=D-DEFAULT; IX=IX-WINDOW-DENSITY; IMPL=virtual-list,content-visibility,fine-pointer,clipboard-api; FEEL=Comfortable/Compact persist
A0812	support-desktop	Support Desktop	industry-app	desktop-web	NAV-MASTER-DETAIL	SH-DESK-RAIL-MAIN-INSP	D-COMPACT	IX-KEYBOARD-SHORTCUTS	PLATFORM=desktop-web; PATTERN=support-desktop; NAV=NAV-MASTER-DETAIL; SHELL=SH-DESK-RAIL-MAIN-INSP; DENSITY=D-COMPACT; IX=IX-KEYBOARD-SHORTCUTS; IMPL=container-queries,url-state,form-novalidate,pointer-events; FEEL=ticket workspace
A0813	analytics-mobile	Analytics Mobile	industry-app	responsive-app	NAV-STACK-PUSH	SH-PHONE-SHEET	D-DEFAULT	IX-PRIMARY-THUMB	PLATFORM=responsive-app; PATTERN=analytics-mobile; NAV=NAV-STACK-PUSH; SHELL=SH-PHONE-SHEET; DENSITY=D-DEFAULT; IX=IX-PRIMARY-THUMB; IMPL=push-web,history-stack,hotkeys,fine-pointer; FEEL=kpi cards drill
A0814	chat-desktop	Desktop Chat	industry-app	mobile-phone	NAV-TAB+STACK	SH-RESPONSIVE-COLLAPSE	D-DEFAULT	IX-KEYBOARD-SHORTCUTS	PLATFORM=mobile-phone; PATTERN=chat-desktop; NAV=NAV-TAB+STACK; SHELL=SH-RESPONSIVE-COLLAPSE; DENSITY=D-DEFAULT; IX=IX-KEYBOARD-SHORTCUTS; IMPL=history-stack,service-worker-offline,safe-area-css,aria-current; FEEL=list thread info-on-demand
A0815	m-chat-thread	Chat thread mobile	mobile-structure	mobile-phone	NAV-STACK-PUSH	SH-PHONE-STACK	D-DEFAULT	IX-PRIMARY-THUMB	PLATFORM=mobile-phone; PATTERN=m-chat-thread; NAV=NAV-STACK-PUSH; SHELL=SH-PHONE-STACK; DENSITY=D-DEFAULT; IX=IX-PRIMARY-THUMB; IMPL=safe-area-css,touch-action,overscroll,viewport-meta; FEEL=Thread + composer bottom
A0816	d-chat-desktop	Desktop messaging	desktop-structure	desktop-web	NAV-WIZARD	SH-DESK-DASH	D-DEFAULT	IX-KEYBOARD-SHORTCUTS	PLATFORM=desktop-web; PATTERN=d-chat-desktop; NAV=NAV-WIZARD; SHELL=SH-DESK-DASH; DENSITY=D-DEFAULT; IX=IX-KEYBOARD-SHORTCUTS; IMPL=grid-app-shell,form-novalidate,prefers-reduced-motion,live-region; FEEL=List | thread | optional info
A0817	d-progressive-more	More/Fewer options	desktop-density-keyboard	desktop-web	NAV-BREADCRUMB	SH-DESK-DASH	D-DEFAULT	IX-FILTER-CHIPS	PLATFORM=desktop-web; PATTERN=d-progressive-more; NAV=NAV-BREADCRUMB; SHELL=SH-DESK-DASH; DENSITY=D-DEFAULT; IX=IX-FILTER-CHIPS; IMPL=skeleton-css,error-boundary-ui,hotkeys,focus-trap; FEEL=Hide rare advanced
A0818	m-keyboard-avoid	Keyboard avoidance	mobile-touch-a11y	mobile-phone	NAV-WIZARD	SH-PHONE-CANVAS	D-DEFAULT	IX-FORM-SECTIONED	PLATFORM=mobile-phone; PATTERN=m-keyboard-avoid; NAV=NAV-WIZARD; SHELL=SH-PHONE-CANVAS; DENSITY=D-DEFAULT; IX=IX-FORM-SECTIONED; IMPL=optimistic-ui,virtual-list,csrf-safe,url-state; FEEL=Focused field visible
A0819	notes-mobile	Notes Mobile	industry-app	responsive-app	NAV-STACK-PUSH	SH-PHONE-STACK	D-DEFAULT	IX-PRIMARY-THUMB	PLATFORM=responsive-app; PATTERN=notes-mobile; NAV=NAV-STACK-PUSH; SHELL=SH-PHONE-STACK; DENSITY=D-DEFAULT; IX=IX-PRIMARY-THUMB; IMPL=prefers-contrast,roving-tabindex,hover-media,inputmode; FEEL=list editor
A0820	x-permissioned-ui	Permissioned UI	cross-platform-app	responsive-app	NAV-NONE-FOCUS	SH-RESPONSIVE-COLLAPSE	D-DEFAULT	IX-EMPTY-CTA	PLATFORM=responsive-app; PATTERN=x-permissioned-ui; NAV=NAV-NONE-FOCUS; SHELL=SH-RESPONSIVE-COLLAPSE; DENSITY=D-DEFAULT; IX=IX-EMPTY-CTA; IMPL=form-novalidate,roving-tabindex,matchmedia,popover-api; FEEL=Hide vs disable with reason
A0821	m-media-fullscreen	Fullscreen media	mobile-content-patterns	mobile-phone	NAV-NONE-FOCUS	SH-PHONE-CANVAS	D-DEFAULT	IX-PRIMARY-THUMB	PLATFORM=mobile-phone; PATTERN=m-media-fullscreen; NAV=NAV-NONE-FOCUS; SHELL=SH-PHONE-CANVAS; DENSITY=D-DEFAULT; IX=IX-PRIMARY-THUMB; IMPL=focus-visible,vibrate-careful,flex-phone-column,abort-controller; FEEL=Swipe dismiss, chrome fade
A0822	travel-desktop	Travel Desktop	industry-app	mobile-phone	NAV-WIZARD	SH-PHONE-FEED	D-DEFAULT	IX-KEYBOARD-SHORTCUTS	PLATFORM=mobile-phone; PATTERN=travel-desktop; NAV=NAV-WIZARD; SHELL=SH-PHONE-FEED; DENSITY=D-DEFAULT; IX=IX-KEYBOARD-SHORTCUTS; IMPL=scroll-padding,touch-action,optimistic-ui,viewport-meta; FEEL=itinerary booking
A0823	library-mobile	Library Mobile	industry-app	mobile-phone	NAV-TAB+STACK	SH-PHONE-SHEET	D-DEFAULT	IX-PRIMARY-THUMB	PLATFORM=mobile-phone; PATTERN=library-mobile; NAV=NAV-TAB+STACK; SHELL=SH-PHONE-SHEET; DENSITY=D-DEFAULT; IX=IX-PRIMARY-THUMB; IMPL=matchmedia,history-stack,url-state,overscroll; FEEL=search loans
A0824	os-material-top-app-bar	Material top app bar	os-patterns	mobile-phone	NAV-STACK-PUSH	SH-PHONE-CANVAS	D-DEFAULT	IX-PRIMARY-THUMB	PLATFORM=mobile-phone; PATTERN=os-material-top-app-bar; NAV=NAV-STACK-PUSH; SHELL=SH-PHONE-CANVAS; DENSITY=D-DEFAULT; IX=IX-PRIMARY-THUMB; IMPL=service-worker-offline,install-pwa,scroll-padding,app-badge; FEEL=Nav + actions
A0825	x-performance-perceived	Perceived performance	cross-platform-app	responsive-app	NAV-NONE-FOCUS	SH-RESPONSIVE-COLLAPSE	D-DEFAULT	IX-OPTIMISTIC	PLATFORM=responsive-app; PATTERN=x-performance-perceived; NAV=NAV-NONE-FOCUS; SHELL=SH-RESPONSIVE-COLLAPSE; DENSITY=D-DEFAULT; IX=IX-OPTIMISTIC; IMPL=hover-media,aria-expanded,error-boundary-ui,vibrate-careful; FEEL=Skeleton, optimistic, stale-while-revalidate
A0826	m-single-feed	Single feed app	mobile-structure	mobile-phone	NAV-NONE-FOCUS	SH-PHONE-FEED	D-DEFAULT	IX-PRIMARY-THUMB	PLATFORM=mobile-phone; PATTERN=m-single-feed; NAV=NAV-NONE-FOCUS; SHELL=SH-PHONE-FEED; DENSITY=D-DEFAULT; IX=IX-PRIMARY-THUMB; IMPL=vibrate-careful,min-touch,aria-current,touch-action; FEEL=Content is the app
A0827	x-empty-permission	Empty by permission	cross-platform-app	responsive-app	NAV-DRAWER	SH-DESK-IDE-LITE	D-DEFAULT	IX-EMPTY-CTA	PLATFORM=responsive-app; PATTERN=x-empty-permission; NAV=NAV-DRAWER; SHELL=SH-DESK-IDE-LITE; DENSITY=D-DEFAULT; IX=IX-EMPTY-CTA; IMPL=history-stack,safe-area-css,focus-visible,csrf-safe; FEEL=Explain access gap
A0828	os-material-fab	Material FAB	os-patterns	mobile-phone	NAV-STACK-PUSH	SH-PHONE-FEED	D-TOUCH-COMFORT	IX-FAB	PLATFORM=mobile-phone; PATTERN=os-material-fab; NAV=NAV-STACK-PUSH; SHELL=SH-PHONE-FEED; DENSITY=D-TOUCH-COMFORT; IX=IX-FAB; IMPL=history-stack,bottom-nav-fixed,content-visibility,overscroll; FEEL=Primary create
A0829	x-performance-perceived	Perceived performance	cross-platform-app	responsive-app	NAV-NONE-FOCUS	SH-RESPONSIVE-COLLAPSE	D-DEFAULT	IX-OPTIMISTIC	PLATFORM=responsive-app; PATTERN=x-performance-perceived; NAV=NAV-NONE-FOCUS; SHELL=SH-RESPONSIVE-COLLAPSE; DENSITY=D-DEFAULT; IX=IX-OPTIMISTIC; IMPL=overscroll,prefers-color-scheme,command-palette-js,optimistic-ui; FEEL=Skeleton, optimistic, stale-while-revalidate
A0830	m-safe-area-chrome	Safe-area chrome	mobile-touch-a11y	mobile-phone	NAV-BOTTOM-TABS	SH-PHONE-TABS	D-TOUCH-COMFORT	IX-STICKY-FOOTER-CTA	PLATFORM=mobile-phone; PATTERN=m-safe-area-chrome; NAV=NAV-BOTTOM-TABS; SHELL=SH-PHONE-TABS; DENSITY=D-TOUCH-COMFORT; IX=IX-STICKY-FOOTER-CTA; IMPL=tap-highlight,file-capture,skeleton-css,virtual-list; FEEL=Tabs/CTAs above home indicator
A0831	x-audit-trail	Audit-friendly UI	cross-platform-app	responsive-app	NAV-SIDE-RAIL	SH-DESK-DATAGRID	D-COMPACT	IX-INLINE-EDIT	PLATFORM=responsive-app; PATTERN=x-audit-trail; NAV=NAV-SIDE-RAIL; SHELL=SH-DESK-DATAGRID; DENSITY=D-COMPACT; IX=IX-INLINE-EDIT; IMPL=aria-expanded,localstorage-prefs,history-stack,intersection-infinite; FEEL=Who/when visible in ops
A0832	m-filter-sheet	Filter sheet	mobile-structure	mobile-phone	NAV-BOTTOM-SHEET	SH-PHONE-SHEET	D-DEFAULT	IX-PRIMARY-THUMB	PLATFORM=mobile-phone; PATTERN=m-filter-sheet; NAV=NAV-BOTTOM-SHEET; SHELL=SH-PHONE-SHEET; DENSITY=D-DEFAULT; IX=IX-PRIMARY-THUMB; IMPL=sticky-footer-cta,scroll-padding,will-change-sparing,install-pwa; FEEL=Filters over results
A0833	news-mobile	News Mobile	industry-app	mobile-phone	NAV-BOTTOM-TABS	SH-PHONE-STACK	D-DEFAULT	IX-PRIMARY-THUMB	PLATFORM=mobile-phone; PATTERN=news-mobile; NAV=NAV-BOTTOM-TABS; SHELL=SH-PHONE-STACK; DENSITY=D-DEFAULT; IX=IX-PRIMARY-THUMB; IMPL=scroll-padding,will-change-sparing,prefers-reduced-motion,aria-expanded; FEEL=sections article
A0834	m-create-fab	Create via FAB	mobile-structure	mobile-phone	NAV-WIZARD	SH-PHONE-CANVAS	D-TOUCH-COMFORT	IX-PRIMARY-THUMB	PLATFORM=mobile-phone; PATTERN=m-create-fab; NAV=NAV-WIZARD; SHELL=SH-PHONE-CANVAS; DENSITY=D-TOUCH-COMFORT; IX=IX-PRIMARY-THUMB; IMPL=url-state,dialog-element,tap-highlight,aria-current; FEEL=One create affordance
A0835	smart-home-desktop	Smart Home Desktop	industry-app	desktop-web	NAV-SIDE-RAIL	SH-DESK-TOOL-CANVAS	D-DEFAULT	IX-KEYBOARD-SHORTCUTS	PLATFORM=desktop-web; PATTERN=smart-home-desktop; NAV=NAV-SIDE-RAIL; SHELL=SH-DESK-TOOL-CANVAS; DENSITY=D-DEFAULT; IX=IX-KEYBOARD-SHORTCUTS; IMPL=session-timeout,focus-visible,focus-trap,dialog-element; FEEL=floorplan devices
A0836	d-ide-lite	IDE-lite	desktop-structure	desktop-web	NAV-SIDE-RAIL	SH-DESK-IDE-LITE	D-COMPACT	IX-KEYBOARD-SHORTCUTS	PLATFORM=desktop-web; PATTERN=d-ide-lite; NAV=NAV-SIDE-RAIL; SHELL=SH-DESK-IDE-LITE; DENSITY=D-COMPACT; IX=IX-KEYBOARD-SHORTCUTS; IMPL=hover-media,matchmedia,form-novalidate,localstorage-prefs; FEEL=Editor primary; panels optional
A0837	media-mobile	Media Mobile	industry-app	responsive-app	NAV-BOTTOM-TABS	SH-PHONE-FEED	D-DEFAULT	IX-PRIMARY-THUMB	PLATFORM=responsive-app; PATTERN=media-mobile; NAV=NAV-BOTTOM-TABS; SHELL=SH-PHONE-FEED; DENSITY=D-DEFAULT; IX=IX-PRIMARY-THUMB; IMPL=localstorage-prefs,dvh-units,skeleton-css,form-novalidate; FEEL=player feed
A0838	os-macos-sidebar	macOS sidebar	os-patterns	desktop-web	NAV-TOOLBAR	SH-RESPONSIVE-COLLAPSE	D-DEFAULT	IX-KEYBOARD-SHORTCUTS	PLATFORM=desktop-web; PATTERN=os-macos-sidebar; NAV=NAV-TOOLBAR; SHELL=SH-RESPONSIVE-COLLAPSE; DENSITY=D-DEFAULT; IX=IX-KEYBOARD-SHORTCUTS; IMPL=prefers-reduced-motion,fine-pointer,will-change-sparing,optimistic-ui; FEEL=Source list
A0839	m-thumb-zone-cta	Thumb-zone primary CTA	mobile-touch-a11y	mobile-phone	NAV-STACK-PUSH	SH-PHONE-STACK	D-TOUCH-COMFORT	IX-STICKY-FOOTER-CTA	PLATFORM=mobile-phone; PATTERN=m-thumb-zone-cta; NAV=NAV-STACK-PUSH; SHELL=SH-PHONE-STACK; DENSITY=D-TOUCH-COMFORT; IX=IX-STICKY-FOOTER-CTA; IMPL=virtual-list,viewport-meta,will-change-sparing,aria-current; FEEL=Primary near bottom
A0840	x-state-matrix	Full state matrix	cross-platform-app	responsive-app	NAV-TAB+STACK	SH-PHONE-FEED	D-DEFAULT	IX-SKELETON-LOAD	PLATFORM=responsive-app; PATTERN=x-state-matrix; NAV=NAV-TAB+STACK; SHELL=SH-PHONE-FEED; DENSITY=D-DEFAULT; IX=IX-SKELETON-LOAD; IMPL=will-change-sparing,vibrate-careful,optimistic-ui,csrf-safe; FEEL=default loading empty error success
A0841	m-error-fullpage	Full-page error	mobile-content-patterns	mobile-phone	NAV-BOTTOM-SHEET	SH-PHONE-TABS	D-DEFAULT	IX-EMPTY-CTA	PLATFORM=mobile-phone; PATTERN=m-error-fullpage; NAV=NAV-BOTTOM-SHEET; SHELL=SH-PHONE-TABS; DENSITY=D-DEFAULT; IX=IX-EMPTY-CTA; IMPL=content-visibility,app-badge,tap-highlight,autocomplete; FEEL=Retry + support
A0842	m-thumb-zone-cta	Thumb-zone primary CTA	mobile-touch-a11y	mobile-phone	NAV-STACK-PUSH	SH-PHONE-STACK	D-TOUCH-COMFORT	IX-STICKY-FOOTER-CTA	PLATFORM=mobile-phone; PATTERN=m-thumb-zone-cta; NAV=NAV-STACK-PUSH; SHELL=SH-PHONE-STACK; DENSITY=D-TOUCH-COMFORT; IX=IX-STICKY-FOOTER-CTA; IMPL=flex-phone-column,prefers-color-scheme,optimistic-ui,safe-area-css; FEEL=Primary near bottom
A0843	museum-mobile	Museum Mobile	industry-app	mobile-phone	NAV-TAB+STACK	SH-PHONE-STACK	D-COMFORTABLE	IX-PRIMARY-THUMB	PLATFORM=mobile-phone; PATTERN=museum-mobile; NAV=NAV-TAB+STACK; SHELL=SH-PHONE-STACK; DENSITY=D-COMFORTABLE; IX=IX-PRIMARY-THUMB; IMPL=service-worker-offline,install-pwa,coarse-pointer,file-capture; FEEL=visit guide audio
A0844	m-keyboard-avoid	Keyboard avoidance	mobile-touch-a11y	mobile-phone	NAV-STACK-PUSH	SH-PHONE-STACK	D-DEFAULT	IX-FORM-SECTIONED	PLATFORM=mobile-phone; PATTERN=m-keyboard-avoid; NAV=NAV-STACK-PUSH; SHELL=SH-PHONE-STACK; DENSITY=D-DEFAULT; IX=IX-FORM-SECTIONED; IMPL=hover-media,aria-expanded,prefers-contrast,csrf-safe; FEEL=Focused field visible
A0845	os-material-nav-rail	Material nav rail	os-patterns	mobile-tablet	NAV-SIDE-RAIL	SH-TABLET-RAIL	D-DEFAULT	IX-EMPTY-CTA	PLATFORM=mobile-tablet; PATTERN=os-material-nav-rail; NAV=NAV-SIDE-RAIL; SHELL=SH-TABLET-RAIL; DENSITY=D-DEFAULT; IX=IX-EMPTY-CTA; IMPL=error-boundary-ui,share-api,flex-phone-column,prefers-color-scheme; FEEL=Tablet/desktop
A0846	event-desktop	Event Desktop	industry-app	desktop-web	NAV-SIDE-RAIL	SH-DESK-RAIL-MAIN	D-DEFAULT	IX-KEYBOARD-SHORTCUTS	PLATFORM=desktop-web; PATTERN=event-desktop; NAV=NAV-SIDE-RAIL; SHELL=SH-DESK-RAIL-MAIN; DENSITY=D-DEFAULT; IX=IX-KEYBOARD-SHORTCUTS; IMPL=prefers-reduced-motion,pointer-events,hover-media,prefers-color-scheme; FEEL=registration agenda
A0847	os-kiosk-locked	Kiosk locked session	os-patterns	mobile-phone	NAV-TOP-TABS	SH-PHONE-SHEET	D-TOUCH-COMFORT	IX-PRIMARY-THUMB	PLATFORM=mobile-phone; PATTERN=os-kiosk-locked; NAV=NAV-TOP-TABS; SHELL=SH-PHONE-SHEET; DENSITY=D-TOUCH-COMFORT; IX=IX-PRIMARY-THUMB; IMPL=prefers-reduced-motion,install-pwa,optimistic-ui,safe-area-css; FEEL=Timeout reset
A0848	d-progressive-more	More/Fewer options	desktop-density-keyboard	desktop-web	NAV-SIDE-RAIL	SH-DESK-RAIL-MAIN	D-DEFAULT	IX-FILTER-CHIPS	PLATFORM=desktop-web; PATTERN=d-progressive-more; NAV=NAV-SIDE-RAIL; SHELL=SH-DESK-RAIL-MAIN; DENSITY=D-DEFAULT; IX=IX-FILTER-CHIPS; IMPL=popover-api,aria-current,optimistic-ui,virtual-list; FEEL=Hide rare advanced
A0849	m-empty-first-run	First-run empty	mobile-content-patterns	mobile-phone	NAV-STACK-PUSH	SH-PHONE-STACK	D-COMFORTABLE	IX-EMPTY-CTA	PLATFORM=mobile-phone; PATTERN=m-empty-first-run; NAV=NAV-STACK-PUSH; SHELL=SH-PHONE-STACK; DENSITY=D-COMFORTABLE; IX=IX-EMPTY-CTA; IMPL=network-information,virtual-list,scroll-padding,url-state; FEEL=Education + CTA
A0850	os-material-nav-bar	Material bottom nav	os-patterns	mobile-phone	NAV-NONE-FOCUS	SH-PHONE-SHEET	D-TOUCH-COMFORT	IX-PRIMARY-THUMB	PLATFORM=mobile-phone; PATTERN=os-material-nav-bar; NAV=NAV-NONE-FOCUS; SHELL=SH-PHONE-SHEET; DENSITY=D-TOUCH-COMFORT; IX=IX-PRIMARY-THUMB; IMPL=flex-phone-column,bottom-nav-fixed,tap-highlight,debounce-search; FEEL=3–5 destinations
A0851	x-semantic-status	Semantic status colours	cross-platform-app	responsive-app	NAV-NONE-FOCUS	SH-DESK-DASH	D-DEFAULT	IX-EMPTY-CTA	PLATFORM=responsive-app; PATTERN=x-semantic-status; NAV=NAV-NONE-FOCUS; SHELL=SH-DESK-DASH; DENSITY=D-DEFAULT; IX=IX-EMPTY-CTA; IMPL=flex-phone-column,hotkeys,focus-trap,popover-api; FEEL=+ icon/text not colour only
A0852	d-rail-main	Icon rail + main	desktop-structure	desktop-web	NAV-SIDE-RAIL	SH-DESK-RAIL-MAIN	D-DEFAULT	IX-KEYBOARD-SHORTCUTS	PLATFORM=desktop-web; PATTERN=d-rail-main; NAV=NAV-SIDE-RAIL; SHELL=SH-DESK-RAIL-MAIN; DENSITY=D-DEFAULT; IX=IX-KEYBOARD-SHORTCUTS; IMPL=will-change-sparing,hotkeys,aria-expanded,scroll-padding; FEEL=Primary desktop shell
A0853	restaurant-pos-tablet	Restaurant POS Tablet	industry-app	mobile-tablet	NAV-NONE-FOCUS	SH-TABLET-SPLIT	D-TOUCH-COMFORT	IX-EMPTY-CTA	PLATFORM=mobile-tablet; PATTERN=restaurant-pos-tablet; NAV=NAV-NONE-FOCUS; SHELL=SH-TABLET-SPLIT; DENSITY=D-TOUCH-COMFORT; IX=IX-EMPTY-CTA; IMPL=prefers-reduced-motion,install-pwa,aria-expanded,url-state; FEEL=tickets menu pay
A0854	m-biometric-gate	Biometric gate	mobile-structure	mobile-phone	NAV-BOTTOM-SHEET	SH-RESPONSIVE-COLLAPSE	D-COMFORTABLE	IX-PRIMARY-THUMB	PLATFORM=mobile-phone; PATTERN=m-biometric-gate; NAV=NAV-BOTTOM-SHEET; SHELL=SH-RESPONSIVE-COLLAPSE; DENSITY=D-COMFORTABLE; IX=IX-PRIMARY-THUMB; IMPL=min-touch,sticky-footer-cta,dialog-element,csrf-safe; FEEL=Local auth then app
A0855	m-picker-sheet	Picker sheet	mobile-structure	mobile-phone	NAV-NONE-FOCUS	SH-PHONE-SHEET	D-TOUCH-COMFORT	IX-PRIMARY-THUMB	PLATFORM=mobile-phone; PATTERN=m-picker-sheet; NAV=NAV-NONE-FOCUS; SHELL=SH-PHONE-SHEET; DENSITY=D-TOUCH-COMFORT; IX=IX-PRIMARY-THUMB; IMPL=form-novalidate,focus-visible,error-boundary-ui,overscroll; FEEL=Select without full page
A0856	university-desktop	Uni Admin Desktop	industry-app	mobile-phone	NAV-MODAL-SHEET	SH-RESPONSIVE-COLLAPSE	D-TOUCH-COMFORT	IX-KEYBOARD-SHORTCUTS	PLATFORM=mobile-phone; PATTERN=university-desktop; NAV=NAV-MODAL-SHEET; SHELL=SH-RESPONSIVE-COLLAPSE; DENSITY=D-TOUCH-COMFORT; IX=IX-KEYBOARD-SHORTCUTS; IMPL=url-state,tap-highlight,skeleton-css,focus-visible; FEEL=enrolment records
A0857	m-action-sheet	Action sheet confirm	mobile-structure	mobile-phone	NAV-MODAL-SHEET	SH-PHONE-SHEET	D-TOUCH-COMFORT	IX-PRIMARY-THUMB	PLATFORM=mobile-phone; PATTERN=m-action-sheet; NAV=NAV-MODAL-SHEET; SHELL=SH-PHONE-SHEET; DENSITY=D-TOUCH-COMFORT; IX=IX-PRIMARY-THUMB; IMPL=bottom-nav-fixed,safe-area-css,content-visibility,network-information; FEEL=Destructive choices clear
A0858	m-push-pref-center	Notification prefs	mobile-content-patterns	mobile-phone	NAV-STACK-PUSH	SH-PHONE-STACK	D-DEFAULT	IX-PRIMARY-THUMB	PLATFORM=mobile-phone; PATTERN=m-push-pref-center; NAV=NAV-STACK-PUSH; SHELL=SH-PHONE-STACK; DENSITY=D-DEFAULT; IX=IX-PRIMARY-THUMB; IMPL=coarse-pointer,inputmode,viewport-meta,csrf-safe; FEEL=Granular, not all-or-nothing
A0859	os-material-top-app-bar	Material top app bar	os-patterns	mobile-phone	NAV-STACK-PUSH	SH-PHONE-STACK	D-DEFAULT	IX-PRIMARY-THUMB	PLATFORM=mobile-phone; PATTERN=os-material-top-app-bar; NAV=NAV-STACK-PUSH; SHELL=SH-PHONE-STACK; DENSITY=D-DEFAULT; IX=IX-PRIMARY-THUMB; IMPL=coarse-pointer,matchmedia,content-visibility,autocomplete; FEEL=Nav + actions
A0860	x-toast-queue	Toast/queue discipline	cross-platform-app	responsive-app	NAV-SIDE-RAIL	SH-DESK-RAIL-MAIN-INSP	D-DEFAULT	IX-UNDO-TOAST	PLATFORM=responsive-app; PATTERN=x-toast-queue; NAV=NAV-SIDE-RAIL; SHELL=SH-DESK-RAIL-MAIN-INSP; DENSITY=D-DEFAULT; IX=IX-UNDO-TOAST; IMPL=dvh-units,scroll-padding,aria-expanded,live-region; FEEL=Don't stack spam
A0861	m-stepper-progress	Stepper progress	mobile-content-patterns	mobile-phone	NAV-MODAL-SHEET	SH-PHONE-SHEET	D-COMFORTABLE	IX-PRIMARY-THUMB	PLATFORM=mobile-phone; PATTERN=m-stepper-progress; NAV=NAV-MODAL-SHEET; SHELL=SH-PHONE-SHEET; DENSITY=D-COMFORTABLE; IX=IX-PRIMARY-THUMB; IMPL=debounce-search,content-visibility,app-badge,focus-trap; FEEL=Show step n of m
A0862	m-hamburger-secondary	Drawer for secondary only	mobile-structure	mobile-phone	NAV-TOP-TABS	SH-PHONE-STACK	D-DEFAULT	IX-PRIMARY-THUMB	PLATFORM=mobile-phone; PATTERN=m-hamburger-secondary; NAV=NAV-TOP-TABS; SHELL=SH-PHONE-STACK; DENSITY=D-DEFAULT; IX=IX-PRIMARY-THUMB; IMPL=bottom-nav-fixed,matchmedia,install-pwa,biometric-webauthn; FEEL=Not for primary 5 destinations
A0863	m-tab-per-stack	Tab + stack per root	mobile-structure	mobile-phone	NAV-BOTTOM-SHEET	SH-RESPONSIVE-COLLAPSE	D-TOUCH-COMFORT	IX-PRIMARY-THUMB	PLATFORM=mobile-phone; PATTERN=m-tab-per-stack; NAV=NAV-BOTTOM-SHEET; SHELL=SH-RESPONSIVE-COLLAPSE; DENSITY=D-TOUCH-COMFORT; IX=IX-PRIMARY-THUMB; IMPL=network-information,intersection-infinite,inputmode,form-novalidate; FEEL=Independent history per tab
A0864	finance-markets-mobile	Markets Mobile	industry-app	mobile-phone	NAV-BOTTOM-TABS	SH-PHONE-TABS	D-DEFAULT	IX-PRIMARY-THUMB	PLATFORM=mobile-phone; PATTERN=finance-markets-mobile; NAV=NAV-BOTTOM-TABS; SHELL=SH-PHONE-TABS; DENSITY=D-DEFAULT; IX=IX-PRIMARY-THUMB; IMPL=focus-trap,aria-expanded,tap-highlight,intersection-infinite; FEEL=watchlist quotes
A0865	d-large-display	Large display use	desktop-density-keyboard	desktop-web	NAV-SIDE-RAIL	SH-DESK-RAIL-MAIN	D-DEFAULT	IX-SPLIT-RESIZE	PLATFORM=desktop-web; PATTERN=d-large-display; NAV=NAV-SIDE-RAIL; SHELL=SH-DESK-RAIL-MAIN; DENSITY=D-DEFAULT; IX=IX-SPLIT-RESIZE; IMPL=optimistic-ui,roving-tabindex,abort-controller,csrf-safe; FEEL=Don't stretch uselessly
A0866	d-menubar-classic	Classic menubar	desktop-structure	desktop-web	NAV-TOP-TABS	SH-DESK-DOCUMENT	D-DEFAULT	IX-KEYBOARD-SHORTCUTS	PLATFORM=desktop-web; PATTERN=d-menubar-classic; NAV=NAV-TOP-TABS; SHELL=SH-DESK-DOCUMENT; DENSITY=D-DEFAULT; IX=IX-KEYBOARD-SHORTCUTS; IMPL=overscroll,drag-drop-desktop,csrf-safe,roving-tabindex; FEEL=File/Edit/View…
A0867	mdm-mobile	Device Enrol Mobile	industry-app	mobile-phone	NAV-WIZARD	SH-PHONE-STACK	D-TOUCH-COMFORT	IX-PRIMARY-THUMB	PLATFORM=mobile-phone; PATTERN=mdm-mobile; NAV=NAV-WIZARD; SHELL=SH-PHONE-STACK; DENSITY=D-TOUCH-COMFORT; IX=IX-PRIMARY-THUMB; IMPL=file-capture,tap-highlight,coarse-pointer,min-touch; FEEL=enrol status
A0868	erp-desktop	ERP Desktop	industry-app	responsive-app	NAV-SIDE-TREE	SH-DESK-RAIL-MAIN	D-COMPACT	IX-KEYBOARD-SHORTCUTS	PLATFORM=responsive-app; PATTERN=erp-desktop; NAV=NAV-SIDE-TREE; SHELL=SH-DESK-RAIL-MAIN; DENSITY=D-COMPACT; IX=IX-KEYBOARD-SHORTCUTS; IMPL=safe-area-css,type-date,resize-observer,csrf-safe; FEEL=modules dense tables
A0869	agriculture-mobile	Ag Mobile	industry-app	mobile-phone	NAV-BOTTOM-TABS	SH-PHONE-TABS	D-TOUCH-COMFORT	IX-PRIMARY-THUMB	PLATFORM=mobile-phone; PATTERN=agriculture-mobile; NAV=NAV-BOTTOM-TABS; SHELL=SH-PHONE-TABS; DENSITY=D-TOUCH-COMFORT; IX=IX-PRIMARY-THUMB; IMPL=matchmedia,biometric-webauthn,optimistic-ui,prefers-reduced-motion; FEEL=fields tasks weather
A0870	os-ios-swipe-back	iOS interactive pop	os-patterns	mobile-phone	NAV-STACK-PUSH	SH-PHONE-STACK	D-DEFAULT	IX-PRIMARY-THUMB	PLATFORM=mobile-phone; PATTERN=os-ios-swipe-back; NAV=NAV-STACK-PUSH; SHELL=SH-PHONE-STACK; DENSITY=D-DEFAULT; IX=IX-PRIMARY-THUMB; IMPL=content-visibility,history-stack,will-change-sparing,hover-media; FEEL=Edge swipe back
A0871	museum-mobile	Museum Mobile	industry-app	mobile-phone	NAV-TAB+STACK	SH-PHONE-CANVAS	D-COMFORTABLE	IX-PRIMARY-THUMB	PLATFORM=mobile-phone; PATTERN=museum-mobile; NAV=NAV-TAB+STACK; SHELL=SH-PHONE-CANVAS; DENSITY=D-COMFORTABLE; IX=IX-PRIMARY-THUMB; IMPL=debounce-search,form-novalidate,inputmode,install-pwa; FEEL=visit guide audio
A0872	m-focus-visible-mobile	Focus visible when keyboard	mobile-touch-a11y	mobile-phone	NAV-STACK-PUSH	SH-PHONE-STACK	D-DEFAULT	IX-KEYBOARD-SHORTCUTS	PLATFORM=mobile-phone; PATTERN=m-focus-visible-mobile; NAV=NAV-STACK-PUSH; SHELL=SH-PHONE-STACK; DENSITY=D-DEFAULT; IX=IX-KEYBOARD-SHORTCUTS; IMPL=coarse-pointer,file-capture,prefers-reduced-motion,focus-trap; FEEL=External keyboard / a11y
A0873	x-audit-trail	Audit-friendly UI	cross-platform-app	responsive-app	NAV-SIDE-RAIL	SH-DESK-DATAGRID	D-COMPACT	IX-INLINE-EDIT	PLATFORM=responsive-app; PATTERN=x-audit-trail; NAV=NAV-SIDE-RAIL; SHELL=SH-DESK-DATAGRID; DENSITY=D-COMPACT; IX=IX-INLINE-EDIT; IMPL=network-information,hotkeys,error-boundary-ui,optimistic-ui; FEEL=Who/when visible in ops
A0874	d-shortcuts-help	? shortcuts cheatsheet	desktop-density-keyboard	desktop-web	NAV-SIDE-RAIL	SH-DESK-RAIL-MAIN	D-DEFAULT	IX-KEYBOARD-SHORTCUTS	PLATFORM=desktop-web; PATTERN=d-shortcuts-help; NAV=NAV-SIDE-RAIL; SHELL=SH-DESK-RAIL-MAIN; DENSITY=D-DEFAULT; IX=IX-KEYBOARD-SHORTCUTS; IMPL=popover-api,live-region,debounce-search,pointer-events; FEEL=Discoverable shortcuts
A0875	x-state-matrix	Full state matrix	cross-platform-app	responsive-app	NAV-NONE-FOCUS	SH-RESPONSIVE-COLLAPSE	D-DEFAULT	IX-SKELETON-LOAD	PLATFORM=responsive-app; PATTERN=x-state-matrix; NAV=NAV-NONE-FOCUS; SHELL=SH-RESPONSIVE-COLLAPSE; DENSITY=D-DEFAULT; IX=IX-SKELETON-LOAD; IMPL=matchmedia,container-queries,push-web,optimistic-ui; FEEL=default loading empty error success
A0876	ride-mobile	Ride Hail Mobile	industry-app	mobile-phone	NAV-BOTTOM-SHEET	SH-PHONE-SHEET	D-TOUCH-COMFORT	IX-PRIMARY-THUMB	PLATFORM=mobile-phone; PATTERN=ride-mobile; NAV=NAV-BOTTOM-SHEET; SHELL=SH-PHONE-SHEET; DENSITY=D-TOUCH-COMFORT; IX=IX-PRIMARY-THUMB; IMPL=sticky-footer-cta,install-pwa,overscroll,url-state; FEEL=map request trip
A0877	x-form-validation	Inline validation	cross-platform-app	responsive-app	NAV-NONE-FOCUS	SH-RESPONSIVE-COLLAPSE	D-DEFAULT	IX-FORM-SECTIONED	PLATFORM=responsive-app; PATTERN=x-form-validation; NAV=NAV-NONE-FOCUS; SHELL=SH-RESPONSIVE-COLLAPSE; DENSITY=D-DEFAULT; IX=IX-FORM-SECTIONED; IMPL=app-badge,debounce-search,vibrate-careful,popover-api; FEEL=On blur/submit plain language
A0878	m-search-results	Search results mobile	mobile-content-patterns	mobile-phone	NAV-TAB+STACK	SH-PHONE-CANVAS	D-DEFAULT	IX-SEARCH-FIRST	PLATFORM=mobile-phone; PATTERN=m-search-results; NAV=NAV-TAB+STACK; SHELL=SH-PHONE-CANVAS; DENSITY=D-DEFAULT; IX=IX-SEARCH-FIRST; IMPL=scroll-padding,aria-current,autocomplete,skeleton-css; FEEL=Query sticky + results
A0879	m-hub-and-spoke	Hub home + spokes	mobile-structure	mobile-phone	NAV-STACK-PUSH	SH-PHONE-STACK	D-DEFAULT	IX-PRIMARY-THUMB	PLATFORM=mobile-phone; PATTERN=m-hub-and-spoke; NAV=NAV-STACK-PUSH; SHELL=SH-PHONE-STACK; DENSITY=D-DEFAULT; IX=IX-PRIMARY-THUMB; IMPL=network-information,app-badge,type-date,vibrate-careful; FEEL=Home launches tasks
A0880	x-responsive-collapse	Responsive collapse	cross-platform-app	responsive-app	NAV-MASTER-DETAIL	SH-RESPONSIVE-COLLAPSE	D-DEFAULT	IX-EMPTY-CTA	PLATFORM=responsive-app; PATTERN=x-responsive-collapse; NAV=NAV-MASTER-DETAIL; SHELL=SH-RESPONSIVE-COLLAPSE; DENSITY=D-DEFAULT; IX=IX-EMPTY-CTA; IMPL=dvh-units,drag-drop-desktop,hotkeys,clipboard-api; FEEL=Split→stack at breakpoint
A0881	tax-desktop	Tax Desktop	industry-app	mobile-phone	NAV-MODAL-SHEET	SH-PHONE-SHEET	D-DEFAULT	IX-KEYBOARD-SHORTCUTS	PLATFORM=mobile-phone; PATTERN=tax-desktop; NAV=NAV-MODAL-SHEET; SHELL=SH-PHONE-SHEET; DENSITY=D-DEFAULT; IX=IX-KEYBOARD-SHORTCUTS; IMPL=type-date,prefers-reduced-motion,dvh-units,optimistic-ui; FEEL=forms wizard review
A0882	d-window-1024	Functional at 1024×768	desktop-density-keyboard	desktop-web	NAV-SIDE-RAIL	SH-DESK-RAIL-MAIN	D-DEFAULT	IX-SPLIT-RESIZE	PLATFORM=desktop-web; PATTERN=d-window-1024; NAV=NAV-SIDE-RAIL; SHELL=SH-DESK-RAIL-MAIN; DENSITY=D-DEFAULT; IX=IX-SPLIT-RESIZE; IMPL=intersection-infinite,matchmedia,pointer-events,skeleton-css; FEEL=No dead layouts at laptop
A0883	mdm-desktop	Device Management	industry-app	desktop-web	NAV-SIDE-RAIL	SH-DESK-DATAGRID	D-COMPACT	IX-KEYBOARD-SHORTCUTS	PLATFORM=desktop-web; PATTERN=mdm-desktop; NAV=NAV-SIDE-RAIL; SHELL=SH-DESK-DATAGRID; DENSITY=D-COMPACT; IX=IX-KEYBOARD-SHORTCUTS; IMPL=abort-controller,prefers-contrast,localstorage-prefs,hotkeys; FEEL=fleet compliance
A0884	os-ios-swipe-back	iOS interactive pop	os-patterns	mobile-phone	NAV-BOTTOM-SHEET	SH-RESPONSIVE-COLLAPSE	D-DEFAULT	IX-PRIMARY-THUMB	PLATFORM=mobile-phone; PATTERN=os-ios-swipe-back; NAV=NAV-BOTTOM-SHEET; SHELL=SH-RESPONSIVE-COLLAPSE; DENSITY=D-DEFAULT; IX=IX-PRIMARY-THUMB; IMPL=overscroll,service-worker-offline,viewport-meta,hover-media; FEEL=Edge swipe back
A0885	m-list-media	Media list rows	mobile-content-patterns	mobile-phone	NAV-STACK-PUSH	SH-PHONE-FEED	D-DEFAULT	IX-INFINITE-SCROLL	PLATFORM=mobile-phone; PATTERN=m-list-media; NAV=NAV-STACK-PUSH; SHELL=SH-PHONE-FEED; DENSITY=D-DEFAULT; IX=IX-INFINITE-SCROLL; IMPL=aria-current,viewport-meta,url-state,intersection-infinite; FEEL=Thumb + title + meta
A0886	construction-mobile	Construction Mobile	industry-app	mobile-phone	NAV-NONE-FOCUS	SH-RESPONSIVE-COLLAPSE	D-TOUCH-COMFORT	IX-PRIMARY-THUMB	PLATFORM=mobile-phone; PATTERN=construction-mobile; NAV=NAV-NONE-FOCUS; SHELL=SH-RESPONSIVE-COLLAPSE; DENSITY=D-TOUCH-COMFORT; IX=IX-PRIMARY-THUMB; IMPL=pointer-events,optimistic-ui,error-boundary-ui,prefers-reduced-motion; FEEL=site daily photos
A0887	food-merchant-desktop	Merchant Desktop	industry-app	desktop-web	NAV-NONE-FOCUS	SH-TABLET-SPLIT	D-COMPACT	IX-KEYBOARD-SHORTCUTS	PLATFORM=desktop-web; PATTERN=food-merchant-desktop; NAV=NAV-NONE-FOCUS; SHELL=SH-TABLET-SPLIT; DENSITY=D-COMPACT; IX=IX-KEYBOARD-SHORTCUTS; IMPL=session-timeout,error-boundary-ui,pointer-events,overscroll; FEEL=orders kitchen
A0888	legal-desktop	Legal Desktop	industry-app	desktop-web	NAV-SIDE-TREE	SH-TABLET-SPLIT	D-COMPACT	IX-KEYBOARD-SHORTCUTS	PLATFORM=desktop-web; PATTERN=legal-desktop; NAV=NAV-SIDE-TREE; SHELL=SH-TABLET-SPLIT; DENSITY=D-COMPACT; IX=IX-KEYBOARD-SHORTCUTS; IMPL=localstorage-prefs,aria-expanded,clipboard-api,prefers-reduced-motion; FEEL=matters documents
A0889	banking-mobile	Mobile Banking	industry-app	mobile-phone	NAV-BOTTOM-TABS	SH-PHONE-TABS	D-TOUCH-COMFORT	IX-PRIMARY-THUMB	PLATFORM=mobile-phone; PATTERN=banking-mobile; NAV=NAV-BOTTOM-TABS; SHELL=SH-PHONE-TABS; DENSITY=D-TOUCH-COMFORT; IX=IX-PRIMARY-THUMB; IMPL=hover-media,flex-phone-column,prefers-reduced-motion,touch-action; FEEL=balances cards transfers
A0890	os-ios-inset-grouped	iOS inset grouped list	os-patterns	mobile-phone	NAV-BOTTOM-TABS	SH-RESPONSIVE-COLLAPSE	D-DEFAULT	IX-PRIMARY-THUMB	PLATFORM=mobile-phone; PATTERN=os-ios-inset-grouped; NAV=NAV-BOTTOM-TABS; SHELL=SH-RESPONSIVE-COLLAPSE; DENSITY=D-DEFAULT; IX=IX-PRIMARY-THUMB; IMPL=prefers-reduced-motion,will-change-sparing,hover-media,file-capture; FEEL=Settings style
A0891	d-comfortable-tables	Comfortable tables	desktop-density-keyboard	desktop-web	NAV-MASTER-DETAIL	SH-DESK-TOOL-CANVAS	D-DEFAULT	IX-PAGINATION	PLATFORM=desktop-web; PATTERN=d-comfortable-tables; NAV=NAV-MASTER-DETAIL; SHELL=SH-DESK-TOOL-CANVAS; DENSITY=D-DEFAULT; IX=IX-PAGINATION; IMPL=optimistic-ui,content-visibility,virtual-list,container-queries; FEEL=Readable rows
A0892	m-chat-thread	Chat thread mobile	mobile-structure	mobile-phone	NAV-STACK-PUSH	SH-PHONE-STACK	D-DEFAULT	IX-PRIMARY-THUMB	PLATFORM=mobile-phone; PATTERN=m-chat-thread; NAV=NAV-STACK-PUSH; SHELL=SH-PHONE-STACK; DENSITY=D-DEFAULT; IX=IX-PRIMARY-THUMB; IMPL=safe-area-css,matchmedia,virtual-list,touch-action; FEEL=Thread + composer bottom
A0893	event-mobile	Event Mobile	industry-app	mobile-phone	NAV-BOTTOM-TABS	SH-PHONE-TABS	D-DEFAULT	IX-PRIMARY-THUMB	PLATFORM=mobile-phone; PATTERN=event-mobile; NAV=NAV-BOTTOM-TABS; SHELL=SH-PHONE-TABS; DENSITY=D-DEFAULT; IX=IX-PRIMARY-THUMB; IMPL=optimistic-ui,biometric-webauthn,focus-visible,flex-phone-column; FEEL=agenda tickets map
A0894	mdm-mobile	Device Enrol Mobile	industry-app	mobile-phone	NAV-WIZARD	SH-PHONE-STACK	D-TOUCH-COMFORT	IX-PRIMARY-THUMB	PLATFORM=mobile-phone; PATTERN=mdm-mobile; NAV=NAV-WIZARD; SHELL=SH-PHONE-STACK; DENSITY=D-TOUCH-COMFORT; IX=IX-PRIMARY-THUMB; IMPL=overscroll,abort-controller,inputmode,install-pwa; FEEL=enrol status
A0895	m-bottom-tabs-3	Bottom tabs (3)	mobile-structure	mobile-phone	NAV-BOTTOM-TABS	SH-PHONE-TABS	D-TOUCH-COMFORT	IX-PRIMARY-THUMB	PLATFORM=mobile-phone; PATTERN=m-bottom-tabs-3; NAV=NAV-BOTTOM-TABS; SHELL=SH-PHONE-TABS; DENSITY=D-TOUCH-COMFORT; IX=IX-PRIMARY-THUMB; IMPL=abort-controller,coarse-pointer,service-worker-offline,network-information; FEEL=Focused product
A0896	logistics-desktop	Dispatch Desktop	industry-app	desktop-web	NAV-MENUBAR	SH-DESK-DOCUMENT	D-COMPACT	IX-KEYBOARD-SHORTCUTS	PLATFORM=desktop-web; PATTERN=logistics-desktop; NAV=NAV-MENUBAR; SHELL=SH-DESK-DOCUMENT; DENSITY=D-COMPACT; IX=IX-KEYBOARD-SHORTCUTS; IMPL=form-novalidate,pointer-events,intersection-infinite,url-state; FEEL=board map assign
A0897	security-soc-desktop	SOC Desktop	industry-app	desktop-web	NAV-MASTER-DETAIL	SH-DESK-RAIL-MAIN-INSP	D-COMPACT	IX-KEYBOARD-SHORTCUTS	PLATFORM=desktop-web; PATTERN=security-soc-desktop; NAV=NAV-MASTER-DETAIL; SHELL=SH-DESK-RAIL-MAIN-INSP; DENSITY=D-COMPACT; IX=IX-KEYBOARD-SHORTCUTS; IMPL=abort-controller,optimistic-ui,aria-expanded,dialog-element; FEEL=alerts timeline
A0898	d-breadcrumb-admin	Admin with breadcrumbs	desktop-structure	desktop-web	NAV-BREADCRUMB	SH-DESK-DATAGRID	D-COMPACT	IX-KEYBOARD-SHORTCUTS	PLATFORM=desktop-web; PATTERN=d-breadcrumb-admin; NAV=NAV-BREADCRUMB; SHELL=SH-DESK-DATAGRID; DENSITY=D-COMPACT; IX=IX-KEYBOARD-SHORTCUTS; IMPL=dialog-element,hover-media,form-novalidate,skeleton-css; FEEL=Deep trees oriented
A0899	m-profile-me	Profile / Me tab	mobile-structure	mobile-phone	NAV-BOTTOM-TABS	SH-PHONE-TABS	D-DEFAULT	IX-PRIMARY-THUMB	PLATFORM=mobile-phone; PATTERN=m-profile-me; NAV=NAV-BOTTOM-TABS; SHELL=SH-PHONE-TABS; DENSITY=D-DEFAULT; IX=IX-PRIMARY-THUMB; IMPL=virtual-list,aria-current,overscroll,content-visibility; FEEL=Account + prefs entry
A0900	devtool-desktop	Developer Tool	industry-app	desktop-web	NAV-SIDE-RAIL	SH-DESK-IDE-LITE	D-COMPACT	IX-KEYBOARD-SHORTCUTS	PLATFORM=desktop-web; PATTERN=devtool-desktop; NAV=NAV-SIDE-RAIL; SHELL=SH-DESK-IDE-LITE; DENSITY=D-COMPACT; IX=IX-KEYBOARD-SHORTCUTS; IMPL=virtual-list,matchmedia,url-state,scroll-padding; FEEL=editor panels on demand
A0901	password-mobile	Password Manager Mobile	industry-app	desktop-web	NAV-MENUBAR	SH-TABLET-SPLIT	D-DEFAULT	IX-PRIMARY-THUMB	PLATFORM=desktop-web; PATTERN=password-mobile; NAV=NAV-MENUBAR; SHELL=SH-TABLET-SPLIT; DENSITY=D-DEFAULT; IX=IX-PRIMARY-THUMB; IMPL=form-novalidate,intersection-infinite,live-region,fine-pointer; FEEL=vault autofill
A0902	inventory-desktop	Inventory Desktop	industry-app	desktop-web	NAV-SIDE-RAIL	SH-DESK-DATAGRID	D-COMPACT	IX-KEYBOARD-SHORTCUTS	PLATFORM=desktop-web; PATTERN=inventory-desktop; NAV=NAV-SIDE-RAIL; SHELL=SH-DESK-DATAGRID; DENSITY=D-COMPACT; IX=IX-KEYBOARD-SHORTCUTS; IMPL=hotkeys,hover-media,matchmedia,prefers-contrast; FEEL=SKU grid adjust
A0903	m-keyboard-avoid	Keyboard avoidance	mobile-touch-a11y	mobile-phone	NAV-STACK-PUSH	SH-PHONE-STACK	D-DEFAULT	IX-FORM-SECTIONED	PLATFORM=mobile-phone; PATTERN=m-keyboard-avoid; NAV=NAV-STACK-PUSH; SHELL=SH-PHONE-STACK; DENSITY=D-DEFAULT; IX=IX-FORM-SECTIONED; IMPL=focus-trap,csrf-safe,intersection-infinite,debounce-search; FEEL=Focused field visible
A0904	m-screen-reader-order	Screen reader order	mobile-touch-a11y	mobile-phone	NAV-STACK-PUSH	SH-PHONE-STACK	D-DEFAULT	IX-PRIMARY-THUMB	PLATFORM=mobile-phone; PATTERN=m-screen-reader-order; NAV=NAV-STACK-PUSH; SHELL=SH-PHONE-STACK; DENSITY=D-DEFAULT; IX=IX-PRIMARY-THUMB; IMPL=share-api,form-novalidate,tap-highlight,min-touch; FEEL=DOM order matches visual job
A0905	m-checkout-linear	Mobile checkout linear	mobile-structure	mobile-phone	NAV-WIZARD	SH-PHONE-STACK	D-TOUCH-COMFORT	IX-PRIMARY-THUMB	PLATFORM=mobile-phone; PATTERN=m-checkout-linear; NAV=NAV-WIZARD; SHELL=SH-PHONE-STACK; DENSITY=D-TOUCH-COMFORT; IX=IX-PRIMARY-THUMB; IMPL=live-region,prefers-color-scheme,error-boundary-ui,viewport-meta; FEEL=Steps, progress, sticky pay
A0906	x-form-validation	Inline validation	cross-platform-app	responsive-app	NAV-NONE-FOCUS	SH-RESPONSIVE-COLLAPSE	D-DEFAULT	IX-FORM-SECTIONED	PLATFORM=responsive-app; PATTERN=x-form-validation; NAV=NAV-NONE-FOCUS; SHELL=SH-RESPONSIVE-COLLAPSE; DENSITY=D-DEFAULT; IX=IX-FORM-SECTIONED; IMPL=focus-trap,coarse-pointer,optimistic-ui,dialog-element; FEEL=On blur/submit plain language
A0907	m-screen-reader-order	Screen reader order	mobile-touch-a11y	mobile-phone	NAV-STACK-PUSH	SH-PHONE-STACK	D-DEFAULT	IX-PRIMARY-THUMB	PLATFORM=mobile-phone; PATTERN=m-screen-reader-order; NAV=NAV-STACK-PUSH; SHELL=SH-PHONE-STACK; DENSITY=D-DEFAULT; IX=IX-PRIMARY-THUMB; IMPL=matchmedia,push-web,aria-current,focus-trap; FEEL=DOM order matches visual job
A0908	gov-services-mobile	Gov Services Mobile	industry-app	responsive-app	NAV-BOTTOM-TABS	SH-PHONE-TABS	D-TOUCH-COMFORT	IX-PRIMARY-THUMB	PLATFORM=responsive-app; PATTERN=gov-services-mobile; NAV=NAV-BOTTOM-TABS; SHELL=SH-PHONE-TABS; DENSITY=D-TOUCH-COMFORT; IX=IX-PRIMARY-THUMB; IMPL=touch-action,aria-expanded,roving-tabindex,drag-drop-desktop; FEEL=tasks forms status
A0909	inventory-mobile	Inventory Mobile	industry-app	mobile-phone	NAV-NONE-FOCUS	SH-PHONE-STACK	D-TOUCH-COMFORT	IX-PRIMARY-THUMB	PLATFORM=mobile-phone; PATTERN=inventory-mobile; NAV=NAV-NONE-FOCUS; SHELL=SH-PHONE-STACK; DENSITY=D-TOUCH-COMFORT; IX=IX-PRIMARY-THUMB; IMPL=safe-area-css,biometric-webauthn,install-pwa,focus-trap; FEEL=scan count bins
A0910	x-toast-queue	Toast/queue discipline	cross-platform-app	responsive-app	NAV-NONE-FOCUS	SH-RESPONSIVE-COLLAPSE	D-DEFAULT	IX-UNDO-TOAST	PLATFORM=responsive-app; PATTERN=x-toast-queue; NAV=NAV-NONE-FOCUS; SHELL=SH-RESPONSIVE-COLLAPSE; DENSITY=D-DEFAULT; IX=IX-UNDO-TOAST; IMPL=form-novalidate,touch-action,hotkeys,prefers-contrast; FEEL=Don't stack spam
A0911	m-search-results	Search results mobile	mobile-content-patterns	mobile-phone	NAV-STACK-PUSH	SH-PHONE-STACK	D-DEFAULT	IX-SEARCH-FIRST	PLATFORM=mobile-phone; PATTERN=m-search-results; NAV=NAV-STACK-PUSH; SHELL=SH-PHONE-STACK; DENSITY=D-DEFAULT; IX=IX-SEARCH-FIRST; IMPL=overscroll,prefers-reduced-motion,content-visibility,push-web; FEEL=Query sticky + results
A0912	d-master-detail	Master-detail	desktop-structure	desktop-web	NAV-SIDE-TREE	SH-TABLET-SPLIT	D-DEFAULT	IX-KEYBOARD-SHORTCUTS	PLATFORM=desktop-web; PATTERN=d-master-detail; NAV=NAV-SIDE-TREE; SHELL=SH-TABLET-SPLIT; DENSITY=D-DEFAULT; IX=IX-KEYBOARD-SHORTCUTS; IMPL=scroll-padding,abort-controller,session-timeout,drag-drop-desktop; FEEL=List drives detail
A0913	calendar-mobile	Mobile Calendar	industry-app	mobile-phone	NAV-WIZARD	SH-PHONE-SHEET	D-DEFAULT	IX-PRIMARY-THUMB	PLATFORM=mobile-phone; PATTERN=calendar-mobile; NAV=NAV-WIZARD; SHELL=SH-PHONE-SHEET; DENSITY=D-DEFAULT; IX=IX-PRIMARY-THUMB; IMPL=type-date,prefers-contrast,abort-controller,viewport-meta; FEEL=agenda day create
A0914	banking-mobile	Mobile Banking	industry-app	mobile-phone	NAV-TAB+STACK	SH-PHONE-TABS	D-TOUCH-COMFORT	IX-PRIMARY-THUMB	PLATFORM=mobile-phone; PATTERN=banking-mobile; NAV=NAV-TAB+STACK; SHELL=SH-PHONE-TABS; DENSITY=D-TOUCH-COMFORT; IX=IX-PRIMARY-THUMB; IMPL=scroll-padding,pointer-events,biometric-webauthn,tap-highlight; FEEL=balances cards transfers
A0915	d-breadcrumb-admin	Admin with breadcrumbs	desktop-structure	desktop-web	NAV-BREADCRUMB	SH-DESK-DATAGRID	D-COMPACT	IX-KEYBOARD-SHORTCUTS	PLATFORM=desktop-web; PATTERN=d-breadcrumb-admin; NAV=NAV-BREADCRUMB; SHELL=SH-DESK-DATAGRID; DENSITY=D-COMPACT; IX=IX-KEYBOARD-SHORTCUTS; IMPL=content-visibility,hotkeys,clipboard-api,hover-media; FEEL=Deep trees oriented
A0916	m-single-feed	Single feed app	mobile-structure	mobile-phone	NAV-WIZARD	SH-PHONE-FEED	D-DEFAULT	IX-PRIMARY-THUMB	PLATFORM=mobile-phone; PATTERN=m-single-feed; NAV=NAV-WIZARD; SHELL=SH-PHONE-FEED; DENSITY=D-DEFAULT; IX=IX-PRIMARY-THUMB; IMPL=prefers-contrast,biometric-webauthn,matchmedia,skeleton-css; FEEL=Content is the app
A0917	x-role-home	Role-based home	cross-platform-app	responsive-app	NAV-BOTTOM-TABS	SH-RESPONSIVE-COLLAPSE	D-DEFAULT	IX-EMPTY-CTA	PLATFORM=responsive-app; PATTERN=x-role-home; NAV=NAV-BOTTOM-TABS; SHELL=SH-RESPONSIVE-COLLAPSE; DENSITY=D-DEFAULT; IX=IX-EMPTY-CTA; IMPL=autocomplete,localstorage-prefs,touch-action,push-web; FEEL=Different landing by role
A0918	x-empty-permission	Empty by permission	cross-platform-app	responsive-app	NAV-NONE-FOCUS	SH-RESPONSIVE-COLLAPSE	D-DEFAULT	IX-EMPTY-CTA	PLATFORM=responsive-app; PATTERN=x-empty-permission; NAV=NAV-NONE-FOCUS; SHELL=SH-RESPONSIVE-COLLAPSE; DENSITY=D-DEFAULT; IX=IX-EMPTY-CTA; IMPL=touch-action,url-state,autocomplete,matchmedia; FEEL=Explain access gap
A0919	m-tab-per-stack	Tab + stack per root	mobile-structure	mobile-phone	NAV-TAB+STACK	SH-PHONE-TABS	D-TOUCH-COMFORT	IX-PRIMARY-THUMB	PLATFORM=mobile-phone; PATTERN=m-tab-per-stack; NAV=NAV-TAB+STACK; SHELL=SH-PHONE-TABS; DENSITY=D-TOUCH-COMFORT; IX=IX-PRIMARY-THUMB; IMPL=file-capture,bottom-nav-fixed,matchmedia,csrf-safe; FEEL=Independent history per tab
A0920	d-resize-panes	Resizable panes	desktop-density-keyboard	desktop-web	NAV-COMMAND-PALETTE	SH-DESK-DASH	D-DEFAULT	IX-SPLIT-RESIZE	PLATFORM=desktop-web; PATTERN=d-resize-panes; NAV=NAV-COMMAND-PALETTE; SHELL=SH-DESK-DASH; DENSITY=D-DEFAULT; IX=IX-SPLIT-RESIZE; IMPL=intersection-infinite,scroll-padding,resize-observer,popover-api; FEEL=Min width; persist
A0921	os-material-nav-rail	Material nav rail	os-patterns	mobile-tablet	NAV-NONE-FOCUS	SH-PHONE-TABS	D-DEFAULT	IX-EMPTY-CTA	PLATFORM=mobile-tablet; PATTERN=os-material-nav-rail; NAV=NAV-NONE-FOCUS; SHELL=SH-PHONE-TABS; DENSITY=D-DEFAULT; IX=IX-EMPTY-CTA; IMPL=live-region,aria-expanded,inputmode,autocomplete; FEEL=Tablet/desktop
A0922	social-mobile	Social Mobile	industry-app	mobile-phone	NAV-BOTTOM-TABS	SH-PHONE-FEED	D-DEFAULT	IX-PRIMARY-THUMB	PLATFORM=mobile-phone; PATTERN=social-mobile; NAV=NAV-BOTTOM-TABS; SHELL=SH-PHONE-FEED; DENSITY=D-DEFAULT; IX=IX-PRIMARY-THUMB; IMPL=app-badge,share-api,scroll-padding,prefers-color-scheme; FEEL=feed create profile
A0923	insurance-desktop	Insurance Desktop	industry-app	desktop-web	NAV-SIDE-RAIL	SH-DESK-DATAGRID	D-COMPACT	IX-KEYBOARD-SHORTCUTS	PLATFORM=desktop-web; PATTERN=insurance-desktop; NAV=NAV-SIDE-RAIL; SHELL=SH-DESK-DATAGRID; DENSITY=D-COMPACT; IX=IX-KEYBOARD-SHORTCUTS; IMPL=autocomplete,pointer-events,error-boundary-ui,overscroll; FEEL=policies claims queue
A0924	hotel-desktop	Hotel Desktop	industry-app	desktop-web	NAV-MASTER-DETAIL	SH-DESK-RAIL-MAIN-INSP	D-COMPACT	IX-KEYBOARD-SHORTCUTS	PLATFORM=desktop-web; PATTERN=hotel-desktop; NAV=NAV-MASTER-DETAIL; SHELL=SH-DESK-RAIL-MAIN-INSP; DENSITY=D-COMPACT; IX=IX-KEYBOARD-SHORTCUTS; IMPL=autocomplete,abort-controller,content-visibility,session-timeout; FEEL=reservations folio
A0925	m-camera-first	Camera/capture first	mobile-structure	mobile-phone	NAV-NONE-FOCUS	SH-PHONE-CANVAS	D-TOUCH-COMFORT	IX-PRIMARY-THUMB	PLATFORM=mobile-phone; PATTERN=m-camera-first; NAV=NAV-NONE-FOCUS; SHELL=SH-PHONE-CANVAS; DENSITY=D-TOUCH-COMFORT; IX=IX-PRIMARY-THUMB; IMPL=service-worker-offline,live-region,scroll-padding,pointer-events; FEEL=Capture chrome minimal
A0926	d-multi-workspace	Workspaces/projects switcher	desktop-structure	desktop-web	NAV-SIDE-RAIL	SH-DESK-RAIL-MAIN	D-DEFAULT	IX-KEYBOARD-SHORTCUTS	PLATFORM=desktop-web; PATTERN=d-multi-workspace; NAV=NAV-SIDE-RAIL; SHELL=SH-DESK-RAIL-MAIN; DENSITY=D-DEFAULT; IX=IX-KEYBOARD-SHORTCUTS; IMPL=roving-tabindex,aria-current,pointer-events,focus-visible; FEEL=Context switch clear
A0927	d-wizard-desktop	Desktop wizard modal	desktop-structure	desktop-web	NAV-WIZARD	SH-DESK-RAIL-MAIN	D-COMFORTABLE	IX-KEYBOARD-SHORTCUTS	PLATFORM=desktop-web; PATTERN=d-wizard-desktop; NAV=NAV-WIZARD; SHELL=SH-DESK-RAIL-MAIN; DENSITY=D-COMFORTABLE; IX=IX-KEYBOARD-SHORTCUTS; IMPL=hotkeys,grid-app-shell,roving-tabindex,clipboard-api; FEEL=Centered steps
A0928	x-destructive-confirm	Destructive confirm	cross-platform-app	responsive-app	NAV-NONE-FOCUS	SH-RESPONSIVE-COLLAPSE	D-DEFAULT	IX-UNDO-TOAST	PLATFORM=responsive-app; PATTERN=x-destructive-confirm; NAV=NAV-NONE-FOCUS; SHELL=SH-RESPONSIVE-COLLAPSE; DENSITY=D-DEFAULT; IX=IX-UNDO-TOAST; IMPL=min-touch,container-queries,roving-tabindex,dvh-units; FEEL=Typed confirm or undo
A0929	m-bottom-tabs-5	Bottom tabs (max 5)	mobile-structure	mobile-phone	NAV-BOTTOM-TABS	SH-RESPONSIVE-COLLAPSE	D-TOUCH-COMFORT	IX-PRIMARY-THUMB	PLATFORM=mobile-phone; PATTERN=m-bottom-tabs-5; NAV=NAV-BOTTOM-TABS; SHELL=SH-RESPONSIVE-COLLAPSE; DENSITY=D-TOUCH-COMFORT; IX=IX-PRIMARY-THUMB; IMPL=optimistic-ui,will-change-sparing,prefers-color-scheme,abort-controller; FEEL=Peer top-level destinations
A0930	vpn-desktop	VPN Desktop	industry-app	desktop-web	NAV-SIDE-RAIL	SH-DESK-RAIL-MAIN	D-DEFAULT	IX-KEYBOARD-SHORTCUTS	PLATFORM=desktop-web; PATTERN=vpn-desktop; NAV=NAV-SIDE-RAIL; SHELL=SH-DESK-RAIL-MAIN; DENSITY=D-DEFAULT; IX=IX-KEYBOARD-SHORTCUTS; IMPL=clipboard-api,optimistic-ui,hotkeys,container-queries; FEEL=connect routes
A0931	hotel-mobile	Hotel Mobile	industry-app	mobile-phone	NAV-BOTTOM-TABS	SH-PHONE-TABS	D-DEFAULT	IX-PRIMARY-THUMB	PLATFORM=mobile-phone; PATTERN=hotel-mobile; NAV=NAV-BOTTOM-TABS; SHELL=SH-PHONE-TABS; DENSITY=D-DEFAULT; IX=IX-PRIMARY-THUMB; IMPL=prefers-contrast,sticky-footer-cta,focus-trap,min-touch; FEEL=stay key services
A0932	weather-mobile	Weather Mobile	industry-app	mobile-phone	NAV-STACK-PUSH	SH-PHONE-STACK	D-COMFORTABLE	IX-PRIMARY-THUMB	PLATFORM=mobile-phone; PATTERN=weather-mobile; NAV=NAV-STACK-PUSH; SHELL=SH-PHONE-STACK; DENSITY=D-COMFORTABLE; IX=IX-PRIMARY-THUMB; IMPL=vibrate-careful,form-novalidate,install-pwa,optimistic-ui; FEEL=conditions hourly
A0933	x-shared-tokens	Shared design tokens	cross-platform-app	responsive-app	NAV-NONE-FOCUS	SH-RESPONSIVE-COLLAPSE	D-DEFAULT	IX-PRIMARY-THUMB	PLATFORM=responsive-app; PATTERN=x-shared-tokens; NAV=NAV-NONE-FOCUS; SHELL=SH-RESPONSIVE-COLLAPSE; DENSITY=D-DEFAULT; IX=IX-PRIMARY-THUMB; IMPL=drag-drop-desktop,bottom-nav-fixed,history-stack,inputmode; FEEL=Colour type space cross surface
A0934	calendar-desktop	Desktop Calendar	industry-app	mobile-phone	NAV-TOP-TABS	SH-PHONE-CANVAS	D-DEFAULT	IX-KEYBOARD-SHORTCUTS	PLATFORM=mobile-phone; PATTERN=calendar-desktop; NAV=NAV-TOP-TABS; SHELL=SH-PHONE-CANVAS; DENSITY=D-DEFAULT; IX=IX-KEYBOARD-SHORTCUTS; IMPL=min-touch,abort-controller,touch-action,prefers-color-scheme; FEEL=week grid create
A0935	os-ios-inset-grouped	iOS inset grouped list	os-patterns	mobile-phone	NAV-STACK-PUSH	SH-RESPONSIVE-COLLAPSE	D-DEFAULT	IX-PRIMARY-THUMB	PLATFORM=mobile-phone; PATTERN=os-ios-inset-grouped; NAV=NAV-STACK-PUSH; SHELL=SH-RESPONSIVE-COLLAPSE; DENSITY=D-DEFAULT; IX=IX-PRIMARY-THUMB; IMPL=focus-trap,virtual-list,biometric-webauthn,url-state; FEEL=Settings style
A0936	x-responsive-collapse	Responsive collapse	cross-platform-app	responsive-app	NAV-MASTER-DETAIL	SH-RESPONSIVE-COLLAPSE	D-DEFAULT	IX-EMPTY-CTA	PLATFORM=responsive-app; PATTERN=x-responsive-collapse; NAV=NAV-MASTER-DETAIL; SHELL=SH-RESPONSIVE-COLLAPSE; DENSITY=D-DEFAULT; IX=IX-EMPTY-CTA; IMPL=aria-expanded,viewport-meta,hotkeys,network-information; FEEL=Split→stack at breakpoint
A0937	chat-mobile	Mobile Chat	industry-app	mobile-phone	NAV-STACK-PUSH	SH-PHONE-STACK	D-DEFAULT	IX-PRIMARY-THUMB	PLATFORM=mobile-phone; PATTERN=chat-mobile; NAV=NAV-STACK-PUSH; SHELL=SH-PHONE-STACK; DENSITY=D-DEFAULT; IX=IX-PRIMARY-THUMB; IMPL=debounce-search,sticky-footer-cta,optimistic-ui,matchmedia; FEEL=threads composer
A0938	event-mobile	Event Mobile	industry-app	mobile-phone	NAV-BOTTOM-TABS	SH-PHONE-TABS	D-DEFAULT	IX-PRIMARY-THUMB	PLATFORM=mobile-phone; PATTERN=event-mobile; NAV=NAV-BOTTOM-TABS; SHELL=SH-PHONE-TABS; DENSITY=D-DEFAULT; IX=IX-PRIMARY-THUMB; IMPL=dvh-units,pointer-events,will-change-sparing,virtual-list; FEEL=agenda tickets map
A0939	food-courier-mobile	Courier Mobile	industry-app	mobile-phone	NAV-STACK-PUSH	SH-PHONE-STACK	D-TOUCH-COMFORT	IX-PRIMARY-THUMB	PLATFORM=mobile-phone; PATTERN=food-courier-mobile; NAV=NAV-STACK-PUSH; SHELL=SH-PHONE-STACK; DENSITY=D-TOUCH-COMFORT; IX=IX-PRIMARY-THUMB; IMPL=focus-trap,form-novalidate,optimistic-ui,intersection-infinite; FEEL=orders nav photo
A0940	d-context-menu	Context menu + menu bar	desktop-density-keyboard	desktop-web	NAV-SIDE-RAIL	SH-DESK-DATAGRID	D-DEFAULT	IX-KEYBOARD-SHORTCUTS	PLATFORM=desktop-web; PATTERN=d-context-menu; NAV=NAV-SIDE-RAIL; SHELL=SH-DESK-DATAGRID; DENSITY=D-DEFAULT; IX=IX-KEYBOARD-SHORTCUTS; IMPL=error-boundary-ui,popover-api,prefers-color-scheme,dialog-element; FEEL=Right-click not only path
A0941	tax-mobile	Tax Mobile	industry-app	mobile-phone	NAV-STACK-PUSH	SH-PHONE-STACK	D-DEFAULT	IX-PRIMARY-THUMB	PLATFORM=mobile-phone; PATTERN=tax-mobile; NAV=NAV-STACK-PUSH; SHELL=SH-PHONE-STACK; DENSITY=D-DEFAULT; IX=IX-PRIMARY-THUMB; IMPL=touch-action,safe-area-css,file-capture,prefers-contrast; FEEL=upload status
A0942	os-material-nav-rail	Material nav rail	os-patterns	mobile-tablet	NAV-STACK-PUSH	SH-TABLET-RAIL	D-DEFAULT	IX-EMPTY-CTA	PLATFORM=mobile-tablet; PATTERN=os-material-nav-rail; NAV=NAV-STACK-PUSH; SHELL=SH-TABLET-RAIL; DENSITY=D-DEFAULT; IX=IX-EMPTY-CTA; IMPL=scroll-padding,pointer-events,skeleton-css,network-information; FEEL=Tablet/desktop
A0943	analytics-desktop	Analytics Desktop	industry-app	desktop-web	NAV-SIDE-RAIL	SH-DESK-DASH	D-COMPACT	IX-KEYBOARD-SHORTCUTS	PLATFORM=desktop-web; PATTERN=analytics-desktop; NAV=NAV-SIDE-RAIL; SHELL=SH-DESK-DASH; DENSITY=D-COMPACT; IX=IX-KEYBOARD-SHORTCUTS; IMPL=focus-visible,session-timeout,container-queries,prefers-color-scheme; FEEL=explore charts
A0944	finance-markets-desktop	Markets Desktop	industry-app	desktop-web	NAV-DRAWER	SH-DESK-DATAGRID	D-COMPACT	IX-KEYBOARD-SHORTCUTS	PLATFORM=desktop-web; PATTERN=finance-markets-desktop; NAV=NAV-DRAWER; SHELL=SH-DESK-DATAGRID; DENSITY=D-COMPACT; IX=IX-KEYBOARD-SHORTCUTS; IMPL=error-boundary-ui,grid-app-shell,will-change-sparing,intersection-infinite; FEEL=blotter charts
A0945	m-checkout-linear	Mobile checkout linear	mobile-structure	mobile-phone	NAV-WIZARD	SH-PHONE-STACK	D-TOUCH-COMFORT	IX-PRIMARY-THUMB	PLATFORM=mobile-phone; PATTERN=m-checkout-linear; NAV=NAV-WIZARD; SHELL=SH-PHONE-STACK; DENSITY=D-TOUCH-COMFORT; IX=IX-PRIMARY-THUMB; IMPL=type-date,network-information,push-web,prefers-color-scheme; FEEL=Steps, progress, sticky pay
A0946	m-form-multipage	Multi-page form	mobile-content-patterns	mobile-phone	NAV-WIZARD	SH-PHONE-STACK	D-DEFAULT	IX-PRIMARY-THUMB	PLATFORM=mobile-phone; PATTERN=m-form-multipage; NAV=NAV-WIZARD; SHELL=SH-PHONE-STACK; DENSITY=D-DEFAULT; IX=IX-PRIMARY-THUMB; IMPL=hover-media,abort-controller,overscroll,optimistic-ui; FEEL=Save draft between pages
A0947	smart-home-mobile	Smart Home Mobile	industry-app	mobile-phone	NAV-BOTTOM-TABS	SH-PHONE-TABS	D-DEFAULT	IX-PRIMARY-THUMB	PLATFORM=mobile-phone; PATTERN=smart-home-mobile; NAV=NAV-BOTTOM-TABS; SHELL=SH-PHONE-TABS; DENSITY=D-DEFAULT; IX=IX-PRIMARY-THUMB; IMPL=live-region,type-date,focus-visible,tap-highlight; FEEL=rooms scenes devices
A0948	realestate-desktop	Property Desktop	industry-app	mobile-tablet	NAV-TAB+STACK	SH-PHONE-CANVAS	D-DEFAULT	IX-EMPTY-CTA	PLATFORM=mobile-tablet; PATTERN=realestate-desktop; NAV=NAV-TAB+STACK; SHELL=SH-PHONE-CANVAS; DENSITY=D-DEFAULT; IX=IX-EMPTY-CTA; IMPL=url-state,prefers-contrast,hover-media,app-badge; FEEL=search map table
A0949	museum-desktop	Museum Desktop	industry-app	desktop-web	NAV-SIDE-RAIL	SH-DESK-DATAGRID	D-DEFAULT	IX-KEYBOARD-SHORTCUTS	PLATFORM=desktop-web; PATTERN=museum-desktop; NAV=NAV-SIDE-RAIL; SHELL=SH-DESK-DATAGRID; DENSITY=D-DEFAULT; IX=IX-KEYBOARD-SHORTCUTS; IMPL=skeleton-css,abort-controller,error-boundary-ui,scroll-padding; FEEL=collections CMS
A0950	sports-desktop	Sports Desktop	industry-app	desktop-web	NAV-SIDE-RAIL	SH-DESK-DASH	D-COMPACT	IX-KEYBOARD-SHORTCUTS	PLATFORM=desktop-web; PATTERN=sports-desktop; NAV=NAV-SIDE-RAIL; SHELL=SH-DESK-DASH; DENSITY=D-COMPACT; IX=IX-KEYBOARD-SHORTCUTS; IMPL=autocomplete,skeleton-css,fine-pointer,debounce-search; FEEL=stats tables live
A0951	energy-desktop	Energy Ops Desktop	industry-app	mobile-phone	NAV-WIZARD	SH-PHONE-TABS	D-TOUCH-COMFORT	IX-KEYBOARD-SHORTCUTS	PLATFORM=mobile-phone; PATTERN=energy-desktop; NAV=NAV-WIZARD; SHELL=SH-PHONE-TABS; DENSITY=D-TOUCH-COMFORT; IX=IX-KEYBOARD-SHORTCUTS; IMPL=sticky-footer-cta,prefers-contrast,flex-phone-column,aria-current; FEEL=grid status alarms
A0952	m-action-sheet	Action sheet confirm	mobile-structure	mobile-phone	NAV-BOTTOM-SHEET	SH-RESPONSIVE-COLLAPSE	D-TOUCH-COMFORT	IX-PRIMARY-THUMB	PLATFORM=mobile-phone; PATTERN=m-action-sheet; NAV=NAV-BOTTOM-SHEET; SHELL=SH-RESPONSIVE-COLLAPSE; DENSITY=D-TOUCH-COMFORT; IX=IX-PRIMARY-THUMB; IMPL=safe-area-css,network-information,aria-current,share-api; FEEL=Destructive choices clear
A0953	x-notifications-inbox	In-app notification inbox	cross-platform-app	responsive-app	NAV-STACK-PUSH	SH-RESPONSIVE-COLLAPSE	D-DEFAULT	IX-EMPTY-CTA	PLATFORM=responsive-app; PATTERN=x-notifications-inbox; NAV=NAV-STACK-PUSH; SHELL=SH-RESPONSIVE-COLLAPSE; DENSITY=D-DEFAULT; IX=IX-EMPTY-CTA; IMPL=min-touch,tap-highlight,debounce-search,dvh-units; FEEL=Read state + deep link
A0954	m-settings-grouped	iOS-like grouped settings	mobile-structure	mobile-phone	NAV-STACK-PUSH	SH-PHONE-STACK	D-DEFAULT	IX-PRIMARY-THUMB	PLATFORM=mobile-phone; PATTERN=m-settings-grouped; NAV=NAV-STACK-PUSH; SHELL=SH-PHONE-STACK; DENSITY=D-DEFAULT; IX=IX-PRIMARY-THUMB; IMPL=min-touch,prefers-reduced-motion,dvh-units,safe-area-css; FEEL=Inset grouped lists
A0955	finance-markets-desktop	Markets Desktop	industry-app	desktop-web	NAV-MENUBAR	SH-DESK-DASH	D-COMPACT	IX-KEYBOARD-SHORTCUTS	PLATFORM=desktop-web; PATTERN=finance-markets-desktop; NAV=NAV-MENUBAR; SHELL=SH-DESK-DASH; DENSITY=D-COMPACT; IX=IX-KEYBOARD-SHORTCUTS; IMPL=live-region,abort-controller,hotkeys,error-boundary-ui; FEEL=blotter charts
A0956	x-notifications-inbox	In-app notification inbox	cross-platform-app	responsive-app	NAV-BOTTOM-SHEET	SH-DESK-TOOL-CANVAS	D-DEFAULT	IX-EMPTY-CTA	PLATFORM=responsive-app; PATTERN=x-notifications-inbox; NAV=NAV-BOTTOM-SHEET; SHELL=SH-DESK-TOOL-CANVAS; DENSITY=D-DEFAULT; IX=IX-EMPTY-CTA; IMPL=content-visibility,share-api,dialog-element,focus-trap; FEEL=Read state + deep link
A0957	tasks-desktop	Tasks Desktop	industry-app	desktop-web	NAV-SIDE-RAIL	SH-DESK-TOOL-CANVAS	D-DEFAULT	IX-KEYBOARD-SHORTCUTS	PLATFORM=desktop-web; PATTERN=tasks-desktop; NAV=NAV-SIDE-RAIL; SHELL=SH-DESK-TOOL-CANVAS; DENSITY=D-DEFAULT; IX=IX-KEYBOARD-SHORTCUTS; IMPL=abort-controller,popover-api,hover-media,content-visibility; FEEL=board/list detail
A0958	analytics-mobile	Analytics Mobile	industry-app	mobile-phone	NAV-STACK-PUSH	SH-PHONE-STACK	D-DEFAULT	IX-PRIMARY-THUMB	PLATFORM=mobile-phone; PATTERN=analytics-mobile; NAV=NAV-STACK-PUSH; SHELL=SH-PHONE-STACK; DENSITY=D-DEFAULT; IX=IX-PRIMARY-THUMB; IMPL=biometric-webauthn,push-web,form-novalidate,abort-controller; FEEL=kpi cards drill
A0959	m-one-hand	One-handed path	mobile-touch-a11y	mobile-phone	NAV-NONE-FOCUS	SH-PHONE-SHEET	D-TOUCH-COMFORT	IX-PRIMARY-THUMB	PLATFORM=mobile-phone; PATTERN=m-one-hand; NAV=NAV-NONE-FOCUS; SHELL=SH-PHONE-SHEET; DENSITY=D-TOUCH-COMFORT; IX=IX-PRIMARY-THUMB; IMPL=prefers-reduced-motion,viewport-meta,matchmedia,overscroll; FEEL=Critical path without stretch
A0960	os-kiosk-locked	Kiosk locked session	os-patterns	mobile-phone	NAV-NONE-FOCUS	SH-PHONE-STACK	D-TOUCH-COMFORT	IX-PRIMARY-THUMB	PLATFORM=mobile-phone; PATTERN=os-kiosk-locked; NAV=NAV-NONE-FOCUS; SHELL=SH-PHONE-STACK; DENSITY=D-TOUCH-COMFORT; IX=IX-PRIMARY-THUMB; IMPL=network-information,share-api,push-web,install-pwa; FEEL=Timeout reset
A0961	m-profile-me	Profile / Me tab	mobile-structure	mobile-phone	NAV-TOP-TABS	SH-PHONE-STACK	D-DEFAULT	IX-PRIMARY-THUMB	PLATFORM=mobile-phone; PATTERN=m-profile-me; NAV=NAV-TOP-TABS; SHELL=SH-PHONE-STACK; DENSITY=D-DEFAULT; IX=IX-PRIMARY-THUMB; IMPL=share-api,network-information,inputmode,matchmedia; FEEL=Account + prefs entry
A0962	m-media-fullscreen	Fullscreen media	mobile-content-patterns	mobile-phone	NAV-NONE-FOCUS	SH-PHONE-CANVAS	D-DEFAULT	IX-PRIMARY-THUMB	PLATFORM=mobile-phone; PATTERN=m-media-fullscreen; NAV=NAV-NONE-FOCUS; SHELL=SH-PHONE-CANVAS; DENSITY=D-DEFAULT; IX=IX-PRIMARY-THUMB; IMPL=touch-action,push-web,skeleton-css,flex-phone-column; FEEL=Swipe dismiss, chrome fade
A0963	x-localization-ready	Localization ready	cross-platform-app	responsive-app	NAV-NONE-FOCUS	SH-RESPONSIVE-COLLAPSE	D-DEFAULT	IX-PRIMARY-THUMB	PLATFORM=responsive-app; PATTERN=x-localization-ready; NAV=NAV-NONE-FOCUS; SHELL=SH-RESPONSIVE-COLLAPSE; DENSITY=D-DEFAULT; IX=IX-PRIMARY-THUMB; IMPL=overscroll,localstorage-prefs,scroll-padding,will-change-sparing; FEEL=No truncated critical labels
A0964	analytics-mobile	Analytics Mobile	industry-app	responsive-app	NAV-BOTTOM-SHEET	SH-PHONE-STACK	D-DEFAULT	IX-PRIMARY-THUMB	PLATFORM=responsive-app; PATTERN=analytics-mobile; NAV=NAV-BOTTOM-SHEET; SHELL=SH-PHONE-STACK; DENSITY=D-DEFAULT; IX=IX-PRIMARY-THUMB; IMPL=min-touch,live-region,csrf-safe,autocomplete; FEEL=kpi cards drill
A0965	university-mobile	Uni Mobile	industry-app	mobile-phone	NAV-TOP-TABS	SH-RESPONSIVE-COLLAPSE	D-DEFAULT	IX-PRIMARY-THUMB	PLATFORM=mobile-phone; PATTERN=university-mobile; NAV=NAV-TOP-TABS; SHELL=SH-RESPONSIVE-COLLAPSE; DENSITY=D-DEFAULT; IX=IX-PRIMARY-THUMB; IMPL=focus-trap,will-change-sparing,error-boundary-ui,network-information; FEEL=timetable campus
A0966	m-large-text	Dynamic type / large text	mobile-touch-a11y	mobile-phone	NAV-STACK-PUSH	SH-PHONE-STACK	D-COMFORTABLE	IX-PRIMARY-THUMB	PLATFORM=mobile-phone; PATTERN=m-large-text; NAV=NAV-STACK-PUSH; SHELL=SH-PHONE-STACK; DENSITY=D-COMFORTABLE; IX=IX-PRIMARY-THUMB; IMPL=min-touch,form-novalidate,focus-visible,prefers-contrast; FEEL=Layout flexes with text size
A0967	x-shared-tokens	Shared design tokens	cross-platform-app	responsive-app	NAV-NONE-FOCUS	SH-RESPONSIVE-COLLAPSE	D-DEFAULT	IX-PRIMARY-THUMB	PLATFORM=responsive-app; PATTERN=x-shared-tokens; NAV=NAV-NONE-FOCUS; SHELL=SH-RESPONSIVE-COLLAPSE; DENSITY=D-DEFAULT; IX=IX-PRIMARY-THUMB; IMPL=live-region,error-boundary-ui,pointer-events,inputmode; FEEL=Colour type space cross surface
A0968	school-desktop	School Admin Desktop	industry-app	desktop-web	NAV-MASTER-DETAIL	SH-RESPONSIVE-COLLAPSE	D-COMPACT	IX-KEYBOARD-SHORTCUTS	PLATFORM=desktop-web; PATTERN=school-desktop; NAV=NAV-MASTER-DETAIL; SHELL=SH-RESPONSIVE-COLLAPSE; DENSITY=D-COMPACT; IX=IX-KEYBOARD-SHORTCUTS; IMPL=prefers-color-scheme,hover-media,form-novalidate,will-change-sparing; FEEL=roster attendance
A0969	m-target-44	44pt touch targets	mobile-touch-a11y	mobile-phone	NAV-BOTTOM-TABS	SH-PHONE-TABS	D-TOUCH-COMFORT	IX-PRIMARY-THUMB	PLATFORM=mobile-phone; PATTERN=m-target-44; NAV=NAV-BOTTOM-TABS; SHELL=SH-PHONE-TABS; DENSITY=D-TOUCH-COMFORT; IX=IX-PRIMARY-THUMB; IMPL=skeleton-css,csrf-safe,tap-highlight,prefers-contrast; FEEL=Primary controls ≥44×44
A0970	m-picker-sheet	Picker sheet	mobile-structure	mobile-phone	NAV-MODAL-SHEET	SH-PHONE-FEED	D-TOUCH-COMFORT	IX-PRIMARY-THUMB	PLATFORM=mobile-phone; PATTERN=m-picker-sheet; NAV=NAV-MODAL-SHEET; SHELL=SH-PHONE-FEED; DENSITY=D-TOUCH-COMFORT; IX=IX-PRIMARY-THUMB; IMPL=service-worker-offline,bottom-nav-fixed,overscroll,aria-current; FEEL=Select without full page
A0971	m-safe-area-chrome	Safe-area chrome	mobile-touch-a11y	mobile-phone	NAV-BOTTOM-TABS	SH-PHONE-TABS	D-TOUCH-COMFORT	IX-STICKY-FOOTER-CTA	PLATFORM=mobile-phone; PATTERN=m-safe-area-chrome; NAV=NAV-BOTTOM-TABS; SHELL=SH-PHONE-TABS; DENSITY=D-TOUCH-COMFORT; IX=IX-STICKY-FOOTER-CTA; IMPL=service-worker-offline,min-touch,file-capture,hover-media; FEEL=Tabs/CTAs above home indicator
A0972	d-bulk-actions	Bulk action bar	desktop-density-keyboard	desktop-web	NAV-SIDE-RAIL	SH-DESK-DATAGRID	D-COMPACT	IX-MULTISELECT	PLATFORM=desktop-web; PATTERN=d-bulk-actions; NAV=NAV-SIDE-RAIL; SHELL=SH-DESK-DATAGRID; DENSITY=D-COMPACT; IX=IX-MULTISELECT; IMPL=focus-trap,prefers-reduced-motion,aria-expanded,scroll-padding; FEEL=Appears on selection
A0973	museum-desktop	Museum Desktop	industry-app	desktop-web	NAV-SIDE-RAIL	SH-DESK-DATAGRID	D-DEFAULT	IX-KEYBOARD-SHORTCUTS	PLATFORM=desktop-web; PATTERN=museum-desktop; NAV=NAV-SIDE-RAIL; SHELL=SH-DESK-DATAGRID; DENSITY=D-DEFAULT; IX=IX-KEYBOARD-SHORTCUTS; IMPL=session-timeout,abort-controller,popover-api,hotkeys; FEEL=collections CMS
A0974	design-tool-desktop	Design Tool	industry-app	desktop-web	NAV-DRAWER	SH-DESK-RAIL-MAIN	D-DEFAULT	IX-KEYBOARD-SHORTCUTS	PLATFORM=desktop-web; PATTERN=design-tool-desktop; NAV=NAV-DRAWER; SHELL=SH-DESK-RAIL-MAIN; DENSITY=D-DEFAULT; IX=IX-KEYBOARD-SHORTCUTS; IMPL=session-timeout,command-palette-js,abort-controller,container-queries; FEEL=canvas tools
A0975	d-progressive-more	More/Fewer options	desktop-density-keyboard	desktop-web	NAV-TOOLBAR	SH-DESK-DATAGRID	D-DEFAULT	IX-FILTER-CHIPS	PLATFORM=desktop-web; PATTERN=d-progressive-more; NAV=NAV-TOOLBAR; SHELL=SH-DESK-DATAGRID; DENSITY=D-DEFAULT; IX=IX-FILTER-CHIPS; IMPL=grid-app-shell,prefers-color-scheme,intersection-infinite,csrf-safe; FEEL=Hide rare advanced
A0976	support-desktop	Support Desktop	industry-app	desktop-web	NAV-DRAWER	SH-TABLET-SPLIT	D-COMPACT	IX-KEYBOARD-SHORTCUTS	PLATFORM=desktop-web; PATTERN=support-desktop; NAV=NAV-DRAWER; SHELL=SH-TABLET-SPLIT; DENSITY=D-COMPACT; IX=IX-KEYBOARD-SHORTCUTS; IMPL=session-timeout,aria-expanded,aria-current,error-boundary-ui; FEEL=ticket workspace
A0977	restaurant-pos-tablet	Restaurant POS Tablet	industry-app	desktop-web	NAV-SIDE-TREE	SH-DESK-RAIL-MAIN	D-DEFAULT	IX-EMPTY-CTA	PLATFORM=desktop-web; PATTERN=restaurant-pos-tablet; NAV=NAV-SIDE-TREE; SHELL=SH-DESK-RAIL-MAIN; DENSITY=D-DEFAULT; IX=IX-EMPTY-CTA; IMPL=abort-controller,focus-trap,session-timeout,skeleton-css; FEEL=tickets menu pay
A0978	m-media-fullscreen	Fullscreen media	mobile-content-patterns	mobile-phone	NAV-NONE-FOCUS	SH-PHONE-CANVAS	D-DEFAULT	IX-PRIMARY-THUMB	PLATFORM=mobile-phone; PATTERN=m-media-fullscreen; NAV=NAV-NONE-FOCUS; SHELL=SH-PHONE-CANVAS; DENSITY=D-DEFAULT; IX=IX-PRIMARY-THUMB; IMPL=bottom-nav-fixed,app-badge,scroll-padding,debounce-search; FEEL=Swipe dismiss, chrome fade
A0979	m-one-hand	One-handed path	mobile-touch-a11y	mobile-phone	NAV-TAB+STACK	SH-PHONE-STACK	D-TOUCH-COMFORT	IX-PRIMARY-THUMB	PLATFORM=mobile-phone; PATTERN=m-one-hand; NAV=NAV-TAB+STACK; SHELL=SH-PHONE-STACK; DENSITY=D-TOUCH-COMFORT; IX=IX-PRIMARY-THUMB; IMPL=dialog-element,prefers-color-scheme,scroll-padding,prefers-reduced-motion; FEEL=Critical path without stretch
A0980	d-dashboard-ops	Ops dashboard	desktop-structure	desktop-web	NAV-SIDE-RAIL	SH-DESK-DASH	D-DEFAULT	IX-KEYBOARD-SHORTCUTS	PLATFORM=desktop-web; PATTERN=d-dashboard-ops; NAV=NAV-SIDE-RAIL; SHELL=SH-DESK-DASH; DENSITY=D-DEFAULT; IX=IX-KEYBOARD-SHORTCUTS; IMPL=url-state,focus-visible,matchmedia,grid-app-shell; FEEL=KPI + one focus viz
A0981	m-auth-focus	Auth focus flow	mobile-structure	mobile-phone	NAV-BOTTOM-TABS	SH-PHONE-FEED	D-COMFORTABLE	IX-PRIMARY-THUMB	PLATFORM=mobile-phone; PATTERN=m-auth-focus; NAV=NAV-BOTTOM-TABS; SHELL=SH-PHONE-FEED; DENSITY=D-COMFORTABLE; IX=IX-PRIMARY-THUMB; IMPL=error-boundary-ui,tap-highlight,vibrate-careful,push-web; FEEL=No app chrome
A0982	m-create-fab	Create via FAB	mobile-structure	mobile-phone	NAV-BOTTOM-TABS	SH-PHONE-FEED	D-TOUCH-COMFORT	IX-PRIMARY-THUMB	PLATFORM=mobile-phone; PATTERN=m-create-fab; NAV=NAV-BOTTOM-TABS; SHELL=SH-PHONE-FEED; DENSITY=D-TOUCH-COMFORT; IX=IX-PRIMARY-THUMB; IMPL=virtual-list,network-information,viewport-meta,share-api; FEEL=One create affordance
A0983	fitness-mobile	Fitness Mobile	industry-app	mobile-phone	NAV-TAB+STACK	SH-PHONE-TABS	D-TOUCH-COMFORT	IX-PRIMARY-THUMB	PLATFORM=mobile-phone; PATTERN=fitness-mobile; NAV=NAV-TAB+STACK; SHELL=SH-PHONE-TABS; DENSITY=D-TOUCH-COMFORT; IX=IX-PRIMARY-THUMB; IMPL=autocomplete,app-badge,url-state,history-stack; FEEL=workout active timer
A0984	insurance-mobile	Insurance Mobile	industry-app	mobile-phone	NAV-BOTTOM-TABS	SH-PHONE-TABS	D-DEFAULT	IX-PRIMARY-THUMB	PLATFORM=mobile-phone; PATTERN=insurance-mobile; NAV=NAV-BOTTOM-TABS; SHELL=SH-PHONE-TABS; DENSITY=D-DEFAULT; IX=IX-PRIMARY-THUMB; IMPL=tap-highlight,vibrate-careful,app-badge,abort-controller; FEEL=policies claims
A0985	d-rail-labels	Rail with labels	desktop-structure	desktop-web	NAV-SIDE-RAIL	SH-DESK-RAIL-MAIN	D-DEFAULT	IX-KEYBOARD-SHORTCUTS	PLATFORM=desktop-web; PATTERN=d-rail-labels; NAV=NAV-SIDE-RAIL; SHELL=SH-DESK-RAIL-MAIN; DENSITY=D-DEFAULT; IX=IX-KEYBOARD-SHORTCUTS; IMPL=hotkeys,content-visibility,url-state,roving-tabindex; FEEL=Discoverability > icons-only
A0986	vpn-mobile	VPN Mobile	industry-app	mobile-phone	NAV-STACK-PUSH	SH-PHONE-STACK	D-DEFAULT	IX-PRIMARY-THUMB	PLATFORM=mobile-phone; PATTERN=vpn-mobile; NAV=NAV-STACK-PUSH; SHELL=SH-PHONE-STACK; DENSITY=D-DEFAULT; IX=IX-PRIMARY-THUMB; IMPL=vibrate-careful,min-touch,service-worker-offline,safe-area-css; FEEL=connect status regions
A0987	m-filter-sheet	Filter sheet	mobile-structure	mobile-phone	NAV-BOTTOM-SHEET	SH-PHONE-SHEET	D-DEFAULT	IX-PRIMARY-THUMB	PLATFORM=mobile-phone; PATTERN=m-filter-sheet; NAV=NAV-BOTTOM-SHEET; SHELL=SH-PHONE-SHEET; DENSITY=D-DEFAULT; IX=IX-PRIMARY-THUMB; IMPL=vibrate-careful,network-information,prefers-contrast,intersection-infinite; FEEL=Filters over results
A0988	m-safe-area-chrome	Safe-area chrome	mobile-touch-a11y	mobile-phone	NAV-BOTTOM-TABS	SH-PHONE-TABS	D-TOUCH-COMFORT	IX-STICKY-FOOTER-CTA	PLATFORM=mobile-phone; PATTERN=m-safe-area-chrome; NAV=NAV-BOTTOM-TABS; SHELL=SH-PHONE-TABS; DENSITY=D-TOUCH-COMFORT; IX=IX-STICKY-FOOTER-CTA; IMPL=file-capture,intersection-infinite,install-pwa,inputmode; FEEL=Tabs/CTAs above home indicator
A0989	devtool-desktop	Developer Tool	industry-app	desktop-web	NAV-TOP-TABS	SH-DESK-DOCUMENT	D-COMPACT	IX-KEYBOARD-SHORTCUTS	PLATFORM=desktop-web; PATTERN=devtool-desktop; NAV=NAV-TOP-TABS; SHELL=SH-DESK-DOCUMENT; DENSITY=D-COMPACT; IX=IX-KEYBOARD-SHORTCUTS; IMPL=live-region,pointer-events,overscroll,abort-controller; FEEL=editor panels on demand
A0990	d-density-toggle	User density toggle	desktop-density-keyboard	desktop-web	NAV-BREADCRUMB	SH-TABLET-SPLIT	D-DEFAULT	IX-WINDOW-DENSITY	PLATFORM=desktop-web; PATTERN=d-density-toggle; NAV=NAV-BREADCRUMB; SHELL=SH-TABLET-SPLIT; DENSITY=D-DEFAULT; IX=IX-WINDOW-DENSITY; IMPL=aria-current,will-change-sparing,session-timeout,clipboard-api; FEEL=Comfortable/Compact persist
A0991	social-desktop	Social Desktop	industry-app	desktop-web	NAV-WIZARD	SH-RESPONSIVE-COLLAPSE	D-DEFAULT	IX-KEYBOARD-SHORTCUTS	PLATFORM=desktop-web; PATTERN=social-desktop; NAV=NAV-WIZARD; SHELL=SH-RESPONSIVE-COLLAPSE; DENSITY=D-DEFAULT; IX=IX-KEYBOARD-SHORTCUTS; IMPL=abort-controller,form-novalidate,aria-current,resize-observer; FEEL=feed optional rail
A0992	banking-mobile	Mobile Banking	industry-app	desktop-web	NAV-SIDE-RAIL	SH-DESK-DASH	D-DEFAULT	IX-PRIMARY-THUMB	PLATFORM=desktop-web; PATTERN=banking-mobile; NAV=NAV-SIDE-RAIL; SHELL=SH-DESK-DASH; DENSITY=D-DEFAULT; IX=IX-PRIMARY-THUMB; IMPL=skeleton-css,csrf-safe,overscroll,prefers-reduced-motion; FEEL=balances cards transfers
A0993	iot-desktop	IoT Desktop	industry-app	desktop-web	NAV-SIDE-RAIL	SH-DESK-DASH	D-COMPACT	IX-KEYBOARD-SHORTCUTS	PLATFORM=desktop-web; PATTERN=iot-desktop; NAV=NAV-SIDE-RAIL; SHELL=SH-DESK-DASH; DENSITY=D-COMPACT; IX=IX-KEYBOARD-SHORTCUTS; IMPL=live-region,skeleton-css,virtual-list,clipboard-api; FEEL=fleet grid map
A0994	gaming-desktop	PC Game Launcher	industry-app	desktop-web	NAV-SIDE-RAIL	SH-TABLET-RAIL	D-DEFAULT	IX-KEYBOARD-SHORTCUTS	PLATFORM=desktop-web; PATTERN=gaming-desktop; NAV=NAV-SIDE-RAIL; SHELL=SH-TABLET-RAIL; DENSITY=D-DEFAULT; IX=IX-KEYBOARD-SHORTCUTS; IMPL=dialog-element,fine-pointer,aria-current,live-region; FEEL=library friends
A0995	d-design-canvas	Design/tool canvas	desktop-structure	desktop-web	NAV-TOOLBAR	SH-DESK-TOOL-CANVAS	D-DEFAULT	IX-KEYBOARD-SHORTCUTS	PLATFORM=desktop-web; PATTERN=d-design-canvas; NAV=NAV-TOOLBAR; SHELL=SH-DESK-TOOL-CANVAS; DENSITY=D-DEFAULT; IX=IX-KEYBOARD-SHORTCUTS; IMPL=localstorage-prefs,resize-observer,command-palette-js,clipboard-api; FEEL=Tools on demand
A0996	gov-services-desktop	Gov Services Desktop	industry-app	responsive-app	NAV-SIDE-RAIL	SH-DESK-DATAGRID	D-DEFAULT	IX-KEYBOARD-SHORTCUTS	PLATFORM=responsive-app; PATTERN=gov-services-desktop; NAV=NAV-SIDE-RAIL; SHELL=SH-DESK-DATAGRID; DENSITY=D-DEFAULT; IX=IX-KEYBOARD-SHORTCUTS; IMPL=resize-observer,history-stack,hover-media,command-palette-js; FEEL=cases queue
A0997	mdm-desktop	Device Management	industry-app	desktop-web	NAV-SIDE-RAIL	SH-DESK-DATAGRID	D-COMPACT	IX-KEYBOARD-SHORTCUTS	PLATFORM=desktop-web; PATTERN=mdm-desktop; NAV=NAV-SIDE-RAIL; SHELL=SH-DESK-DATAGRID; DENSITY=D-COMPACT; IX=IX-KEYBOARD-SHORTCUTS; IMPL=focus-trap,hover-media,prefers-color-scheme,virtual-list; FEEL=fleet compliance
A0998	agriculture-mobile	Ag Mobile	industry-app	mobile-phone	NAV-STACK-PUSH	SH-PHONE-CANVAS	D-TOUCH-COMFORT	IX-PRIMARY-THUMB	PLATFORM=mobile-phone; PATTERN=agriculture-mobile; NAV=NAV-STACK-PUSH; SHELL=SH-PHONE-CANVAS; DENSITY=D-TOUCH-COMFORT; IX=IX-PRIMARY-THUMB; IMPL=biometric-webauthn,prefers-reduced-motion,bottom-nav-fixed,touch-action; FEEL=fields tasks weather
A0999	university-desktop	Uni Admin Desktop	industry-app	desktop-web	NAV-SIDE-RAIL	SH-DESK-DATAGRID	D-COMPACT	IX-KEYBOARD-SHORTCUTS	PLATFORM=desktop-web; PATTERN=university-desktop; NAV=NAV-SIDE-RAIL; SHELL=SH-DESK-DATAGRID; DENSITY=D-COMPACT; IX=IX-KEYBOARD-SHORTCUTS; IMPL=autocomplete,content-visibility,matchmedia,live-region; FEEL=enrolment records
A1000	banking-mobile	Mobile Banking	industry-app	mobile-phone	NAV-BOTTOM-TABS	SH-PHONE-TABS	D-TOUCH-COMFORT	IX-PRIMARY-THUMB	PLATFORM=mobile-phone; PATTERN=banking-mobile; NAV=NAV-BOTTOM-TABS; SHELL=SH-PHONE-TABS; DENSITY=D-TOUCH-COMFORT; IX=IX-PRIMARY-THUMB; IMPL=coarse-pointer,virtual-list,bottom-nav-fixed,inputmode; FEEL=balances cards transfers
A1001	d-rail-main-inspector	Rail + main + inspector	desktop-structure	desktop-web	NAV-SIDE-RAIL	SH-DESK-RAIL-MAIN-INSP	D-COMPACT	IX-KEYBOARD-SHORTCUTS	PLATFORM=desktop-web; PATTERN=d-rail-main-inspector; NAV=NAV-SIDE-RAIL; SHELL=SH-DESK-RAIL-MAIN-INSP; DENSITY=D-COMPACT; IX=IX-KEYBOARD-SHORTCUTS; IMPL=aria-current,session-timeout,prefers-reduced-motion,prefers-contrast; FEEL=Selection details; not idle triple
A1002	m-single-feed	Single feed app	mobile-structure	mobile-phone	NAV-NONE-FOCUS	SH-PHONE-FEED	D-DEFAULT	IX-PRIMARY-THUMB	PLATFORM=mobile-phone; PATTERN=m-single-feed; NAV=NAV-NONE-FOCUS; SHELL=SH-PHONE-FEED; DENSITY=D-DEFAULT; IX=IX-PRIMARY-THUMB; IMPL=error-boundary-ui,hover-media,optimistic-ui,sticky-footer-cta; FEEL=Content is the app
A1003	insurance-desktop	Insurance Desktop	industry-app	desktop-web	NAV-SIDE-RAIL	SH-DESK-DATAGRID	D-COMPACT	IX-KEYBOARD-SHORTCUTS	PLATFORM=desktop-web; PATTERN=insurance-desktop; NAV=NAV-SIDE-RAIL; SHELL=SH-DESK-DATAGRID; DENSITY=D-COMPACT; IX=IX-KEYBOARD-SHORTCUTS; IMPL=prefers-contrast,autocomplete,abort-controller,form-novalidate; FEEL=policies claims queue
A1004	ride-mobile	Ride Hail Mobile	industry-app	mobile-phone	NAV-BOTTOM-SHEET	SH-PHONE-SHEET	D-TOUCH-COMFORT	IX-PRIMARY-THUMB	PLATFORM=mobile-phone; PATTERN=ride-mobile; NAV=NAV-BOTTOM-SHEET; SHELL=SH-PHONE-SHEET; DENSITY=D-TOUCH-COMFORT; IX=IX-PRIMARY-THUMB; IMPL=live-region,min-touch,url-state,vibrate-careful; FEEL=map request trip
A1005	d-ide-lite	IDE-lite	desktop-structure	desktop-web	NAV-WIZARD	SH-DESK-DATAGRID	D-COMPACT	IX-KEYBOARD-SHORTCUTS	PLATFORM=desktop-web; PATTERN=d-ide-lite; NAV=NAV-WIZARD; SHELL=SH-DESK-DATAGRID; DENSITY=D-COMPACT; IX=IX-KEYBOARD-SHORTCUTS; IMPL=will-change-sparing,abort-controller,command-palette-js,skeleton-css; FEEL=Editor primary; panels optional
A1006	podcast-mobile	Podcast Mobile	industry-app	mobile-phone	NAV-BOTTOM-TABS	SH-PHONE-TABS	D-DEFAULT	IX-PRIMARY-THUMB	PLATFORM=mobile-phone; PATTERN=podcast-mobile; NAV=NAV-BOTTOM-TABS; SHELL=SH-PHONE-TABS; DENSITY=D-DEFAULT; IX=IX-PRIMARY-THUMB; IMPL=matchmedia,min-touch,push-web,abort-controller; FEEL=shows episodes player
A1007	m-form-multipage	Multi-page form	mobile-content-patterns	mobile-phone	NAV-TAB+STACK	SH-PHONE-FEED	D-DEFAULT	IX-PRIMARY-THUMB	PLATFORM=mobile-phone; PATTERN=m-form-multipage; NAV=NAV-TAB+STACK; SHELL=SH-PHONE-FEED; DENSITY=D-DEFAULT; IX=IX-PRIMARY-THUMB; IMPL=virtual-list,viewport-meta,overscroll,bottom-nav-fixed; FEEL=Save draft between pages
A1008	hotel-mobile	Hotel Mobile	industry-app	mobile-phone	NAV-BOTTOM-TABS	SH-PHONE-TABS	D-DEFAULT	IX-PRIMARY-THUMB	PLATFORM=mobile-phone; PATTERN=hotel-mobile; NAV=NAV-BOTTOM-TABS; SHELL=SH-PHONE-TABS; DENSITY=D-DEFAULT; IX=IX-PRIMARY-THUMB; IMPL=app-badge,vibrate-careful,push-web,touch-action; FEEL=stay key services
A1009	inventory-mobile	Inventory Mobile	industry-app	mobile-phone	NAV-NONE-FOCUS	SH-PHONE-STACK	D-TOUCH-COMFORT	IX-PRIMARY-THUMB	PLATFORM=mobile-phone; PATTERN=inventory-mobile; NAV=NAV-NONE-FOCUS; SHELL=SH-PHONE-STACK; DENSITY=D-TOUCH-COMFORT; IX=IX-PRIMARY-THUMB; IMPL=content-visibility,min-touch,touch-action,dialog-element; FEEL=scan count bins
A1010	calendar-mobile	Mobile Calendar	industry-app	mobile-phone	NAV-BOTTOM-TABS	SH-PHONE-TABS	D-DEFAULT	IX-PRIMARY-THUMB	PLATFORM=mobile-phone; PATTERN=calendar-mobile; NAV=NAV-BOTTOM-TABS; SHELL=SH-PHONE-TABS; DENSITY=D-DEFAULT; IX=IX-PRIMARY-THUMB; IMPL=prefers-contrast,virtual-list,content-visibility,sticky-footer-cta; FEEL=agenda day create
A1011	tasks-mobile	Tasks Mobile	industry-app	mobile-phone	NAV-BOTTOM-SHEET	SH-PHONE-SHEET	D-DEFAULT	IX-PRIMARY-THUMB	PLATFORM=mobile-phone; PATTERN=tasks-mobile; NAV=NAV-BOTTOM-SHEET; SHELL=SH-PHONE-SHEET; DENSITY=D-DEFAULT; IX=IX-PRIMARY-THUMB; IMPL=optimistic-ui,error-boundary-ui,csrf-safe,matchmedia; FEEL=lists add complete
A1012	m-error-fullpage	Full-page error	mobile-content-patterns	mobile-phone	NAV-STACK-PUSH	SH-PHONE-STACK	D-DEFAULT	IX-EMPTY-CTA	PLATFORM=mobile-phone; PATTERN=m-error-fullpage; NAV=NAV-STACK-PUSH; SHELL=SH-PHONE-STACK; DENSITY=D-DEFAULT; IX=IX-EMPTY-CTA; IMPL=scroll-padding,aria-current,safe-area-css,form-novalidate; FEEL=Retry + support
A1013	analytics-mobile	Analytics Mobile	industry-app	mobile-phone	NAV-STACK-PUSH	SH-PHONE-STACK	D-DEFAULT	IX-PRIMARY-THUMB	PLATFORM=mobile-phone; PATTERN=analytics-mobile; NAV=NAV-STACK-PUSH; SHELL=SH-PHONE-STACK; DENSITY=D-DEFAULT; IX=IX-PRIMARY-THUMB; IMPL=prefers-contrast,pointer-events,min-touch,prefers-color-scheme; FEEL=kpi cards drill
A1014	crm-desktop	CRM Desktop	industry-app	desktop-web	NAV-SIDE-RAIL	SH-DESK-DATAGRID	D-COMPACT	IX-KEYBOARD-SHORTCUTS	PLATFORM=desktop-web; PATTERN=crm-desktop; NAV=NAV-SIDE-RAIL; SHELL=SH-DESK-DATAGRID; DENSITY=D-COMPACT; IX=IX-KEYBOARD-SHORTCUTS; IMPL=autocomplete,debounce-search,focus-trap,aria-current; FEEL=pipeline contacts
A1015	m-keyboard-avoid	Keyboard avoidance	mobile-touch-a11y	mobile-phone	NAV-STACK-PUSH	SH-PHONE-STACK	D-DEFAULT	IX-FORM-SECTIONED	PLATFORM=mobile-phone; PATTERN=m-keyboard-avoid; NAV=NAV-STACK-PUSH; SHELL=SH-PHONE-STACK; DENSITY=D-DEFAULT; IX=IX-FORM-SECTIONED; IMPL=safe-area-css,hover-media,app-badge,virtual-list; FEEL=Focused field visible
A1016	construction-mobile	Construction Mobile	industry-app	mobile-phone	NAV-BOTTOM-TABS	SH-PHONE-TABS	D-TOUCH-COMFORT	IX-PRIMARY-THUMB	PLATFORM=mobile-phone; PATTERN=construction-mobile; NAV=NAV-BOTTOM-TABS; SHELL=SH-PHONE-TABS; DENSITY=D-TOUCH-COMFORT; IX=IX-PRIMARY-THUMB; IMPL=push-web,error-boundary-ui,matchmedia,type-date; FEEL=site daily photos
A1017	os-material-nav-rail	Material nav rail	os-patterns	mobile-tablet	NAV-SIDE-RAIL	SH-TABLET-RAIL	D-DEFAULT	IX-EMPTY-CTA	PLATFORM=mobile-tablet; PATTERN=os-material-nav-rail; NAV=NAV-SIDE-RAIL; SHELL=SH-TABLET-RAIL; DENSITY=D-DEFAULT; IX=IX-EMPTY-CTA; IMPL=skeleton-css,push-web,prefers-reduced-motion,overscroll; FEEL=Tablet/desktop
A1018	university-desktop	Uni Admin Desktop	industry-app	desktop-web	NAV-SIDE-RAIL	SH-DESK-DATAGRID	D-COMPACT	IX-KEYBOARD-SHORTCUTS	PLATFORM=desktop-web; PATTERN=university-desktop; NAV=NAV-SIDE-RAIL; SHELL=SH-DESK-DATAGRID; DENSITY=D-COMPACT; IX=IX-KEYBOARD-SHORTCUTS; IMPL=form-novalidate,focus-visible,error-boundary-ui,prefers-contrast; FEEL=enrolment records
A1019	school-mobile	School Parent Mobile	industry-app	mobile-phone	NAV-BOTTOM-TABS	SH-PHONE-TABS	D-DEFAULT	IX-PRIMARY-THUMB	PLATFORM=mobile-phone; PATTERN=school-mobile; NAV=NAV-BOTTOM-TABS; SHELL=SH-PHONE-TABS; DENSITY=D-DEFAULT; IX=IX-PRIMARY-THUMB; IMPL=network-information,prefers-reduced-motion,virtual-list,history-stack; FEEL=messages attendance
A1020	os-macos-toolbar	macOS toolbar	os-patterns	desktop-web	NAV-TOOLBAR	SH-DESK-TOOL-CANVAS	D-DEFAULT	IX-KEYBOARD-SHORTCUTS	PLATFORM=desktop-web; PATTERN=os-macos-toolbar; NAV=NAV-TOOLBAR; SHELL=SH-DESK-TOOL-CANVAS; DENSITY=D-DEFAULT; IX=IX-KEYBOARD-SHORTCUTS; IMPL=abort-controller,drag-drop-desktop,dialog-element,container-queries; FEEL=Unified titlebar toolbar
A1021	os-material-nav-rail	Material nav rail	os-patterns	mobile-tablet	NAV-STACK-PUSH	SH-PHONE-FEED	D-DEFAULT	IX-EMPTY-CTA	PLATFORM=mobile-tablet; PATTERN=os-material-nav-rail; NAV=NAV-STACK-PUSH; SHELL=SH-PHONE-FEED; DENSITY=D-DEFAULT; IX=IX-EMPTY-CTA; IMPL=prefers-reduced-motion,autocomplete,csrf-safe,viewport-meta; FEEL=Tablet/desktop
A1022	m-hub-and-spoke	Hub home + spokes	mobile-structure	mobile-phone	NAV-STACK-PUSH	SH-PHONE-STACK	D-DEFAULT	IX-PRIMARY-THUMB	PLATFORM=mobile-phone; PATTERN=m-hub-and-spoke; NAV=NAV-STACK-PUSH; SHELL=SH-PHONE-STACK; DENSITY=D-DEFAULT; IX=IX-PRIMARY-THUMB; IMPL=error-boundary-ui,min-touch,overscroll,install-pwa; FEEL=Home launches tasks
A1023	m-profile-me	Profile / Me tab	mobile-structure	mobile-phone	NAV-BOTTOM-TABS	SH-PHONE-TABS	D-DEFAULT	IX-PRIMARY-THUMB	PLATFORM=mobile-phone; PATTERN=m-profile-me; NAV=NAV-BOTTOM-TABS; SHELL=SH-PHONE-TABS; DENSITY=D-DEFAULT; IX=IX-PRIMARY-THUMB; IMPL=pointer-events,min-touch,content-visibility,inputmode; FEEL=Account + prefs entry
A1024	agriculture-desktop	Ag Desktop	industry-app	desktop-web	NAV-SIDE-RAIL	SH-DESK-DASH	D-DEFAULT	IX-KEYBOARD-SHORTCUTS	PLATFORM=desktop-web; PATTERN=agriculture-desktop; NAV=NAV-SIDE-RAIL; SHELL=SH-DESK-DASH; DENSITY=D-DEFAULT; IX=IX-KEYBOARD-SHORTCUTS; IMPL=content-visibility,command-palette-js,drag-drop-desktop,resize-observer; FEEL=fields seasons plans
A1025	restaurant-backoffice	Restaurant Backoffice	industry-app	mobile-phone	NAV-BOTTOM-SHEET	SH-PHONE-SHEET	D-TOUCH-COMFORT	IX-KEYBOARD-SHORTCUTS	PLATFORM=mobile-phone; PATTERN=restaurant-backoffice; NAV=NAV-BOTTOM-SHEET; SHELL=SH-PHONE-SHEET; DENSITY=D-TOUCH-COMFORT; IX=IX-KEYBOARD-SHORTCUTS; IMPL=bottom-nav-fixed,skeleton-css,aria-expanded,virtual-list; FEEL=menus labour
A1026	m-hub-and-spoke	Hub home + spokes	mobile-structure	mobile-phone	NAV-STACK-PUSH	SH-PHONE-STACK	D-DEFAULT	IX-PRIMARY-THUMB	PLATFORM=mobile-phone; PATTERN=m-hub-and-spoke; NAV=NAV-STACK-PUSH; SHELL=SH-PHONE-STACK; DENSITY=D-DEFAULT; IX=IX-PRIMARY-THUMB; IMPL=aria-expanded,debounce-search,flex-phone-column,url-state; FEEL=Home launches tasks
A1027	erp-desktop	ERP Desktop	industry-app	desktop-web	NAV-SIDE-RAIL	SH-DESK-DATAGRID	D-COMPACT	IX-KEYBOARD-SHORTCUTS	PLATFORM=desktop-web; PATTERN=erp-desktop; NAV=NAV-SIDE-RAIL; SHELL=SH-DESK-DATAGRID; DENSITY=D-COMPACT; IX=IX-KEYBOARD-SHORTCUTS; IMPL=overscroll,will-change-sparing,drag-drop-desktop,localstorage-prefs; FEEL=modules dense tables
A1028	hotel-mobile	Hotel Mobile	industry-app	mobile-phone	NAV-BOTTOM-TABS	SH-PHONE-TABS	D-DEFAULT	IX-PRIMARY-THUMB	PLATFORM=mobile-phone; PATTERN=hotel-mobile; NAV=NAV-BOTTOM-TABS; SHELL=SH-PHONE-TABS; DENSITY=D-DEFAULT; IX=IX-PRIMARY-THUMB; IMPL=will-change-sparing,dialog-element,coarse-pointer,safe-area-css; FEEL=stay key services
A1029	m-hamburger-secondary	Drawer for secondary only	mobile-structure	mobile-phone	NAV-DRAWER	SH-PHONE-STACK	D-DEFAULT	IX-PRIMARY-THUMB	PLATFORM=mobile-phone; PATTERN=m-hamburger-secondary; NAV=NAV-DRAWER; SHELL=SH-PHONE-STACK; DENSITY=D-DEFAULT; IX=IX-PRIMARY-THUMB; IMPL=autocomplete,install-pwa,intersection-infinite,inputmode; FEEL=Not for primary 5 destinations
A1030	d-high-contrast	OS high contrast aware	desktop-density-keyboard	desktop-web	NAV-SIDE-RAIL	SH-DESK-RAIL-MAIN	D-DEFAULT	IX-PRIMARY-THUMB	PLATFORM=desktop-web; PATTERN=d-high-contrast; NAV=NAV-SIDE-RAIL; SHELL=SH-DESK-RAIL-MAIN; DENSITY=D-DEFAULT; IX=IX-PRIMARY-THUMB; IMPL=intersection-infinite,content-visibility,form-novalidate,resize-observer; FEEL=Borders not colour-only
A1031	d-document-editor	Document editor	desktop-structure	desktop-web	NAV-MENUBAR	SH-DESK-DOCUMENT	D-DEFAULT	IX-KEYBOARD-SHORTCUTS	PLATFORM=desktop-web; PATTERN=d-document-editor; NAV=NAV-MENUBAR; SHELL=SH-DESK-DOCUMENT; DENSITY=D-DEFAULT; IX=IX-KEYBOARD-SHORTCUTS; IMPL=dialog-element,localstorage-prefs,prefers-color-scheme,autocomplete; FEEL=Canvas/document center
A1032	os-material-nav-bar	Material bottom nav	os-patterns	mobile-phone	NAV-BOTTOM-TABS	SH-PHONE-TABS	D-TOUCH-COMFORT	IX-PRIMARY-THUMB	PLATFORM=mobile-phone; PATTERN=os-material-nav-bar; NAV=NAV-BOTTOM-TABS; SHELL=SH-PHONE-TABS; DENSITY=D-TOUCH-COMFORT; IX=IX-PRIMARY-THUMB; IMPL=debounce-search,flex-phone-column,matchmedia,service-worker-offline; FEEL=3–5 destinations
A1033	m-thumb-zone-cta	Thumb-zone primary CTA	mobile-touch-a11y	mobile-phone	NAV-STACK-PUSH	SH-PHONE-STACK	D-TOUCH-COMFORT	IX-STICKY-FOOTER-CTA	PLATFORM=mobile-phone; PATTERN=m-thumb-zone-cta; NAV=NAV-STACK-PUSH; SHELL=SH-PHONE-STACK; DENSITY=D-TOUCH-COMFORT; IX=IX-STICKY-FOOTER-CTA; IMPL=bottom-nav-fixed,type-date,push-web,matchmedia; FEEL=Primary near bottom
A1034	manufacturing-desktop	MES Desktop	industry-app	desktop-web	NAV-SIDE-RAIL	SH-DESK-DATAGRID	D-COMPACT	IX-KEYBOARD-SHORTCUTS	PLATFORM=desktop-web; PATTERN=manufacturing-desktop; NAV=NAV-SIDE-RAIL; SHELL=SH-DESK-DATAGRID; DENSITY=D-COMPACT; IX=IX-KEYBOARD-SHORTCUTS; IMPL=error-boundary-ui,localstorage-prefs,prefers-reduced-motion,container-queries; FEEL=lines work orders
A1035	d-master-detail	Master-detail	desktop-structure	desktop-web	NAV-MENUBAR	SH-TABLET-RAIL	D-DEFAULT	IX-KEYBOARD-SHORTCUTS	PLATFORM=desktop-web; PATTERN=d-master-detail; NAV=NAV-MENUBAR; SHELL=SH-TABLET-RAIL; DENSITY=D-DEFAULT; IX=IX-KEYBOARD-SHORTCUTS; IMPL=matchmedia,content-visibility,autocomplete,roving-tabindex; FEEL=List drives detail
A1036	logistics-mobile	Driver Mobile	industry-app	desktop-web	NAV-TOP-TABS	SH-RESPONSIVE-COLLAPSE	D-DEFAULT	IX-PRIMARY-THUMB	PLATFORM=desktop-web; PATTERN=logistics-mobile; NAV=NAV-TOP-TABS; SHELL=SH-RESPONSIVE-COLLAPSE; DENSITY=D-DEFAULT; IX=IX-PRIMARY-THUMB; IMPL=csrf-safe,hover-media,abort-controller,roving-tabindex; FEEL=stops nav complete
A1037	password-mobile	Password Manager Mobile	industry-app	responsive-app	NAV-BOTTOM-TABS	SH-PHONE-TABS	D-DEFAULT	IX-PRIMARY-THUMB	PLATFORM=responsive-app; PATTERN=password-mobile; NAV=NAV-BOTTOM-TABS; SHELL=SH-PHONE-TABS; DENSITY=D-DEFAULT; IX=IX-PRIMARY-THUMB; IMPL=abort-controller,hotkeys,viewport-meta,biometric-webauthn; FEEL=vault autofill
A1038	iot-desktop	IoT Desktop	industry-app	desktop-web	NAV-SIDE-RAIL	SH-DESK-DASH	D-COMPACT	IX-KEYBOARD-SHORTCUTS	PLATFORM=desktop-web; PATTERN=iot-desktop; NAV=NAV-SIDE-RAIL; SHELL=SH-DESK-DASH; DENSITY=D-COMPACT; IX=IX-KEYBOARD-SHORTCUTS; IMPL=intersection-infinite,live-region,command-palette-js,dialog-element; FEEL=fleet grid map
A1039	inventory-desktop	Inventory Desktop	industry-app	desktop-web	NAV-SIDE-RAIL	SH-DESK-DATAGRID	D-COMPACT	IX-KEYBOARD-SHORTCUTS	PLATFORM=desktop-web; PATTERN=inventory-desktop; NAV=NAV-SIDE-RAIL; SHELL=SH-DESK-DATAGRID; DENSITY=D-COMPACT; IX=IX-KEYBOARD-SHORTCUTS; IMPL=live-region,prefers-color-scheme,form-novalidate,session-timeout; FEEL=SKU grid adjust
A1040	m-hero-then-list	Hero then list	mobile-content-patterns	mobile-phone	NAV-STACK-PUSH	SH-PHONE-STACK	D-DEFAULT	IX-EMPTY-CTA	PLATFORM=mobile-phone; PATTERN=m-hero-then-list; NAV=NAV-STACK-PUSH; SHELL=SH-PHONE-STACK; DENSITY=D-DEFAULT; IX=IX-EMPTY-CTA; IMPL=dialog-element,focus-visible,tap-highlight,aria-current; FEEL=Context then inventory
A1041	d-support-console	Support console	desktop-structure	desktop-web	NAV-MASTER-DETAIL	SH-DESK-RAIL-MAIN-INSP	D-COMPACT	IX-KEYBOARD-SHORTCUTS	PLATFORM=desktop-web; PATTERN=d-support-console; NAV=NAV-MASTER-DETAIL; SHELL=SH-DESK-RAIL-MAIN-INSP; DENSITY=D-COMPACT; IX=IX-KEYBOARD-SHORTCUTS; IMPL=optimistic-ui,container-queries,focus-visible,aria-current; FEEL=Ticket queue + workspace
A1042	social-mobile	Social Mobile	industry-app	responsive-app	NAV-BOTTOM-TABS	SH-TABLET-RAIL	D-DEFAULT	IX-PRIMARY-THUMB	PLATFORM=responsive-app; PATTERN=social-mobile; NAV=NAV-BOTTOM-TABS; SHELL=SH-TABLET-RAIL; DENSITY=D-DEFAULT; IX=IX-PRIMARY-THUMB; IMPL=install-pwa,localstorage-prefs,container-queries,prefers-reduced-motion; FEEL=feed create profile
A1043	social-mobile	Social Mobile	industry-app	mobile-phone	NAV-BOTTOM-TABS	SH-PHONE-FEED	D-DEFAULT	IX-PRIMARY-THUMB	PLATFORM=mobile-phone; PATTERN=social-mobile; NAV=NAV-BOTTOM-TABS; SHELL=SH-PHONE-FEED; DENSITY=D-DEFAULT; IX=IX-PRIMARY-THUMB; IMPL=viewport-meta,abort-controller,tap-highlight,share-api; FEEL=feed create profile
A1044	m-list-media	Media list rows	mobile-content-patterns	mobile-phone	NAV-TAB+STACK	SH-PHONE-CANVAS	D-DEFAULT	IX-INFINITE-SCROLL	PLATFORM=mobile-phone; PATTERN=m-list-media; NAV=NAV-TAB+STACK; SHELL=SH-PHONE-CANVAS; DENSITY=D-DEFAULT; IX=IX-INFINITE-SCROLL; IMPL=vibrate-careful,dvh-units,bottom-nav-fixed,safe-area-css; FEEL=Thumb + title + meta
A1045	calendar-desktop	Desktop Calendar	industry-app	mobile-phone	NAV-BOTTOM-SHEET	SH-RESPONSIVE-COLLAPSE	D-DEFAULT	IX-KEYBOARD-SHORTCUTS	PLATFORM=mobile-phone; PATTERN=calendar-desktop; NAV=NAV-BOTTOM-SHEET; SHELL=SH-RESPONSIVE-COLLAPSE; DENSITY=D-DEFAULT; IX=IX-KEYBOARD-SHORTCUTS; IMPL=focus-visible,flex-phone-column,push-web,history-stack; FEEL=week grid create
A1046	d-column-custom	Column customization	desktop-density-keyboard	desktop-web	NAV-SIDE-RAIL	SH-DESK-DATAGRID	D-COMPACT	IX-INLINE-EDIT	PLATFORM=desktop-web; PATTERN=d-column-custom; NAV=NAV-SIDE-RAIL; SHELL=SH-DESK-DATAGRID; DENSITY=D-COMPACT; IX=IX-INLINE-EDIT; IMPL=drag-drop-desktop,abort-controller,scroll-padding,url-state; FEEL=Show/hide/reorder columns
A1047	os-android-snackbar	Snackbar + action	os-patterns	mobile-phone	NAV-STACK-PUSH	SH-PHONE-STACK	D-DEFAULT	IX-UNDO-TOAST	PLATFORM=mobile-phone; PATTERN=os-android-snackbar; NAV=NAV-STACK-PUSH; SHELL=SH-PHONE-STACK; DENSITY=D-DEFAULT; IX=IX-UNDO-TOAST; IMPL=matchmedia,virtual-list,abort-controller,app-badge; FEEL=Undo short
A1048	d-settings-dialog	Settings dialog/pages	desktop-structure	desktop-web	NAV-TOP-TABS	SH-DESK-DATAGRID	D-DEFAULT	IX-KEYBOARD-SHORTCUTS	PLATFORM=desktop-web; PATTERN=d-settings-dialog; NAV=NAV-TOP-TABS; SHELL=SH-DESK-DATAGRID; DENSITY=D-DEFAULT; IX=IX-KEYBOARD-SHORTCUTS; IMPL=popover-api,form-novalidate,virtual-list,intersection-infinite; FEEL=Searchable settings
A1049	restaurant-backoffice	Restaurant Backoffice	industry-app	desktop-web	NAV-SIDE-RAIL	SH-DESK-DATAGRID	D-COMPACT	IX-KEYBOARD-SHORTCUTS	PLATFORM=desktop-web; PATTERN=restaurant-backoffice; NAV=NAV-SIDE-RAIL; SHELL=SH-DESK-DATAGRID; DENSITY=D-COMPACT; IX=IX-KEYBOARD-SHORTCUTS; IMPL=prefers-color-scheme,autocomplete,live-region,resize-observer; FEEL=menus labour
A1050	m-detail-push	Detail push	mobile-structure	mobile-phone	NAV-STACK-PUSH	SH-PHONE-STACK	D-DEFAULT	IX-PRIMARY-THUMB	PLATFORM=mobile-phone; PATTERN=m-detail-push; NAV=NAV-STACK-PUSH; SHELL=SH-PHONE-STACK; DENSITY=D-DEFAULT; IX=IX-PRIMARY-THUMB; IMPL=matchmedia,url-state,content-visibility,overscroll; FEEL=List to detail with back
A1051	restaurant-backoffice	Restaurant Backoffice	industry-app	desktop-web	NAV-SIDE-RAIL	SH-DESK-DATAGRID	D-COMPACT	IX-KEYBOARD-SHORTCUTS	PLATFORM=desktop-web; PATTERN=restaurant-backoffice; NAV=NAV-SIDE-RAIL; SHELL=SH-DESK-DATAGRID; DENSITY=D-COMPACT; IX=IX-KEYBOARD-SHORTCUTS; IMPL=pointer-events,focus-trap,drag-drop-desktop,dialog-element; FEEL=menus labour
A1052	library-desktop	Library Desktop	industry-app	desktop-web	NAV-SIDE-RAIL	SH-DESK-DATAGRID	D-COMPACT	IX-KEYBOARD-SHORTCUTS	PLATFORM=desktop-web; PATTERN=library-desktop; NAV=NAV-SIDE-RAIL; SHELL=SH-DESK-DATAGRID; DENSITY=D-COMPACT; IX=IX-KEYBOARD-SHORTCUTS; IMPL=prefers-color-scheme,skeleton-css,error-boundary-ui,clipboard-api; FEEL=catalogue circulation
A1053	travel-desktop	Travel Desktop	industry-app	desktop-web	NAV-SIDE-RAIL	SH-DESK-RAIL-MAIN	D-DEFAULT	IX-KEYBOARD-SHORTCUTS	PLATFORM=desktop-web; PATTERN=travel-desktop; NAV=NAV-SIDE-RAIL; SHELL=SH-DESK-RAIL-MAIN; DENSITY=D-DEFAULT; IX=IX-KEYBOARD-SHORTCUTS; IMPL=skeleton-css,session-timeout,aria-current,autocomplete; FEEL=itinerary booking
A1054	os-android-back	Android back affordance	os-patterns	mobile-phone	NAV-STACK-PUSH	SH-PHONE-STACK	D-DEFAULT	IX-PRIMARY-THUMB	PLATFORM=mobile-phone; PATTERN=os-android-back; NAV=NAV-STACK-PUSH; SHELL=SH-PHONE-STACK; DENSITY=D-DEFAULT; IX=IX-PRIMARY-THUMB; IMPL=optimistic-ui,csrf-safe,history-stack,inputmode; FEEL=Predictable back stack
A1055	banking-mobile	Mobile Banking	industry-app	mobile-phone	NAV-BOTTOM-TABS	SH-PHONE-TABS	D-TOUCH-COMFORT	IX-PRIMARY-THUMB	PLATFORM=mobile-phone; PATTERN=banking-mobile; NAV=NAV-BOTTOM-TABS; SHELL=SH-PHONE-TABS; DENSITY=D-TOUCH-COMFORT; IX=IX-PRIMARY-THUMB; IMPL=install-pwa,network-information,hover-media,aria-current; FEEL=balances cards transfers
A1056	nonprofit-mobile	Nonprofit Mobile	industry-app	mobile-phone	NAV-BOTTOM-TABS	SH-PHONE-TABS	D-COMFORTABLE	IX-PRIMARY-THUMB	PLATFORM=mobile-phone; PATTERN=nonprofit-mobile; NAV=NAV-BOTTOM-TABS; SHELL=SH-PHONE-TABS; DENSITY=D-COMFORTABLE; IX=IX-PRIMARY-THUMB; IMPL=debounce-search,touch-action,dvh-units,biometric-webauthn; FEEL=donate volunteer
A1057	os-win-titlebar	Windows titlebar patterns	os-patterns	desktop-web	NAV-MENUBAR	SH-DESK-DOCUMENT	D-DEFAULT	IX-KEYBOARD-SHORTCUTS	PLATFORM=desktop-web; PATTERN=os-win-titlebar; NAV=NAV-MENUBAR; SHELL=SH-DESK-DOCUMENT; DENSITY=D-DEFAULT; IX=IX-KEYBOARD-SHORTCUTS; IMPL=grid-app-shell,error-boundary-ui,intersection-infinite,popover-api; FEEL=App icon caption buttons
A1058	d-shortcuts-help	? shortcuts cheatsheet	desktop-density-keyboard	desktop-web	NAV-NONE-FOCUS	SH-DESK-DOCUMENT	D-DEFAULT	IX-KEYBOARD-SHORTCUTS	PLATFORM=desktop-web; PATTERN=d-shortcuts-help; NAV=NAV-NONE-FOCUS; SHELL=SH-DESK-DOCUMENT; DENSITY=D-DEFAULT; IX=IX-KEYBOARD-SHORTCUTS; IMPL=prefers-reduced-motion,live-region,focus-visible,grid-app-shell; FEEL=Discoverable shortcuts
A1059	d-chat-desktop	Desktop messaging	desktop-structure	desktop-web	NAV-MASTER-DETAIL	SH-DESK-RAIL-MAIN-INSP	D-DEFAULT	IX-KEYBOARD-SHORTCUTS	PLATFORM=desktop-web; PATTERN=d-chat-desktop; NAV=NAV-MASTER-DETAIL; SHELL=SH-DESK-RAIL-MAIN-INSP; DENSITY=D-DEFAULT; IX=IX-KEYBOARD-SHORTCUTS; IMPL=abort-controller,dialog-element,intersection-infinite,roving-tabindex; FEEL=List | thread | optional info
A1060	x-semantic-status	Semantic status colours	cross-platform-app	responsive-app	NAV-NONE-FOCUS	SH-RESPONSIVE-COLLAPSE	D-DEFAULT	IX-EMPTY-CTA	PLATFORM=responsive-app; PATTERN=x-semantic-status; NAV=NAV-NONE-FOCUS; SHELL=SH-RESPONSIVE-COLLAPSE; DENSITY=D-DEFAULT; IX=IX-EMPTY-CTA; IMPL=prefers-contrast,focus-trap,hotkeys,skeleton-css; FEEL=+ icon/text not colour only
A1061	m-safe-area-chrome	Safe-area chrome	mobile-touch-a11y	mobile-phone	NAV-BOTTOM-TABS	SH-PHONE-TABS	D-TOUCH-COMFORT	IX-STICKY-FOOTER-CTA	PLATFORM=mobile-phone; PATTERN=m-safe-area-chrome; NAV=NAV-BOTTOM-TABS; SHELL=SH-PHONE-TABS; DENSITY=D-TOUCH-COMFORT; IX=IX-STICKY-FOOTER-CTA; IMPL=error-boundary-ui,viewport-meta,aria-expanded,sticky-footer-cta; FEEL=Tabs/CTAs above home indicator
A1062	printer-admin-desktop	Print Admin	industry-app	desktop-web	NAV-SIDE-RAIL	SH-DESK-DATAGRID	D-COMPACT	IX-KEYBOARD-SHORTCUTS	PLATFORM=desktop-web; PATTERN=printer-admin-desktop; NAV=NAV-SIDE-RAIL; SHELL=SH-DESK-DATAGRID; DENSITY=D-COMPACT; IX=IX-KEYBOARD-SHORTCUTS; IMPL=pointer-events,hover-media,optimistic-ui,drag-drop-desktop; FEEL=queues devices
A1063	d-large-display	Large display use	desktop-density-keyboard	desktop-web	NAV-SIDE-RAIL	SH-TABLET-RAIL	D-DEFAULT	IX-SPLIT-RESIZE	PLATFORM=desktop-web; PATTERN=d-large-display; NAV=NAV-SIDE-RAIL; SHELL=SH-TABLET-RAIL; DENSITY=D-DEFAULT; IX=IX-SPLIT-RESIZE; IMPL=error-boundary-ui,content-visibility,optimistic-ui,autocomplete; FEEL=Don't stretch uselessly
A1064	media-mobile	Media Mobile	industry-app	mobile-phone	NAV-STACK-PUSH	SH-PHONE-FEED	D-DEFAULT	IX-PRIMARY-THUMB	PLATFORM=mobile-phone; PATTERN=media-mobile; NAV=NAV-STACK-PUSH; SHELL=SH-PHONE-FEED; DENSITY=D-DEFAULT; IX=IX-PRIMARY-THUMB; IMPL=debounce-search,network-information,history-stack,scroll-padding; FEEL=player feed
A1065	d-email-client	Email client	desktop-structure	desktop-web	NAV-MASTER-DETAIL	SH-DESK-RAIL-MAIN-INSP	D-COMPACT	IX-KEYBOARD-SHORTCUTS	PLATFORM=desktop-web; PATTERN=d-email-client; NAV=NAV-MASTER-DETAIL; SHELL=SH-DESK-RAIL-MAIN-INSP; DENSITY=D-COMPACT; IX=IX-KEYBOARD-SHORTCUTS; IMPL=aria-expanded,abort-controller,prefers-reduced-motion,autocomplete; FEEL=Folders | list | reading
A1066	hotel-desktop	Hotel Desktop	industry-app	desktop-web	NAV-MASTER-DETAIL	SH-DESK-RAIL-MAIN-INSP	D-COMPACT	IX-KEYBOARD-SHORTCUTS	PLATFORM=desktop-web; PATTERN=hotel-desktop; NAV=NAV-MASTER-DETAIL; SHELL=SH-DESK-RAIL-MAIN-INSP; DENSITY=D-COMPACT; IX=IX-KEYBOARD-SHORTCUTS; IMPL=session-timeout,content-visibility,grid-app-shell,matchmedia; FEEL=reservations folio
A1067	m-create-sheet	Create via sheet	mobile-structure	mobile-phone	NAV-BOTTOM-SHEET	SH-PHONE-SHEET	D-DEFAULT	IX-PRIMARY-THUMB	PLATFORM=mobile-phone; PATTERN=m-create-sheet; NAV=NAV-BOTTOM-SHEET; SHELL=SH-PHONE-SHEET; DENSITY=D-DEFAULT; IX=IX-PRIMARY-THUMB; IMPL=viewport-meta,hover-media,prefers-contrast,prefers-reduced-motion; FEEL=Compose in sheet
A1068	x-audit-trail	Audit-friendly UI	cross-platform-app	responsive-app	NAV-SIDE-RAIL	SH-DESK-DATAGRID	D-COMPACT	IX-INLINE-EDIT	PLATFORM=responsive-app; PATTERN=x-audit-trail; NAV=NAV-SIDE-RAIL; SHELL=SH-DESK-DATAGRID; DENSITY=D-COMPACT; IX=IX-INLINE-EDIT; IMPL=aria-current,biometric-webauthn,scroll-padding,will-change-sparing; FEEL=Who/when visible in ops
A1069	backup-mobile	Backup Mobile	industry-app	mobile-phone	NAV-STACK-PUSH	SH-PHONE-STACK	D-DEFAULT	IX-PRIMARY-THUMB	PLATFORM=mobile-phone; PATTERN=backup-mobile; NAV=NAV-STACK-PUSH; SHELL=SH-PHONE-STACK; DENSITY=D-DEFAULT; IX=IX-PRIMARY-THUMB; IMPL=share-api,intersection-infinite,overscroll,sticky-footer-cta; FEEL=status restore
A1070	gov-services-desktop	Gov Services Desktop	industry-app	desktop-web	NAV-SIDE-RAIL	SH-DESK-DATAGRID	D-DEFAULT	IX-KEYBOARD-SHORTCUTS	PLATFORM=desktop-web; PATTERN=gov-services-desktop; NAV=NAV-SIDE-RAIL; SHELL=SH-DESK-DATAGRID; DENSITY=D-DEFAULT; IX=IX-KEYBOARD-SHORTCUTS; IMPL=csrf-safe,clipboard-api,hover-media,url-state; FEEL=cases queue
A1071	sports-desktop	Sports Desktop	industry-app	desktop-web	NAV-SIDE-RAIL	SH-DESK-DASH	D-COMPACT	IX-KEYBOARD-SHORTCUTS	PLATFORM=desktop-web; PATTERN=sports-desktop; NAV=NAV-SIDE-RAIL; SHELL=SH-DESK-DASH; DENSITY=D-COMPACT; IX=IX-KEYBOARD-SHORTCUTS; IMPL=prefers-contrast,csrf-safe,popover-api,scroll-padding; FEEL=stats tables live
A1072	x-theming-light-dark	Light/dark tokens	cross-platform-app	responsive-app	NAV-NONE-FOCUS	SH-RESPONSIVE-COLLAPSE	D-DEFAULT	IX-PRIMARY-THUMB	PLATFORM=responsive-app; PATTERN=x-theming-light-dark; NAV=NAV-NONE-FOCUS; SHELL=SH-RESPONSIVE-COLLAPSE; DENSITY=D-DEFAULT; IX=IX-PRIMARY-THUMB; IMPL=focus-trap,safe-area-css,autocomplete,prefers-color-scheme; FEEL=Semantic surfaces
A1073	d-context-menu	Context menu + menu bar	desktop-density-keyboard	desktop-web	NAV-SIDE-RAIL	SH-DESK-DATAGRID	D-DEFAULT	IX-KEYBOARD-SHORTCUTS	PLATFORM=desktop-web; PATTERN=d-context-menu; NAV=NAV-SIDE-RAIL; SHELL=SH-DESK-DATAGRID; DENSITY=D-DEFAULT; IX=IX-KEYBOARD-SHORTCUTS; IMPL=url-state,abort-controller,roving-tabindex,container-queries; FEEL=Right-click not only path
A1074	m-offline-first-list	Offline-first list	mobile-structure	mobile-phone	NAV-BOTTOM-TABS	SH-PHONE-FEED	D-DEFAULT	IX-PRIMARY-THUMB	PLATFORM=mobile-phone; PATTERN=m-offline-first-list; NAV=NAV-BOTTOM-TABS; SHELL=SH-PHONE-FEED; DENSITY=D-DEFAULT; IX=IX-PRIMARY-THUMB; IMPL=flex-phone-column,service-worker-offline,focus-visible,biometric-webauthn; FEEL=Cached + sync state
A1075	m-keyboard-avoid	Keyboard avoidance	mobile-touch-a11y	mobile-phone	NAV-STACK-PUSH	SH-PHONE-STACK	D-DEFAULT	IX-FORM-SECTIONED	PLATFORM=mobile-phone; PATTERN=m-keyboard-avoid; NAV=NAV-STACK-PUSH; SHELL=SH-PHONE-STACK; DENSITY=D-DEFAULT; IX=IX-FORM-SECTIONED; IMPL=bottom-nav-fixed,push-web,prefers-contrast,matchmedia; FEEL=Focused field visible
A1076	m-create-fab	Create via FAB	mobile-structure	mobile-phone	NAV-BOTTOM-TABS	SH-PHONE-FEED	D-TOUCH-COMFORT	IX-PRIMARY-THUMB	PLATFORM=mobile-phone; PATTERN=m-create-fab; NAV=NAV-BOTTOM-TABS; SHELL=SH-PHONE-FEED; DENSITY=D-TOUCH-COMFORT; IX=IX-PRIMARY-THUMB; IMPL=focus-visible,min-touch,overscroll,scroll-padding; FEEL=One create affordance
A1077	food-courier-mobile	Courier Mobile	industry-app	mobile-phone	NAV-STACK-PUSH	SH-PHONE-STACK	D-TOUCH-COMFORT	IX-PRIMARY-THUMB	PLATFORM=mobile-phone; PATTERN=food-courier-mobile; NAV=NAV-STACK-PUSH; SHELL=SH-PHONE-STACK; DENSITY=D-TOUCH-COMFORT; IX=IX-PRIMARY-THUMB; IMPL=content-visibility,url-state,viewport-meta,share-api; FEEL=orders nav photo
A1078	manufacturing-desktop	MES Desktop	industry-app	desktop-web	NAV-DRAWER	SH-DESK-DATAGRID	D-COMPACT	IX-KEYBOARD-SHORTCUTS	PLATFORM=desktop-web; PATTERN=manufacturing-desktop; NAV=NAV-DRAWER; SHELL=SH-DESK-DATAGRID; DENSITY=D-COMPACT; IX=IX-KEYBOARD-SHORTCUTS; IMPL=localstorage-prefs,container-queries,form-novalidate,focus-trap; FEEL=lines work orders
A1079	d-autosave-status	Autosave status	desktop-density-keyboard	desktop-web	NAV-MASTER-DETAIL	SH-DESK-TOOL-CANVAS	D-DEFAULT	IX-AUTOSAVE	PLATFORM=desktop-web; PATTERN=d-autosave-status; NAV=NAV-MASTER-DETAIL; SHELL=SH-DESK-TOOL-CANVAS; DENSITY=D-DEFAULT; IX=IX-AUTOSAVE; IMPL=resize-observer,hover-media,session-timeout,command-palette-js; FEEL=Saving/saved/error in chrome
A1080	photos-mobile	Photos Mobile	industry-app	mobile-phone	NAV-BOTTOM-TABS	SH-PHONE-FEED	D-DEFAULT	IX-PRIMARY-THUMB	PLATFORM=mobile-phone; PATTERN=photos-mobile; NAV=NAV-BOTTOM-TABS; SHELL=SH-PHONE-FEED; DENSITY=D-DEFAULT; IX=IX-PRIMARY-THUMB; IMPL=coarse-pointer,form-novalidate,touch-action,dialog-element; FEEL=library memories
A1081	d-column-custom	Column customization	desktop-density-keyboard	desktop-web	NAV-SIDE-RAIL	SH-DESK-DATAGRID	D-COMPACT	IX-INLINE-EDIT	PLATFORM=desktop-web; PATTERN=d-column-custom; NAV=NAV-SIDE-RAIL; SHELL=SH-DESK-DATAGRID; DENSITY=D-COMPACT; IX=IX-INLINE-EDIT; IMPL=hover-media,skeleton-css,drag-drop-desktop,csrf-safe; FEEL=Show/hide/reorder columns
A1082	m-list-media	Media list rows	mobile-content-patterns	mobile-phone	NAV-STACK-PUSH	SH-PHONE-FEED	D-DEFAULT	IX-INFINITE-SCROLL	PLATFORM=mobile-phone; PATTERN=m-list-media; NAV=NAV-STACK-PUSH; SHELL=SH-PHONE-FEED; DENSITY=D-DEFAULT; IX=IX-INFINITE-SCROLL; IMPL=bottom-nav-fixed,content-visibility,dvh-units,skeleton-css; FEEL=Thumb + title + meta
A1083	d-autosave-status	Autosave status	desktop-density-keyboard	desktop-web	NAV-MENUBAR	SH-DESK-DOCUMENT	D-DEFAULT	IX-AUTOSAVE	PLATFORM=desktop-web; PATTERN=d-autosave-status; NAV=NAV-MENUBAR; SHELL=SH-DESK-DOCUMENT; DENSITY=D-DEFAULT; IX=IX-AUTOSAVE; IMPL=aria-current,focus-visible,csrf-safe,clipboard-api; FEEL=Saving/saved/error in chrome
A1084	m-list-dense	Dense mobile list	mobile-content-patterns	mobile-phone	NAV-STACK-PUSH	SH-PHONE-FEED	D-DEFAULT	IX-INFINITE-SCROLL	PLATFORM=mobile-phone; PATTERN=m-list-dense; NAV=NAV-STACK-PUSH; SHELL=SH-PHONE-FEED; DENSITY=D-DEFAULT; IX=IX-INFINITE-SCROLL; IMPL=install-pwa,aria-expanded,safe-area-css,prefers-reduced-motion; FEEL=One primary line + meta
A1085	m-create-sheet	Create via sheet	mobile-structure	mobile-phone	NAV-DRAWER	SH-PHONE-STACK	D-DEFAULT	IX-PRIMARY-THUMB	PLATFORM=mobile-phone; PATTERN=m-create-sheet; NAV=NAV-DRAWER; SHELL=SH-PHONE-STACK; DENSITY=D-DEFAULT; IX=IX-PRIMARY-THUMB; IMPL=service-worker-offline,form-novalidate,bottom-nav-fixed,file-capture; FEEL=Compose in sheet
A1086	news-desktop	News Desktop	industry-app	desktop-web	NAV-SIDE-RAIL	SH-DESK-DOCUMENT	D-DEFAULT	IX-KEYBOARD-SHORTCUTS	PLATFORM=desktop-web; PATTERN=news-desktop; NAV=NAV-SIDE-RAIL; SHELL=SH-DESK-DOCUMENT; DENSITY=D-DEFAULT; IX=IX-KEYBOARD-SHORTCUTS; IMPL=content-visibility,dialog-element,session-timeout,will-change-sparing; FEEL=sections article
A1087	realestate-desktop	Property Desktop	industry-app	mobile-tablet	NAV-MASTER-DETAIL	SH-TABLET-SPLIT	D-DEFAULT	IX-EMPTY-CTA	PLATFORM=mobile-tablet; PATTERN=realestate-desktop; NAV=NAV-MASTER-DETAIL; SHELL=SH-TABLET-SPLIT; DENSITY=D-DEFAULT; IX=IX-EMPTY-CTA; IMPL=app-badge,error-boundary-ui,skeleton-css,touch-action; FEEL=search map table
A1088	m-list-dense	Dense mobile list	mobile-content-patterns	mobile-phone	NAV-STACK-PUSH	SH-PHONE-FEED	D-DEFAULT	IX-INFINITE-SCROLL	PLATFORM=mobile-phone; PATTERN=m-list-dense; NAV=NAV-STACK-PUSH; SHELL=SH-PHONE-FEED; DENSITY=D-DEFAULT; IX=IX-INFINITE-SCROLL; IMPL=debounce-search,csrf-safe,network-information,pointer-events; FEEL=One primary line + meta
A1089	m-push-pref-center	Notification prefs	mobile-content-patterns	mobile-phone	NAV-NONE-FOCUS	SH-PHONE-CANVAS	D-DEFAULT	IX-PRIMARY-THUMB	PLATFORM=mobile-phone; PATTERN=m-push-pref-center; NAV=NAV-NONE-FOCUS; SHELL=SH-PHONE-CANVAS; DENSITY=D-DEFAULT; IX=IX-PRIMARY-THUMB; IMPL=install-pwa,content-visibility,biometric-webauthn,inputmode; FEEL=Granular, not all-or-nothing
A1090	d-master-detail	Master-detail	desktop-structure	desktop-web	NAV-MASTER-DETAIL	SH-TABLET-SPLIT	D-DEFAULT	IX-KEYBOARD-SHORTCUTS	PLATFORM=desktop-web; PATTERN=d-master-detail; NAV=NAV-MASTER-DETAIL; SHELL=SH-TABLET-SPLIT; DENSITY=D-DEFAULT; IX=IX-KEYBOARD-SHORTCUTS; IMPL=url-state,csrf-safe,hotkeys,autocomplete; FEEL=List drives detail
A1091	betting-careful-mobile	Betting UI Careful	industry-app	mobile-phone	NAV-BOTTOM-TABS	SH-PHONE-TABS	D-DEFAULT	IX-PRIMARY-THUMB	PLATFORM=mobile-phone; PATTERN=betting-careful-mobile; NAV=NAV-BOTTOM-TABS; SHELL=SH-PHONE-TABS; DENSITY=D-DEFAULT; IX=IX-PRIMARY-THUMB; IMPL=network-information,dialog-element,matchmedia,vibrate-careful; FEEL=clear stakes responsible
A1092	education-desktop	LMS Desktop	industry-app	desktop-web	NAV-SIDE-RAIL	SH-DESK-DATAGRID	D-DEFAULT	IX-KEYBOARD-SHORTCUTS	PLATFORM=desktop-web; PATTERN=education-desktop; NAV=NAV-SIDE-RAIL; SHELL=SH-DESK-DATAGRID; DENSITY=D-DEFAULT; IX=IX-KEYBOARD-SHORTCUTS; IMPL=drag-drop-desktop,optimistic-ui,clipboard-api,aria-expanded; FEEL=courses gradebook
A1093	tax-mobile	Tax Mobile	industry-app	mobile-phone	NAV-BOTTOM-SHEET	SH-PHONE-TABS	D-DEFAULT	IX-PRIMARY-THUMB	PLATFORM=mobile-phone; PATTERN=tax-mobile; NAV=NAV-BOTTOM-SHEET; SHELL=SH-PHONE-TABS; DENSITY=D-DEFAULT; IX=IX-PRIMARY-THUMB; IMPL=viewport-meta,inputmode,history-stack,skeleton-css; FEEL=upload status
A1094	insurance-desktop	Insurance Desktop	industry-app	desktop-web	NAV-SIDE-RAIL	SH-DESK-DATAGRID	D-COMPACT	IX-KEYBOARD-SHORTCUTS	PLATFORM=desktop-web; PATTERN=insurance-desktop; NAV=NAV-SIDE-RAIL; SHELL=SH-DESK-DATAGRID; DENSITY=D-COMPACT; IX=IX-KEYBOARD-SHORTCUTS; IMPL=hover-media,session-timeout,matchmedia,container-queries; FEEL=policies claims queue
A1095	m-checkout-linear	Mobile checkout linear	mobile-structure	mobile-phone	NAV-BOTTOM-TABS	SH-PHONE-CANVAS	D-TOUCH-COMFORT	IX-PRIMARY-THUMB	PLATFORM=mobile-phone; PATTERN=m-checkout-linear; NAV=NAV-BOTTOM-TABS; SHELL=SH-PHONE-CANVAS; DENSITY=D-TOUCH-COMFORT; IX=IX-PRIMARY-THUMB; IMPL=optimistic-ui,safe-area-css,will-change-sparing,url-state; FEEL=Steps, progress, sticky pay
A1096	m-profile-me	Profile / Me tab	mobile-structure	mobile-phone	NAV-BOTTOM-TABS	SH-PHONE-TABS	D-DEFAULT	IX-PRIMARY-THUMB	PLATFORM=mobile-phone; PATTERN=m-profile-me; NAV=NAV-BOTTOM-TABS; SHELL=SH-PHONE-TABS; DENSITY=D-DEFAULT; IX=IX-PRIMARY-THUMB; IMPL=bottom-nav-fixed,overscroll,app-badge,push-web; FEEL=Account + prefs entry
A1097	d-multi-workspace	Workspaces/projects switcher	desktop-structure	desktop-web	NAV-SIDE-RAIL	SH-DESK-RAIL-MAIN	D-DEFAULT	IX-KEYBOARD-SHORTCUTS	PLATFORM=desktop-web; PATTERN=d-multi-workspace; NAV=NAV-SIDE-RAIL; SHELL=SH-DESK-RAIL-MAIN; DENSITY=D-DEFAULT; IX=IX-KEYBOARD-SHORTCUTS; IMPL=live-region,autocomplete,abort-controller,session-timeout; FEEL=Context switch clear
A1098	music-desktop	Music Desktop	industry-app	desktop-web	NAV-SIDE-RAIL	SH-DESK-RAIL-MAIN-INSP	D-DEFAULT	IX-KEYBOARD-SHORTCUTS	PLATFORM=desktop-web; PATTERN=music-desktop; NAV=NAV-SIDE-RAIL; SHELL=SH-DESK-RAIL-MAIN-INSP; DENSITY=D-DEFAULT; IX=IX-KEYBOARD-SHORTCUTS; IMPL=will-change-sparing,container-queries,prefers-contrast,optimistic-ui; FEEL=library player queue
A1099	d-context-menu	Context menu + menu bar	desktop-density-keyboard	desktop-web	NAV-SIDE-RAIL	SH-DESK-DATAGRID	D-DEFAULT	IX-KEYBOARD-SHORTCUTS	PLATFORM=desktop-web; PATTERN=d-context-menu; NAV=NAV-SIDE-RAIL; SHELL=SH-DESK-DATAGRID; DENSITY=D-DEFAULT; IX=IX-KEYBOARD-SHORTCUTS; IMPL=prefers-color-scheme,prefers-reduced-motion,scroll-padding,error-boundary-ui; FEEL=Right-click not only path
A1100	energy-mobile	Energy Field Mobile	industry-app	mobile-phone	NAV-DRAWER	SH-PHONE-TABS	D-TOUCH-COMFORT	IX-PRIMARY-THUMB	PLATFORM=mobile-phone; PATTERN=energy-mobile; NAV=NAV-DRAWER; SHELL=SH-PHONE-TABS; DENSITY=D-TOUCH-COMFORT; IX=IX-PRIMARY-THUMB; IMPL=hover-media,skeleton-css,live-region,will-change-sparing; FEEL=assets inspect
A1101	m-one-hand	One-handed path	mobile-touch-a11y	mobile-phone	NAV-BOTTOM-TABS	SH-PHONE-TABS	D-TOUCH-COMFORT	IX-PRIMARY-THUMB	PLATFORM=mobile-phone; PATTERN=m-one-hand; NAV=NAV-BOTTOM-TABS; SHELL=SH-PHONE-TABS; DENSITY=D-TOUCH-COMFORT; IX=IX-PRIMARY-THUMB; IMPL=touch-action,service-worker-offline,share-api,focus-trap; FEEL=Critical path without stretch
A1102	m-auth-focus	Auth focus flow	mobile-structure	mobile-phone	NAV-BOTTOM-SHEET	SH-PHONE-TABS	D-COMFORTABLE	IX-PRIMARY-THUMB	PLATFORM=mobile-phone; PATTERN=m-auth-focus; NAV=NAV-BOTTOM-SHEET; SHELL=SH-PHONE-TABS; DENSITY=D-COMFORTABLE; IX=IX-PRIMARY-THUMB; IMPL=prefers-contrast,network-information,csrf-safe,autocomplete; FEEL=No app chrome
A1103	m-timeline-vertical	Vertical timeline	mobile-content-patterns	mobile-phone	NAV-STACK-PUSH	SH-PHONE-STACK	D-DEFAULT	IX-INFINITE-SCROLL	PLATFORM=mobile-phone; PATTERN=m-timeline-vertical; NAV=NAV-STACK-PUSH; SHELL=SH-PHONE-STACK; DENSITY=D-DEFAULT; IX=IX-INFINITE-SCROLL; IMPL=intersection-infinite,aria-current,csrf-safe,inputmode; FEEL=Activity history
A1104	x-rtl-ready	RTL-ready layout	cross-platform-app	responsive-app	NAV-MENUBAR	SH-DESK-IDE-LITE	D-DEFAULT	IX-PRIMARY-THUMB	PLATFORM=responsive-app; PATTERN=x-rtl-ready; NAV=NAV-MENUBAR; SHELL=SH-DESK-IDE-LITE; DENSITY=D-DEFAULT; IX=IX-PRIMARY-THUMB; IMPL=bottom-nav-fixed,matchmedia,sticky-footer-cta,vibrate-careful; FEEL=Logical properties
A1105	d-master-detail	Master-detail	desktop-structure	desktop-web	NAV-MASTER-DETAIL	SH-TABLET-SPLIT	D-DEFAULT	IX-KEYBOARD-SHORTCUTS	PLATFORM=desktop-web; PATTERN=d-master-detail; NAV=NAV-MASTER-DETAIL; SHELL=SH-TABLET-SPLIT; DENSITY=D-DEFAULT; IX=IX-KEYBOARD-SHORTCUTS; IMPL=skeleton-css,clipboard-api,url-state,pointer-events; FEEL=List drives detail
A1106	museum-mobile	Museum Mobile	industry-app	mobile-phone	NAV-TAB+STACK	SH-PHONE-STACK	D-COMFORTABLE	IX-PRIMARY-THUMB	PLATFORM=mobile-phone; PATTERN=museum-mobile; NAV=NAV-TAB+STACK; SHELL=SH-PHONE-STACK; DENSITY=D-COMFORTABLE; IX=IX-PRIMARY-THUMB; IMPL=biometric-webauthn,dvh-units,service-worker-offline,flex-phone-column; FEEL=visit guide audio
A1107	d-timeline-gantt	Timeline/Gantt	desktop-structure	desktop-web	NAV-TOOLBAR	SH-DESK-TOOL-CANVAS	D-COMPACT	IX-KEYBOARD-SHORTCUTS	PLATFORM=desktop-web; PATTERN=d-timeline-gantt; NAV=NAV-TOOLBAR; SHELL=SH-DESK-TOOL-CANVAS; DENSITY=D-COMPACT; IX=IX-KEYBOARD-SHORTCUTS; IMPL=localstorage-prefs,abort-controller,hotkeys,clipboard-api; FEEL=Time as structure
A1108	m-form-multipage	Multi-page form	mobile-content-patterns	mobile-phone	NAV-WIZARD	SH-PHONE-STACK	D-DEFAULT	IX-PRIMARY-THUMB	PLATFORM=mobile-phone; PATTERN=m-form-multipage; NAV=NAV-WIZARD; SHELL=SH-PHONE-STACK; DENSITY=D-DEFAULT; IX=IX-PRIMARY-THUMB; IMPL=matchmedia,will-change-sparing,error-boundary-ui,safe-area-css; FEEL=Save draft between pages
A1109	x-audit-trail	Audit-friendly UI	cross-platform-app	responsive-app	NAV-SIDE-RAIL	SH-DESK-DATAGRID	D-COMPACT	IX-INLINE-EDIT	PLATFORM=responsive-app; PATTERN=x-audit-trail; NAV=NAV-SIDE-RAIL; SHELL=SH-DESK-DATAGRID; DENSITY=D-COMPACT; IX=IX-INLINE-EDIT; IMPL=url-state,form-novalidate,matchmedia,scroll-padding; FEEL=Who/when visible in ops
A1110	university-mobile	Uni Mobile	industry-app	mobile-phone	NAV-MODAL-SHEET	SH-PHONE-CANVAS	D-DEFAULT	IX-PRIMARY-THUMB	PLATFORM=mobile-phone; PATTERN=university-mobile; NAV=NAV-MODAL-SHEET; SHELL=SH-PHONE-CANVAS; DENSITY=D-DEFAULT; IX=IX-PRIMARY-THUMB; IMPL=scroll-padding,prefers-reduced-motion,touch-action,csrf-safe; FEEL=timetable campus
A1111	legal-mobile	Legal Mobile	industry-app	mobile-phone	NAV-BOTTOM-TABS	SH-PHONE-TABS	D-DEFAULT	IX-PRIMARY-THUMB	PLATFORM=mobile-phone; PATTERN=legal-mobile; NAV=NAV-BOTTOM-TABS; SHELL=SH-PHONE-TABS; DENSITY=D-DEFAULT; IX=IX-PRIMARY-THUMB; IMPL=prefers-color-scheme,error-boundary-ui,skeleton-css,url-state; FEEL=deadlines tasks
A1112	os-macos-sidebar	macOS sidebar	os-patterns	desktop-web	NAV-SIDE-RAIL	SH-DESK-RAIL-MAIN	D-DEFAULT	IX-KEYBOARD-SHORTCUTS	PLATFORM=desktop-web; PATTERN=os-macos-sidebar; NAV=NAV-SIDE-RAIL; SHELL=SH-DESK-RAIL-MAIN; DENSITY=D-DEFAULT; IX=IX-KEYBOARD-SHORTCUTS; IMPL=prefers-color-scheme,matchmedia,intersection-infinite,virtual-list; FEEL=Source list
A1113	m-media-fullscreen	Fullscreen media	mobile-content-patterns	mobile-phone	NAV-NONE-FOCUS	SH-PHONE-CANVAS	D-DEFAULT	IX-PRIMARY-THUMB	PLATFORM=mobile-phone; PATTERN=m-media-fullscreen; NAV=NAV-NONE-FOCUS; SHELL=SH-PHONE-CANVAS; DENSITY=D-DEFAULT; IX=IX-PRIMARY-THUMB; IMPL=biometric-webauthn,optimistic-ui,aria-expanded,form-novalidate; FEEL=Swipe dismiss, chrome fade
A1114	devtool-desktop	Developer Tool	industry-app	desktop-web	NAV-NONE-FOCUS	SH-DESK-RAIL-MAIN	D-COMPACT	IX-KEYBOARD-SHORTCUTS	PLATFORM=desktop-web; PATTERN=devtool-desktop; NAV=NAV-NONE-FOCUS; SHELL=SH-DESK-RAIL-MAIN; DENSITY=D-COMPACT; IX=IX-KEYBOARD-SHORTCUTS; IMPL=aria-expanded,grid-app-shell,csrf-safe,debounce-search; FEEL=editor panels on demand
A1115	m-profile-me	Profile / Me tab	mobile-structure	mobile-phone	NAV-BOTTOM-TABS	SH-PHONE-FEED	D-DEFAULT	IX-PRIMARY-THUMB	PLATFORM=mobile-phone; PATTERN=m-profile-me; NAV=NAV-BOTTOM-TABS; SHELL=SH-PHONE-FEED; DENSITY=D-DEFAULT; IX=IX-PRIMARY-THUMB; IMPL=touch-action,scroll-padding,focus-visible,tap-highlight; FEEL=Account + prefs entry
A1116	banking-mobile	Mobile Banking	industry-app	mobile-phone	NAV-MODAL-SHEET	SH-RESPONSIVE-COLLAPSE	D-TOUCH-COMFORT	IX-PRIMARY-THUMB	PLATFORM=mobile-phone; PATTERN=banking-mobile; NAV=NAV-MODAL-SHEET; SHELL=SH-RESPONSIVE-COLLAPSE; DENSITY=D-TOUCH-COMFORT; IX=IX-PRIMARY-THUMB; IMPL=live-region,share-api,skeleton-css,install-pwa; FEEL=balances cards transfers
A1117	d-large-display	Large display use	desktop-density-keyboard	desktop-web	NAV-SIDE-RAIL	SH-DESK-RAIL-MAIN	D-DEFAULT	IX-SPLIT-RESIZE	PLATFORM=desktop-web; PATTERN=d-large-display; NAV=NAV-SIDE-RAIL; SHELL=SH-DESK-RAIL-MAIN; DENSITY=D-DEFAULT; IX=IX-SPLIT-RESIZE; IMPL=popover-api,localstorage-prefs,aria-current,content-visibility; FEEL=Don't stretch uselessly
A1118	m-camera-first	Camera/capture first	mobile-structure	mobile-phone	NAV-NONE-FOCUS	SH-PHONE-CANVAS	D-TOUCH-COMFORT	IX-PRIMARY-THUMB	PLATFORM=mobile-phone; PATTERN=m-camera-first; NAV=NAV-NONE-FOCUS; SHELL=SH-PHONE-CANVAS; DENSITY=D-TOUCH-COMFORT; IX=IX-PRIMARY-THUMB; IMPL=focus-trap,live-region,file-capture,network-information; FEEL=Capture chrome minimal
A1119	x-toast-queue	Toast/queue discipline	cross-platform-app	responsive-app	NAV-TOP-TABS	SH-TABLET-RAIL	D-DEFAULT	IX-UNDO-TOAST	PLATFORM=responsive-app; PATTERN=x-toast-queue; NAV=NAV-TOP-TABS; SHELL=SH-TABLET-RAIL; DENSITY=D-DEFAULT; IX=IX-UNDO-TOAST; IMPL=inputmode,scroll-padding,abort-controller,dvh-units; FEEL=Don't stack spam
A1120	food-merchant-desktop	Merchant Desktop	industry-app	desktop-web	NAV-MASTER-DETAIL	SH-DESK-RAIL-MAIN-INSP	D-COMPACT	IX-KEYBOARD-SHORTCUTS	PLATFORM=desktop-web; PATTERN=food-merchant-desktop; NAV=NAV-MASTER-DETAIL; SHELL=SH-DESK-RAIL-MAIN-INSP; DENSITY=D-COMPACT; IX=IX-KEYBOARD-SHORTCUTS; IMPL=clipboard-api,content-visibility,intersection-infinite,container-queries; FEEL=orders kitchen
A1121	logistics-mobile	Driver Mobile	industry-app	desktop-web	NAV-TOOLBAR	SH-TABLET-SPLIT	D-DEFAULT	IX-PRIMARY-THUMB	PLATFORM=desktop-web; PATTERN=logistics-mobile; NAV=NAV-TOOLBAR; SHELL=SH-TABLET-SPLIT; DENSITY=D-DEFAULT; IX=IX-PRIMARY-THUMB; IMPL=matchmedia,error-boundary-ui,prefers-color-scheme,hotkeys; FEEL=stops nav complete
A1122	library-mobile	Library Mobile	industry-app	mobile-phone	NAV-BOTTOM-TABS	SH-PHONE-TABS	D-DEFAULT	IX-PRIMARY-THUMB	PLATFORM=mobile-phone; PATTERN=library-mobile; NAV=NAV-BOTTOM-TABS; SHELL=SH-PHONE-TABS; DENSITY=D-DEFAULT; IX=IX-PRIMARY-THUMB; IMPL=pointer-events,type-date,vibrate-careful,focus-trap; FEEL=search loans
A1123	ride-mobile	Ride Hail Mobile	industry-app	responsive-app	NAV-BOTTOM-SHEET	SH-PHONE-SHEET	D-TOUCH-COMFORT	IX-PRIMARY-THUMB	PLATFORM=responsive-app; PATTERN=ride-mobile; NAV=NAV-BOTTOM-SHEET; SHELL=SH-PHONE-SHEET; DENSITY=D-TOUCH-COMFORT; IX=IX-PRIMARY-THUMB; IMPL=dvh-units,clipboard-api,aria-expanded,safe-area-css; FEEL=map request trip
A1124	x-semantic-status	Semantic status colours	cross-platform-app	responsive-app	NAV-NONE-FOCUS	SH-RESPONSIVE-COLLAPSE	D-DEFAULT	IX-EMPTY-CTA	PLATFORM=responsive-app; PATTERN=x-semantic-status; NAV=NAV-NONE-FOCUS; SHELL=SH-RESPONSIVE-COLLAPSE; DENSITY=D-DEFAULT; IX=IX-EMPTY-CTA; IMPL=push-web,clipboard-api,form-novalidate,aria-expanded; FEEL=+ icon/text not colour only
A1125	m-status-bar-legible	Status bar legible	mobile-touch-a11y	mobile-phone	NAV-STACK-PUSH	SH-PHONE-STACK	D-DEFAULT	IX-PRIMARY-THUMB	PLATFORM=mobile-phone; PATTERN=m-status-bar-legible; NAV=NAV-STACK-PUSH; SHELL=SH-PHONE-STACK; DENSITY=D-DEFAULT; IX=IX-PRIMARY-THUMB; IMPL=inputmode,overscroll,touch-action,vibrate-careful; FEEL=Content not under status
A1126	nonprofit-desktop	Nonprofit Desktop	industry-app	desktop-web	NAV-WIZARD	SH-TABLET-RAIL	D-DEFAULT	IX-KEYBOARD-SHORTCUTS	PLATFORM=desktop-web; PATTERN=nonprofit-desktop; NAV=NAV-WIZARD; SHELL=SH-TABLET-RAIL; DENSITY=D-DEFAULT; IX=IX-KEYBOARD-SHORTCUTS; IMPL=focus-trap,content-visibility,csrf-safe,matchmedia; FEEL=campaigns donors
A1127	x-role-home	Role-based home	cross-platform-app	responsive-app	NAV-BOTTOM-TABS	SH-RESPONSIVE-COLLAPSE	D-DEFAULT	IX-EMPTY-CTA	PLATFORM=responsive-app; PATTERN=x-role-home; NAV=NAV-BOTTOM-TABS; SHELL=SH-RESPONSIVE-COLLAPSE; DENSITY=D-DEFAULT; IX=IX-EMPTY-CTA; IMPL=service-worker-offline,inputmode,scroll-padding,biometric-webauthn; FEEL=Different landing by role
A1128	m-safe-area-chrome	Safe-area chrome	mobile-touch-a11y	mobile-phone	NAV-BOTTOM-TABS	SH-PHONE-TABS	D-TOUCH-COMFORT	IX-STICKY-FOOTER-CTA	PLATFORM=mobile-phone; PATTERN=m-safe-area-chrome; NAV=NAV-BOTTOM-TABS; SHELL=SH-PHONE-TABS; DENSITY=D-TOUCH-COMFORT; IX=IX-STICKY-FOOTER-CTA; IMPL=type-date,aria-expanded,skeleton-css,vibrate-careful; FEEL=Tabs/CTAs above home indicator
A1129	ride-mobile	Ride Hail Mobile	industry-app	mobile-phone	NAV-BOTTOM-SHEET	SH-PHONE-SHEET	D-TOUCH-COMFORT	IX-PRIMARY-THUMB	PLATFORM=mobile-phone; PATTERN=ride-mobile; NAV=NAV-BOTTOM-SHEET; SHELL=SH-PHONE-SHEET; DENSITY=D-TOUCH-COMFORT; IX=IX-PRIMARY-THUMB; IMPL=coarse-pointer,overscroll,service-worker-offline,vibrate-careful; FEEL=map request trip
A1130	podcast-desktop	Podcast Desktop	industry-app	responsive-app	NAV-SIDE-RAIL	SH-DESK-RAIL-MAIN	D-DEFAULT	IX-KEYBOARD-SHORTCUTS	PLATFORM=responsive-app; PATTERN=podcast-desktop; NAV=NAV-SIDE-RAIL; SHELL=SH-DESK-RAIL-MAIN; DENSITY=D-DEFAULT; IX=IX-KEYBOARD-SHORTCUTS; IMPL=live-region,min-touch,url-state,will-change-sparing; FEEL=library queue
A1131	hr-desktop	HR Desktop	industry-app	desktop-web	NAV-SIDE-RAIL	SH-DESK-DATAGRID	D-DEFAULT	IX-KEYBOARD-SHORTCUTS	PLATFORM=desktop-web; PATTERN=hr-desktop; NAV=NAV-SIDE-RAIL; SHELL=SH-DESK-DATAGRID; DENSITY=D-DEFAULT; IX=IX-KEYBOARD-SHORTCUTS; IMPL=debounce-search,hotkeys,will-change-sparing,overscroll; FEEL=people requests
A1132	x-toast-queue	Toast/queue discipline	cross-platform-app	responsive-app	NAV-NONE-FOCUS	SH-RESPONSIVE-COLLAPSE	D-DEFAULT	IX-UNDO-TOAST	PLATFORM=responsive-app; PATTERN=x-toast-queue; NAV=NAV-NONE-FOCUS; SHELL=SH-RESPONSIVE-COLLAPSE; DENSITY=D-DEFAULT; IX=IX-UNDO-TOAST; IMPL=resize-observer,prefers-reduced-motion,inputmode,dialog-element; FEEL=Don't stack spam
A1133	media-desktop	Media Desktop	industry-app	responsive-app	NAV-SIDE-RAIL	SH-DESK-TOOL-CANVAS	D-DEFAULT	IX-KEYBOARD-SHORTCUTS	PLATFORM=responsive-app; PATTERN=media-desktop; NAV=NAV-SIDE-RAIL; SHELL=SH-DESK-TOOL-CANVAS; DENSITY=D-DEFAULT; IX=IX-KEYBOARD-SHORTCUTS; IMPL=dialog-element,biometric-webauthn,focus-visible,bottom-nav-fixed; FEEL=library player
A1134	analytics-desktop	Analytics Desktop	industry-app	desktop-web	NAV-DRAWER	SH-RESPONSIVE-COLLAPSE	D-COMPACT	IX-KEYBOARD-SHORTCUTS	PLATFORM=desktop-web; PATTERN=analytics-desktop; NAV=NAV-DRAWER; SHELL=SH-RESPONSIVE-COLLAPSE; DENSITY=D-COMPACT; IX=IX-KEYBOARD-SHORTCUTS; IMPL=debounce-search,abort-controller,clipboard-api,autocomplete; FEEL=explore charts
A1135	manufacturing-mobile	Shop Floor Mobile	industry-app	mobile-phone	NAV-MODAL-SHEET	SH-PHONE-FEED	D-TOUCH-COMFORT	IX-PRIMARY-THUMB	PLATFORM=mobile-phone; PATTERN=manufacturing-mobile; NAV=NAV-MODAL-SHEET; SHELL=SH-PHONE-FEED; DENSITY=D-TOUCH-COMFORT; IX=IX-PRIMARY-THUMB; IMPL=optimistic-ui,url-state,touch-action,prefers-color-scheme; FEEL=scan complete
A1136	d-large-display	Large display use	desktop-density-keyboard	desktop-web	NAV-SIDE-RAIL	SH-DESK-RAIL-MAIN	D-DEFAULT	IX-SPLIT-RESIZE	PLATFORM=desktop-web; PATTERN=d-large-display; NAV=NAV-SIDE-RAIL; SHELL=SH-DESK-RAIL-MAIN; DENSITY=D-DEFAULT; IX=IX-SPLIT-RESIZE; IMPL=aria-current,debounce-search,scroll-padding,roving-tabindex; FEEL=Don't stretch uselessly
A1137	m-target-44	44pt touch targets	mobile-touch-a11y	mobile-phone	NAV-BOTTOM-TABS	SH-PHONE-TABS	D-TOUCH-COMFORT	IX-PRIMARY-THUMB	PLATFORM=mobile-phone; PATTERN=m-target-44; NAV=NAV-BOTTOM-TABS; SHELL=SH-PHONE-TABS; DENSITY=D-TOUCH-COMFORT; IX=IX-PRIMARY-THUMB; IMPL=virtual-list,skeleton-css,prefers-contrast,intersection-infinite; FEEL=Primary controls ≥44×44
A1138	os-material-nav-bar	Material bottom nav	os-patterns	mobile-phone	NAV-BOTTOM-TABS	SH-PHONE-TABS	D-TOUCH-COMFORT	IX-PRIMARY-THUMB	PLATFORM=mobile-phone; PATTERN=os-material-nav-bar; NAV=NAV-BOTTOM-TABS; SHELL=SH-PHONE-TABS; DENSITY=D-TOUCH-COMFORT; IX=IX-PRIMARY-THUMB; IMPL=service-worker-offline,error-boundary-ui,dialog-element,pointer-events; FEEL=3–5 destinations
A1139	backup-desktop	Backup Desktop	industry-app	desktop-web	NAV-SIDE-RAIL	SH-DESK-RAIL-MAIN	D-DEFAULT	IX-KEYBOARD-SHORTCUTS	PLATFORM=desktop-web; PATTERN=backup-desktop; NAV=NAV-SIDE-RAIL; SHELL=SH-DESK-RAIL-MAIN; DENSITY=D-DEFAULT; IX=IX-KEYBOARD-SHORTCUTS; IMPL=csrf-safe,popover-api,grid-app-shell,abort-controller; FEEL=sources schedule status
A1140	ride-mobile	Ride Hail Mobile	industry-app	mobile-phone	NAV-BOTTOM-SHEET	SH-PHONE-SHEET	D-TOUCH-COMFORT	IX-PRIMARY-THUMB	PLATFORM=mobile-phone; PATTERN=ride-mobile; NAV=NAV-BOTTOM-SHEET; SHELL=SH-PHONE-SHEET; DENSITY=D-TOUCH-COMFORT; IX=IX-PRIMARY-THUMB; IMPL=biometric-webauthn,flex-phone-column,abort-controller,service-worker-offline; FEEL=map request trip
A1141	hr-mobile	HR Mobile	industry-app	mobile-phone	NAV-BOTTOM-TABS	SH-PHONE-FEED	D-TOUCH-COMFORT	IX-PRIMARY-THUMB	PLATFORM=mobile-phone; PATTERN=hr-mobile; NAV=NAV-BOTTOM-TABS; SHELL=SH-PHONE-FEED; DENSITY=D-TOUCH-COMFORT; IX=IX-PRIMARY-THUMB; IMPL=scroll-padding,focus-visible,dvh-units,service-worker-offline; FEEL=leave requests
A1142	m-create-sheet	Create via sheet	mobile-structure	mobile-phone	NAV-BOTTOM-SHEET	SH-PHONE-TABS	D-DEFAULT	IX-PRIMARY-THUMB	PLATFORM=mobile-phone; PATTERN=m-create-sheet; NAV=NAV-BOTTOM-SHEET; SHELL=SH-PHONE-TABS; DENSITY=D-DEFAULT; IX=IX-PRIMARY-THUMB; IMPL=inputmode,aria-current,debounce-search,csrf-safe; FEEL=Compose in sheet
A1143	chat-desktop	Desktop Chat	industry-app	desktop-web	NAV-MASTER-DETAIL	SH-DESK-RAIL-MAIN-INSP	D-DEFAULT	IX-KEYBOARD-SHORTCUTS	PLATFORM=desktop-web; PATTERN=chat-desktop; NAV=NAV-MASTER-DETAIL; SHELL=SH-DESK-RAIL-MAIN-INSP; DENSITY=D-DEFAULT; IX=IX-KEYBOARD-SHORTCUTS; IMPL=intersection-infinite,prefers-contrast,resize-observer,fine-pointer; FEEL=list thread info-on-demand
A1144	m-reduce-motion	Respect reduce motion	mobile-touch-a11y	mobile-phone	NAV-STACK-PUSH	SH-PHONE-STACK	D-DEFAULT	IX-SKELETON-LOAD	PLATFORM=mobile-phone; PATTERN=m-reduce-motion; NAV=NAV-STACK-PUSH; SHELL=SH-PHONE-STACK; DENSITY=D-DEFAULT; IX=IX-SKELETON-LOAD; IMPL=touch-action,matchmedia,autocomplete,viewport-meta; FEEL=Essential feedback remains
A1145	m-profile-me	Profile / Me tab	mobile-structure	mobile-phone	NAV-BOTTOM-TABS	SH-PHONE-TABS	D-DEFAULT	IX-PRIMARY-THUMB	PLATFORM=mobile-phone; PATTERN=m-profile-me; NAV=NAV-BOTTOM-TABS; SHELL=SH-PHONE-TABS; DENSITY=D-DEFAULT; IX=IX-PRIMARY-THUMB; IMPL=coarse-pointer,min-touch,inputmode,network-information; FEEL=Account + prefs entry
A1146	m-create-fab	Create via FAB	mobile-structure	mobile-phone	NAV-BOTTOM-TABS	SH-PHONE-FEED	D-TOUCH-COMFORT	IX-PRIMARY-THUMB	PLATFORM=mobile-phone; PATTERN=m-create-fab; NAV=NAV-BOTTOM-TABS; SHELL=SH-PHONE-FEED; DENSITY=D-TOUCH-COMFORT; IX=IX-PRIMARY-THUMB; IMPL=install-pwa,network-information,bottom-nav-fixed,safe-area-css; FEEL=One create affordance
A1147	x-form-validation	Inline validation	cross-platform-app	responsive-app	NAV-NONE-FOCUS	SH-RESPONSIVE-COLLAPSE	D-DEFAULT	IX-FORM-SECTIONED	PLATFORM=responsive-app; PATTERN=x-form-validation; NAV=NAV-NONE-FOCUS; SHELL=SH-RESPONSIVE-COLLAPSE; DENSITY=D-DEFAULT; IX=IX-FORM-SECTIONED; IMPL=safe-area-css,resize-observer,url-state,min-touch; FEEL=On blur/submit plain language
A1148	m-cards-scroll	Card vertical stack	mobile-content-patterns	mobile-phone	NAV-STACK-PUSH	SH-PHONE-FEED	D-COMFORTABLE	IX-INFINITE-SCROLL	PLATFORM=mobile-phone; PATTERN=m-cards-scroll; NAV=NAV-STACK-PUSH; SHELL=SH-PHONE-FEED; DENSITY=D-COMFORTABLE; IX=IX-INFINITE-SCROLL; IMPL=biometric-webauthn,sticky-footer-cta,flex-phone-column,app-badge; FEEL=Scannable cards
A1149	m-list-dense	Dense mobile list	mobile-content-patterns	mobile-phone	NAV-STACK-PUSH	SH-PHONE-FEED	D-DEFAULT	IX-INFINITE-SCROLL	PLATFORM=mobile-phone; PATTERN=m-list-dense; NAV=NAV-STACK-PUSH; SHELL=SH-PHONE-FEED; DENSITY=D-DEFAULT; IX=IX-INFINITE-SCROLL; IMPL=intersection-infinite,service-worker-offline,install-pwa,hover-media; FEEL=One primary line + meta
A1150	media-mobile	Media Mobile	industry-app	mobile-phone	NAV-BOTTOM-TABS	SH-PHONE-FEED	D-DEFAULT	IX-PRIMARY-THUMB	PLATFORM=mobile-phone; PATTERN=media-mobile; NAV=NAV-BOTTOM-TABS; SHELL=SH-PHONE-FEED; DENSITY=D-DEFAULT; IX=IX-PRIMARY-THUMB; IMPL=coarse-pointer,flex-phone-column,hover-media,aria-current; FEEL=player feed
A1151	notes-desktop	Notes Desktop	industry-app	desktop-web	NAV-SIDE-TREE	SH-DESK-DOCUMENT	D-DEFAULT	IX-KEYBOARD-SHORTCUTS	PLATFORM=desktop-web; PATTERN=notes-desktop; NAV=NAV-SIDE-TREE; SHELL=SH-DESK-DOCUMENT; DENSITY=D-DEFAULT; IX=IX-KEYBOARD-SHORTCUTS; IMPL=form-novalidate,will-change-sparing,hotkeys,hover-media; FEEL=sidebar editor
A1152	d-kanban-desktop	Kanban board	desktop-structure	desktop-web	NAV-SIDE-RAIL	SH-DESK-TOOL-CANVAS	D-DEFAULT	IX-KEYBOARD-SHORTCUTS	PLATFORM=desktop-web; PATTERN=d-kanban-desktop; NAV=NAV-SIDE-RAIL; SHELL=SH-DESK-TOOL-CANVAS; DENSITY=D-DEFAULT; IX=IX-KEYBOARD-SHORTCUTS; IMPL=hover-media,fine-pointer,prefers-color-scheme,debounce-search; FEEL=Columns + cards
A1153	m-cards-scroll	Card vertical stack	mobile-content-patterns	mobile-phone	NAV-STACK-PUSH	SH-PHONE-FEED	D-COMFORTABLE	IX-INFINITE-SCROLL	PLATFORM=mobile-phone; PATTERN=m-cards-scroll; NAV=NAV-STACK-PUSH; SHELL=SH-PHONE-FEED; DENSITY=D-COMFORTABLE; IX=IX-INFINITE-SCROLL; IMPL=touch-action,file-capture,matchmedia,sticky-footer-cta; FEEL=Scannable cards
A1154	d-rail-main	Icon rail + main	desktop-structure	desktop-web	NAV-SIDE-RAIL	SH-DESK-RAIL-MAIN	D-DEFAULT	IX-KEYBOARD-SHORTCUTS	PLATFORM=desktop-web; PATTERN=d-rail-main; NAV=NAV-SIDE-RAIL; SHELL=SH-DESK-RAIL-MAIN; DENSITY=D-DEFAULT; IX=IX-KEYBOARD-SHORTCUTS; IMPL=hover-media,drag-drop-desktop,intersection-infinite,hotkeys; FEEL=Primary desktop shell
A1155	ride-driver-mobile	Driver Mobile	industry-app	mobile-phone	NAV-NONE-FOCUS	SH-PHONE-STACK	D-TOUCH-COMFORT	IX-PRIMARY-THUMB	PLATFORM=mobile-phone; PATTERN=ride-driver-mobile; NAV=NAV-NONE-FOCUS; SHELL=SH-PHONE-STACK; DENSITY=D-TOUCH-COMFORT; IX=IX-PRIMARY-THUMB; IMPL=url-state,live-region,coarse-pointer,install-pwa; FEEL=requests nav
A1156	chat-desktop	Desktop Chat	industry-app	desktop-web	NAV-TOP-TABS	SH-DESK-TOOL-CANVAS	D-DEFAULT	IX-KEYBOARD-SHORTCUTS	PLATFORM=desktop-web; PATTERN=chat-desktop; NAV=NAV-TOP-TABS; SHELL=SH-DESK-TOOL-CANVAS; DENSITY=D-DEFAULT; IX=IX-KEYBOARD-SHORTCUTS; IMPL=url-state,hover-media,hotkeys,matchmedia; FEEL=list thread info-on-demand
A1157	m-push-pref-center	Notification prefs	mobile-content-patterns	mobile-phone	NAV-BOTTOM-TABS	SH-RESPONSIVE-COLLAPSE	D-DEFAULT	IX-PRIMARY-THUMB	PLATFORM=mobile-phone; PATTERN=m-push-pref-center; NAV=NAV-BOTTOM-TABS; SHELL=SH-RESPONSIVE-COLLAPSE; DENSITY=D-DEFAULT; IX=IX-PRIMARY-THUMB; IMPL=url-state,share-api,service-worker-offline,bottom-nav-fixed; FEEL=Granular, not all-or-nothing
A1158	construction-desktop	Construction Desktop	industry-app	desktop-web	NAV-SIDE-TREE	SH-DESK-DASH	D-COMPACT	IX-KEYBOARD-SHORTCUTS	PLATFORM=desktop-web; PATTERN=construction-desktop; NAV=NAV-SIDE-TREE; SHELL=SH-DESK-DASH; DENSITY=D-COMPACT; IX=IX-KEYBOARD-SHORTCUTS; IMPL=prefers-contrast,clipboard-api,pointer-events,intersection-infinite; FEEL=projects drawings
A1159	m-form-one-column	One-column form	mobile-content-patterns	mobile-phone	NAV-STACK-PUSH	SH-PHONE-STACK	D-TOUCH-COMFORT	IX-FORM-SECTIONED	PLATFORM=mobile-phone; PATTERN=m-form-one-column; NAV=NAV-STACK-PUSH; SHELL=SH-PHONE-STACK; DENSITY=D-TOUCH-COMFORT; IX=IX-FORM-SECTIONED; IMPL=virtual-list,safe-area-css,will-change-sparing,live-region; FEEL=Labels above fields
A1160	banking-desktop	Desktop Banking	industry-app	desktop-web	NAV-TOOLBAR	SH-DESK-RAIL-MAIN	D-DEFAULT	IX-KEYBOARD-SHORTCUTS	PLATFORM=desktop-web; PATTERN=banking-desktop; NAV=NAV-TOOLBAR; SHELL=SH-DESK-RAIL-MAIN; DENSITY=D-DEFAULT; IX=IX-KEYBOARD-SHORTCUTS; IMPL=dialog-element,error-boundary-ui,focus-trap,session-timeout; FEEL=accounts table transfers
A1161	media-desktop	Media Desktop	industry-app	desktop-web	NAV-TOOLBAR	SH-DESK-IDE-LITE	D-DEFAULT	IX-KEYBOARD-SHORTCUTS	PLATFORM=desktop-web; PATTERN=media-desktop; NAV=NAV-TOOLBAR; SHELL=SH-DESK-IDE-LITE; DENSITY=D-DEFAULT; IX=IX-KEYBOARD-SHORTCUTS; IMPL=fine-pointer,container-queries,focus-visible,hotkeys; FEEL=library player
A1162	x-error-boundary	Error boundary UX	cross-platform-app	responsive-app	NAV-NONE-FOCUS	SH-RESPONSIVE-COLLAPSE	D-DEFAULT	IX-EMPTY-CTA	PLATFORM=responsive-app; PATTERN=x-error-boundary; NAV=NAV-NONE-FOCUS; SHELL=SH-RESPONSIVE-COLLAPSE; DENSITY=D-DEFAULT; IX=IX-EMPTY-CTA; IMPL=focus-visible,debounce-search,skeleton-css,app-badge; FEEL=Recover section not white screen
A1163	d-window-1024	Functional at 1024×768	desktop-density-keyboard	desktop-web	NAV-MENUBAR	SH-TABLET-SPLIT	D-DEFAULT	IX-SPLIT-RESIZE	PLATFORM=desktop-web; PATTERN=d-window-1024; NAV=NAV-MENUBAR; SHELL=SH-TABLET-SPLIT; DENSITY=D-DEFAULT; IX=IX-SPLIT-RESIZE; IMPL=aria-current,csrf-safe,container-queries,optimistic-ui; FEEL=No dead layouts at laptop
A1164	os-material-nav-bar	Material bottom nav	os-patterns	mobile-phone	NAV-MODAL-SHEET	SH-PHONE-SHEET	D-TOUCH-COMFORT	IX-PRIMARY-THUMB	PLATFORM=mobile-phone; PATTERN=os-material-nav-bar; NAV=NAV-MODAL-SHEET; SHELL=SH-PHONE-SHEET; DENSITY=D-TOUCH-COMFORT; IX=IX-PRIMARY-THUMB; IMPL=debounce-search,flex-phone-column,share-api,hover-media; FEEL=3–5 destinations
A1165	d-multi-workspace	Workspaces/projects switcher	desktop-structure	desktop-web	NAV-WIZARD	SH-DESK-TOOL-CANVAS	D-DEFAULT	IX-KEYBOARD-SHORTCUTS	PLATFORM=desktop-web; PATTERN=d-multi-workspace; NAV=NAV-WIZARD; SHELL=SH-DESK-TOOL-CANVAS; DENSITY=D-DEFAULT; IX=IX-KEYBOARD-SHORTCUTS; IMPL=url-state,prefers-contrast,fine-pointer,command-palette-js; FEEL=Context switch clear
A1166	d-focus-trap-modal	Modal focus trap	desktop-density-keyboard	desktop-web	NAV-WIZARD	SH-DESK-DOCUMENT	D-DEFAULT	IX-KEYBOARD-SHORTCUTS	PLATFORM=desktop-web; PATTERN=d-focus-trap-modal; NAV=NAV-WIZARD; SHELL=SH-DESK-DOCUMENT; DENSITY=D-DEFAULT; IX=IX-KEYBOARD-SHORTCUTS; IMPL=csrf-safe,roving-tabindex,aria-expanded,prefers-reduced-motion; FEEL=Esc closes; restore focus
A1167	d-split-compare	Compare split	desktop-structure	desktop-web	NAV-MASTER-DETAIL	SH-TABLET-SPLIT	D-DEFAULT	IX-KEYBOARD-SHORTCUTS	PLATFORM=desktop-web; PATTERN=d-split-compare; NAV=NAV-MASTER-DETAIL; SHELL=SH-TABLET-SPLIT; DENSITY=D-DEFAULT; IX=IX-KEYBOARD-SHORTCUTS; IMPL=optimistic-ui,content-visibility,prefers-contrast,url-state; FEEL=A|B decision
A1168	m-offline-first-list	Offline-first list	mobile-structure	mobile-phone	NAV-DRAWER	SH-PHONE-STACK	D-DEFAULT	IX-PRIMARY-THUMB	PLATFORM=mobile-phone; PATTERN=m-offline-first-list; NAV=NAV-DRAWER; SHELL=SH-PHONE-STACK; DENSITY=D-DEFAULT; IX=IX-PRIMARY-THUMB; IMPL=viewport-meta,matchmedia,live-region,bottom-nav-fixed; FEEL=Cached + sync state
A1169	maps-desktop	Desktop Maps	industry-app	mobile-tablet	NAV-MASTER-DETAIL	SH-TABLET-SPLIT	D-DEFAULT	IX-EMPTY-CTA	PLATFORM=mobile-tablet; PATTERN=maps-desktop; NAV=NAV-MASTER-DETAIL; SHELL=SH-TABLET-SPLIT; DENSITY=D-DEFAULT; IX=IX-EMPTY-CTA; IMPL=form-novalidate,hover-media,scroll-padding,coarse-pointer; FEEL=map side list
A1170	x-notifications-inbox	In-app notification inbox	cross-platform-app	responsive-app	NAV-STACK-PUSH	SH-RESPONSIVE-COLLAPSE	D-DEFAULT	IX-EMPTY-CTA	PLATFORM=responsive-app; PATTERN=x-notifications-inbox; NAV=NAV-STACK-PUSH; SHELL=SH-RESPONSIVE-COLLAPSE; DENSITY=D-DEFAULT; IX=IX-EMPTY-CTA; IMPL=aria-expanded,abort-controller,resize-observer,optimistic-ui; FEEL=Read state + deep link
A1171	legal-mobile	Legal Mobile	industry-app	mobile-phone	NAV-BOTTOM-TABS	SH-PHONE-TABS	D-DEFAULT	IX-PRIMARY-THUMB	PLATFORM=mobile-phone; PATTERN=legal-mobile; NAV=NAV-BOTTOM-TABS; SHELL=SH-PHONE-TABS; DENSITY=D-DEFAULT; IX=IX-PRIMARY-THUMB; IMPL=file-capture,aria-current,form-novalidate,network-information; FEEL=deadlines tasks
A1172	os-material-fab	Material FAB	os-patterns	mobile-phone	NAV-STACK-PUSH	SH-PHONE-FEED	D-TOUCH-COMFORT	IX-FAB	PLATFORM=mobile-phone; PATTERN=os-material-fab; NAV=NAV-STACK-PUSH; SHELL=SH-PHONE-FEED; DENSITY=D-TOUCH-COMFORT; IX=IX-FAB; IMPL=viewport-meta,prefers-contrast,error-boundary-ui,biometric-webauthn; FEEL=Primary create
A1173	os-win-navigation-view	Win NavigationView	os-patterns	desktop-web	NAV-SIDE-RAIL	SH-TABLET-RAIL	D-DEFAULT	IX-KEYBOARD-SHORTCUTS	PLATFORM=desktop-web; PATTERN=os-win-navigation-view; NAV=NAV-SIDE-RAIL; SHELL=SH-TABLET-RAIL; DENSITY=D-DEFAULT; IX=IX-KEYBOARD-SHORTCUTS; IMPL=dialog-element,prefers-color-scheme,hotkeys,container-queries; FEEL=Left nav expand
A1174	x-audit-trail	Audit-friendly UI	cross-platform-app	responsive-app	NAV-MENUBAR	SH-DESK-RAIL-MAIN	D-COMPACT	IX-INLINE-EDIT	PLATFORM=responsive-app; PATTERN=x-audit-trail; NAV=NAV-MENUBAR; SHELL=SH-DESK-RAIL-MAIN; DENSITY=D-COMPACT; IX=IX-INLINE-EDIT; IMPL=sticky-footer-cta,install-pwa,pointer-events,csrf-safe; FEEL=Who/when visible in ops
A1175	photos-mobile	Photos Mobile	industry-app	mobile-phone	NAV-BOTTOM-TABS	SH-PHONE-FEED	D-DEFAULT	IX-PRIMARY-THUMB	PLATFORM=mobile-phone; PATTERN=photos-mobile; NAV=NAV-BOTTOM-TABS; SHELL=SH-PHONE-FEED; DENSITY=D-DEFAULT; IX=IX-PRIMARY-THUMB; IMPL=will-change-sparing,touch-action,safe-area-css,matchmedia; FEEL=library memories
A1176	trading-desktop	Trading Desktop	industry-app	desktop-web	NAV-TOOLBAR	SH-DESK-IDE-LITE	D-COMPACT	IX-KEYBOARD-SHORTCUTS	PLATFORM=desktop-web; PATTERN=trading-desktop; NAV=NAV-TOOLBAR; SHELL=SH-DESK-IDE-LITE; DENSITY=D-COMPACT; IX=IX-KEYBOARD-SHORTCUTS; IMPL=resize-observer,popover-api,overscroll,prefers-reduced-motion; FEEL=order entry dense
A1177	d-rail-main	Icon rail + main	desktop-structure	desktop-web	NAV-SIDE-RAIL	SH-DESK-RAIL-MAIN	D-DEFAULT	IX-KEYBOARD-SHORTCUTS	PLATFORM=desktop-web; PATTERN=d-rail-main; NAV=NAV-SIDE-RAIL; SHELL=SH-DESK-RAIL-MAIN; DENSITY=D-DEFAULT; IX=IX-KEYBOARD-SHORTCUTS; IMPL=prefers-reduced-motion,scroll-padding,hotkeys,intersection-infinite; FEEL=Primary desktop shell
A1178	construction-mobile	Construction Mobile	industry-app	responsive-app	NAV-SIDE-TREE	SH-PHONE-STACK	D-TOUCH-COMFORT	IX-PRIMARY-THUMB	PLATFORM=responsive-app; PATTERN=construction-mobile; NAV=NAV-SIDE-TREE; SHELL=SH-PHONE-STACK; DENSITY=D-TOUCH-COMFORT; IX=IX-PRIMARY-THUMB; IMPL=pointer-events,container-queries,skeleton-css,min-touch; FEEL=site daily photos
A1179	notes-desktop	Notes Desktop	industry-app	desktop-web	NAV-MENUBAR	SH-DESK-DASH	D-DEFAULT	IX-KEYBOARD-SHORTCUTS	PLATFORM=desktop-web; PATTERN=notes-desktop; NAV=NAV-MENUBAR; SHELL=SH-DESK-DASH; DENSITY=D-DEFAULT; IX=IX-KEYBOARD-SHORTCUTS; IMPL=overscroll,localstorage-prefs,debounce-search,hover-media; FEEL=sidebar editor
A1180	os-win-titlebar	Windows titlebar patterns	os-patterns	desktop-web	NAV-MENUBAR	SH-DESK-DOCUMENT	D-DEFAULT	IX-KEYBOARD-SHORTCUTS	PLATFORM=desktop-web; PATTERN=os-win-titlebar; NAV=NAV-MENUBAR; SHELL=SH-DESK-DOCUMENT; DENSITY=D-DEFAULT; IX=IX-KEYBOARD-SHORTCUTS; IMPL=autocomplete,error-boundary-ui,scroll-padding,hotkeys; FEEL=App icon caption buttons
A1181	m-error-fullpage	Full-page error	mobile-content-patterns	mobile-phone	NAV-STACK-PUSH	SH-PHONE-STACK	D-DEFAULT	IX-EMPTY-CTA	PLATFORM=mobile-phone; PATTERN=m-error-fullpage; NAV=NAV-STACK-PUSH; SHELL=SH-PHONE-STACK; DENSITY=D-DEFAULT; IX=IX-EMPTY-CTA; IMPL=overscroll,safe-area-css,file-capture,sticky-footer-cta; FEEL=Retry + support
A1182	calendar-mobile	Mobile Calendar	industry-app	mobile-phone	NAV-BOTTOM-SHEET	SH-PHONE-STACK	D-DEFAULT	IX-PRIMARY-THUMB	PLATFORM=mobile-phone; PATTERN=calendar-mobile; NAV=NAV-BOTTOM-SHEET; SHELL=SH-PHONE-STACK; DENSITY=D-DEFAULT; IX=IX-PRIMARY-THUMB; IMPL=pointer-events,autocomplete,intersection-infinite,biometric-webauthn; FEEL=agenda day create
A1183	commerce-mobile	Mobile Commerce	industry-app	responsive-app	NAV-MASTER-DETAIL	SH-DESK-DOCUMENT	D-TOUCH-COMFORT	IX-PRIMARY-THUMB	PLATFORM=responsive-app; PATTERN=commerce-mobile; NAV=NAV-MASTER-DETAIL; SHELL=SH-DESK-DOCUMENT; DENSITY=D-TOUCH-COMFORT; IX=IX-PRIMARY-THUMB; IMPL=container-queries,form-novalidate,min-touch,push-web; FEEL=browse pdp cart checkout
A1184	music-mobile	Music Mobile	industry-app	desktop-web	NAV-BREADCRUMB	SH-DESK-RAIL-MAIN-INSP	D-DEFAULT	IX-PRIMARY-THUMB	PLATFORM=desktop-web; PATTERN=music-mobile; NAV=NAV-BREADCRUMB; SHELL=SH-DESK-RAIL-MAIN-INSP; DENSITY=D-DEFAULT; IX=IX-PRIMARY-THUMB; IMPL=autocomplete,virtual-list,dialog-element,clipboard-api; FEEL=player library
A1185	x-breakpoint-nav-swap	Nav swap by breakpoint	cross-platform-app	responsive-app	NAV-BOTTOM-TABS	SH-RESPONSIVE-COLLAPSE	D-DEFAULT	IX-EMPTY-CTA	PLATFORM=responsive-app; PATTERN=x-breakpoint-nav-swap; NAV=NAV-BOTTOM-TABS; SHELL=SH-RESPONSIVE-COLLAPSE; DENSITY=D-DEFAULT; IX=IX-EMPTY-CTA; IMPL=grid-app-shell,focus-visible,matchmedia,optimistic-ui; FEEL=Rail↔tabs
A1186	os-macos-sidebar	macOS sidebar	os-patterns	desktop-web	NAV-SIDE-RAIL	SH-DESK-RAIL-MAIN	D-DEFAULT	IX-KEYBOARD-SHORTCUTS	PLATFORM=desktop-web; PATTERN=os-macos-sidebar; NAV=NAV-SIDE-RAIL; SHELL=SH-DESK-RAIL-MAIN; DENSITY=D-DEFAULT; IX=IX-KEYBOARD-SHORTCUTS; IMPL=session-timeout,prefers-contrast,will-change-sparing,debounce-search; FEEL=Source list
A1187	energy-mobile	Energy Field Mobile	industry-app	mobile-phone	NAV-STACK-PUSH	SH-PHONE-CANVAS	D-TOUCH-COMFORT	IX-PRIMARY-THUMB	PLATFORM=mobile-phone; PATTERN=energy-mobile; NAV=NAV-STACK-PUSH; SHELL=SH-PHONE-CANVAS; DENSITY=D-TOUCH-COMFORT; IX=IX-PRIMARY-THUMB; IMPL=will-change-sparing,pointer-events,viewport-meta,install-pwa; FEEL=assets inspect
A1188	d-high-contrast	OS high contrast aware	desktop-density-keyboard	desktop-web	NAV-COMMAND-PALETTE	SH-TABLET-RAIL	D-DEFAULT	IX-PRIMARY-THUMB	PLATFORM=desktop-web; PATTERN=d-high-contrast; NAV=NAV-COMMAND-PALETTE; SHELL=SH-TABLET-RAIL; DENSITY=D-DEFAULT; IX=IX-PRIMARY-THUMB; IMPL=resize-observer,error-boundary-ui,prefers-contrast,fine-pointer; FEEL=Borders not colour-only
A1189	smart-home-mobile	Smart Home Mobile	industry-app	mobile-phone	NAV-BOTTOM-TABS	SH-PHONE-TABS	D-DEFAULT	IX-PRIMARY-THUMB	PLATFORM=mobile-phone; PATTERN=smart-home-mobile; NAV=NAV-BOTTOM-TABS; SHELL=SH-PHONE-TABS; DENSITY=D-DEFAULT; IX=IX-PRIMARY-THUMB; IMPL=sticky-footer-cta,file-capture,share-api,aria-current; FEEL=rooms scenes devices
A1190	m-contrast-outdoor	Outdoor contrast	mobile-touch-a11y	mobile-phone	NAV-STACK-PUSH	SH-PHONE-STACK	D-DEFAULT	IX-PRIMARY-THUMB	PLATFORM=mobile-phone; PATTERN=m-contrast-outdoor; NAV=NAV-STACK-PUSH; SHELL=SH-PHONE-STACK; DENSITY=D-DEFAULT; IX=IX-PRIMARY-THUMB; IMPL=hover-media,history-stack,abort-controller,aria-expanded; FEEL=High contrast for sun
A1191	m-cards-scroll	Card vertical stack	mobile-content-patterns	mobile-phone	NAV-TAB+STACK	SH-PHONE-CANVAS	D-COMFORTABLE	IX-INFINITE-SCROLL	PLATFORM=mobile-phone; PATTERN=m-cards-scroll; NAV=NAV-TAB+STACK; SHELL=SH-PHONE-CANVAS; DENSITY=D-COMFORTABLE; IX=IX-INFINITE-SCROLL; IMPL=live-region,skeleton-css,safe-area-css,abort-controller; FEEL=Scannable cards
A1192	museum-mobile	Museum Mobile	industry-app	mobile-phone	NAV-TAB+STACK	SH-PHONE-STACK	D-COMFORTABLE	IX-PRIMARY-THUMB	PLATFORM=mobile-phone; PATTERN=museum-mobile; NAV=NAV-TAB+STACK; SHELL=SH-PHONE-STACK; DENSITY=D-COMFORTABLE; IX=IX-PRIMARY-THUMB; IMPL=install-pwa,focus-visible,form-novalidate,virtual-list; FEEL=visit guide audio
A1193	d-autosave-status	Autosave status	desktop-density-keyboard	desktop-web	NAV-MENUBAR	SH-DESK-DOCUMENT	D-DEFAULT	IX-AUTOSAVE	PLATFORM=desktop-web; PATTERN=d-autosave-status; NAV=NAV-MENUBAR; SHELL=SH-DESK-DOCUMENT; DENSITY=D-DEFAULT; IX=IX-AUTOSAVE; IMPL=focus-trap,scroll-padding,form-novalidate,debounce-search; FEEL=Saving/saved/error in chrome
A1194	notes-mobile	Notes Mobile	industry-app	mobile-phone	NAV-STACK-PUSH	SH-PHONE-STACK	D-DEFAULT	IX-PRIMARY-THUMB	PLATFORM=mobile-phone; PATTERN=notes-mobile; NAV=NAV-STACK-PUSH; SHELL=SH-PHONE-STACK; DENSITY=D-DEFAULT; IX=IX-PRIMARY-THUMB; IMPL=will-change-sparing,matchmedia,coarse-pointer,aria-current; FEEL=list editor
A1195	support-desktop	Support Desktop	industry-app	desktop-web	NAV-WIZARD	SH-DESK-TOOL-CANVAS	D-COMPACT	IX-KEYBOARD-SHORTCUTS	PLATFORM=desktop-web; PATTERN=support-desktop; NAV=NAV-WIZARD; SHELL=SH-DESK-TOOL-CANVAS; DENSITY=D-COMPACT; IX=IX-KEYBOARD-SHORTCUTS; IMPL=session-timeout,prefers-color-scheme,prefers-contrast,popover-api; FEEL=ticket workspace
A1196	os-win-titlebar	Windows titlebar patterns	os-patterns	desktop-web	NAV-COMMAND-PALETTE	SH-DESK-IDE-LITE	D-DEFAULT	IX-KEYBOARD-SHORTCUTS	PLATFORM=desktop-web; PATTERN=os-win-titlebar; NAV=NAV-COMMAND-PALETTE; SHELL=SH-DESK-IDE-LITE; DENSITY=D-DEFAULT; IX=IX-KEYBOARD-SHORTCUTS; IMPL=aria-current,pointer-events,prefers-reduced-motion,form-novalidate; FEEL=App icon caption buttons
A1197	tasks-desktop	Tasks Desktop	industry-app	desktop-web	NAV-SIDE-RAIL	SH-DESK-TOOL-CANVAS	D-DEFAULT	IX-KEYBOARD-SHORTCUTS	PLATFORM=desktop-web; PATTERN=tasks-desktop; NAV=NAV-SIDE-RAIL; SHELL=SH-DESK-TOOL-CANVAS; DENSITY=D-DEFAULT; IX=IX-KEYBOARD-SHORTCUTS; IMPL=csrf-safe,aria-current,container-queries,live-region; FEEL=board/list detail
A1198	os-macos-sidebar	macOS sidebar	os-patterns	desktop-web	NAV-SIDE-RAIL	SH-DESK-RAIL-MAIN	D-DEFAULT	IX-KEYBOARD-SHORTCUTS	PLATFORM=desktop-web; PATTERN=os-macos-sidebar; NAV=NAV-SIDE-RAIL; SHELL=SH-DESK-RAIL-MAIN; DENSITY=D-DEFAULT; IX=IX-KEYBOARD-SHORTCUTS; IMPL=fine-pointer,prefers-reduced-motion,focus-trap,clipboard-api; FEEL=Source list
A1199	social-mobile	Social Mobile	industry-app	mobile-phone	NAV-BOTTOM-TABS	SH-PHONE-FEED	D-DEFAULT	IX-PRIMARY-THUMB	PLATFORM=mobile-phone; PATTERN=social-mobile; NAV=NAV-BOTTOM-TABS; SHELL=SH-PHONE-FEED; DENSITY=D-DEFAULT; IX=IX-PRIMARY-THUMB; IMPL=error-boundary-ui,prefers-reduced-motion,scroll-padding,form-novalidate; FEEL=feed create profile
A1200	d-rail-main-inspector	Rail + main + inspector	desktop-structure	desktop-web	NAV-SIDE-RAIL	SH-DESK-RAIL-MAIN-INSP	D-COMPACT	IX-KEYBOARD-SHORTCUTS	PLATFORM=desktop-web; PATTERN=d-rail-main-inspector; NAV=NAV-SIDE-RAIL; SHELL=SH-DESK-RAIL-MAIN-INSP; DENSITY=D-COMPACT; IX=IX-KEYBOARD-SHORTCUTS; IMPL=aria-expanded,fine-pointer,command-palette-js,grid-app-shell; FEEL=Selection details; not idle triple
A1201	m-form-one-column	One-column form	mobile-content-patterns	mobile-phone	NAV-STACK-PUSH	SH-PHONE-STACK	D-TOUCH-COMFORT	IX-FORM-SECTIONED	PLATFORM=mobile-phone; PATTERN=m-form-one-column; NAV=NAV-STACK-PUSH; SHELL=SH-PHONE-STACK; DENSITY=D-TOUCH-COMFORT; IX=IX-FORM-SECTIONED; IMPL=install-pwa,bottom-nav-fixed,flex-phone-column,file-capture; FEEL=Labels above fields
A1202	d-datagrid-app	Datagrid application	desktop-structure	desktop-web	NAV-SIDE-RAIL	SH-DESK-DATAGRID	D-COMPACT	IX-KEYBOARD-SHORTCUTS	PLATFORM=desktop-web; PATTERN=d-datagrid-app; NAV=NAV-SIDE-RAIL; SHELL=SH-DESK-DATAGRID; DENSITY=D-COMPACT; IX=IX-KEYBOARD-SHORTCUTS; IMPL=hotkeys,command-palette-js,prefers-contrast,content-visibility; FEEL=Table is the product
A1203	os-material-top-app-bar	Material top app bar	os-patterns	mobile-phone	NAV-TOP-TABS	SH-PHONE-FEED	D-DEFAULT	IX-PRIMARY-THUMB	PLATFORM=mobile-phone; PATTERN=os-material-top-app-bar; NAV=NAV-TOP-TABS; SHELL=SH-PHONE-FEED; DENSITY=D-DEFAULT; IX=IX-PRIMARY-THUMB; IMPL=scroll-padding,skeleton-css,app-badge,hover-media; FEEL=Nav + actions
A1204	backup-desktop	Backup Desktop	industry-app	desktop-web	NAV-SIDE-RAIL	SH-DESK-RAIL-MAIN	D-DEFAULT	IX-KEYBOARD-SHORTCUTS	PLATFORM=desktop-web; PATTERN=backup-desktop; NAV=NAV-SIDE-RAIL; SHELL=SH-DESK-RAIL-MAIN; DENSITY=D-DEFAULT; IX=IX-KEYBOARD-SHORTCUTS; IMPL=abort-controller,container-queries,command-palette-js,autocomplete; FEEL=sources schedule status
A1205	os-ios-large-title	iOS large title pattern	os-patterns	mobile-phone	NAV-STACK-PUSH	SH-PHONE-STACK	D-COMFORTABLE	IX-PRIMARY-THUMB	PLATFORM=mobile-phone; PATTERN=os-ios-large-title; NAV=NAV-STACK-PUSH; SHELL=SH-PHONE-STACK; DENSITY=D-COMFORTABLE; IX=IX-PRIMARY-THUMB; IMPL=autocomplete,pointer-events,will-change-sparing,prefers-color-scheme; FEEL=Collapse on scroll
A1206	m-map-first	Map-first mobile	mobile-structure	mobile-phone	NAV-BOTTOM-SHEET	SH-PHONE-SHEET	D-TOUCH-COMFORT	IX-PRIMARY-THUMB	PLATFORM=mobile-phone; PATTERN=m-map-first; NAV=NAV-BOTTOM-SHEET; SHELL=SH-PHONE-SHEET; DENSITY=D-TOUCH-COMFORT; IX=IX-PRIMARY-THUMB; IMPL=safe-area-css,aria-expanded,min-touch,abort-controller; FEEL=Map stage + sheet
A1207	tasks-mobile	Tasks Mobile	industry-app	mobile-phone	NAV-BOTTOM-TABS	SH-PHONE-TABS	D-DEFAULT	IX-PRIMARY-THUMB	PLATFORM=mobile-phone; PATTERN=tasks-mobile; NAV=NAV-BOTTOM-TABS; SHELL=SH-PHONE-TABS; DENSITY=D-DEFAULT; IX=IX-PRIMARY-THUMB; IMPL=min-touch,coarse-pointer,csrf-safe,install-pwa; FEEL=lists add complete
A1208	d-calendar-desktop	Calendar app	desktop-structure	desktop-web	NAV-NONE-FOCUS	SH-DESK-IDE-LITE	D-DEFAULT	IX-KEYBOARD-SHORTCUTS	PLATFORM=desktop-web; PATTERN=d-calendar-desktop; NAV=NAV-NONE-FOCUS; SHELL=SH-DESK-IDE-LITE; DENSITY=D-DEFAULT; IX=IX-KEYBOARD-SHORTCUTS; IMPL=drag-drop-desktop,url-state,aria-expanded,skeleton-css; FEEL=Time grid primary
A1209	m-safe-area-chrome	Safe-area chrome	mobile-touch-a11y	mobile-phone	NAV-BOTTOM-TABS	SH-PHONE-TABS	D-TOUCH-COMFORT	IX-STICKY-FOOTER-CTA	PLATFORM=mobile-phone; PATTERN=m-safe-area-chrome; NAV=NAV-BOTTOM-TABS; SHELL=SH-PHONE-TABS; DENSITY=D-TOUCH-COMFORT; IX=IX-STICKY-FOOTER-CTA; IMPL=min-touch,service-worker-offline,aria-current,dialog-element; FEEL=Tabs/CTAs above home indicator
A1210	education-desktop	LMS Desktop	industry-app	desktop-web	NAV-SIDE-RAIL	SH-DESK-DATAGRID	D-DEFAULT	IX-KEYBOARD-SHORTCUTS	PLATFORM=desktop-web; PATTERN=education-desktop; NAV=NAV-SIDE-RAIL; SHELL=SH-DESK-DATAGRID; DENSITY=D-DEFAULT; IX=IX-KEYBOARD-SHORTCUTS; IMPL=autocomplete,command-palette-js,hotkeys,focus-trap; FEEL=courses gradebook
A1211	d-undo-stack	Document undo	desktop-density-keyboard	desktop-web	NAV-MENUBAR	SH-DESK-DOCUMENT	D-DEFAULT	IX-UNDO-TOAST	PLATFORM=desktop-web; PATTERN=d-undo-stack; NAV=NAV-MENUBAR; SHELL=SH-DESK-DOCUMENT; DENSITY=D-DEFAULT; IX=IX-UNDO-TOAST; IMPL=session-timeout,will-change-sparing,scroll-padding,popover-api; FEEL=⌘Z meaningful
A1212	d-large-display	Large display use	desktop-density-keyboard	desktop-web	NAV-TOOLBAR	SH-DESK-DOCUMENT	D-DEFAULT	IX-SPLIT-RESIZE	PLATFORM=desktop-web; PATTERN=d-large-display; NAV=NAV-TOOLBAR; SHELL=SH-DESK-DOCUMENT; DENSITY=D-DEFAULT; IX=IX-SPLIT-RESIZE; IMPL=content-visibility,grid-app-shell,debounce-search,skeleton-css; FEEL=Don't stretch uselessly
A1213	gaming-desktop	PC Game Launcher	industry-app	desktop-web	NAV-SIDE-RAIL	SH-DESK-RAIL-MAIN	D-DEFAULT	IX-KEYBOARD-SHORTCUTS	PLATFORM=desktop-web; PATTERN=gaming-desktop; NAV=NAV-SIDE-RAIL; SHELL=SH-DESK-RAIL-MAIN; DENSITY=D-DEFAULT; IX=IX-KEYBOARD-SHORTCUTS; IMPL=prefers-color-scheme,resize-observer,grid-app-shell,localstorage-prefs; FEEL=library friends
A1214	design-tool-desktop	Design Tool	industry-app	desktop-web	NAV-TOOLBAR	SH-DESK-TOOL-CANVAS	D-DEFAULT	IX-KEYBOARD-SHORTCUTS	PLATFORM=desktop-web; PATTERN=design-tool-desktop; NAV=NAV-TOOLBAR; SHELL=SH-DESK-TOOL-CANVAS; DENSITY=D-DEFAULT; IX=IX-KEYBOARD-SHORTCUTS; IMPL=drag-drop-desktop,focus-trap,popover-api,live-region; FEEL=canvas tools
A1215	m-detail-push	Detail push	mobile-structure	mobile-phone	NAV-STACK-PUSH	SH-PHONE-STACK	D-DEFAULT	IX-PRIMARY-THUMB	PLATFORM=mobile-phone; PATTERN=m-detail-push; NAV=NAV-STACK-PUSH; SHELL=SH-PHONE-STACK; DENSITY=D-DEFAULT; IX=IX-PRIMARY-THUMB; IMPL=dialog-element,abort-controller,prefers-reduced-motion,share-api; FEEL=List to detail with back
A1216	d-context-menu	Context menu + menu bar	desktop-density-keyboard	desktop-web	NAV-SIDE-RAIL	SH-DESK-DATAGRID	D-DEFAULT	IX-KEYBOARD-SHORTCUTS	PLATFORM=desktop-web; PATTERN=d-context-menu; NAV=NAV-SIDE-RAIL; SHELL=SH-DESK-DATAGRID; DENSITY=D-DEFAULT; IX=IX-KEYBOARD-SHORTCUTS; IMPL=optimistic-ui,autocomplete,prefers-color-scheme,prefers-reduced-motion; FEEL=Right-click not only path
A1217	tax-desktop	Tax Desktop	industry-app	desktop-web	NAV-WIZARD	SH-DESK-DOCUMENT	D-DEFAULT	IX-KEYBOARD-SHORTCUTS	PLATFORM=desktop-web; PATTERN=tax-desktop; NAV=NAV-WIZARD; SHELL=SH-DESK-DOCUMENT; DENSITY=D-DEFAULT; IX=IX-KEYBOARD-SHORTCUTS; IMPL=focus-visible,popover-api,aria-expanded,form-novalidate; FEEL=forms wizard review
A1218	vpn-mobile	VPN Mobile	industry-app	mobile-phone	NAV-DRAWER	SH-RESPONSIVE-COLLAPSE	D-DEFAULT	IX-PRIMARY-THUMB	PLATFORM=mobile-phone; PATTERN=vpn-mobile; NAV=NAV-DRAWER; SHELL=SH-RESPONSIVE-COLLAPSE; DENSITY=D-DEFAULT; IX=IX-PRIMARY-THUMB; IMPL=file-capture,aria-current,optimistic-ui,flex-phone-column; FEEL=connect status regions
A1219	crm-desktop	CRM Desktop	industry-app	desktop-web	NAV-SIDE-RAIL	SH-DESK-DATAGRID	D-COMPACT	IX-KEYBOARD-SHORTCUTS	PLATFORM=desktop-web; PATTERN=crm-desktop; NAV=NAV-SIDE-RAIL; SHELL=SH-DESK-DATAGRID; DENSITY=D-COMPACT; IX=IX-KEYBOARD-SHORTCUTS; IMPL=prefers-contrast,command-palette-js,csrf-safe,scroll-padding; FEEL=pipeline contacts
A1220	x-localization-ready	Localization ready	cross-platform-app	responsive-app	NAV-NONE-FOCUS	SH-RESPONSIVE-COLLAPSE	D-DEFAULT	IX-PRIMARY-THUMB	PLATFORM=responsive-app; PATTERN=x-localization-ready; NAV=NAV-NONE-FOCUS; SHELL=SH-RESPONSIVE-COLLAPSE; DENSITY=D-DEFAULT; IX=IX-PRIMARY-THUMB; IMPL=focus-trap,pointer-events,app-badge,touch-action; FEEL=No truncated critical labels
A1221	field-service-desktop	Field Service Desktop	industry-app	desktop-web	NAV-SIDE-RAIL	SH-DESK-TOOL-CANVAS	D-COMPACT	IX-KEYBOARD-SHORTCUTS	PLATFORM=desktop-web; PATTERN=field-service-desktop; NAV=NAV-SIDE-RAIL; SHELL=SH-DESK-TOOL-CANVAS; DENSITY=D-COMPACT; IX=IX-KEYBOARD-SHORTCUTS; IMPL=pointer-events,focus-trap,aria-current,roving-tabindex; FEEL=schedule board
A1222	os-macos-toolbar	macOS toolbar	os-patterns	desktop-web	NAV-TOOLBAR	SH-DESK-DOCUMENT	D-DEFAULT	IX-KEYBOARD-SHORTCUTS	PLATFORM=desktop-web; PATTERN=os-macos-toolbar; NAV=NAV-TOOLBAR; SHELL=SH-DESK-DOCUMENT; DENSITY=D-DEFAULT; IX=IX-KEYBOARD-SHORTCUTS; IMPL=matchmedia,clipboard-api,drag-drop-desktop,focus-trap; FEEL=Unified titlebar toolbar
A1223	museum-desktop	Museum Desktop	industry-app	responsive-app	NAV-SIDE-RAIL	SH-DESK-DATAGRID	D-DEFAULT	IX-KEYBOARD-SHORTCUTS	PLATFORM=responsive-app; PATTERN=museum-desktop; NAV=NAV-SIDE-RAIL; SHELL=SH-DESK-DATAGRID; DENSITY=D-DEFAULT; IX=IX-KEYBOARD-SHORTCUTS; IMPL=app-badge,matchmedia,coarse-pointer,touch-action; FEEL=collections CMS
A1224	agriculture-desktop	Ag Desktop	industry-app	desktop-web	NAV-MASTER-DETAIL	SH-TABLET-SPLIT	D-DEFAULT	IX-KEYBOARD-SHORTCUTS	PLATFORM=desktop-web; PATTERN=agriculture-desktop; NAV=NAV-MASTER-DETAIL; SHELL=SH-TABLET-SPLIT; DENSITY=D-DEFAULT; IX=IX-KEYBOARD-SHORTCUTS; IMPL=grid-app-shell,live-region,focus-trap,intersection-infinite; FEEL=fields seasons plans
A1225	maps-mobile	Mobile Maps	industry-app	mobile-phone	NAV-BOTTOM-SHEET	SH-PHONE-SHEET	D-TOUCH-COMFORT	IX-PRIMARY-THUMB	PLATFORM=mobile-phone; PATTERN=maps-mobile; NAV=NAV-BOTTOM-SHEET; SHELL=SH-PHONE-SHEET; DENSITY=D-TOUCH-COMFORT; IX=IX-PRIMARY-THUMB; IMPL=coarse-pointer,tap-highlight,prefers-color-scheme,network-information; FEEL=map sheet search
A1226	event-desktop	Event Desktop	industry-app	desktop-web	NAV-SIDE-RAIL	SH-DESK-RAIL-MAIN	D-DEFAULT	IX-KEYBOARD-SHORTCUTS	PLATFORM=desktop-web; PATTERN=event-desktop; NAV=NAV-SIDE-RAIL; SHELL=SH-DESK-RAIL-MAIN; DENSITY=D-DEFAULT; IX=IX-KEYBOARD-SHORTCUTS; IMPL=scroll-padding,url-state,dialog-element,hotkeys; FEEL=registration agenda
A1227	support-mobile	Support Mobile	industry-app	mobile-phone	NAV-STACK-PUSH	SH-PHONE-STACK	D-DEFAULT	IX-PRIMARY-THUMB	PLATFORM=mobile-phone; PATTERN=support-mobile; NAV=NAV-STACK-PUSH; SHELL=SH-PHONE-STACK; DENSITY=D-DEFAULT; IX=IX-PRIMARY-THUMB; IMPL=matchmedia,share-api,type-date,content-visibility; FEEL=on-call ticket
A1228	logistics-mobile	Driver Mobile	industry-app	mobile-phone	NAV-WIZARD	SH-PHONE-FEED	D-TOUCH-COMFORT	IX-PRIMARY-THUMB	PLATFORM=mobile-phone; PATTERN=logistics-mobile; NAV=NAV-WIZARD; SHELL=SH-PHONE-FEED; DENSITY=D-TOUCH-COMFORT; IX=IX-PRIMARY-THUMB; IMPL=error-boundary-ui,tap-highlight,pointer-events,inputmode; FEEL=stops nav complete
A1229	food-delivery-mobile	Food Delivery Mobile	industry-app	mobile-phone	NAV-TAB+STACK	SH-PHONE-FEED	D-TOUCH-COMFORT	IX-PRIMARY-THUMB	PLATFORM=mobile-phone; PATTERN=food-delivery-mobile; NAV=NAV-TAB+STACK; SHELL=SH-PHONE-FEED; DENSITY=D-TOUCH-COMFORT; IX=IX-PRIMARY-THUMB; IMPL=debounce-search,error-boundary-ui,live-region,virtual-list; FEEL=browse cart track
A1230	m-tab-per-stack	Tab + stack per root	mobile-structure	mobile-phone	NAV-NONE-FOCUS	SH-PHONE-SHEET	D-TOUCH-COMFORT	IX-PRIMARY-THUMB	PLATFORM=mobile-phone; PATTERN=m-tab-per-stack; NAV=NAV-NONE-FOCUS; SHELL=SH-PHONE-SHEET; DENSITY=D-TOUCH-COMFORT; IX=IX-PRIMARY-THUMB; IMPL=tap-highlight,form-novalidate,push-web,dvh-units; FEEL=Independent history per tab
A1231	d-tooltip-labels	Icon buttons labelled	desktop-density-keyboard	desktop-web	NAV-TOOLBAR	SH-DESK-TOOL-CANVAS	D-DEFAULT	IX-KEYBOARD-SHORTCUTS	PLATFORM=desktop-web; PATTERN=d-tooltip-labels; NAV=NAV-TOOLBAR; SHELL=SH-DESK-TOOL-CANVAS; DENSITY=D-DEFAULT; IX=IX-KEYBOARD-SHORTCUTS; IMPL=aria-current,virtual-list,popover-api,hover-media; FEEL=Tooltip + aria-label
A1232	news-mobile	News Mobile	industry-app	mobile-phone	NAV-TAB+STACK	SH-PHONE-STACK	D-DEFAULT	IX-PRIMARY-THUMB	PLATFORM=mobile-phone; PATTERN=news-mobile; NAV=NAV-TAB+STACK; SHELL=SH-PHONE-STACK; DENSITY=D-DEFAULT; IX=IX-PRIMARY-THUMB; IMPL=form-novalidate,type-date,matchmedia,url-state; FEEL=sections article
A1233	m-filter-sheet	Filter sheet	mobile-structure	mobile-phone	NAV-BOTTOM-TABS	SH-RESPONSIVE-COLLAPSE	D-DEFAULT	IX-PRIMARY-THUMB	PLATFORM=mobile-phone; PATTERN=m-filter-sheet; NAV=NAV-BOTTOM-TABS; SHELL=SH-RESPONSIVE-COLLAPSE; DENSITY=D-DEFAULT; IX=IX-PRIMARY-THUMB; IMPL=touch-action,focus-trap,sticky-footer-cta,history-stack; FEEL=Filters over results
A1234	m-action-sheet	Action sheet confirm	mobile-structure	mobile-phone	NAV-DRAWER	SH-PHONE-TABS	D-TOUCH-COMFORT	IX-PRIMARY-THUMB	PLATFORM=mobile-phone; PATTERN=m-action-sheet; NAV=NAV-DRAWER; SHELL=SH-PHONE-TABS; DENSITY=D-TOUCH-COMFORT; IX=IX-PRIMARY-THUMB; IMPL=share-api,bottom-nav-fixed,abort-controller,overscroll; FEEL=Destructive choices clear
A1235	d-shortcuts-help	? shortcuts cheatsheet	desktop-density-keyboard	desktop-web	NAV-SIDE-RAIL	SH-DESK-RAIL-MAIN	D-DEFAULT	IX-KEYBOARD-SHORTCUTS	PLATFORM=desktop-web; PATTERN=d-shortcuts-help; NAV=NAV-SIDE-RAIL; SHELL=SH-DESK-RAIL-MAIN; DENSITY=D-DEFAULT; IX=IX-KEYBOARD-SHORTCUTS; IMPL=intersection-infinite,container-queries,form-novalidate,roving-tabindex; FEEL=Discoverable shortcuts
A1236	x-semantic-status	Semantic status colours	cross-platform-app	responsive-app	NAV-NONE-FOCUS	SH-RESPONSIVE-COLLAPSE	D-DEFAULT	IX-EMPTY-CTA	PLATFORM=responsive-app; PATTERN=x-semantic-status; NAV=NAV-NONE-FOCUS; SHELL=SH-RESPONSIVE-COLLAPSE; DENSITY=D-DEFAULT; IX=IX-EMPTY-CTA; IMPL=matchmedia,url-state,skeleton-css,form-novalidate; FEEL=+ icon/text not colour only
A1237	m-search-results	Search results mobile	mobile-content-patterns	mobile-phone	NAV-STACK-PUSH	SH-PHONE-STACK	D-DEFAULT	IX-SEARCH-FIRST	PLATFORM=mobile-phone; PATTERN=m-search-results; NAV=NAV-STACK-PUSH; SHELL=SH-PHONE-STACK; DENSITY=D-DEFAULT; IX=IX-SEARCH-FIRST; IMPL=biometric-webauthn,virtual-list,abort-controller,app-badge; FEEL=Query sticky + results
A1238	d-high-contrast	OS high contrast aware	desktop-density-keyboard	desktop-web	NAV-SIDE-RAIL	SH-DESK-RAIL-MAIN	D-DEFAULT	IX-PRIMARY-THUMB	PLATFORM=desktop-web; PATTERN=d-high-contrast; NAV=NAV-SIDE-RAIL; SHELL=SH-DESK-RAIL-MAIN; DENSITY=D-DEFAULT; IX=IX-PRIMARY-THUMB; IMPL=skeleton-css,roving-tabindex,live-region,abort-controller; FEEL=Borders not colour-only
A1239	betting-careful-mobile	Betting UI Careful	industry-app	mobile-phone	NAV-BOTTOM-TABS	SH-PHONE-TABS	D-DEFAULT	IX-PRIMARY-THUMB	PLATFORM=mobile-phone; PATTERN=betting-careful-mobile; NAV=NAV-BOTTOM-TABS; SHELL=SH-PHONE-TABS; DENSITY=D-DEFAULT; IX=IX-PRIMARY-THUMB; IMPL=app-badge,coarse-pointer,tap-highlight,virtual-list; FEEL=clear stakes responsible
A1240	m-checkout-linear	Mobile checkout linear	mobile-structure	mobile-phone	NAV-WIZARD	SH-PHONE-STACK	D-TOUCH-COMFORT	IX-PRIMARY-THUMB	PLATFORM=mobile-phone; PATTERN=m-checkout-linear; NAV=NAV-WIZARD; SHELL=SH-PHONE-STACK; DENSITY=D-TOUCH-COMFORT; IX=IX-PRIMARY-THUMB; IMPL=csrf-safe,sticky-footer-cta,pointer-events,hover-media; FEEL=Steps, progress, sticky pay
A1241	m-contrast-outdoor	Outdoor contrast	mobile-touch-a11y	mobile-phone	NAV-STACK-PUSH	SH-PHONE-STACK	D-DEFAULT	IX-PRIMARY-THUMB	PLATFORM=mobile-phone; PATTERN=m-contrast-outdoor; NAV=NAV-STACK-PUSH; SHELL=SH-PHONE-STACK; DENSITY=D-DEFAULT; IX=IX-PRIMARY-THUMB; IMPL=will-change-sparing,sticky-footer-cta,prefers-color-scheme,focus-trap; FEEL=High contrast for sun
A1242	d-wizard-desktop	Desktop wizard modal	desktop-structure	desktop-web	NAV-WIZARD	SH-DESK-RAIL-MAIN	D-COMFORTABLE	IX-KEYBOARD-SHORTCUTS	PLATFORM=desktop-web; PATTERN=d-wizard-desktop; NAV=NAV-WIZARD; SHELL=SH-DESK-RAIL-MAIN; DENSITY=D-COMFORTABLE; IX=IX-KEYBOARD-SHORTCUTS; IMPL=autocomplete,live-region,prefers-contrast,prefers-color-scheme; FEEL=Centered steps
A1243	m-media-fullscreen	Fullscreen media	mobile-content-patterns	mobile-phone	NAV-NONE-FOCUS	SH-PHONE-CANVAS	D-DEFAULT	IX-PRIMARY-THUMB	PLATFORM=mobile-phone; PATTERN=m-media-fullscreen; NAV=NAV-NONE-FOCUS; SHELL=SH-PHONE-CANVAS; DENSITY=D-DEFAULT; IX=IX-PRIMARY-THUMB; IMPL=type-date,overscroll,min-touch,network-information; FEEL=Swipe dismiss, chrome fade
A1244	d-undo-stack	Document undo	desktop-density-keyboard	desktop-web	NAV-MENUBAR	SH-DESK-DOCUMENT	D-DEFAULT	IX-UNDO-TOAST	PLATFORM=desktop-web; PATTERN=d-undo-stack; NAV=NAV-MENUBAR; SHELL=SH-DESK-DOCUMENT; DENSITY=D-DEFAULT; IX=IX-UNDO-TOAST; IMPL=debounce-search,url-state,clipboard-api,focus-visible; FEEL=⌘Z meaningful
A1245	d-shortcuts-help	? shortcuts cheatsheet	desktop-density-keyboard	desktop-web	NAV-SIDE-RAIL	SH-DESK-RAIL-MAIN	D-DEFAULT	IX-KEYBOARD-SHORTCUTS	PLATFORM=desktop-web; PATTERN=d-shortcuts-help; NAV=NAV-SIDE-RAIL; SHELL=SH-DESK-RAIL-MAIN; DENSITY=D-DEFAULT; IX=IX-KEYBOARD-SHORTCUTS; IMPL=url-state,fine-pointer,focus-trap,container-queries; FEEL=Discoverable shortcuts
A1246	m-hub-and-spoke	Hub home + spokes	mobile-structure	mobile-phone	NAV-STACK-PUSH	SH-PHONE-STACK	D-DEFAULT	IX-PRIMARY-THUMB	PLATFORM=mobile-phone; PATTERN=m-hub-and-spoke; NAV=NAV-STACK-PUSH; SHELL=SH-PHONE-STACK; DENSITY=D-DEFAULT; IX=IX-PRIMARY-THUMB; IMPL=vibrate-careful,share-api,tap-highlight,abort-controller; FEEL=Home launches tasks
A1247	banking-desktop	Desktop Banking	industry-app	desktop-web	NAV-BREADCRUMB	SH-TABLET-SPLIT	D-DEFAULT	IX-KEYBOARD-SHORTCUTS	PLATFORM=desktop-web; PATTERN=banking-desktop; NAV=NAV-BREADCRUMB; SHELL=SH-TABLET-SPLIT; DENSITY=D-DEFAULT; IX=IX-KEYBOARD-SHORTCUTS; IMPL=roving-tabindex,virtual-list,prefers-reduced-motion,session-timeout; FEEL=accounts table transfers
A1248	m-chat-thread	Chat thread mobile	mobile-structure	mobile-phone	NAV-STACK-PUSH	SH-PHONE-TABS	D-DEFAULT	IX-PRIMARY-THUMB	PLATFORM=mobile-phone; PATTERN=m-chat-thread; NAV=NAV-STACK-PUSH; SHELL=SH-PHONE-TABS; DENSITY=D-DEFAULT; IX=IX-PRIMARY-THUMB; IMPL=prefers-color-scheme,debounce-search,share-api,prefers-contrast; FEEL=Thread + composer bottom
A1249	d-column-custom	Column customization	desktop-density-keyboard	desktop-web	NAV-SIDE-RAIL	SH-DESK-DATAGRID	D-COMPACT	IX-INLINE-EDIT	PLATFORM=desktop-web; PATTERN=d-column-custom; NAV=NAV-SIDE-RAIL; SHELL=SH-DESK-DATAGRID; DENSITY=D-COMPACT; IX=IX-INLINE-EDIT; IMPL=resize-observer,prefers-color-scheme,csrf-safe,pointer-events; FEEL=Show/hide/reorder columns
A1250	d-chat-desktop	Desktop messaging	desktop-structure	desktop-web	NAV-MASTER-DETAIL	SH-DESK-RAIL-MAIN-INSP	D-DEFAULT	IX-KEYBOARD-SHORTCUTS	PLATFORM=desktop-web; PATTERN=d-chat-desktop; NAV=NAV-MASTER-DETAIL; SHELL=SH-DESK-RAIL-MAIN-INSP; DENSITY=D-DEFAULT; IX=IX-KEYBOARD-SHORTCUTS; IMPL=hover-media,scroll-padding,csrf-safe,resize-observer; FEEL=List | thread | optional info
A1251	m-push-pref-center	Notification prefs	mobile-content-patterns	mobile-phone	NAV-STACK-PUSH	SH-PHONE-STACK	D-DEFAULT	IX-PRIMARY-THUMB	PLATFORM=mobile-phone; PATTERN=m-push-pref-center; NAV=NAV-STACK-PUSH; SHELL=SH-PHONE-STACK; DENSITY=D-DEFAULT; IX=IX-PRIMARY-THUMB; IMPL=form-novalidate,live-region,matchmedia,prefers-color-scheme; FEEL=Granular, not all-or-nothing
A1252	d-document-editor	Document editor	desktop-structure	desktop-web	NAV-SIDE-RAIL	SH-TABLET-RAIL	D-DEFAULT	IX-KEYBOARD-SHORTCUTS	PLATFORM=desktop-web; PATTERN=d-document-editor; NAV=NAV-SIDE-RAIL; SHELL=SH-TABLET-RAIL; DENSITY=D-DEFAULT; IX=IX-KEYBOARD-SHORTCUTS; IMPL=debounce-search,virtual-list,matchmedia,dialog-element; FEEL=Canvas/document center
A1253	d-undo-stack	Document undo	desktop-density-keyboard	desktop-web	NAV-TOOLBAR	SH-DESK-RAIL-MAIN-INSP	D-DEFAULT	IX-UNDO-TOAST	PLATFORM=desktop-web; PATTERN=d-undo-stack; NAV=NAV-TOOLBAR; SHELL=SH-DESK-RAIL-MAIN-INSP; DENSITY=D-DEFAULT; IX=IX-UNDO-TOAST; IMPL=virtual-list,drag-drop-desktop,grid-app-shell,autocomplete; FEEL=⌘Z meaningful
A1254	m-status-bar-legible	Status bar legible	mobile-touch-a11y	mobile-phone	NAV-DRAWER	SH-PHONE-SHEET	D-DEFAULT	IX-PRIMARY-THUMB	PLATFORM=mobile-phone; PATTERN=m-status-bar-legible; NAV=NAV-DRAWER; SHELL=SH-PHONE-SHEET; DENSITY=D-DEFAULT; IX=IX-PRIMARY-THUMB; IMPL=push-web,skeleton-css,optimistic-ui,touch-action; FEEL=Content not under status
A1255	m-list-dense	Dense mobile list	mobile-content-patterns	mobile-phone	NAV-WIZARD	SH-PHONE-FEED	D-DEFAULT	IX-INFINITE-SCROLL	PLATFORM=mobile-phone; PATTERN=m-list-dense; NAV=NAV-WIZARD; SHELL=SH-PHONE-FEED; DENSITY=D-DEFAULT; IX=IX-INFINITE-SCROLL; IMPL=vibrate-careful,viewport-meta,will-change-sparing,csrf-safe; FEEL=One primary line + meta
A1256	vpn-desktop	VPN Desktop	industry-app	desktop-web	NAV-SIDE-RAIL	SH-DESK-RAIL-MAIN	D-DEFAULT	IX-KEYBOARD-SHORTCUTS	PLATFORM=desktop-web; PATTERN=vpn-desktop; NAV=NAV-SIDE-RAIL; SHELL=SH-DESK-RAIL-MAIN; DENSITY=D-DEFAULT; IX=IX-KEYBOARD-SHORTCUTS; IMPL=session-timeout,error-boundary-ui,fine-pointer,live-region; FEEL=connect routes
A1257	m-profile-me	Profile / Me tab	mobile-structure	mobile-phone	NAV-BOTTOM-TABS	SH-PHONE-TABS	D-DEFAULT	IX-PRIMARY-THUMB	PLATFORM=mobile-phone; PATTERN=m-profile-me; NAV=NAV-BOTTOM-TABS; SHELL=SH-PHONE-TABS; DENSITY=D-DEFAULT; IX=IX-PRIMARY-THUMB; IMPL=flex-phone-column,content-visibility,aria-expanded,biometric-webauthn; FEEL=Account + prefs entry
A1258	hotel-mobile	Hotel Mobile	industry-app	mobile-phone	NAV-BOTTOM-TABS	SH-PHONE-TABS	D-DEFAULT	IX-PRIMARY-THUMB	PLATFORM=mobile-phone; PATTERN=hotel-mobile; NAV=NAV-BOTTOM-TABS; SHELL=SH-PHONE-TABS; DENSITY=D-DEFAULT; IX=IX-PRIMARY-THUMB; IMPL=csrf-safe,coarse-pointer,tap-highlight,scroll-padding; FEEL=stay key services
A1259	restaurant-backoffice	Restaurant Backoffice	industry-app	desktop-web	NAV-SIDE-RAIL	SH-DESK-DATAGRID	D-COMPACT	IX-KEYBOARD-SHORTCUTS	PLATFORM=desktop-web; PATTERN=restaurant-backoffice; NAV=NAV-SIDE-RAIL; SHELL=SH-DESK-DATAGRID; DENSITY=D-COMPACT; IX=IX-KEYBOARD-SHORTCUTS; IMPL=hotkeys,grid-app-shell,command-palette-js,dialog-element; FEEL=menus labour
A1260	email-mobile	Mobile Email	industry-app	mobile-phone	NAV-STACK-PUSH	SH-PHONE-STACK	D-DEFAULT	IX-PRIMARY-THUMB	PLATFORM=mobile-phone; PATTERN=email-mobile; NAV=NAV-STACK-PUSH; SHELL=SH-PHONE-STACK; DENSITY=D-DEFAULT; IX=IX-PRIMARY-THUMB; IMPL=prefers-contrast,viewport-meta,biometric-webauthn,form-novalidate; FEEL=inbox thread compose
A1261	commerce-mobile	Mobile Commerce	industry-app	mobile-phone	NAV-DRAWER	SH-RESPONSIVE-COLLAPSE	D-TOUCH-COMFORT	IX-PRIMARY-THUMB	PLATFORM=mobile-phone; PATTERN=commerce-mobile; NAV=NAV-DRAWER; SHELL=SH-RESPONSIVE-COLLAPSE; DENSITY=D-TOUCH-COMFORT; IX=IX-PRIMARY-THUMB; IMPL=dvh-units,skeleton-css,viewport-meta,inputmode; FEEL=browse pdp cart checkout
A1262	event-mobile	Event Mobile	industry-app	mobile-phone	NAV-BOTTOM-TABS	SH-PHONE-STACK	D-DEFAULT	IX-PRIMARY-THUMB	PLATFORM=mobile-phone; PATTERN=event-mobile; NAV=NAV-BOTTOM-TABS; SHELL=SH-PHONE-STACK; DENSITY=D-DEFAULT; IX=IX-PRIMARY-THUMB; IMPL=aria-current,content-visibility,bottom-nav-fixed,pointer-events; FEEL=agenda tickets map
A1263	podcast-desktop	Podcast Desktop	industry-app	desktop-web	NAV-SIDE-RAIL	SH-DESK-RAIL-MAIN	D-DEFAULT	IX-KEYBOARD-SHORTCUTS	PLATFORM=desktop-web; PATTERN=podcast-desktop; NAV=NAV-SIDE-RAIL; SHELL=SH-DESK-RAIL-MAIN; DENSITY=D-DEFAULT; IX=IX-KEYBOARD-SHORTCUTS; IMPL=pointer-events,focus-visible,command-palette-js,focus-trap; FEEL=library queue
A1264	m-status-bar-legible	Status bar legible	mobile-touch-a11y	mobile-phone	NAV-STACK-PUSH	SH-PHONE-STACK	D-DEFAULT	IX-PRIMARY-THUMB	PLATFORM=mobile-phone; PATTERN=m-status-bar-legible; NAV=NAV-STACK-PUSH; SHELL=SH-PHONE-STACK; DENSITY=D-DEFAULT; IX=IX-PRIMARY-THUMB; IMPL=sticky-footer-cta,safe-area-css,content-visibility,abort-controller; FEEL=Content not under status
A1265	x-destructive-confirm	Destructive confirm	cross-platform-app	responsive-app	NAV-TOOLBAR	SH-DESK-TOOL-CANVAS	D-DEFAULT	IX-UNDO-TOAST	PLATFORM=responsive-app; PATTERN=x-destructive-confirm; NAV=NAV-TOOLBAR; SHELL=SH-DESK-TOOL-CANVAS; DENSITY=D-DEFAULT; IX=IX-UNDO-TOAST; IMPL=prefers-color-scheme,csrf-safe,error-boundary-ui,roving-tabindex; FEEL=Typed confirm or undo
A1266	crm-desktop	CRM Desktop	industry-app	desktop-web	NAV-SIDE-RAIL	SH-DESK-DATAGRID	D-COMPACT	IX-KEYBOARD-SHORTCUTS	PLATFORM=desktop-web; PATTERN=crm-desktop; NAV=NAV-SIDE-RAIL; SHELL=SH-DESK-DATAGRID; DENSITY=D-COMPACT; IX=IX-KEYBOARD-SHORTCUTS; IMPL=intersection-infinite,clipboard-api,prefers-reduced-motion,csrf-safe; FEEL=pipeline contacts
A1267	devtool-desktop	Developer Tool	industry-app	desktop-web	NAV-MENUBAR	SH-DESK-RAIL-MAIN-INSP	D-COMPACT	IX-KEYBOARD-SHORTCUTS	PLATFORM=desktop-web; PATTERN=devtool-desktop; NAV=NAV-MENUBAR; SHELL=SH-DESK-RAIL-MAIN-INSP; DENSITY=D-COMPACT; IX=IX-KEYBOARD-SHORTCUTS; IMPL=skeleton-css,csrf-safe,intersection-infinite,will-change-sparing; FEEL=editor panels on demand
A1268	vpn-desktop	VPN Desktop	industry-app	desktop-web	NAV-COMMAND-PALETTE	SH-DESK-IDE-LITE	D-DEFAULT	IX-KEYBOARD-SHORTCUTS	PLATFORM=desktop-web; PATTERN=vpn-desktop; NAV=NAV-COMMAND-PALETTE; SHELL=SH-DESK-IDE-LITE; DENSITY=D-DEFAULT; IX=IX-KEYBOARD-SHORTCUTS; IMPL=error-boundary-ui,popover-api,abort-controller,live-region; FEEL=connect routes
A1269	d-wizard-desktop	Desktop wizard modal	desktop-structure	desktop-web	NAV-MENUBAR	SH-DESK-TOOL-CANVAS	D-COMFORTABLE	IX-KEYBOARD-SHORTCUTS	PLATFORM=desktop-web; PATTERN=d-wizard-desktop; NAV=NAV-MENUBAR; SHELL=SH-DESK-TOOL-CANVAS; DENSITY=D-COMFORTABLE; IX=IX-KEYBOARD-SHORTCUTS; IMPL=debounce-search,popover-api,prefers-reduced-motion,optimistic-ui; FEEL=Centered steps
A1270	os-macos-toolbar	macOS toolbar	os-patterns	desktop-web	NAV-WIZARD	SH-TABLET-RAIL	D-DEFAULT	IX-KEYBOARD-SHORTCUTS	PLATFORM=desktop-web; PATTERN=os-macos-toolbar; NAV=NAV-WIZARD; SHELL=SH-TABLET-RAIL; DENSITY=D-DEFAULT; IX=IX-KEYBOARD-SHORTCUTS; IMPL=focus-trap,fine-pointer,skeleton-css,container-queries; FEEL=Unified titlebar toolbar
A1271	d-rail-main-inspector	Rail + main + inspector	desktop-structure	desktop-web	NAV-SIDE-RAIL	SH-DESK-RAIL-MAIN-INSP	D-COMPACT	IX-KEYBOARD-SHORTCUTS	PLATFORM=desktop-web; PATTERN=d-rail-main-inspector; NAV=NAV-SIDE-RAIL; SHELL=SH-DESK-RAIL-MAIN-INSP; DENSITY=D-COMPACT; IX=IX-KEYBOARD-SHORTCUTS; IMPL=abort-controller,intersection-infinite,clipboard-api,fine-pointer; FEEL=Selection details; not idle triple
A1272	inventory-desktop	Inventory Desktop	industry-app	desktop-web	NAV-SIDE-RAIL	SH-DESK-DATAGRID	D-COMPACT	IX-KEYBOARD-SHORTCUTS	PLATFORM=desktop-web; PATTERN=inventory-desktop; NAV=NAV-SIDE-RAIL; SHELL=SH-DESK-DATAGRID; DENSITY=D-COMPACT; IX=IX-KEYBOARD-SHORTCUTS; IMPL=popover-api,live-region,pointer-events,prefers-reduced-motion; FEEL=SKU grid adjust
A1273	iot-desktop	IoT Desktop	industry-app	desktop-web	NAV-SIDE-RAIL	SH-DESK-DASH	D-COMPACT	IX-KEYBOARD-SHORTCUTS	PLATFORM=desktop-web; PATTERN=iot-desktop; NAV=NAV-SIDE-RAIL; SHELL=SH-DESK-DASH; DENSITY=D-COMPACT; IX=IX-KEYBOARD-SHORTCUTS; IMPL=hotkeys,focus-trap,overscroll,will-change-sparing; FEEL=fleet grid map
A1274	d-comfortable-tables	Comfortable tables	desktop-density-keyboard	desktop-web	NAV-SIDE-RAIL	SH-TABLET-SPLIT	D-DEFAULT	IX-PAGINATION	PLATFORM=desktop-web; PATTERN=d-comfortable-tables; NAV=NAV-SIDE-RAIL; SHELL=SH-TABLET-SPLIT; DENSITY=D-DEFAULT; IX=IX-PAGINATION; IMPL=roving-tabindex,aria-current,form-novalidate,will-change-sparing; FEEL=Readable rows
A1275	d-progressive-more	More/Fewer options	desktop-density-keyboard	desktop-web	NAV-SIDE-RAIL	SH-DESK-RAIL-MAIN	D-DEFAULT	IX-FILTER-CHIPS	PLATFORM=desktop-web; PATTERN=d-progressive-more; NAV=NAV-SIDE-RAIL; SHELL=SH-DESK-RAIL-MAIN; DENSITY=D-DEFAULT; IX=IX-FILTER-CHIPS; IMPL=prefers-color-scheme,grid-app-shell,roving-tabindex,error-boundary-ui; FEEL=Hide rare advanced
A1276	m-wizard-fullscreen	Fullscreen wizard	mobile-structure	mobile-phone	NAV-WIZARD	SH-PHONE-STACK	D-COMFORTABLE	IX-PRIMARY-THUMB	PLATFORM=mobile-phone; PATTERN=m-wizard-fullscreen; NAV=NAV-WIZARD; SHELL=SH-PHONE-STACK; DENSITY=D-COMFORTABLE; IX=IX-PRIMARY-THUMB; IMPL=biometric-webauthn,optimistic-ui,dialog-element,intersection-infinite; FEEL=Step chrome only
A1277	m-edit-modal	Edit modal	mobile-structure	mobile-phone	NAV-MODAL-SHEET	SH-PHONE-SHEET	D-DEFAULT	IX-PRIMARY-THUMB	PLATFORM=mobile-phone; PATTERN=m-edit-modal; NAV=NAV-MODAL-SHEET; SHELL=SH-PHONE-SHEET; DENSITY=D-DEFAULT; IX=IX-PRIMARY-THUMB; IMPL=aria-expanded,debounce-search,history-stack,will-change-sparing; FEEL=Block context for edit
A1278	d-file-manager	File manager	desktop-structure	desktop-web	NAV-MENUBAR	SH-TABLET-SPLIT	D-COMPACT	IX-KEYBOARD-SHORTCUTS	PLATFORM=desktop-web; PATTERN=d-file-manager; NAV=NAV-MENUBAR; SHELL=SH-TABLET-SPLIT; DENSITY=D-COMPACT; IX=IX-KEYBOARD-SHORTCUTS; IMPL=popover-api,debounce-search,form-novalidate,intersection-infinite; FEEL=Tree | files | preview
A1279	m-auth-focus	Auth focus flow	mobile-structure	mobile-phone	NAV-NONE-FOCUS	SH-PHONE-SHEET	D-COMFORTABLE	IX-PRIMARY-THUMB	PLATFORM=mobile-phone; PATTERN=m-auth-focus; NAV=NAV-NONE-FOCUS; SHELL=SH-PHONE-SHEET; DENSITY=D-COMFORTABLE; IX=IX-PRIMARY-THUMB; IMPL=hover-media,app-badge,matchmedia,content-visibility; FEEL=No app chrome
A1280	gaming-mobile	Casual Game Shell	industry-app	mobile-phone	NAV-BOTTOM-SHEET	SH-RESPONSIVE-COLLAPSE	D-TOUCH-COMFORT	IX-PRIMARY-THUMB	PLATFORM=mobile-phone; PATTERN=gaming-mobile; NAV=NAV-BOTTOM-SHEET; SHELL=SH-RESPONSIVE-COLLAPSE; DENSITY=D-TOUCH-COMFORT; IX=IX-PRIMARY-THUMB; IMPL=prefers-reduced-motion,autocomplete,virtual-list,focus-trap; FEEL=play overlay menus
A1281	d-analytics-explore	Analytics explore	desktop-structure	desktop-web	NAV-TOP-TABS	SH-RESPONSIVE-COLLAPSE	D-COMPACT	IX-KEYBOARD-SHORTCUTS	PLATFORM=desktop-web; PATTERN=d-analytics-explore; NAV=NAV-TOP-TABS; SHELL=SH-RESPONSIVE-COLLAPSE; DENSITY=D-COMPACT; IX=IX-KEYBOARD-SHORTCUTS; IMPL=debounce-search,scroll-padding,focus-visible,aria-current; FEEL=Query builder + results
A1282	smart-home-mobile	Smart Home Mobile	industry-app	mobile-phone	NAV-TOP-TABS	SH-PHONE-SHEET	D-DEFAULT	IX-PRIMARY-THUMB	PLATFORM=mobile-phone; PATTERN=smart-home-mobile; NAV=NAV-TOP-TABS; SHELL=SH-PHONE-SHEET; DENSITY=D-DEFAULT; IX=IX-PRIMARY-THUMB; IMPL=aria-current,prefers-contrast,live-region,overscroll; FEEL=rooms scenes devices
A1283	finance-markets-desktop	Markets Desktop	industry-app	desktop-web	NAV-SIDE-RAIL	SH-DESK-DATAGRID	D-COMPACT	IX-KEYBOARD-SHORTCUTS	PLATFORM=desktop-web; PATTERN=finance-markets-desktop; NAV=NAV-SIDE-RAIL; SHELL=SH-DESK-DATAGRID; DENSITY=D-COMPACT; IX=IX-KEYBOARD-SHORTCUTS; IMPL=prefers-color-scheme,popover-api,command-palette-js,roving-tabindex; FEEL=blotter charts
A1284	d-timeline-gantt	Timeline/Gantt	desktop-structure	desktop-web	NAV-TOOLBAR	SH-DESK-TOOL-CANVAS	D-COMPACT	IX-KEYBOARD-SHORTCUTS	PLATFORM=desktop-web; PATTERN=d-timeline-gantt; NAV=NAV-TOOLBAR; SHELL=SH-DESK-TOOL-CANVAS; DENSITY=D-COMPACT; IX=IX-KEYBOARD-SHORTCUTS; IMPL=focus-visible,error-boundary-ui,scroll-padding,command-palette-js; FEEL=Time as structure
A1285	field-service-desktop	Field Service Desktop	industry-app	desktop-web	NAV-WIZARD	SH-RESPONSIVE-COLLAPSE	D-COMPACT	IX-KEYBOARD-SHORTCUTS	PLATFORM=desktop-web; PATTERN=field-service-desktop; NAV=NAV-WIZARD; SHELL=SH-RESPONSIVE-COLLAPSE; DENSITY=D-COMPACT; IX=IX-KEYBOARD-SHORTCUTS; IMPL=drag-drop-desktop,live-region,url-state,content-visibility; FEEL=schedule board
A1286	m-map-first	Map-first mobile	mobile-structure	mobile-phone	NAV-BOTTOM-SHEET	SH-PHONE-SHEET	D-TOUCH-COMFORT	IX-PRIMARY-THUMB	PLATFORM=mobile-phone; PATTERN=m-map-first; NAV=NAV-BOTTOM-SHEET; SHELL=SH-PHONE-SHEET; DENSITY=D-TOUCH-COMFORT; IX=IX-PRIMARY-THUMB; IMPL=content-visibility,network-information,prefers-color-scheme,focus-visible; FEEL=Map stage + sheet
A1287	m-focus-visible-mobile	Focus visible when keyboard	mobile-touch-a11y	mobile-phone	NAV-STACK-PUSH	SH-PHONE-STACK	D-DEFAULT	IX-KEYBOARD-SHORTCUTS	PLATFORM=mobile-phone; PATTERN=m-focus-visible-mobile; NAV=NAV-STACK-PUSH; SHELL=SH-PHONE-STACK; DENSITY=D-DEFAULT; IX=IX-KEYBOARD-SHORTCUTS; IMPL=bottom-nav-fixed,prefers-color-scheme,scroll-padding,safe-area-css; FEEL=External keyboard / a11y
A1288	tax-desktop	Tax Desktop	industry-app	desktop-web	NAV-WIZARD	SH-DESK-DOCUMENT	D-DEFAULT	IX-KEYBOARD-SHORTCUTS	PLATFORM=desktop-web; PATTERN=tax-desktop; NAV=NAV-WIZARD; SHELL=SH-DESK-DOCUMENT; DENSITY=D-DEFAULT; IX=IX-KEYBOARD-SHORTCUTS; IMPL=localstorage-prefs,aria-expanded,popover-api,error-boundary-ui; FEEL=forms wizard review
A1289	music-desktop	Music Desktop	industry-app	desktop-web	NAV-MASTER-DETAIL	SH-DESK-RAIL-MAIN	D-DEFAULT	IX-KEYBOARD-SHORTCUTS	PLATFORM=desktop-web; PATTERN=music-desktop; NAV=NAV-MASTER-DETAIL; SHELL=SH-DESK-RAIL-MAIN; DENSITY=D-DEFAULT; IX=IX-KEYBOARD-SHORTCUTS; IMPL=clipboard-api,popover-api,focus-visible,url-state; FEEL=library player queue
A1290	podcast-desktop	Podcast Desktop	industry-app	desktop-web	NAV-TOP-TABS	SH-DESK-DATAGRID	D-DEFAULT	IX-KEYBOARD-SHORTCUTS	PLATFORM=desktop-web; PATTERN=podcast-desktop; NAV=NAV-TOP-TABS; SHELL=SH-DESK-DATAGRID; DENSITY=D-DEFAULT; IX=IX-KEYBOARD-SHORTCUTS; IMPL=roving-tabindex,will-change-sparing,debounce-search,scroll-padding; FEEL=library queue
A1291	m-create-sheet	Create via sheet	mobile-structure	mobile-phone	NAV-DRAWER	SH-PHONE-SHEET	D-DEFAULT	IX-PRIMARY-THUMB	PLATFORM=mobile-phone; PATTERN=m-create-sheet; NAV=NAV-DRAWER; SHELL=SH-PHONE-SHEET; DENSITY=D-DEFAULT; IX=IX-PRIMARY-THUMB; IMPL=pointer-events,file-capture,abort-controller,touch-action; FEEL=Compose in sheet
A1292	weather-mobile	Weather Mobile	industry-app	mobile-phone	NAV-BOTTOM-TABS	SH-PHONE-STACK	D-COMFORTABLE	IX-PRIMARY-THUMB	PLATFORM=mobile-phone; PATTERN=weather-mobile; NAV=NAV-BOTTOM-TABS; SHELL=SH-PHONE-STACK; DENSITY=D-COMFORTABLE; IX=IX-PRIMARY-THUMB; IMPL=overscroll,prefers-contrast,prefers-reduced-motion,scroll-padding; FEEL=conditions hourly
A1293	m-wizard-fullscreen	Fullscreen wizard	mobile-structure	mobile-phone	NAV-WIZARD	SH-PHONE-CANVAS	D-COMFORTABLE	IX-PRIMARY-THUMB	PLATFORM=mobile-phone; PATTERN=m-wizard-fullscreen; NAV=NAV-WIZARD; SHELL=SH-PHONE-CANVAS; DENSITY=D-COMFORTABLE; IX=IX-PRIMARY-THUMB; IMPL=abort-controller,dvh-units,dialog-element,aria-expanded; FEEL=Step chrome only
A1294	insurance-desktop	Insurance Desktop	industry-app	desktop-web	NAV-SIDE-RAIL	SH-DESK-DATAGRID	D-COMPACT	IX-KEYBOARD-SHORTCUTS	PLATFORM=desktop-web; PATTERN=insurance-desktop; NAV=NAV-SIDE-RAIL; SHELL=SH-DESK-DATAGRID; DENSITY=D-COMPACT; IX=IX-KEYBOARD-SHORTCUTS; IMPL=prefers-color-scheme,focus-trap,abort-controller,resize-observer; FEEL=policies claims queue
A1295	printer-admin-desktop	Print Admin	industry-app	desktop-web	NAV-SIDE-RAIL	SH-DESK-DATAGRID	D-COMPACT	IX-KEYBOARD-SHORTCUTS	PLATFORM=desktop-web; PATTERN=printer-admin-desktop; NAV=NAV-SIDE-RAIL; SHELL=SH-DESK-DATAGRID; DENSITY=D-COMPACT; IX=IX-KEYBOARD-SHORTCUTS; IMPL=focus-visible,fine-pointer,command-palette-js,container-queries; FEEL=queues devices
A1296	m-no-hover	No hover-only	mobile-touch-a11y	mobile-phone	NAV-STACK-PUSH	SH-PHONE-STACK	D-DEFAULT	IX-PRIMARY-THUMB	PLATFORM=mobile-phone; PATTERN=m-no-hover; NAV=NAV-STACK-PUSH; SHELL=SH-PHONE-STACK; DENSITY=D-DEFAULT; IX=IX-PRIMARY-THUMB; IMPL=inputmode,sticky-footer-cta,tap-highlight,flex-phone-column; FEEL=All actions visible/tappable
A1297	notes-desktop	Notes Desktop	industry-app	desktop-web	NAV-BREADCRUMB	SH-TABLET-RAIL	D-DEFAULT	IX-KEYBOARD-SHORTCUTS	PLATFORM=desktop-web; PATTERN=notes-desktop; NAV=NAV-BREADCRUMB; SHELL=SH-TABLET-RAIL; DENSITY=D-DEFAULT; IX=IX-KEYBOARD-SHORTCUTS; IMPL=aria-current,drag-drop-desktop,resize-observer,form-novalidate; FEEL=sidebar editor
A1298	calendar-mobile	Mobile Calendar	industry-app	mobile-phone	NAV-BOTTOM-TABS	SH-PHONE-TABS	D-DEFAULT	IX-PRIMARY-THUMB	PLATFORM=mobile-phone; PATTERN=calendar-mobile; NAV=NAV-BOTTOM-TABS; SHELL=SH-PHONE-TABS; DENSITY=D-DEFAULT; IX=IX-PRIMARY-THUMB; IMPL=matchmedia,min-touch,app-badge,vibrate-careful; FEEL=agenda day create
A1299	notes-desktop	Notes Desktop	industry-app	desktop-web	NAV-SIDE-TREE	SH-DESK-RAIL-MAIN-INSP	D-DEFAULT	IX-KEYBOARD-SHORTCUTS	PLATFORM=desktop-web; PATTERN=notes-desktop; NAV=NAV-SIDE-TREE; SHELL=SH-DESK-RAIL-MAIN-INSP; DENSITY=D-DEFAULT; IX=IX-KEYBOARD-SHORTCUTS; IMPL=drag-drop-desktop,autocomplete,abort-controller,aria-expanded; FEEL=sidebar editor
A1300	devtool-desktop	Developer Tool	industry-app	desktop-web	NAV-SIDE-RAIL	SH-DESK-IDE-LITE	D-COMPACT	IX-KEYBOARD-SHORTCUTS	PLATFORM=desktop-web; PATTERN=devtool-desktop; NAV=NAV-SIDE-RAIL; SHELL=SH-DESK-IDE-LITE; DENSITY=D-COMPACT; IX=IX-KEYBOARD-SHORTCUTS; IMPL=aria-current,localstorage-prefs,url-state,content-visibility; FEEL=editor panels on demand
A1301	m-hamburger-secondary	Drawer for secondary only	mobile-structure	mobile-phone	NAV-NONE-FOCUS	SH-PHONE-SHEET	D-DEFAULT	IX-PRIMARY-THUMB	PLATFORM=mobile-phone; PATTERN=m-hamburger-secondary; NAV=NAV-NONE-FOCUS; SHELL=SH-PHONE-SHEET; DENSITY=D-DEFAULT; IX=IX-PRIMARY-THUMB; IMPL=history-stack,prefers-color-scheme,aria-current,focus-trap; FEEL=Not for primary 5 destinations
A1302	x-responsive-collapse	Responsive collapse	cross-platform-app	responsive-app	NAV-NONE-FOCUS	SH-TABLET-RAIL	D-DEFAULT	IX-EMPTY-CTA	PLATFORM=responsive-app; PATTERN=x-responsive-collapse; NAV=NAV-NONE-FOCUS; SHELL=SH-TABLET-RAIL; DENSITY=D-DEFAULT; IX=IX-EMPTY-CTA; IMPL=roving-tabindex,pointer-events,virtual-list,type-date; FEEL=Split→stack at breakpoint
A1303	os-win-titlebar	Windows titlebar patterns	os-patterns	desktop-web	NAV-MENUBAR	SH-DESK-DOCUMENT	D-DEFAULT	IX-KEYBOARD-SHORTCUTS	PLATFORM=desktop-web; PATTERN=os-win-titlebar; NAV=NAV-MENUBAR; SHELL=SH-DESK-DOCUMENT; DENSITY=D-DEFAULT; IX=IX-KEYBOARD-SHORTCUTS; IMPL=drag-drop-desktop,scroll-padding,prefers-contrast,grid-app-shell; FEEL=App icon caption buttons
A1304	event-mobile	Event Mobile	industry-app	mobile-phone	NAV-TOP-TABS	SH-PHONE-TABS	D-DEFAULT	IX-PRIMARY-THUMB	PLATFORM=mobile-phone; PATTERN=event-mobile; NAV=NAV-TOP-TABS; SHELL=SH-PHONE-TABS; DENSITY=D-DEFAULT; IX=IX-PRIMARY-THUMB; IMPL=type-date,flex-phone-column,matchmedia,virtual-list; FEEL=agenda tickets map
A1305	x-empty-permission	Empty by permission	cross-platform-app	responsive-app	NAV-NONE-FOCUS	SH-RESPONSIVE-COLLAPSE	D-DEFAULT	IX-EMPTY-CTA	PLATFORM=responsive-app; PATTERN=x-empty-permission; NAV=NAV-NONE-FOCUS; SHELL=SH-RESPONSIVE-COLLAPSE; DENSITY=D-DEFAULT; IX=IX-EMPTY-CTA; IMPL=session-timeout,hotkeys,skeleton-css,vibrate-careful; FEEL=Explain access gap
A1306	d-keyboard-nav	Full keyboard nav	desktop-density-keyboard	desktop-web	NAV-SIDE-RAIL	SH-TABLET-RAIL	D-DEFAULT	IX-KEYBOARD-SHORTCUTS	PLATFORM=desktop-web; PATTERN=d-keyboard-nav; NAV=NAV-SIDE-RAIL; SHELL=SH-TABLET-RAIL; DENSITY=D-DEFAULT; IX=IX-KEYBOARD-SHORTCUTS; IMPL=grid-app-shell,debounce-search,clipboard-api,live-region; FEEL=Tab order, roving tabindex lists
A1307	finance-markets-mobile	Markets Mobile	industry-app	responsive-app	NAV-BOTTOM-TABS	SH-PHONE-TABS	D-DEFAULT	IX-PRIMARY-THUMB	PLATFORM=responsive-app; PATTERN=finance-markets-mobile; NAV=NAV-BOTTOM-TABS; SHELL=SH-PHONE-TABS; DENSITY=D-DEFAULT; IX=IX-PRIMARY-THUMB; IMPL=matchmedia,biometric-webauthn,flex-phone-column,prefers-reduced-motion; FEEL=watchlist quotes
A1308	library-mobile	Library Mobile	industry-app	mobile-phone	NAV-BOTTOM-TABS	SH-PHONE-TABS	D-DEFAULT	IX-PRIMARY-THUMB	PLATFORM=mobile-phone; PATTERN=library-mobile; NAV=NAV-BOTTOM-TABS; SHELL=SH-PHONE-TABS; DENSITY=D-DEFAULT; IX=IX-PRIMARY-THUMB; IMPL=touch-action,pointer-events,safe-area-css,scroll-padding; FEEL=search loans
A1309	d-rail-main-inspector	Rail + main + inspector	desktop-structure	desktop-web	NAV-NONE-FOCUS	SH-TABLET-RAIL	D-COMPACT	IX-KEYBOARD-SHORTCUTS	PLATFORM=desktop-web; PATTERN=d-rail-main-inspector; NAV=NAV-NONE-FOCUS; SHELL=SH-TABLET-RAIL; DENSITY=D-COMPACT; IX=IX-KEYBOARD-SHORTCUTS; IMPL=matchmedia,roving-tabindex,content-visibility,dialog-element; FEEL=Selection details; not idle triple
A1310	m-form-multipage	Multi-page form	mobile-content-patterns	mobile-phone	NAV-WIZARD	SH-PHONE-STACK	D-DEFAULT	IX-PRIMARY-THUMB	PLATFORM=mobile-phone; PATTERN=m-form-multipage; NAV=NAV-WIZARD; SHELL=SH-PHONE-STACK; DENSITY=D-DEFAULT; IX=IX-PRIMARY-THUMB; IMPL=install-pwa,min-touch,dvh-units,coarse-pointer; FEEL=Save draft between pages
A1311	vpn-mobile	VPN Mobile	industry-app	mobile-phone	NAV-STACK-PUSH	SH-PHONE-STACK	D-DEFAULT	IX-PRIMARY-THUMB	PLATFORM=mobile-phone; PATTERN=vpn-mobile; NAV=NAV-STACK-PUSH; SHELL=SH-PHONE-STACK; DENSITY=D-DEFAULT; IX=IX-PRIMARY-THUMB; IMPL=bottom-nav-fixed,push-web,network-information,safe-area-css; FEEL=connect status regions
A1312	gov-services-desktop	Gov Services Desktop	industry-app	desktop-web	NAV-SIDE-RAIL	SH-DESK-DATAGRID	D-DEFAULT	IX-KEYBOARD-SHORTCUTS	PLATFORM=desktop-web; PATTERN=gov-services-desktop; NAV=NAV-SIDE-RAIL; SHELL=SH-DESK-DATAGRID; DENSITY=D-DEFAULT; IX=IX-KEYBOARD-SHORTCUTS; IMPL=matchmedia,focus-trap,debounce-search,scroll-padding; FEEL=cases queue
A1313	m-search-tab	Search as tab	mobile-structure	mobile-phone	NAV-NONE-FOCUS	SH-RESPONSIVE-COLLAPSE	D-DEFAULT	IX-PRIMARY-THUMB	PLATFORM=mobile-phone; PATTERN=m-search-tab; NAV=NAV-NONE-FOCUS; SHELL=SH-RESPONSIVE-COLLAPSE; DENSITY=D-DEFAULT; IX=IX-PRIMARY-THUMB; IMPL=optimistic-ui,flex-phone-column,will-change-sparing,focus-visible; FEEL=Search is a root job
A1314	m-biometric-gate	Biometric gate	mobile-structure	mobile-phone	NAV-NONE-FOCUS	SH-PHONE-STACK	D-COMFORTABLE	IX-PRIMARY-THUMB	PLATFORM=mobile-phone; PATTERN=m-biometric-gate; NAV=NAV-NONE-FOCUS; SHELL=SH-PHONE-STACK; DENSITY=D-COMFORTABLE; IX=IX-PRIMARY-THUMB; IMPL=hover-media,bottom-nav-fixed,safe-area-css,inputmode; FEEL=Local auth then app
A1315	d-menubar-classic	Classic menubar	desktop-structure	desktop-web	NAV-MENUBAR	SH-DESK-DOCUMENT	D-DEFAULT	IX-KEYBOARD-SHORTCUTS	PLATFORM=desktop-web; PATTERN=d-menubar-classic; NAV=NAV-MENUBAR; SHELL=SH-DESK-DOCUMENT; DENSITY=D-DEFAULT; IX=IX-KEYBOARD-SHORTCUTS; IMPL=roving-tabindex,resize-observer,abort-controller,container-queries; FEEL=File/Edit/View…
A1316	d-dashboard-ops	Ops dashboard	desktop-structure	desktop-web	NAV-SIDE-RAIL	SH-DESK-DASH	D-DEFAULT	IX-KEYBOARD-SHORTCUTS	PLATFORM=desktop-web; PATTERN=d-dashboard-ops; NAV=NAV-SIDE-RAIL; SHELL=SH-DESK-DASH; DENSITY=D-DEFAULT; IX=IX-KEYBOARD-SHORTCUTS; IMPL=hover-media,prefers-color-scheme,matchmedia,abort-controller; FEEL=KPI + one focus viz
A1317	analytics-mobile	Analytics Mobile	industry-app	mobile-phone	NAV-TAB+STACK	SH-PHONE-SHEET	D-DEFAULT	IX-PRIMARY-THUMB	PLATFORM=mobile-phone; PATTERN=analytics-mobile; NAV=NAV-TAB+STACK; SHELL=SH-PHONE-SHEET; DENSITY=D-DEFAULT; IX=IX-PRIMARY-THUMB; IMPL=history-stack,content-visibility,install-pwa,focus-visible; FEEL=kpi cards drill
A1318	logistics-desktop	Dispatch Desktop	industry-app	desktop-web	NAV-NONE-FOCUS	SH-DESK-RAIL-MAIN-INSP	D-COMPACT	IX-KEYBOARD-SHORTCUTS	PLATFORM=desktop-web; PATTERN=logistics-desktop; NAV=NAV-NONE-FOCUS; SHELL=SH-DESK-RAIL-MAIN-INSP; DENSITY=D-COMPACT; IX=IX-KEYBOARD-SHORTCUTS; IMPL=prefers-contrast,autocomplete,overscroll,skeleton-css; FEEL=board map assign
A1319	m-target-spacing	Target spacing	mobile-touch-a11y	mobile-phone	NAV-STACK-PUSH	SH-PHONE-STACK	D-TOUCH-COMFORT	IX-PRIMARY-THUMB	PLATFORM=mobile-phone; PATTERN=m-target-spacing; NAV=NAV-STACK-PUSH; SHELL=SH-PHONE-STACK; DENSITY=D-TOUCH-COMFORT; IX=IX-PRIMARY-THUMB; IMPL=dialog-element,app-badge,inputmode,biometric-webauthn; FEEL=Avoid mis-taps between actions
A1320	m-grid-2col	2-column grid	mobile-content-patterns	mobile-phone	NAV-STACK-PUSH	SH-RESPONSIVE-COLLAPSE	D-DEFAULT	IX-INFINITE-SCROLL	PLATFORM=mobile-phone; PATTERN=m-grid-2col; NAV=NAV-STACK-PUSH; SHELL=SH-RESPONSIVE-COLLAPSE; DENSITY=D-DEFAULT; IX=IX-INFINITE-SCROLL; IMPL=content-visibility,network-information,focus-trap,history-stack; FEEL=Gallery/products
A1321	agriculture-mobile	Ag Mobile	industry-app	mobile-phone	NAV-TAB+STACK	SH-PHONE-CANVAS	D-TOUCH-COMFORT	IX-PRIMARY-THUMB	PLATFORM=mobile-phone; PATTERN=agriculture-mobile; NAV=NAV-TAB+STACK; SHELL=SH-PHONE-CANVAS; DENSITY=D-TOUCH-COMFORT; IX=IX-PRIMARY-THUMB; IMPL=form-novalidate,error-boundary-ui,history-stack,live-region; FEEL=fields tasks weather
A1322	design-tool-desktop	Design Tool	industry-app	desktop-web	NAV-SIDE-RAIL	SH-RESPONSIVE-COLLAPSE	D-DEFAULT	IX-KEYBOARD-SHORTCUTS	PLATFORM=desktop-web; PATTERN=design-tool-desktop; NAV=NAV-SIDE-RAIL; SHELL=SH-RESPONSIVE-COLLAPSE; DENSITY=D-DEFAULT; IX=IX-KEYBOARD-SHORTCUTS; IMPL=autocomplete,drag-drop-desktop,virtual-list,aria-expanded; FEEL=canvas tools
A1323	food-courier-mobile	Courier Mobile	industry-app	mobile-phone	NAV-STACK-PUSH	SH-PHONE-STACK	D-TOUCH-COMFORT	IX-PRIMARY-THUMB	PLATFORM=mobile-phone; PATTERN=food-courier-mobile; NAV=NAV-STACK-PUSH; SHELL=SH-PHONE-STACK; DENSITY=D-TOUCH-COMFORT; IX=IX-PRIMARY-THUMB; IMPL=pointer-events,focus-visible,overscroll,biometric-webauthn; FEEL=orders nav photo
A1324	m-hero-then-list	Hero then list	mobile-content-patterns	mobile-phone	NAV-STACK-PUSH	SH-PHONE-STACK	D-DEFAULT	IX-EMPTY-CTA	PLATFORM=mobile-phone; PATTERN=m-hero-then-list; NAV=NAV-STACK-PUSH; SHELL=SH-PHONE-STACK; DENSITY=D-DEFAULT; IX=IX-EMPTY-CTA; IMPL=form-novalidate,min-touch,prefers-color-scheme,pointer-events; FEEL=Context then inventory
A1325	mdm-mobile	Device Enrol Mobile	industry-app	mobile-phone	NAV-WIZARD	SH-PHONE-STACK	D-TOUCH-COMFORT	IX-PRIMARY-THUMB	PLATFORM=mobile-phone; PATTERN=mdm-mobile; NAV=NAV-WIZARD; SHELL=SH-PHONE-STACK; DENSITY=D-TOUCH-COMFORT; IX=IX-PRIMARY-THUMB; IMPL=matchmedia,focus-trap,service-worker-offline,hover-media; FEEL=enrol status
A1326	os-ios-inset-grouped	iOS inset grouped list	os-patterns	mobile-phone	NAV-WIZARD	SH-PHONE-SHEET	D-DEFAULT	IX-PRIMARY-THUMB	PLATFORM=mobile-phone; PATTERN=os-ios-inset-grouped; NAV=NAV-WIZARD; SHELL=SH-PHONE-SHEET; DENSITY=D-DEFAULT; IX=IX-PRIMARY-THUMB; IMPL=pointer-events,biometric-webauthn,install-pwa,prefers-reduced-motion; FEEL=Settings style
A1327	education-desktop	LMS Desktop	industry-app	desktop-web	NAV-COMMAND-PALETTE	SH-DESK-IDE-LITE	D-DEFAULT	IX-KEYBOARD-SHORTCUTS	PLATFORM=desktop-web; PATTERN=education-desktop; NAV=NAV-COMMAND-PALETTE; SHELL=SH-DESK-IDE-LITE; DENSITY=D-DEFAULT; IX=IX-KEYBOARD-SHORTCUTS; IMPL=intersection-infinite,abort-controller,popover-api,roving-tabindex; FEEL=courses gradebook
A1328	m-status-bar-legible	Status bar legible	mobile-touch-a11y	mobile-phone	NAV-STACK-PUSH	SH-PHONE-STACK	D-DEFAULT	IX-PRIMARY-THUMB	PLATFORM=mobile-phone; PATTERN=m-status-bar-legible; NAV=NAV-STACK-PUSH; SHELL=SH-PHONE-STACK; DENSITY=D-DEFAULT; IX=IX-PRIMARY-THUMB; IMPL=aria-expanded,intersection-infinite,prefers-reduced-motion,prefers-color-scheme; FEEL=Content not under status
A1329	social-desktop	Social Desktop	industry-app	desktop-web	NAV-SIDE-TREE	SH-DESK-IDE-LITE	D-DEFAULT	IX-KEYBOARD-SHORTCUTS	PLATFORM=desktop-web; PATTERN=social-desktop; NAV=NAV-SIDE-TREE; SHELL=SH-DESK-IDE-LITE; DENSITY=D-DEFAULT; IX=IX-KEYBOARD-SHORTCUTS; IMPL=focus-trap,fine-pointer,drag-drop-desktop,live-region; FEEL=feed optional rail
A1330	education-desktop	LMS Desktop	industry-app	desktop-web	NAV-SIDE-TREE	SH-TABLET-RAIL	D-DEFAULT	IX-KEYBOARD-SHORTCUTS	PLATFORM=desktop-web; PATTERN=education-desktop; NAV=NAV-SIDE-TREE; SHELL=SH-TABLET-RAIL; DENSITY=D-DEFAULT; IX=IX-KEYBOARD-SHORTCUTS; IMPL=prefers-contrast,prefers-reduced-motion,overscroll,aria-expanded; FEEL=courses gradebook
A1331	restaurant-backoffice	Restaurant Backoffice	industry-app	desktop-web	NAV-SIDE-RAIL	SH-DESK-DATAGRID	D-COMPACT	IX-KEYBOARD-SHORTCUTS	PLATFORM=desktop-web; PATTERN=restaurant-backoffice; NAV=NAV-SIDE-RAIL; SHELL=SH-DESK-DATAGRID; DENSITY=D-COMPACT; IX=IX-KEYBOARD-SHORTCUTS; IMPL=container-queries,popover-api,virtual-list,focus-visible; FEEL=menus labour
A1332	m-one-hand	One-handed path	mobile-touch-a11y	mobile-phone	NAV-DRAWER	SH-PHONE-FEED	D-TOUCH-COMFORT	IX-PRIMARY-THUMB	PLATFORM=mobile-phone; PATTERN=m-one-hand; NAV=NAV-DRAWER; SHELL=SH-PHONE-FEED; DENSITY=D-TOUCH-COMFORT; IX=IX-PRIMARY-THUMB; IMPL=push-web,matchmedia,error-boundary-ui,vibrate-careful; FEEL=Critical path without stretch
A1333	d-skip-to-main	Skip to main	desktop-density-keyboard	desktop-web	NAV-SIDE-RAIL	SH-DESK-RAIL-MAIN	D-DEFAULT	IX-KEYBOARD-SHORTCUTS	PLATFORM=desktop-web; PATTERN=d-skip-to-main; NAV=NAV-SIDE-RAIL; SHELL=SH-DESK-RAIL-MAIN; DENSITY=D-DEFAULT; IX=IX-KEYBOARD-SHORTCUTS; IMPL=debounce-search,skeleton-css,abort-controller,intersection-infinite; FEEL=Landmarks + skip link
A1334	tax-desktop	Tax Desktop	industry-app	responsive-app	NAV-MENUBAR	SH-RESPONSIVE-COLLAPSE	D-DEFAULT	IX-KEYBOARD-SHORTCUTS	PLATFORM=responsive-app; PATTERN=tax-desktop; NAV=NAV-MENUBAR; SHELL=SH-RESPONSIVE-COLLAPSE; DENSITY=D-DEFAULT; IX=IX-KEYBOARD-SHORTCUTS; IMPL=flex-phone-column,focus-trap,live-region,coarse-pointer; FEEL=forms wizard review
A1335	d-file-manager	File manager	desktop-structure	desktop-web	NAV-SIDE-TREE	SH-DESK-RAIL-MAIN-INSP	D-COMPACT	IX-KEYBOARD-SHORTCUTS	PLATFORM=desktop-web; PATTERN=d-file-manager; NAV=NAV-SIDE-TREE; SHELL=SH-DESK-RAIL-MAIN-INSP; DENSITY=D-COMPACT; IX=IX-KEYBOARD-SHORTCUTS; IMPL=virtual-list,url-state,focus-trap,command-palette-js; FEEL=Tree | files | preview
A1336	construction-mobile	Construction Mobile	industry-app	mobile-phone	NAV-BOTTOM-TABS	SH-PHONE-TABS	D-TOUCH-COMFORT	IX-PRIMARY-THUMB	PLATFORM=mobile-phone; PATTERN=construction-mobile; NAV=NAV-BOTTOM-TABS; SHELL=SH-PHONE-TABS; DENSITY=D-TOUCH-COMFORT; IX=IX-PRIMARY-THUMB; IMPL=content-visibility,optimistic-ui,focus-trap,form-novalidate; FEEL=site daily photos
A1337	email-mobile	Mobile Email	industry-app	mobile-phone	NAV-STACK-PUSH	SH-PHONE-STACK	D-DEFAULT	IX-PRIMARY-THUMB	PLATFORM=mobile-phone; PATTERN=email-mobile; NAV=NAV-STACK-PUSH; SHELL=SH-PHONE-STACK; DENSITY=D-DEFAULT; IX=IX-PRIMARY-THUMB; IMPL=optimistic-ui,scroll-padding,focus-visible,tap-highlight; FEEL=inbox thread compose
A1338	os-material-top-app-bar	Material top app bar	os-patterns	mobile-phone	NAV-STACK-PUSH	SH-PHONE-STACK	D-DEFAULT	IX-PRIMARY-THUMB	PLATFORM=mobile-phone; PATTERN=os-material-top-app-bar; NAV=NAV-STACK-PUSH; SHELL=SH-PHONE-STACK; DENSITY=D-DEFAULT; IX=IX-PRIMARY-THUMB; IMPL=app-badge,hover-media,service-worker-offline,csrf-safe; FEEL=Nav + actions
A1339	d-ide-lite	IDE-lite	desktop-structure	desktop-web	NAV-SIDE-TREE	SH-RESPONSIVE-COLLAPSE	D-COMPACT	IX-KEYBOARD-SHORTCUTS	PLATFORM=desktop-web; PATTERN=d-ide-lite; NAV=NAV-SIDE-TREE; SHELL=SH-RESPONSIVE-COLLAPSE; DENSITY=D-COMPACT; IX=IX-KEYBOARD-SHORTCUTS; IMPL=debounce-search,hover-media,resize-observer,live-region; FEEL=Editor primary; panels optional
A1340	gov-services-desktop	Gov Services Desktop	industry-app	desktop-web	NAV-SIDE-RAIL	SH-DESK-DATAGRID	D-DEFAULT	IX-KEYBOARD-SHORTCUTS	PLATFORM=desktop-web; PATTERN=gov-services-desktop; NAV=NAV-SIDE-RAIL; SHELL=SH-DESK-DATAGRID; DENSITY=D-DEFAULT; IX=IX-KEYBOARD-SHORTCUTS; IMPL=matchmedia,command-palette-js,scroll-padding,prefers-color-scheme; FEEL=cases queue
A1341	manufacturing-desktop	MES Desktop	industry-app	desktop-web	NAV-SIDE-RAIL	SH-DESK-DATAGRID	D-COMPACT	IX-KEYBOARD-SHORTCUTS	PLATFORM=desktop-web; PATTERN=manufacturing-desktop; NAV=NAV-SIDE-RAIL; SHELL=SH-DESK-DATAGRID; DENSITY=D-COMPACT; IX=IX-KEYBOARD-SHORTCUTS; IMPL=roving-tabindex,content-visibility,prefers-contrast,hotkeys; FEEL=lines work orders
A1342	m-cards-scroll	Card vertical stack	mobile-content-patterns	mobile-phone	NAV-STACK-PUSH	SH-PHONE-STACK	D-COMFORTABLE	IX-INFINITE-SCROLL	PLATFORM=mobile-phone; PATTERN=m-cards-scroll; NAV=NAV-STACK-PUSH; SHELL=SH-PHONE-STACK; DENSITY=D-COMFORTABLE; IX=IX-INFINITE-SCROLL; IMPL=prefers-color-scheme,inputmode,matchmedia,safe-area-css; FEEL=Scannable cards
A1343	d-dashboard-ops	Ops dashboard	desktop-structure	desktop-web	NAV-WIZARD	SH-RESPONSIVE-COLLAPSE	D-DEFAULT	IX-KEYBOARD-SHORTCUTS	PLATFORM=desktop-web; PATTERN=d-dashboard-ops; NAV=NAV-WIZARD; SHELL=SH-RESPONSIVE-COLLAPSE; DENSITY=D-DEFAULT; IX=IX-KEYBOARD-SHORTCUTS; IMPL=prefers-color-scheme,scroll-padding,prefers-contrast,hover-media; FEEL=KPI + one focus viz
A1344	d-wizard-desktop	Desktop wizard modal	desktop-structure	desktop-web	NAV-SIDE-RAIL	SH-DESK-IDE-LITE	D-COMFORTABLE	IX-KEYBOARD-SHORTCUTS	PLATFORM=desktop-web; PATTERN=d-wizard-desktop; NAV=NAV-SIDE-RAIL; SHELL=SH-DESK-IDE-LITE; DENSITY=D-COMFORTABLE; IX=IX-KEYBOARD-SHORTCUTS; IMPL=aria-expanded,content-visibility,url-state,dialog-element; FEEL=Centered steps
A1345	notes-mobile	Notes Mobile	industry-app	mobile-phone	NAV-STACK-PUSH	SH-PHONE-STACK	D-DEFAULT	IX-PRIMARY-THUMB	PLATFORM=mobile-phone; PATTERN=notes-mobile; NAV=NAV-STACK-PUSH; SHELL=SH-PHONE-STACK; DENSITY=D-DEFAULT; IX=IX-PRIMARY-THUMB; IMPL=hover-media,sticky-footer-cta,aria-current,app-badge; FEEL=list editor
A1346	os-ios-swipe-back	iOS interactive pop	os-patterns	mobile-phone	NAV-STACK-PUSH	SH-PHONE-STACK	D-DEFAULT	IX-PRIMARY-THUMB	PLATFORM=mobile-phone; PATTERN=os-ios-swipe-back; NAV=NAV-STACK-PUSH; SHELL=SH-PHONE-STACK; DENSITY=D-DEFAULT; IX=IX-PRIMARY-THUMB; IMPL=sticky-footer-cta,focus-visible,flex-phone-column,overscroll; FEEL=Edge swipe back
A1347	os-material-fab	Material FAB	os-patterns	mobile-phone	NAV-STACK-PUSH	SH-PHONE-FEED	D-TOUCH-COMFORT	IX-FAB	PLATFORM=mobile-phone; PATTERN=os-material-fab; NAV=NAV-STACK-PUSH; SHELL=SH-PHONE-FEED; DENSITY=D-TOUCH-COMFORT; IX=IX-FAB; IMPL=bottom-nav-fixed,autocomplete,coarse-pointer,focus-visible; FEEL=Primary create
A1348	smart-home-mobile	Smart Home Mobile	industry-app	mobile-phone	NAV-BOTTOM-TABS	SH-PHONE-TABS	D-DEFAULT	IX-PRIMARY-THUMB	PLATFORM=mobile-phone; PATTERN=smart-home-mobile; NAV=NAV-BOTTOM-TABS; SHELL=SH-PHONE-TABS; DENSITY=D-DEFAULT; IX=IX-PRIMARY-THUMB; IMPL=vibrate-careful,biometric-webauthn,content-visibility,intersection-infinite; FEEL=rooms scenes devices
A1349	d-high-contrast	OS high contrast aware	desktop-density-keyboard	desktop-web	NAV-SIDE-RAIL	SH-DESK-RAIL-MAIN	D-DEFAULT	IX-PRIMARY-THUMB	PLATFORM=desktop-web; PATTERN=d-high-contrast; NAV=NAV-SIDE-RAIL; SHELL=SH-DESK-RAIL-MAIN; DENSITY=D-DEFAULT; IX=IX-PRIMARY-THUMB; IMPL=live-region,matchmedia,container-queries,will-change-sparing; FEEL=Borders not colour-only
A1350	notes-mobile	Notes Mobile	industry-app	mobile-phone	NAV-STACK-PUSH	SH-PHONE-STACK	D-DEFAULT	IX-PRIMARY-THUMB	PLATFORM=mobile-phone; PATTERN=notes-mobile; NAV=NAV-STACK-PUSH; SHELL=SH-PHONE-STACK; DENSITY=D-DEFAULT; IX=IX-PRIMARY-THUMB; IMPL=file-capture,virtual-list,network-information,biometric-webauthn; FEEL=list editor
A1351	m-profile-me	Profile / Me tab	mobile-structure	mobile-phone	NAV-TAB+STACK	SH-PHONE-CANVAS	D-DEFAULT	IX-PRIMARY-THUMB	PLATFORM=mobile-phone; PATTERN=m-profile-me; NAV=NAV-TAB+STACK; SHELL=SH-PHONE-CANVAS; DENSITY=D-DEFAULT; IX=IX-PRIMARY-THUMB; IMPL=skeleton-css,app-badge,prefers-color-scheme,prefers-contrast; FEEL=Account + prefs entry
A1352	d-menubar-classic	Classic menubar	desktop-structure	desktop-web	NAV-MENUBAR	SH-DESK-DOCUMENT	D-DEFAULT	IX-KEYBOARD-SHORTCUTS	PLATFORM=desktop-web; PATTERN=d-menubar-classic; NAV=NAV-MENUBAR; SHELL=SH-DESK-DOCUMENT; DENSITY=D-DEFAULT; IX=IX-KEYBOARD-SHORTCUTS; IMPL=aria-current,prefers-contrast,localstorage-prefs,hover-media; FEEL=File/Edit/View…
A1353	x-semantic-status	Semantic status colours	cross-platform-app	responsive-app	NAV-NONE-FOCUS	SH-RESPONSIVE-COLLAPSE	D-DEFAULT	IX-EMPTY-CTA	PLATFORM=responsive-app; PATTERN=x-semantic-status; NAV=NAV-NONE-FOCUS; SHELL=SH-RESPONSIVE-COLLAPSE; DENSITY=D-DEFAULT; IX=IX-EMPTY-CTA; IMPL=coarse-pointer,grid-app-shell,prefers-contrast,drag-drop-desktop; FEEL=+ icon/text not colour only
A1354	notes-desktop	Notes Desktop	industry-app	desktop-web	NAV-SIDE-RAIL	SH-DESK-DOCUMENT	D-DEFAULT	IX-KEYBOARD-SHORTCUTS	PLATFORM=desktop-web; PATTERN=notes-desktop; NAV=NAV-SIDE-RAIL; SHELL=SH-DESK-DOCUMENT; DENSITY=D-DEFAULT; IX=IX-KEYBOARD-SHORTCUTS; IMPL=intersection-infinite,prefers-color-scheme,debounce-search,focus-trap; FEEL=sidebar editor
A1355	d-rail-main	Icon rail + main	desktop-structure	desktop-web	NAV-MASTER-DETAIL	SH-DESK-DASH	D-DEFAULT	IX-KEYBOARD-SHORTCUTS	PLATFORM=desktop-web; PATTERN=d-rail-main; NAV=NAV-MASTER-DETAIL; SHELL=SH-DESK-DASH; DENSITY=D-DEFAULT; IX=IX-KEYBOARD-SHORTCUTS; IMPL=will-change-sparing,skeleton-css,live-region,clipboard-api; FEEL=Primary desktop shell
A1356	m-contrast-outdoor	Outdoor contrast	mobile-touch-a11y	mobile-phone	NAV-STACK-PUSH	SH-PHONE-STACK	D-DEFAULT	IX-PRIMARY-THUMB	PLATFORM=mobile-phone; PATTERN=m-contrast-outdoor; NAV=NAV-STACK-PUSH; SHELL=SH-PHONE-STACK; DENSITY=D-DEFAULT; IX=IX-PRIMARY-THUMB; IMPL=abort-controller,viewport-meta,matchmedia,tap-highlight; FEEL=High contrast for sun
A1357	manufacturing-desktop	MES Desktop	industry-app	responsive-app	NAV-MENUBAR	SH-DESK-DOCUMENT	D-COMPACT	IX-KEYBOARD-SHORTCUTS	PLATFORM=responsive-app; PATTERN=manufacturing-desktop; NAV=NAV-MENUBAR; SHELL=SH-DESK-DOCUMENT; DENSITY=D-COMPACT; IX=IX-KEYBOARD-SHORTCUTS; IMPL=scroll-padding,hotkeys,fine-pointer,command-palette-js; FEEL=lines work orders
A1358	m-grid-2col	2-column grid	mobile-content-patterns	mobile-phone	NAV-BOTTOM-SHEET	SH-PHONE-TABS	D-DEFAULT	IX-INFINITE-SCROLL	PLATFORM=mobile-phone; PATTERN=m-grid-2col; NAV=NAV-BOTTOM-SHEET; SHELL=SH-PHONE-TABS; DENSITY=D-DEFAULT; IX=IX-INFINITE-SCROLL; IMPL=safe-area-css,tap-highlight,dialog-element,flex-phone-column; FEEL=Gallery/products
A1359	school-mobile	School Parent Mobile	industry-app	mobile-phone	NAV-BOTTOM-TABS	SH-PHONE-TABS	D-DEFAULT	IX-PRIMARY-THUMB	PLATFORM=mobile-phone; PATTERN=school-mobile; NAV=NAV-BOTTOM-TABS; SHELL=SH-PHONE-TABS; DENSITY=D-DEFAULT; IX=IX-PRIMARY-THUMB; IMPL=touch-action,autocomplete,scroll-padding,prefers-color-scheme; FEEL=messages attendance
A1360	d-undo-stack	Document undo	desktop-density-keyboard	desktop-web	NAV-DRAWER	SH-RESPONSIVE-COLLAPSE	D-DEFAULT	IX-UNDO-TOAST	PLATFORM=desktop-web; PATTERN=d-undo-stack; NAV=NAV-DRAWER; SHELL=SH-RESPONSIVE-COLLAPSE; DENSITY=D-DEFAULT; IX=IX-UNDO-TOAST; IMPL=resize-observer,session-timeout,scroll-padding,matchmedia; FEEL=⌘Z meaningful
A1361	music-mobile	Music Mobile	industry-app	responsive-app	NAV-BOTTOM-TABS	SH-PHONE-TABS	D-DEFAULT	IX-PRIMARY-THUMB	PLATFORM=responsive-app; PATTERN=music-mobile; NAV=NAV-BOTTOM-TABS; SHELL=SH-PHONE-TABS; DENSITY=D-DEFAULT; IX=IX-PRIMARY-THUMB; IMPL=dvh-units,sticky-footer-cta,install-pwa,command-palette-js; FEEL=player library
A1362	analytics-desktop	Analytics Desktop	industry-app	desktop-web	NAV-SIDE-RAIL	SH-DESK-DASH	D-COMPACT	IX-KEYBOARD-SHORTCUTS	PLATFORM=desktop-web; PATTERN=analytics-desktop; NAV=NAV-SIDE-RAIL; SHELL=SH-DESK-DASH; DENSITY=D-COMPACT; IX=IX-KEYBOARD-SHORTCUTS; IMPL=matchmedia,aria-current,drag-drop-desktop,prefers-color-scheme; FEEL=explore charts
A1363	m-thumb-zone-cta	Thumb-zone primary CTA	mobile-touch-a11y	mobile-phone	NAV-STACK-PUSH	SH-PHONE-STACK	D-TOUCH-COMFORT	IX-STICKY-FOOTER-CTA	PLATFORM=mobile-phone; PATTERN=m-thumb-zone-cta; NAV=NAV-STACK-PUSH; SHELL=SH-PHONE-STACK; DENSITY=D-TOUCH-COMFORT; IX=IX-STICKY-FOOTER-CTA; IMPL=file-capture,autocomplete,prefers-reduced-motion,touch-action; FEEL=Primary near bottom
A1364	m-detail-push	Detail push	mobile-structure	mobile-phone	NAV-STACK-PUSH	SH-PHONE-STACK	D-DEFAULT	IX-PRIMARY-THUMB	PLATFORM=mobile-phone; PATTERN=m-detail-push; NAV=NAV-STACK-PUSH; SHELL=SH-PHONE-STACK; DENSITY=D-DEFAULT; IX=IX-PRIMARY-THUMB; IMPL=focus-trap,focus-visible,intersection-infinite,history-stack; FEEL=List to detail with back
A1365	backup-desktop	Backup Desktop	industry-app	desktop-web	NAV-SIDE-RAIL	SH-DESK-RAIL-MAIN	D-DEFAULT	IX-KEYBOARD-SHORTCUTS	PLATFORM=desktop-web; PATTERN=backup-desktop; NAV=NAV-SIDE-RAIL; SHELL=SH-DESK-RAIL-MAIN; DENSITY=D-DEFAULT; IX=IX-KEYBOARD-SHORTCUTS; IMPL=abort-controller,pointer-events,content-visibility,matchmedia; FEEL=sources schedule status
A1366	os-material-nav-rail	Material nav rail	os-patterns	mobile-tablet	NAV-SIDE-RAIL	SH-TABLET-RAIL	D-DEFAULT	IX-EMPTY-CTA	PLATFORM=mobile-tablet; PATTERN=os-material-nav-rail; NAV=NAV-SIDE-RAIL; SHELL=SH-TABLET-RAIL; DENSITY=D-DEFAULT; IX=IX-EMPTY-CTA; IMPL=vibrate-careful,prefers-reduced-motion,skeleton-css,focus-trap; FEEL=Tablet/desktop
A1367	news-desktop	News Desktop	industry-app	desktop-web	NAV-SIDE-TREE	SH-RESPONSIVE-COLLAPSE	D-DEFAULT	IX-KEYBOARD-SHORTCUTS	PLATFORM=desktop-web; PATTERN=news-desktop; NAV=NAV-SIDE-TREE; SHELL=SH-RESPONSIVE-COLLAPSE; DENSITY=D-DEFAULT; IX=IX-KEYBOARD-SHORTCUTS; IMPL=fine-pointer,abort-controller,resize-observer,dialog-element; FEEL=sections article
A1368	m-wizard-fullscreen	Fullscreen wizard	mobile-structure	mobile-phone	NAV-WIZARD	SH-PHONE-STACK	D-COMFORTABLE	IX-PRIMARY-THUMB	PLATFORM=mobile-phone; PATTERN=m-wizard-fullscreen; NAV=NAV-WIZARD; SHELL=SH-PHONE-STACK; DENSITY=D-COMFORTABLE; IX=IX-PRIMARY-THUMB; IMPL=touch-action,virtual-list,app-badge,inputmode; FEEL=Step chrome only
A1369	m-checkout-linear	Mobile checkout linear	mobile-structure	mobile-phone	NAV-WIZARD	SH-PHONE-STACK	D-TOUCH-COMFORT	IX-PRIMARY-THUMB	PLATFORM=mobile-phone; PATTERN=m-checkout-linear; NAV=NAV-WIZARD; SHELL=SH-PHONE-STACK; DENSITY=D-TOUCH-COMFORT; IX=IX-PRIMARY-THUMB; IMPL=flex-phone-column,biometric-webauthn,push-web,hover-media; FEEL=Steps, progress, sticky pay
A1370	x-help-inline	Inline help	cross-platform-app	responsive-app	NAV-NONE-FOCUS	SH-RESPONSIVE-COLLAPSE	D-DEFAULT	IX-EMPTY-CTA	PLATFORM=responsive-app; PATTERN=x-help-inline; NAV=NAV-NONE-FOCUS; SHELL=SH-RESPONSIVE-COLLAPSE; DENSITY=D-DEFAULT; IX=IX-EMPTY-CTA; IMPL=csrf-safe,fine-pointer,network-information,abort-controller; FEEL=Contextual, not only docs site
A1371	crm-desktop	CRM Desktop	industry-app	desktop-web	NAV-SIDE-RAIL	SH-DESK-DATAGRID	D-COMPACT	IX-KEYBOARD-SHORTCUTS	PLATFORM=desktop-web; PATTERN=crm-desktop; NAV=NAV-SIDE-RAIL; SHELL=SH-DESK-DATAGRID; DENSITY=D-COMPACT; IX=IX-KEYBOARD-SHORTCUTS; IMPL=fine-pointer,prefers-reduced-motion,container-queries,content-visibility; FEEL=pipeline contacts
A1372	health-mobile	Health Tracker Mobile	industry-app	mobile-phone	NAV-BOTTOM-TABS	SH-PHONE-TABS	D-TOUCH-COMFORT	IX-PRIMARY-THUMB	PLATFORM=mobile-phone; PATTERN=health-mobile; NAV=NAV-BOTTOM-TABS; SHELL=SH-PHONE-TABS; DENSITY=D-TOUCH-COMFORT; IX=IX-PRIMARY-THUMB; IMPL=prefers-contrast,min-touch,coarse-pointer,install-pwa; FEEL=rings trends log
A1373	m-safe-area-chrome	Safe-area chrome	mobile-touch-a11y	mobile-phone	NAV-BOTTOM-TABS	SH-PHONE-TABS	D-TOUCH-COMFORT	IX-STICKY-FOOTER-CTA	PLATFORM=mobile-phone; PATTERN=m-safe-area-chrome; NAV=NAV-BOTTOM-TABS; SHELL=SH-PHONE-TABS; DENSITY=D-TOUCH-COMFORT; IX=IX-STICKY-FOOTER-CTA; IMPL=scroll-padding,form-novalidate,biometric-webauthn,dialog-element; FEEL=Tabs/CTAs above home indicator
A1374	vpn-desktop	VPN Desktop	industry-app	desktop-web	NAV-SIDE-RAIL	SH-DESK-RAIL-MAIN	D-DEFAULT	IX-KEYBOARD-SHORTCUTS	PLATFORM=desktop-web; PATTERN=vpn-desktop; NAV=NAV-SIDE-RAIL; SHELL=SH-DESK-RAIL-MAIN; DENSITY=D-DEFAULT; IX=IX-KEYBOARD-SHORTCUTS; IMPL=aria-current,prefers-color-scheme,csrf-safe,dialog-element; FEEL=connect routes
A1375	os-macos-sidebar	macOS sidebar	os-patterns	desktop-web	NAV-SIDE-RAIL	SH-DESK-RAIL-MAIN	D-DEFAULT	IX-KEYBOARD-SHORTCUTS	PLATFORM=desktop-web; PATTERN=os-macos-sidebar; NAV=NAV-SIDE-RAIL; SHELL=SH-DESK-RAIL-MAIN; DENSITY=D-DEFAULT; IX=IX-KEYBOARD-SHORTCUTS; IMPL=autocomplete,prefers-reduced-motion,dialog-element,live-region; FEEL=Source list
A1376	d-rail-labels	Rail with labels	desktop-structure	desktop-web	NAV-SIDE-RAIL	SH-DESK-RAIL-MAIN	D-DEFAULT	IX-KEYBOARD-SHORTCUTS	PLATFORM=desktop-web; PATTERN=d-rail-labels; NAV=NAV-SIDE-RAIL; SHELL=SH-DESK-RAIL-MAIN; DENSITY=D-DEFAULT; IX=IX-KEYBOARD-SHORTCUTS; IMPL=matchmedia,content-visibility,form-novalidate,live-region; FEEL=Discoverability > icons-only
A1377	os-ios-inset-grouped	iOS inset grouped list	os-patterns	mobile-phone	NAV-MODAL-SHEET	SH-PHONE-TABS	D-DEFAULT	IX-PRIMARY-THUMB	PLATFORM=mobile-phone; PATTERN=os-ios-inset-grouped; NAV=NAV-MODAL-SHEET; SHELL=SH-PHONE-TABS; DENSITY=D-DEFAULT; IX=IX-PRIMARY-THUMB; IMPL=matchmedia,history-stack,pointer-events,flex-phone-column; FEEL=Settings style
A1378	nonprofit-mobile	Nonprofit Mobile	industry-app	responsive-app	NAV-BOTTOM-TABS	SH-PHONE-TABS	D-COMFORTABLE	IX-PRIMARY-THUMB	PLATFORM=responsive-app; PATTERN=nonprofit-mobile; NAV=NAV-BOTTOM-TABS; SHELL=SH-PHONE-TABS; DENSITY=D-COMFORTABLE; IX=IX-PRIMARY-THUMB; IMPL=vibrate-careful,viewport-meta,sticky-footer-cta,will-change-sparing; FEEL=donate volunteer
A1379	education-mobile	Learning Mobile	industry-app	mobile-phone	NAV-BOTTOM-TABS	SH-PHONE-TABS	D-COMFORTABLE	IX-PRIMARY-THUMB	PLATFORM=mobile-phone; PATTERN=education-mobile; NAV=NAV-BOTTOM-TABS; SHELL=SH-PHONE-TABS; DENSITY=D-COMFORTABLE; IX=IX-PRIMARY-THUMB; IMPL=focus-trap,inputmode,hover-media,safe-area-css; FEEL=courses lessons
A1380	event-mobile	Event Mobile	industry-app	mobile-phone	NAV-BOTTOM-TABS	SH-PHONE-TABS	D-DEFAULT	IX-PRIMARY-THUMB	PLATFORM=mobile-phone; PATTERN=event-mobile; NAV=NAV-BOTTOM-TABS; SHELL=SH-PHONE-TABS; DENSITY=D-DEFAULT; IX=IX-PRIMARY-THUMB; IMPL=flex-phone-column,touch-action,bottom-nav-fixed,safe-area-css; FEEL=agenda tickets map
A1381	m-chat-thread	Chat thread mobile	mobile-structure	mobile-phone	NAV-STACK-PUSH	SH-PHONE-SHEET	D-DEFAULT	IX-PRIMARY-THUMB	PLATFORM=mobile-phone; PATTERN=m-chat-thread; NAV=NAV-STACK-PUSH; SHELL=SH-PHONE-SHEET; DENSITY=D-DEFAULT; IX=IX-PRIMARY-THUMB; IMPL=hover-media,sticky-footer-cta,content-visibility,inputmode; FEEL=Thread + composer bottom
A1382	os-android-back	Android back affordance	os-patterns	mobile-phone	NAV-STACK-PUSH	SH-PHONE-STACK	D-DEFAULT	IX-PRIMARY-THUMB	PLATFORM=mobile-phone; PATTERN=os-android-back; NAV=NAV-STACK-PUSH; SHELL=SH-PHONE-STACK; DENSITY=D-DEFAULT; IX=IX-PRIMARY-THUMB; IMPL=debounce-search,inputmode,aria-expanded,intersection-infinite; FEEL=Predictable back stack
A1383	m-media-fullscreen	Fullscreen media	mobile-content-patterns	mobile-phone	NAV-NONE-FOCUS	SH-PHONE-SHEET	D-DEFAULT	IX-PRIMARY-THUMB	PLATFORM=mobile-phone; PATTERN=m-media-fullscreen; NAV=NAV-NONE-FOCUS; SHELL=SH-PHONE-SHEET; DENSITY=D-DEFAULT; IX=IX-PRIMARY-THUMB; IMPL=push-web,file-capture,share-api,touch-action; FEEL=Swipe dismiss, chrome fade
A1384	inventory-desktop	Inventory Desktop	industry-app	desktop-web	NAV-SIDE-RAIL	SH-DESK-DATAGRID	D-COMPACT	IX-KEYBOARD-SHORTCUTS	PLATFORM=desktop-web; PATTERN=inventory-desktop; NAV=NAV-SIDE-RAIL; SHELL=SH-DESK-DATAGRID; DENSITY=D-COMPACT; IX=IX-KEYBOARD-SHORTCUTS; IMPL=command-palette-js,form-novalidate,resize-observer,aria-current; FEEL=SKU grid adjust
A1385	d-progressive-more	More/Fewer options	desktop-density-keyboard	desktop-web	NAV-SIDE-RAIL	SH-DESK-RAIL-MAIN	D-DEFAULT	IX-FILTER-CHIPS	PLATFORM=desktop-web; PATTERN=d-progressive-more; NAV=NAV-SIDE-RAIL; SHELL=SH-DESK-RAIL-MAIN; DENSITY=D-DEFAULT; IX=IX-FILTER-CHIPS; IMPL=skeleton-css,live-region,prefers-contrast,drag-drop-desktop; FEEL=Hide rare advanced
A1386	media-mobile	Media Mobile	industry-app	mobile-phone	NAV-BOTTOM-TABS	SH-PHONE-FEED	D-DEFAULT	IX-PRIMARY-THUMB	PLATFORM=mobile-phone; PATTERN=media-mobile; NAV=NAV-BOTTOM-TABS; SHELL=SH-PHONE-FEED; DENSITY=D-DEFAULT; IX=IX-PRIMARY-THUMB; IMPL=sticky-footer-cta,type-date,dvh-units,coarse-pointer; FEEL=player feed
A1387	os-android-snackbar	Snackbar + action	os-patterns	mobile-phone	NAV-NONE-FOCUS	SH-PHONE-STACK	D-DEFAULT	IX-UNDO-TOAST	PLATFORM=mobile-phone; PATTERN=os-android-snackbar; NAV=NAV-NONE-FOCUS; SHELL=SH-PHONE-STACK; DENSITY=D-DEFAULT; IX=IX-UNDO-TOAST; IMPL=matchmedia,focus-trap,file-capture,hover-media; FEEL=Undo short
A1388	agriculture-desktop	Ag Desktop	industry-app	desktop-web	NAV-SIDE-RAIL	SH-DESK-DASH	D-DEFAULT	IX-KEYBOARD-SHORTCUTS	PLATFORM=desktop-web; PATTERN=agriculture-desktop; NAV=NAV-SIDE-RAIL; SHELL=SH-DESK-DASH; DENSITY=D-DEFAULT; IX=IX-KEYBOARD-SHORTCUTS; IMPL=will-change-sparing,abort-controller,aria-expanded,container-queries; FEEL=fields seasons plans
A1389	nonprofit-desktop	Nonprofit Desktop	industry-app	desktop-web	NAV-SIDE-RAIL	SH-DESK-DATAGRID	D-DEFAULT	IX-KEYBOARD-SHORTCUTS	PLATFORM=desktop-web; PATTERN=nonprofit-desktop; NAV=NAV-SIDE-RAIL; SHELL=SH-DESK-DATAGRID; DENSITY=D-DEFAULT; IX=IX-KEYBOARD-SHORTCUTS; IMPL=url-state,focus-visible,grid-app-shell,drag-drop-desktop; FEEL=campaigns donors
A1390	music-mobile	Music Mobile	industry-app	mobile-phone	NAV-BOTTOM-TABS	SH-PHONE-TABS	D-DEFAULT	IX-PRIMARY-THUMB	PLATFORM=mobile-phone; PATTERN=music-mobile; NAV=NAV-BOTTOM-TABS; SHELL=SH-PHONE-TABS; DENSITY=D-DEFAULT; IX=IX-PRIMARY-THUMB; IMPL=focus-trap,focus-visible,pointer-events,min-touch; FEEL=player library
A1391	library-desktop	Library Desktop	industry-app	desktop-web	NAV-SIDE-RAIL	SH-DESK-DATAGRID	D-COMPACT	IX-KEYBOARD-SHORTCUTS	PLATFORM=desktop-web; PATTERN=library-desktop; NAV=NAV-SIDE-RAIL; SHELL=SH-DESK-DATAGRID; DENSITY=D-COMPACT; IX=IX-KEYBOARD-SHORTCUTS; IMPL=live-region,clipboard-api,prefers-reduced-motion,will-change-sparing; FEEL=catalogue circulation
A1392	m-bottom-tabs-5	Bottom tabs (max 5)	mobile-structure	mobile-phone	NAV-STACK-PUSH	SH-PHONE-FEED	D-TOUCH-COMFORT	IX-PRIMARY-THUMB	PLATFORM=mobile-phone; PATTERN=m-bottom-tabs-5; NAV=NAV-STACK-PUSH; SHELL=SH-PHONE-FEED; DENSITY=D-TOUCH-COMFORT; IX=IX-PRIMARY-THUMB; IMPL=min-touch,type-date,vibrate-careful,focus-trap; FEEL=Peer top-level destinations
A1393	m-camera-first	Camera/capture first	mobile-structure	mobile-phone	NAV-NONE-FOCUS	SH-RESPONSIVE-COLLAPSE	D-TOUCH-COMFORT	IX-PRIMARY-THUMB	PLATFORM=mobile-phone; PATTERN=m-camera-first; NAV=NAV-NONE-FOCUS; SHELL=SH-RESPONSIVE-COLLAPSE; DENSITY=D-TOUCH-COMFORT; IX=IX-PRIMARY-THUMB; IMPL=inputmode,prefers-color-scheme,live-region,focus-trap; FEEL=Capture chrome minimal
A1394	x-responsive-collapse	Responsive collapse	cross-platform-app	responsive-app	NAV-DRAWER	SH-PHONE-FEED	D-DEFAULT	IX-EMPTY-CTA	PLATFORM=responsive-app; PATTERN=x-responsive-collapse; NAV=NAV-DRAWER; SHELL=SH-PHONE-FEED; DENSITY=D-DEFAULT; IX=IX-EMPTY-CTA; IMPL=autocomplete,error-boundary-ui,hover-media,resize-observer; FEEL=Split→stack at breakpoint
A1395	x-search-global	Global search	cross-platform-app	responsive-app	NAV-NONE-FOCUS	SH-RESPONSIVE-COLLAPSE	D-DEFAULT	IX-SEARCH-FIRST	PLATFORM=responsive-app; PATTERN=x-search-global; NAV=NAV-NONE-FOCUS; SHELL=SH-RESPONSIVE-COLLAPSE; DENSITY=D-DEFAULT; IX=IX-SEARCH-FIRST; IMPL=push-web,grid-app-shell,focus-visible,prefers-reduced-motion; FEEL=Entities + actions
A1396	logistics-mobile	Driver Mobile	industry-app	mobile-phone	NAV-STACK-PUSH	SH-PHONE-STACK	D-TOUCH-COMFORT	IX-PRIMARY-THUMB	PLATFORM=mobile-phone; PATTERN=logistics-mobile; NAV=NAV-STACK-PUSH; SHELL=SH-PHONE-STACK; DENSITY=D-TOUCH-COMFORT; IX=IX-PRIMARY-THUMB; IMPL=min-touch,scroll-padding,coarse-pointer,network-information; FEEL=stops nav complete
A1397	m-list-dense	Dense mobile list	mobile-content-patterns	mobile-phone	NAV-STACK-PUSH	SH-PHONE-FEED	D-DEFAULT	IX-INFINITE-SCROLL	PLATFORM=mobile-phone; PATTERN=m-list-dense; NAV=NAV-STACK-PUSH; SHELL=SH-PHONE-FEED; DENSITY=D-DEFAULT; IX=IX-INFINITE-SCROLL; IMPL=pointer-events,csrf-safe,aria-expanded,live-region; FEEL=One primary line + meta
A1398	m-large-text	Dynamic type / large text	mobile-touch-a11y	mobile-phone	NAV-STACK-PUSH	SH-PHONE-STACK	D-COMFORTABLE	IX-PRIMARY-THUMB	PLATFORM=mobile-phone; PATTERN=m-large-text; NAV=NAV-STACK-PUSH; SHELL=SH-PHONE-STACK; DENSITY=D-COMFORTABLE; IX=IX-PRIMARY-THUMB; IMPL=form-novalidate,autocomplete,scroll-padding,virtual-list; FEEL=Layout flexes with text size
A1399	tax-desktop	Tax Desktop	industry-app	desktop-web	NAV-WIZARD	SH-DESK-DOCUMENT	D-DEFAULT	IX-KEYBOARD-SHORTCUTS	PLATFORM=desktop-web; PATTERN=tax-desktop; NAV=NAV-WIZARD; SHELL=SH-DESK-DOCUMENT; DENSITY=D-DEFAULT; IX=IX-KEYBOARD-SHORTCUTS; IMPL=pointer-events,abort-controller,prefers-reduced-motion,overscroll; FEEL=forms wizard review
A1400	construction-desktop	Construction Desktop	industry-app	desktop-web	NAV-SIDE-RAIL	SH-DESK-TOOL-CANVAS	D-COMPACT	IX-KEYBOARD-SHORTCUTS	PLATFORM=desktop-web; PATTERN=construction-desktop; NAV=NAV-SIDE-RAIL; SHELL=SH-DESK-TOOL-CANVAS; DENSITY=D-COMPACT; IX=IX-KEYBOARD-SHORTCUTS; IMPL=csrf-safe,clipboard-api,localstorage-prefs,session-timeout; FEEL=projects drawings
A1401	museum-mobile	Museum Mobile	industry-app	mobile-phone	NAV-TAB+STACK	SH-PHONE-STACK	D-COMFORTABLE	IX-PRIMARY-THUMB	PLATFORM=mobile-phone; PATTERN=museum-mobile; NAV=NAV-TAB+STACK; SHELL=SH-PHONE-STACK; DENSITY=D-COMFORTABLE; IX=IX-PRIMARY-THUMB; IMPL=vibrate-careful,overscroll,dvh-units,form-novalidate; FEEL=visit guide audio
A1402	d-typeahead	Typeahead find	desktop-density-keyboard	desktop-web	NAV-SIDE-RAIL	SH-DESK-DATAGRID	D-COMPACT	IX-SEARCH-FIRST	PLATFORM=desktop-web; PATTERN=d-typeahead; NAV=NAV-SIDE-RAIL; SHELL=SH-DESK-DATAGRID; DENSITY=D-COMPACT; IX=IX-SEARCH-FIRST; IMPL=prefers-reduced-motion,overscroll,form-novalidate,intersection-infinite; FEEL=Jump in lists
A1403	mdm-mobile	Device Enrol Mobile	industry-app	mobile-phone	NAV-WIZARD	SH-PHONE-STACK	D-TOUCH-COMFORT	IX-PRIMARY-THUMB	PLATFORM=mobile-phone; PATTERN=mdm-mobile; NAV=NAV-WIZARD; SHELL=SH-PHONE-STACK; DENSITY=D-TOUCH-COMFORT; IX=IX-PRIMARY-THUMB; IMPL=live-region,scroll-padding,dvh-units,sticky-footer-cta; FEEL=enrol status
A1404	os-macos-sidebar	macOS sidebar	os-patterns	desktop-web	NAV-SIDE-RAIL	SH-DESK-RAIL-MAIN	D-DEFAULT	IX-KEYBOARD-SHORTCUTS	PLATFORM=desktop-web; PATTERN=os-macos-sidebar; NAV=NAV-SIDE-RAIL; SHELL=SH-DESK-RAIL-MAIN; DENSITY=D-DEFAULT; IX=IX-KEYBOARD-SHORTCUTS; IMPL=autocomplete,will-change-sparing,pointer-events,command-palette-js; FEEL=Source list
A1405	m-bottom-tabs-3	Bottom tabs (3)	mobile-structure	mobile-phone	NAV-BOTTOM-TABS	SH-PHONE-TABS	D-TOUCH-COMFORT	IX-PRIMARY-THUMB	PLATFORM=mobile-phone; PATTERN=m-bottom-tabs-3; NAV=NAV-BOTTOM-TABS; SHELL=SH-PHONE-TABS; DENSITY=D-TOUCH-COMFORT; IX=IX-PRIMARY-THUMB; IMPL=dvh-units,file-capture,app-badge,dialog-element; FEEL=Focused product
A1406	calendar-desktop	Desktop Calendar	industry-app	desktop-web	NAV-SIDE-RAIL	SH-DESK-TOOL-CANVAS	D-DEFAULT	IX-KEYBOARD-SHORTCUTS	PLATFORM=desktop-web; PATTERN=calendar-desktop; NAV=NAV-SIDE-RAIL; SHELL=SH-DESK-TOOL-CANVAS; DENSITY=D-DEFAULT; IX=IX-KEYBOARD-SHORTCUTS; IMPL=session-timeout,command-palette-js,abort-controller,grid-app-shell; FEEL=week grid create
A1407	maps-mobile	Mobile Maps	industry-app	responsive-app	NAV-BOTTOM-SHEET	SH-PHONE-SHEET	D-TOUCH-COMFORT	IX-PRIMARY-THUMB	PLATFORM=responsive-app; PATTERN=maps-mobile; NAV=NAV-BOTTOM-SHEET; SHELL=SH-PHONE-SHEET; DENSITY=D-TOUCH-COMFORT; IX=IX-PRIMARY-THUMB; IMPL=share-api,url-state,command-palette-js,sticky-footer-cta; FEEL=map sheet search
A1408	x-semantic-status	Semantic status colours	cross-platform-app	responsive-app	NAV-SIDE-RAIL	SH-DESK-TOOL-CANVAS	D-DEFAULT	IX-EMPTY-CTA	PLATFORM=responsive-app; PATTERN=x-semantic-status; NAV=NAV-SIDE-RAIL; SHELL=SH-DESK-TOOL-CANVAS; DENSITY=D-DEFAULT; IX=IX-EMPTY-CTA; IMPL=tap-highlight,focus-visible,drag-drop-desktop,biometric-webauthn; FEEL=+ icon/text not colour only
A1409	os-android-snackbar	Snackbar + action	os-patterns	mobile-phone	NAV-STACK-PUSH	SH-PHONE-STACK	D-DEFAULT	IX-UNDO-TOAST	PLATFORM=mobile-phone; PATTERN=os-android-snackbar; NAV=NAV-STACK-PUSH; SHELL=SH-PHONE-STACK; DENSITY=D-DEFAULT; IX=IX-UNDO-TOAST; IMPL=file-capture,prefers-contrast,error-boundary-ui,pointer-events; FEEL=Undo short
A1410	d-window-1024	Functional at 1024×768	desktop-density-keyboard	desktop-web	NAV-SIDE-RAIL	SH-DESK-RAIL-MAIN	D-DEFAULT	IX-SPLIT-RESIZE	PLATFORM=desktop-web; PATTERN=d-window-1024; NAV=NAV-SIDE-RAIL; SHELL=SH-DESK-RAIL-MAIN; DENSITY=D-DEFAULT; IX=IX-SPLIT-RESIZE; IMPL=matchmedia,focus-visible,live-region,prefers-color-scheme; FEEL=No dead layouts at laptop
A1411	d-rail-main-inspector	Rail + main + inspector	desktop-structure	desktop-web	NAV-MENUBAR	SH-DESK-RAIL-MAIN-INSP	D-COMPACT	IX-KEYBOARD-SHORTCUTS	PLATFORM=desktop-web; PATTERN=d-rail-main-inspector; NAV=NAV-MENUBAR; SHELL=SH-DESK-RAIL-MAIN-INSP; DENSITY=D-COMPACT; IX=IX-KEYBOARD-SHORTCUTS; IMPL=grid-app-shell,autocomplete,form-novalidate,scroll-padding; FEEL=Selection details; not idle triple
A1412	smart-home-mobile	Smart Home Mobile	industry-app	responsive-app	NAV-BOTTOM-TABS	SH-PHONE-TABS	D-DEFAULT	IX-PRIMARY-THUMB	PLATFORM=responsive-app; PATTERN=smart-home-mobile; NAV=NAV-BOTTOM-TABS; SHELL=SH-PHONE-TABS; DENSITY=D-DEFAULT; IX=IX-PRIMARY-THUMB; IMPL=dvh-units,focus-visible,intersection-infinite,type-date; FEEL=rooms scenes devices
A1413	d-multi-workspace	Workspaces/projects switcher	desktop-structure	desktop-web	NAV-WIZARD	SH-TABLET-RAIL	D-DEFAULT	IX-KEYBOARD-SHORTCUTS	PLATFORM=desktop-web; PATTERN=d-multi-workspace; NAV=NAV-WIZARD; SHELL=SH-TABLET-RAIL; DENSITY=D-DEFAULT; IX=IX-KEYBOARD-SHORTCUTS; IMPL=pointer-events,live-region,resize-observer,clipboard-api; FEEL=Context switch clear
A1414	d-support-console	Support console	desktop-structure	desktop-web	NAV-MASTER-DETAIL	SH-DESK-RAIL-MAIN-INSP	D-COMPACT	IX-KEYBOARD-SHORTCUTS	PLATFORM=desktop-web; PATTERN=d-support-console; NAV=NAV-MASTER-DETAIL; SHELL=SH-DESK-RAIL-MAIN-INSP; DENSITY=D-COMPACT; IX=IX-KEYBOARD-SHORTCUTS; IMPL=scroll-padding,skeleton-css,focus-visible,roving-tabindex; FEEL=Ticket queue + workspace
A1415	m-edit-modal	Edit modal	mobile-structure	mobile-phone	NAV-MODAL-SHEET	SH-PHONE-SHEET	D-DEFAULT	IX-PRIMARY-THUMB	PLATFORM=mobile-phone; PATTERN=m-edit-modal; NAV=NAV-MODAL-SHEET; SHELL=SH-PHONE-SHEET; DENSITY=D-DEFAULT; IX=IX-PRIMARY-THUMB; IMPL=coarse-pointer,live-region,type-date,inputmode; FEEL=Block context for edit
A1416	d-wizard-desktop	Desktop wizard modal	desktop-structure	desktop-web	NAV-WIZARD	SH-DESK-IDE-LITE	D-COMFORTABLE	IX-KEYBOARD-SHORTCUTS	PLATFORM=desktop-web; PATTERN=d-wizard-desktop; NAV=NAV-WIZARD; SHELL=SH-DESK-IDE-LITE; DENSITY=D-COMFORTABLE; IX=IX-KEYBOARD-SHORTCUTS; IMPL=pointer-events,optimistic-ui,virtual-list,form-novalidate; FEEL=Centered steps
A1417	agriculture-mobile	Ag Mobile	industry-app	mobile-phone	NAV-BOTTOM-TABS	SH-PHONE-TABS	D-TOUCH-COMFORT	IX-PRIMARY-THUMB	PLATFORM=mobile-phone; PATTERN=agriculture-mobile; NAV=NAV-BOTTOM-TABS; SHELL=SH-PHONE-TABS; DENSITY=D-TOUCH-COMFORT; IX=IX-PRIMARY-THUMB; IMPL=bottom-nav-fixed,service-worker-offline,intersection-infinite,aria-current; FEEL=fields tasks weather
A1418	x-localization-ready	Localization ready	cross-platform-app	responsive-app	NAV-NONE-FOCUS	SH-RESPONSIVE-COLLAPSE	D-DEFAULT	IX-PRIMARY-THUMB	PLATFORM=responsive-app; PATTERN=x-localization-ready; NAV=NAV-NONE-FOCUS; SHELL=SH-RESPONSIVE-COLLAPSE; DENSITY=D-DEFAULT; IX=IX-PRIMARY-THUMB; IMPL=aria-expanded,roving-tabindex,dvh-units,localstorage-prefs; FEEL=No truncated critical labels
A1419	x-theming-light-dark	Light/dark tokens	cross-platform-app	responsive-app	NAV-BREADCRUMB	SH-PHONE-SHEET	D-DEFAULT	IX-PRIMARY-THUMB	PLATFORM=responsive-app; PATTERN=x-theming-light-dark; NAV=NAV-BREADCRUMB; SHELL=SH-PHONE-SHEET; DENSITY=D-DEFAULT; IX=IX-PRIMARY-THUMB; IMPL=flex-phone-column,grid-app-shell,dvh-units,focus-visible; FEEL=Semantic surfaces
A1420	os-win-titlebar	Windows titlebar patterns	os-patterns	desktop-web	NAV-MENUBAR	SH-DESK-DOCUMENT	D-DEFAULT	IX-KEYBOARD-SHORTCUTS	PLATFORM=desktop-web; PATTERN=os-win-titlebar; NAV=NAV-MENUBAR; SHELL=SH-DESK-DOCUMENT; DENSITY=D-DEFAULT; IX=IX-KEYBOARD-SHORTCUTS; IMPL=resize-observer,focus-visible,autocomplete,aria-current; FEEL=App icon caption buttons
A1421	m-list-dense	Dense mobile list	mobile-content-patterns	mobile-phone	NAV-STACK-PUSH	SH-PHONE-FEED	D-DEFAULT	IX-INFINITE-SCROLL	PLATFORM=mobile-phone; PATTERN=m-list-dense; NAV=NAV-STACK-PUSH; SHELL=SH-PHONE-FEED; DENSITY=D-DEFAULT; IX=IX-INFINITE-SCROLL; IMPL=network-information,hover-media,vibrate-careful,abort-controller; FEEL=One primary line + meta
A1422	travel-desktop	Travel Desktop	industry-app	desktop-web	NAV-SIDE-RAIL	SH-DESK-RAIL-MAIN	D-DEFAULT	IX-KEYBOARD-SHORTCUTS	PLATFORM=desktop-web; PATTERN=travel-desktop; NAV=NAV-SIDE-RAIL; SHELL=SH-DESK-RAIL-MAIN; DENSITY=D-DEFAULT; IX=IX-KEYBOARD-SHORTCUTS; IMPL=form-novalidate,hover-media,pointer-events,abort-controller; FEEL=itinerary booking
A1423	d-file-manager	File manager	desktop-structure	desktop-web	NAV-NONE-FOCUS	SH-RESPONSIVE-COLLAPSE	D-COMPACT	IX-KEYBOARD-SHORTCUTS	PLATFORM=desktop-web; PATTERN=d-file-manager; NAV=NAV-NONE-FOCUS; SHELL=SH-RESPONSIVE-COLLAPSE; DENSITY=D-COMPACT; IX=IX-KEYBOARD-SHORTCUTS; IMPL=roving-tabindex,hover-media,aria-current,csrf-safe; FEEL=Tree | files | preview
A1424	d-progressive-more	More/Fewer options	desktop-density-keyboard	desktop-web	NAV-SIDE-RAIL	SH-DESK-RAIL-MAIN	D-DEFAULT	IX-FILTER-CHIPS	PLATFORM=desktop-web; PATTERN=d-progressive-more; NAV=NAV-SIDE-RAIL; SHELL=SH-DESK-RAIL-MAIN; DENSITY=D-DEFAULT; IX=IX-FILTER-CHIPS; IMPL=focus-trap,hotkeys,skeleton-css,clipboard-api; FEEL=Hide rare advanced
A1425	m-camera-first	Camera/capture first	mobile-structure	mobile-phone	NAV-NONE-FOCUS	SH-PHONE-CANVAS	D-TOUCH-COMFORT	IX-PRIMARY-THUMB	PLATFORM=mobile-phone; PATTERN=m-camera-first; NAV=NAV-NONE-FOCUS; SHELL=SH-PHONE-CANVAS; DENSITY=D-TOUCH-COMFORT; IX=IX-PRIMARY-THUMB; IMPL=bottom-nav-fixed,inputmode,network-information,coarse-pointer; FEEL=Capture chrome minimal
A1426	password-desktop	Password Manager Desktop	industry-app	desktop-web	NAV-SIDE-RAIL	SH-DESK-DATAGRID	D-DEFAULT	IX-KEYBOARD-SHORTCUTS	PLATFORM=desktop-web; PATTERN=password-desktop; NAV=NAV-SIDE-RAIL; SHELL=SH-DESK-DATAGRID; DENSITY=D-DEFAULT; IX=IX-KEYBOARD-SHORTCUTS; IMPL=form-novalidate,resize-observer,aria-expanded,skeleton-css; FEEL=vault generator
A1427	travel-mobile	Travel Mobile	industry-app	mobile-phone	NAV-BOTTOM-TABS	SH-PHONE-TABS	D-TOUCH-COMFORT	IX-PRIMARY-THUMB	PLATFORM=mobile-phone; PATTERN=travel-mobile; NAV=NAV-BOTTOM-TABS; SHELL=SH-PHONE-TABS; DENSITY=D-TOUCH-COMFORT; IX=IX-PRIMARY-THUMB; IMPL=focus-trap,error-boundary-ui,pointer-events,form-novalidate; FEEL=trips boarding
A1428	gov-services-desktop	Gov Services Desktop	industry-app	desktop-web	NAV-SIDE-RAIL	SH-DESK-DATAGRID	D-DEFAULT	IX-KEYBOARD-SHORTCUTS	PLATFORM=desktop-web; PATTERN=gov-services-desktop; NAV=NAV-SIDE-RAIL; SHELL=SH-DESK-DATAGRID; DENSITY=D-DEFAULT; IX=IX-KEYBOARD-SHORTCUTS; IMPL=command-palette-js,focus-trap,roving-tabindex,pointer-events; FEEL=cases queue
A1429	x-performance-perceived	Perceived performance	cross-platform-app	responsive-app	NAV-SIDE-TREE	SH-DESK-DASH	D-DEFAULT	IX-OPTIMISTIC	PLATFORM=responsive-app; PATTERN=x-performance-perceived; NAV=NAV-SIDE-TREE; SHELL=SH-DESK-DASH; DENSITY=D-DEFAULT; IX=IX-OPTIMISTIC; IMPL=command-palette-js,resize-observer,history-stack,install-pwa; FEEL=Skeleton, optimistic, stale-while-revalidate
A1430	os-android-back	Android back affordance	os-patterns	mobile-phone	NAV-STACK-PUSH	SH-PHONE-STACK	D-DEFAULT	IX-PRIMARY-THUMB	PLATFORM=mobile-phone; PATTERN=os-android-back; NAV=NAV-STACK-PUSH; SHELL=SH-PHONE-STACK; DENSITY=D-DEFAULT; IX=IX-PRIMARY-THUMB; IMPL=overscroll,csrf-safe,dialog-element,matchmedia; FEEL=Predictable back stack
A1431	crm-desktop	CRM Desktop	industry-app	desktop-web	NAV-SIDE-RAIL	SH-DESK-DATAGRID	D-COMPACT	IX-KEYBOARD-SHORTCUTS	PLATFORM=desktop-web; PATTERN=crm-desktop; NAV=NAV-SIDE-RAIL; SHELL=SH-DESK-DATAGRID; DENSITY=D-COMPACT; IX=IX-KEYBOARD-SHORTCUTS; IMPL=pointer-events,debounce-search,content-visibility,url-state; FEEL=pipeline contacts
A1432	d-progressive-more	More/Fewer options	desktop-density-keyboard	desktop-web	NAV-SIDE-RAIL	SH-DESK-RAIL-MAIN	D-DEFAULT	IX-FILTER-CHIPS	PLATFORM=desktop-web; PATTERN=d-progressive-more; NAV=NAV-SIDE-RAIL; SHELL=SH-DESK-RAIL-MAIN; DENSITY=D-DEFAULT; IX=IX-FILTER-CHIPS; IMPL=live-region,abort-controller,virtual-list,optimistic-ui; FEEL=Hide rare advanced
A1433	email-mobile	Mobile Email	industry-app	mobile-phone	NAV-TOP-TABS	SH-PHONE-FEED	D-DEFAULT	IX-PRIMARY-THUMB	PLATFORM=mobile-phone; PATTERN=email-mobile; NAV=NAV-TOP-TABS; SHELL=SH-PHONE-FEED; DENSITY=D-DEFAULT; IX=IX-PRIMARY-THUMB; IMPL=optimistic-ui,file-capture,tap-highlight,prefers-contrast; FEEL=inbox thread compose
A1434	legal-desktop	Legal Desktop	industry-app	desktop-web	NAV-MENUBAR	SH-DESK-TOOL-CANVAS	D-COMPACT	IX-KEYBOARD-SHORTCUTS	PLATFORM=desktop-web; PATTERN=legal-desktop; NAV=NAV-MENUBAR; SHELL=SH-DESK-TOOL-CANVAS; DENSITY=D-COMPACT; IX=IX-KEYBOARD-SHORTCUTS; IMPL=session-timeout,clipboard-api,hover-media,overscroll; FEEL=matters documents
A1435	x-performance-perceived	Perceived performance	cross-platform-app	responsive-app	NAV-TAB+STACK	SH-PHONE-TABS	D-DEFAULT	IX-OPTIMISTIC	PLATFORM=responsive-app; PATTERN=x-performance-perceived; NAV=NAV-TAB+STACK; SHELL=SH-PHONE-TABS; DENSITY=D-DEFAULT; IX=IX-OPTIMISTIC; IMPL=overscroll,clipboard-api,localstorage-prefs,network-information; FEEL=Skeleton, optimistic, stale-while-revalidate
A1436	security-soc-desktop	SOC Desktop	industry-app	desktop-web	NAV-MASTER-DETAIL	SH-DESK-RAIL-MAIN-INSP	D-COMPACT	IX-KEYBOARD-SHORTCUTS	PLATFORM=desktop-web; PATTERN=security-soc-desktop; NAV=NAV-MASTER-DETAIL; SHELL=SH-DESK-RAIL-MAIN-INSP; DENSITY=D-COMPACT; IX=IX-KEYBOARD-SHORTCUTS; IMPL=localstorage-prefs,grid-app-shell,pointer-events,skeleton-css; FEEL=alerts timeline
A1437	manufacturing-mobile	Shop Floor Mobile	industry-app	mobile-phone	NAV-NONE-FOCUS	SH-PHONE-STACK	D-TOUCH-COMFORT	IX-PRIMARY-THUMB	PLATFORM=mobile-phone; PATTERN=manufacturing-mobile; NAV=NAV-NONE-FOCUS; SHELL=SH-PHONE-STACK; DENSITY=D-TOUCH-COMFORT; IX=IX-PRIMARY-THUMB; IMPL=biometric-webauthn,aria-expanded,prefers-contrast,prefers-color-scheme; FEEL=scan complete
A1438	m-search-tab	Search as tab	mobile-structure	mobile-phone	NAV-BOTTOM-TABS	SH-PHONE-TABS	D-DEFAULT	IX-PRIMARY-THUMB	PLATFORM=mobile-phone; PATTERN=m-search-tab; NAV=NAV-BOTTOM-TABS; SHELL=SH-PHONE-TABS; DENSITY=D-DEFAULT; IX=IX-PRIMARY-THUMB; IMPL=install-pwa,focus-trap,push-web,app-badge; FEEL=Search is a root job
A1439	insurance-desktop	Insurance Desktop	industry-app	desktop-web	NAV-SIDE-RAIL	SH-DESK-DATAGRID	D-COMPACT	IX-KEYBOARD-SHORTCUTS	PLATFORM=desktop-web; PATTERN=insurance-desktop; NAV=NAV-SIDE-RAIL; SHELL=SH-DESK-DATAGRID; DENSITY=D-COMPACT; IX=IX-KEYBOARD-SHORTCUTS; IMPL=matchmedia,roving-tabindex,command-palette-js,csrf-safe; FEEL=policies claims queue
A1440	education-mobile	Learning Mobile	industry-app	mobile-phone	NAV-TAB+STACK	SH-RESPONSIVE-COLLAPSE	D-COMFORTABLE	IX-PRIMARY-THUMB	PLATFORM=mobile-phone; PATTERN=education-mobile; NAV=NAV-TAB+STACK; SHELL=SH-RESPONSIVE-COLLAPSE; DENSITY=D-COMFORTABLE; IX=IX-PRIMARY-THUMB; IMPL=form-novalidate,touch-action,aria-current,min-touch; FEEL=courses lessons
A1441	d-split-compare	Compare split	desktop-structure	desktop-web	NAV-MASTER-DETAIL	SH-TABLET-SPLIT	D-DEFAULT	IX-KEYBOARD-SHORTCUTS	PLATFORM=desktop-web; PATTERN=d-split-compare; NAV=NAV-MASTER-DETAIL; SHELL=SH-TABLET-SPLIT; DENSITY=D-DEFAULT; IX=IX-KEYBOARD-SHORTCUTS; IMPL=virtual-list,scroll-padding,intersection-infinite,prefers-reduced-motion; FEEL=A|B decision
A1442	m-profile-me	Profile / Me tab	mobile-structure	mobile-phone	NAV-BOTTOM-TABS	SH-PHONE-TABS	D-DEFAULT	IX-PRIMARY-THUMB	PLATFORM=mobile-phone; PATTERN=m-profile-me; NAV=NAV-BOTTOM-TABS; SHELL=SH-PHONE-TABS; DENSITY=D-DEFAULT; IX=IX-PRIMARY-THUMB; IMPL=error-boundary-ui,focus-visible,bottom-nav-fixed,scroll-padding; FEEL=Account + prefs entry
A1443	os-ios-swipe-back	iOS interactive pop	os-patterns	mobile-phone	NAV-STACK-PUSH	SH-PHONE-STACK	D-DEFAULT	IX-PRIMARY-THUMB	PLATFORM=mobile-phone; PATTERN=os-ios-swipe-back; NAV=NAV-STACK-PUSH; SHELL=SH-PHONE-STACK; DENSITY=D-DEFAULT; IX=IX-PRIMARY-THUMB; IMPL=biometric-webauthn,file-capture,touch-action,install-pwa; FEEL=Edge swipe back
A1444	os-material-fab	Material FAB	os-patterns	mobile-phone	NAV-STACK-PUSH	SH-PHONE-STACK	D-TOUCH-COMFORT	IX-FAB	PLATFORM=mobile-phone; PATTERN=os-material-fab; NAV=NAV-STACK-PUSH; SHELL=SH-PHONE-STACK; DENSITY=D-TOUCH-COMFORT; IX=IX-FAB; IMPL=prefers-color-scheme,safe-area-css,network-information,app-badge; FEEL=Primary create
A1445	tax-mobile	Tax Mobile	industry-app	desktop-web	NAV-TOOLBAR	SH-DESK-DOCUMENT	D-DEFAULT	IX-PRIMARY-THUMB	PLATFORM=desktop-web; PATTERN=tax-mobile; NAV=NAV-TOOLBAR; SHELL=SH-DESK-DOCUMENT; DENSITY=D-DEFAULT; IX=IX-PRIMARY-THUMB; IMPL=command-palette-js,virtual-list,content-visibility,clipboard-api; FEEL=upload status
A1446	x-performance-perceived	Perceived performance	cross-platform-app	responsive-app	NAV-NONE-FOCUS	SH-RESPONSIVE-COLLAPSE	D-DEFAULT	IX-OPTIMISTIC	PLATFORM=responsive-app; PATTERN=x-performance-perceived; NAV=NAV-NONE-FOCUS; SHELL=SH-RESPONSIVE-COLLAPSE; DENSITY=D-DEFAULT; IX=IX-OPTIMISTIC; IMPL=hover-media,vibrate-careful,safe-area-css,focus-trap; FEEL=Skeleton, optimistic, stale-while-revalidate
A1447	m-permission-preface	Permission preface	mobile-content-patterns	mobile-phone	NAV-STACK-PUSH	SH-PHONE-STACK	D-COMFORTABLE	IX-PERMISSION-RATIONALE	PLATFORM=mobile-phone; PATTERN=m-permission-preface; NAV=NAV-STACK-PUSH; SHELL=SH-PHONE-STACK; DENSITY=D-COMFORTABLE; IX=IX-PERMISSION-RATIONALE; IMPL=prefers-contrast,viewport-meta,skeleton-css,safe-area-css; FEEL=Value prop before OS dialog
A1448	notes-mobile	Notes Mobile	industry-app	mobile-phone	NAV-STACK-PUSH	SH-PHONE-SHEET	D-DEFAULT	IX-PRIMARY-THUMB	PLATFORM=mobile-phone; PATTERN=notes-mobile; NAV=NAV-STACK-PUSH; SHELL=SH-PHONE-SHEET; DENSITY=D-DEFAULT; IX=IX-PRIMARY-THUMB; IMPL=touch-action,viewport-meta,install-pwa,live-region; FEEL=list editor
A1449	d-autosave-status	Autosave status	desktop-density-keyboard	desktop-web	NAV-COMMAND-PALETTE	SH-DESK-RAIL-MAIN-INSP	D-DEFAULT	IX-AUTOSAVE	PLATFORM=desktop-web; PATTERN=d-autosave-status; NAV=NAV-COMMAND-PALETTE; SHELL=SH-DESK-RAIL-MAIN-INSP; DENSITY=D-DEFAULT; IX=IX-AUTOSAVE; IMPL=clipboard-api,matchmedia,focus-visible,form-novalidate; FEEL=Saving/saved/error in chrome
A1450	os-win-titlebar	Windows titlebar patterns	os-patterns	desktop-web	NAV-MENUBAR	SH-DESK-DOCUMENT	D-DEFAULT	IX-KEYBOARD-SHORTCUTS	PLATFORM=desktop-web; PATTERN=os-win-titlebar; NAV=NAV-MENUBAR; SHELL=SH-DESK-DOCUMENT; DENSITY=D-DEFAULT; IX=IX-KEYBOARD-SHORTCUTS; IMPL=skeleton-css,prefers-reduced-motion,localstorage-prefs,autocomplete; FEEL=App icon caption buttons
A1451	restaurant-pos-tablet	Restaurant POS Tablet	industry-app	mobile-tablet	NAV-NONE-FOCUS	SH-TABLET-SPLIT	D-TOUCH-COMFORT	IX-EMPTY-CTA	PLATFORM=mobile-tablet; PATTERN=restaurant-pos-tablet; NAV=NAV-NONE-FOCUS; SHELL=SH-TABLET-SPLIT; DENSITY=D-TOUCH-COMFORT; IX=IX-EMPTY-CTA; IMPL=aria-expanded,content-visibility,dialog-element,service-worker-offline; FEEL=tickets menu pay
A1452	os-ios-inset-grouped	iOS inset grouped list	os-patterns	mobile-phone	NAV-STACK-PUSH	SH-PHONE-STACK	D-DEFAULT	IX-PRIMARY-THUMB	PLATFORM=mobile-phone; PATTERN=os-ios-inset-grouped; NAV=NAV-STACK-PUSH; SHELL=SH-PHONE-STACK; DENSITY=D-DEFAULT; IX=IX-PRIMARY-THUMB; IMPL=abort-controller,history-stack,virtual-list,hover-media; FEEL=Settings style
A1453	d-datagrid-app	Datagrid application	desktop-structure	desktop-web	NAV-WIZARD	SH-DESK-DASH	D-COMPACT	IX-KEYBOARD-SHORTCUTS	PLATFORM=desktop-web; PATTERN=d-datagrid-app; NAV=NAV-WIZARD; SHELL=SH-DESK-DASH; DENSITY=D-COMPACT; IX=IX-KEYBOARD-SHORTCUTS; IMPL=form-novalidate,error-boundary-ui,roving-tabindex,optimistic-ui; FEEL=Table is the product
A1454	m-hamburger-secondary	Drawer for secondary only	mobile-structure	mobile-phone	NAV-DRAWER	SH-PHONE-STACK	D-DEFAULT	IX-PRIMARY-THUMB	PLATFORM=mobile-phone; PATTERN=m-hamburger-secondary; NAV=NAV-DRAWER; SHELL=SH-PHONE-STACK; DENSITY=D-DEFAULT; IX=IX-PRIMARY-THUMB; IMPL=safe-area-css,coarse-pointer,content-visibility,viewport-meta; FEEL=Not for primary 5 destinations
A1455	m-status-bar-legible	Status bar legible	mobile-touch-a11y	mobile-phone	NAV-STACK-PUSH	SH-PHONE-STACK	D-DEFAULT	IX-PRIMARY-THUMB	PLATFORM=mobile-phone; PATTERN=m-status-bar-legible; NAV=NAV-STACK-PUSH; SHELL=SH-PHONE-STACK; DENSITY=D-DEFAULT; IX=IX-PRIMARY-THUMB; IMPL=install-pwa,prefers-reduced-motion,pointer-events,push-web; FEEL=Content not under status
A1456	news-mobile	News Mobile	industry-app	mobile-phone	NAV-BOTTOM-TABS	SH-PHONE-FEED	D-DEFAULT	IX-PRIMARY-THUMB	PLATFORM=mobile-phone; PATTERN=news-mobile; NAV=NAV-BOTTOM-TABS; SHELL=SH-PHONE-FEED; DENSITY=D-DEFAULT; IX=IX-PRIMARY-THUMB; IMPL=will-change-sparing,tap-highlight,debounce-search,scroll-padding; FEEL=sections article
A1457	museum-desktop	Museum Desktop	industry-app	desktop-web	NAV-SIDE-RAIL	SH-DESK-DATAGRID	D-DEFAULT	IX-KEYBOARD-SHORTCUTS	PLATFORM=desktop-web; PATTERN=museum-desktop; NAV=NAV-SIDE-RAIL; SHELL=SH-DESK-DATAGRID; DENSITY=D-DEFAULT; IX=IX-KEYBOARD-SHORTCUTS; IMPL=error-boundary-ui,virtual-list,aria-current,pointer-events; FEEL=collections CMS
A1458	erp-desktop	ERP Desktop	industry-app	mobile-phone	NAV-TAB+STACK	SH-PHONE-FEED	D-TOUCH-COMFORT	IX-KEYBOARD-SHORTCUTS	PLATFORM=mobile-phone; PATTERN=erp-desktop; NAV=NAV-TAB+STACK; SHELL=SH-PHONE-FEED; DENSITY=D-TOUCH-COMFORT; IX=IX-KEYBOARD-SHORTCUTS; IMPL=aria-current,hover-media,inputmode,share-api; FEEL=modules dense tables
A1459	mdm-desktop	Device Management	industry-app	desktop-web	NAV-SIDE-RAIL	SH-DESK-DATAGRID	D-COMPACT	IX-KEYBOARD-SHORTCUTS	PLATFORM=desktop-web; PATTERN=mdm-desktop; NAV=NAV-SIDE-RAIL; SHELL=SH-DESK-DATAGRID; DENSITY=D-COMPACT; IX=IX-KEYBOARD-SHORTCUTS; IMPL=resize-observer,csrf-safe,abort-controller,popover-api; FEEL=fleet compliance
A1460	museum-desktop	Museum Desktop	industry-app	desktop-web	NAV-SIDE-RAIL	SH-DESK-DATAGRID	D-DEFAULT	IX-KEYBOARD-SHORTCUTS	PLATFORM=desktop-web; PATTERN=museum-desktop; NAV=NAV-SIDE-RAIL; SHELL=SH-DESK-DATAGRID; DENSITY=D-DEFAULT; IX=IX-KEYBOARD-SHORTCUTS; IMPL=clipboard-api,popover-api,container-queries,session-timeout; FEEL=collections CMS
A1461	crm-desktop	CRM Desktop	industry-app	desktop-web	NAV-SIDE-RAIL	SH-DESK-DATAGRID	D-COMPACT	IX-KEYBOARD-SHORTCUTS	PLATFORM=desktop-web; PATTERN=crm-desktop; NAV=NAV-SIDE-RAIL; SHELL=SH-DESK-DATAGRID; DENSITY=D-COMPACT; IX=IX-KEYBOARD-SHORTCUTS; IMPL=abort-controller,prefers-contrast,content-visibility,pointer-events; FEEL=pipeline contacts
A1462	d-large-display	Large display use	desktop-density-keyboard	desktop-web	NAV-SIDE-RAIL	SH-DESK-RAIL-MAIN	D-DEFAULT	IX-SPLIT-RESIZE	PLATFORM=desktop-web; PATTERN=d-large-display; NAV=NAV-SIDE-RAIL; SHELL=SH-DESK-RAIL-MAIN; DENSITY=D-DEFAULT; IX=IX-SPLIT-RESIZE; IMPL=resize-observer,command-palette-js,localstorage-prefs,hotkeys; FEEL=Don't stretch uselessly
A1463	energy-desktop	Energy Ops Desktop	industry-app	desktop-web	NAV-MASTER-DETAIL	SH-DESK-DASH	D-COMPACT	IX-KEYBOARD-SHORTCUTS	PLATFORM=desktop-web; PATTERN=energy-desktop; NAV=NAV-MASTER-DETAIL; SHELL=SH-DESK-DASH; DENSITY=D-COMPACT; IX=IX-KEYBOARD-SHORTCUTS; IMPL=fine-pointer,dialog-element,command-palette-js,hotkeys; FEEL=grid status alarms
A1464	m-search-results	Search results mobile	mobile-content-patterns	mobile-phone	NAV-STACK-PUSH	SH-PHONE-STACK	D-DEFAULT	IX-SEARCH-FIRST	PLATFORM=mobile-phone; PATTERN=m-search-results; NAV=NAV-STACK-PUSH; SHELL=SH-PHONE-STACK; DENSITY=D-DEFAULT; IX=IX-SEARCH-FIRST; IMPL=aria-current,skeleton-css,error-boundary-ui,debounce-search; FEEL=Query sticky + results
A1465	education-mobile	Learning Mobile	industry-app	mobile-phone	NAV-BOTTOM-TABS	SH-PHONE-TABS	D-COMFORTABLE	IX-PRIMARY-THUMB	PLATFORM=mobile-phone; PATTERN=education-mobile; NAV=NAV-BOTTOM-TABS; SHELL=SH-PHONE-TABS; DENSITY=D-COMFORTABLE; IX=IX-PRIMARY-THUMB; IMPL=matchmedia,skeleton-css,biometric-webauthn,aria-current; FEEL=courses lessons
A1466	m-tab-per-stack	Tab + stack per root	mobile-structure	mobile-phone	NAV-TAB+STACK	SH-PHONE-TABS	D-TOUCH-COMFORT	IX-PRIMARY-THUMB	PLATFORM=mobile-phone; PATTERN=m-tab-per-stack; NAV=NAV-TAB+STACK; SHELL=SH-PHONE-TABS; DENSITY=D-TOUCH-COMFORT; IX=IX-PRIMARY-THUMB; IMPL=hover-media,coarse-pointer,live-region,install-pwa; FEEL=Independent history per tab
A1467	m-form-multipage	Multi-page form	mobile-content-patterns	mobile-phone	NAV-WIZARD	SH-PHONE-STACK	D-DEFAULT	IX-PRIMARY-THUMB	PLATFORM=mobile-phone; PATTERN=m-form-multipage; NAV=NAV-WIZARD; SHELL=SH-PHONE-STACK; DENSITY=D-DEFAULT; IX=IX-PRIMARY-THUMB; IMPL=content-visibility,aria-expanded,error-boundary-ui,overscroll; FEEL=Save draft between pages
A1468	d-map-desktop	Map ops desktop	desktop-structure	desktop-web	NAV-MASTER-DETAIL	SH-TABLET-SPLIT	D-DEFAULT	IX-KEYBOARD-SHORTCUTS	PLATFORM=desktop-web; PATTERN=d-map-desktop; NAV=NAV-MASTER-DETAIL; SHELL=SH-TABLET-SPLIT; DENSITY=D-DEFAULT; IX=IX-KEYBOARD-SHORTCUTS; IMPL=debounce-search,form-novalidate,clipboard-api,roving-tabindex; FEEL=Map + side list
A1469	university-desktop	Uni Admin Desktop	industry-app	desktop-web	NAV-SIDE-RAIL	SH-DESK-DATAGRID	D-COMPACT	IX-KEYBOARD-SHORTCUTS	PLATFORM=desktop-web; PATTERN=university-desktop; NAV=NAV-SIDE-RAIL; SHELL=SH-DESK-DATAGRID; DENSITY=D-COMPACT; IX=IX-KEYBOARD-SHORTCUTS; IMPL=session-timeout,drag-drop-desktop,prefers-color-scheme,fine-pointer; FEEL=enrolment records
A1470	backup-mobile	Backup Mobile	industry-app	mobile-phone	NAV-STACK-PUSH	SH-PHONE-STACK	D-DEFAULT	IX-PRIMARY-THUMB	PLATFORM=mobile-phone; PATTERN=backup-mobile; NAV=NAV-STACK-PUSH; SHELL=SH-PHONE-STACK; DENSITY=D-DEFAULT; IX=IX-PRIMARY-THUMB; IMPL=prefers-reduced-motion,network-information,focus-visible,focus-trap; FEEL=status restore
A1471	finance-markets-mobile	Markets Mobile	industry-app	mobile-phone	NAV-MODAL-SHEET	SH-PHONE-TABS	D-DEFAULT	IX-PRIMARY-THUMB	PLATFORM=mobile-phone; PATTERN=finance-markets-mobile; NAV=NAV-MODAL-SHEET; SHELL=SH-PHONE-TABS; DENSITY=D-DEFAULT; IX=IX-PRIMARY-THUMB; IMPL=touch-action,autocomplete,error-boundary-ui,focus-visible; FEEL=watchlist quotes
A1472	x-role-home	Role-based home	cross-platform-app	responsive-app	NAV-BOTTOM-TABS	SH-RESPONSIVE-COLLAPSE	D-DEFAULT	IX-EMPTY-CTA	PLATFORM=responsive-app; PATTERN=x-role-home; NAV=NAV-BOTTOM-TABS; SHELL=SH-RESPONSIVE-COLLAPSE; DENSITY=D-DEFAULT; IX=IX-EMPTY-CTA; IMPL=localstorage-prefs,live-region,roving-tabindex,command-palette-js; FEEL=Different landing by role
A1473	os-kiosk-locked	Kiosk locked session	os-patterns	mobile-phone	NAV-DRAWER	SH-PHONE-CANVAS	D-TOUCH-COMFORT	IX-PRIMARY-THUMB	PLATFORM=mobile-phone; PATTERN=os-kiosk-locked; NAV=NAV-DRAWER; SHELL=SH-PHONE-CANVAS; DENSITY=D-TOUCH-COMFORT; IX=IX-PRIMARY-THUMB; IMPL=push-web,inputmode,skeleton-css,install-pwa; FEEL=Timeout reset
A1474	m-create-fab	Create via FAB	mobile-structure	mobile-phone	NAV-BOTTOM-TABS	SH-PHONE-FEED	D-TOUCH-COMFORT	IX-PRIMARY-THUMB	PLATFORM=mobile-phone; PATTERN=m-create-fab; NAV=NAV-BOTTOM-TABS; SHELL=SH-PHONE-FEED; DENSITY=D-TOUCH-COMFORT; IX=IX-PRIMARY-THUMB; IMPL=will-change-sparing,service-worker-offline,focus-trap,push-web; FEEL=One create affordance
A1475	os-ios-swipe-back	iOS interactive pop	os-patterns	mobile-phone	NAV-STACK-PUSH	SH-PHONE-STACK	D-DEFAULT	IX-PRIMARY-THUMB	PLATFORM=mobile-phone; PATTERN=os-ios-swipe-back; NAV=NAV-STACK-PUSH; SHELL=SH-PHONE-STACK; DENSITY=D-DEFAULT; IX=IX-PRIMARY-THUMB; IMPL=url-state,history-stack,prefers-contrast,inputmode; FEEL=Edge swipe back
A1476	d-map-desktop	Map ops desktop	desktop-structure	desktop-web	NAV-MASTER-DETAIL	SH-TABLET-SPLIT	D-DEFAULT	IX-KEYBOARD-SHORTCUTS	PLATFORM=desktop-web; PATTERN=d-map-desktop; NAV=NAV-MASTER-DETAIL; SHELL=SH-TABLET-SPLIT; DENSITY=D-DEFAULT; IX=IX-KEYBOARD-SHORTCUTS; IMPL=intersection-infinite,optimistic-ui,live-region,resize-observer; FEEL=Map + side list
A1477	x-theming-light-dark	Light/dark tokens	cross-platform-app	responsive-app	NAV-SIDE-TREE	SH-PHONE-SHEET	D-DEFAULT	IX-PRIMARY-THUMB	PLATFORM=responsive-app; PATTERN=x-theming-light-dark; NAV=NAV-SIDE-TREE; SHELL=SH-PHONE-SHEET; DENSITY=D-DEFAULT; IX=IX-PRIMARY-THUMB; IMPL=install-pwa,form-novalidate,vibrate-careful,session-timeout; FEEL=Semantic surfaces
A1478	construction-mobile	Construction Mobile	industry-app	mobile-phone	NAV-STACK-PUSH	SH-PHONE-STACK	D-TOUCH-COMFORT	IX-PRIMARY-THUMB	PLATFORM=mobile-phone; PATTERN=construction-mobile; NAV=NAV-STACK-PUSH; SHELL=SH-PHONE-STACK; DENSITY=D-TOUCH-COMFORT; IX=IX-PRIMARY-THUMB; IMPL=share-api,min-touch,tap-highlight,type-date; FEEL=site daily photos
A1479	podcast-mobile	Podcast Mobile	industry-app	mobile-phone	NAV-MODAL-SHEET	SH-PHONE-FEED	D-DEFAULT	IX-PRIMARY-THUMB	PLATFORM=mobile-phone; PATTERN=podcast-mobile; NAV=NAV-MODAL-SHEET; SHELL=SH-PHONE-FEED; DENSITY=D-DEFAULT; IX=IX-PRIMARY-THUMB; IMPL=type-date,overscroll,debounce-search,coarse-pointer; FEEL=shows episodes player
A1480	legal-mobile	Legal Mobile	industry-app	mobile-phone	NAV-BOTTOM-TABS	SH-PHONE-TABS	D-DEFAULT	IX-PRIMARY-THUMB	PLATFORM=mobile-phone; PATTERN=legal-mobile; NAV=NAV-BOTTOM-TABS; SHELL=SH-PHONE-TABS; DENSITY=D-DEFAULT; IX=IX-PRIMARY-THUMB; IMPL=network-information,form-novalidate,pointer-events,overscroll; FEEL=deadlines tasks
A1481	sports-desktop	Sports Desktop	industry-app	desktop-web	NAV-SIDE-RAIL	SH-DESK-DASH	D-COMPACT	IX-KEYBOARD-SHORTCUTS	PLATFORM=desktop-web; PATTERN=sports-desktop; NAV=NAV-SIDE-RAIL; SHELL=SH-DESK-DASH; DENSITY=D-COMPACT; IX=IX-KEYBOARD-SHORTCUTS; IMPL=pointer-events,localstorage-prefs,url-state,prefers-reduced-motion; FEEL=stats tables live
A1482	d-bulk-actions	Bulk action bar	desktop-density-keyboard	desktop-web	NAV-TOOLBAR	SH-DESK-DASH	D-COMPACT	IX-MULTISELECT	PLATFORM=desktop-web; PATTERN=d-bulk-actions; NAV=NAV-TOOLBAR; SHELL=SH-DESK-DASH; DENSITY=D-COMPACT; IX=IX-MULTISELECT; IMPL=csrf-safe,autocomplete,form-novalidate,localstorage-prefs; FEEL=Appears on selection
A1483	m-timeline-vertical	Vertical timeline	mobile-content-patterns	mobile-phone	NAV-STACK-PUSH	SH-PHONE-STACK	D-DEFAULT	IX-INFINITE-SCROLL	PLATFORM=mobile-phone; PATTERN=m-timeline-vertical; NAV=NAV-STACK-PUSH; SHELL=SH-PHONE-STACK; DENSITY=D-DEFAULT; IX=IX-INFINITE-SCROLL; IMPL=tap-highlight,flex-phone-column,type-date,touch-action; FEEL=Activity history
A1484	notes-mobile	Notes Mobile	industry-app	mobile-phone	NAV-BOTTOM-TABS	SH-PHONE-SHEET	D-DEFAULT	IX-PRIMARY-THUMB	PLATFORM=mobile-phone; PATTERN=notes-mobile; NAV=NAV-BOTTOM-TABS; SHELL=SH-PHONE-SHEET; DENSITY=D-DEFAULT; IX=IX-PRIMARY-THUMB; IMPL=matchmedia,app-badge,virtual-list,min-touch; FEEL=list editor
A1485	m-form-multipage	Multi-page form	mobile-content-patterns	mobile-phone	NAV-WIZARD	SH-PHONE-STACK	D-DEFAULT	IX-PRIMARY-THUMB	PLATFORM=mobile-phone; PATTERN=m-form-multipage; NAV=NAV-WIZARD; SHELL=SH-PHONE-STACK; DENSITY=D-DEFAULT; IX=IX-PRIMARY-THUMB; IMPL=live-region,type-date,optimistic-ui,focus-visible; FEEL=Save draft between pages
A1486	m-status-bar-legible	Status bar legible	mobile-touch-a11y	mobile-phone	NAV-STACK-PUSH	SH-PHONE-STACK	D-DEFAULT	IX-PRIMARY-THUMB	PLATFORM=mobile-phone; PATTERN=m-status-bar-legible; NAV=NAV-STACK-PUSH; SHELL=SH-PHONE-STACK; DENSITY=D-DEFAULT; IX=IX-PRIMARY-THUMB; IMPL=aria-current,form-novalidate,autocomplete,type-date; FEEL=Content not under status
A1487	os-android-back	Android back affordance	os-patterns	mobile-phone	NAV-DRAWER	SH-PHONE-SHEET	D-DEFAULT	IX-PRIMARY-THUMB	PLATFORM=mobile-phone; PATTERN=os-android-back; NAV=NAV-DRAWER; SHELL=SH-PHONE-SHEET; DENSITY=D-DEFAULT; IX=IX-PRIMARY-THUMB; IMPL=prefers-contrast,dvh-units,optimistic-ui,prefers-reduced-motion; FEEL=Predictable back stack
A1488	tax-desktop	Tax Desktop	industry-app	desktop-web	NAV-NONE-FOCUS	SH-DESK-DASH	D-DEFAULT	IX-KEYBOARD-SHORTCUTS	PLATFORM=desktop-web; PATTERN=tax-desktop; NAV=NAV-NONE-FOCUS; SHELL=SH-DESK-DASH; DENSITY=D-DEFAULT; IX=IX-KEYBOARD-SHORTCUTS; IMPL=virtual-list,aria-current,aria-expanded,session-timeout; FEEL=forms wizard review
A1489	os-win-titlebar	Windows titlebar patterns	os-patterns	desktop-web	NAV-MENUBAR	SH-DESK-DOCUMENT	D-DEFAULT	IX-KEYBOARD-SHORTCUTS	PLATFORM=desktop-web; PATTERN=os-win-titlebar; NAV=NAV-MENUBAR; SHELL=SH-DESK-DOCUMENT; DENSITY=D-DEFAULT; IX=IX-KEYBOARD-SHORTCUTS; IMPL=will-change-sparing,container-queries,intersection-infinite,drag-drop-desktop; FEEL=App icon caption buttons
A1490	gov-services-mobile	Gov Services Mobile	industry-app	mobile-phone	NAV-TAB+STACK	SH-PHONE-STACK	D-TOUCH-COMFORT	IX-PRIMARY-THUMB	PLATFORM=mobile-phone; PATTERN=gov-services-mobile; NAV=NAV-TAB+STACK; SHELL=SH-PHONE-STACK; DENSITY=D-TOUCH-COMFORT; IX=IX-PRIMARY-THUMB; IMPL=aria-current,app-badge,history-stack,url-state; FEEL=tasks forms status
A1491	museum-desktop	Museum Desktop	industry-app	responsive-app	NAV-BOTTOM-SHEET	SH-PHONE-CANVAS	D-DEFAULT	IX-KEYBOARD-SHORTCUTS	PLATFORM=responsive-app; PATTERN=museum-desktop; NAV=NAV-BOTTOM-SHEET; SHELL=SH-PHONE-CANVAS; DENSITY=D-DEFAULT; IX=IX-KEYBOARD-SHORTCUTS; IMPL=localstorage-prefs,skeleton-css,dialog-element,fine-pointer; FEEL=collections CMS
A1492	os-win-navigation-view	Win NavigationView	os-patterns	desktop-web	NAV-SIDE-RAIL	SH-DESK-RAIL-MAIN	D-DEFAULT	IX-KEYBOARD-SHORTCUTS	PLATFORM=desktop-web; PATTERN=os-win-navigation-view; NAV=NAV-SIDE-RAIL; SHELL=SH-DESK-RAIL-MAIN; DENSITY=D-DEFAULT; IX=IX-KEYBOARD-SHORTCUTS; IMPL=pointer-events,error-boundary-ui,virtual-list,overscroll; FEEL=Left nav expand
A1493	d-calendar-desktop	Calendar app	desktop-structure	desktop-web	NAV-SIDE-RAIL	SH-DESK-TOOL-CANVAS	D-DEFAULT	IX-KEYBOARD-SHORTCUTS	PLATFORM=desktop-web; PATTERN=d-calendar-desktop; NAV=NAV-SIDE-RAIL; SHELL=SH-DESK-TOOL-CANVAS; DENSITY=D-DEFAULT; IX=IX-KEYBOARD-SHORTCUTS; IMPL=pointer-events,focus-trap,autocomplete,popover-api; FEEL=Time grid primary
A1494	field-service-mobile	Field Service Mobile	industry-app	mobile-phone	NAV-STACK-PUSH	SH-PHONE-STACK	D-TOUCH-COMFORT	IX-PRIMARY-THUMB	PLATFORM=mobile-phone; PATTERN=field-service-mobile; NAV=NAV-STACK-PUSH; SHELL=SH-PHONE-STACK; DENSITY=D-TOUCH-COMFORT; IX=IX-PRIMARY-THUMB; IMPL=url-state,vibrate-careful,will-change-sparing,type-date; FEEL=jobs checklist photo
A1495	food-merchant-desktop	Merchant Desktop	industry-app	desktop-web	NAV-MASTER-DETAIL	SH-DESK-RAIL-MAIN-INSP	D-COMPACT	IX-KEYBOARD-SHORTCUTS	PLATFORM=desktop-web; PATTERN=food-merchant-desktop; NAV=NAV-MASTER-DETAIL; SHELL=SH-DESK-RAIL-MAIN-INSP; DENSITY=D-COMPACT; IX=IX-KEYBOARD-SHORTCUTS; IMPL=grid-app-shell,optimistic-ui,focus-visible,aria-expanded; FEEL=orders kitchen
A1496	m-search-tab	Search as tab	mobile-structure	mobile-phone	NAV-BOTTOM-TABS	SH-PHONE-TABS	D-DEFAULT	IX-PRIMARY-THUMB	PLATFORM=mobile-phone; PATTERN=m-search-tab; NAV=NAV-BOTTOM-TABS; SHELL=SH-PHONE-TABS; DENSITY=D-DEFAULT; IX=IX-PRIMARY-THUMB; IMPL=prefers-reduced-motion,vibrate-careful,sticky-footer-cta,error-boundary-ui; FEEL=Search is a root job
A1497	museum-mobile	Museum Mobile	industry-app	mobile-phone	NAV-TAB+STACK	SH-PHONE-STACK	D-COMFORTABLE	IX-PRIMARY-THUMB	PLATFORM=mobile-phone; PATTERN=museum-mobile; NAV=NAV-TAB+STACK; SHELL=SH-PHONE-STACK; DENSITY=D-COMFORTABLE; IX=IX-PRIMARY-THUMB; IMPL=type-date,url-state,autocomplete,biometric-webauthn; FEEL=visit guide audio
A1498	x-notifications-inbox	In-app notification inbox	cross-platform-app	responsive-app	NAV-STACK-PUSH	SH-RESPONSIVE-COLLAPSE	D-DEFAULT	IX-EMPTY-CTA	PLATFORM=responsive-app; PATTERN=x-notifications-inbox; NAV=NAV-STACK-PUSH; SHELL=SH-RESPONSIVE-COLLAPSE; DENSITY=D-DEFAULT; IX=IX-EMPTY-CTA; IMPL=coarse-pointer,skeleton-css,intersection-infinite,will-change-sparing; FEEL=Read state + deep link
A1499	m-safe-area-chrome	Safe-area chrome	mobile-touch-a11y	mobile-phone	NAV-WIZARD	SH-PHONE-CANVAS	D-TOUCH-COMFORT	IX-STICKY-FOOTER-CTA	PLATFORM=mobile-phone; PATTERN=m-safe-area-chrome; NAV=NAV-WIZARD; SHELL=SH-PHONE-CANVAS; DENSITY=D-TOUCH-COMFORT; IX=IX-STICKY-FOOTER-CTA; IMPL=push-web,dialog-element,network-information,abort-controller; FEEL=Tabs/CTAs above home indicator
A1500	d-focus-trap-modal	Modal focus trap	desktop-density-keyboard	desktop-web	NAV-COMMAND-PALETTE	SH-DESK-DOCUMENT	D-DEFAULT	IX-KEYBOARD-SHORTCUTS	PLATFORM=desktop-web; PATTERN=d-focus-trap-modal; NAV=NAV-COMMAND-PALETTE; SHELL=SH-DESK-DOCUMENT; DENSITY=D-DEFAULT; IX=IX-KEYBOARD-SHORTCUTS; IMPL=csrf-safe,focus-visible,dialog-element,clipboard-api; FEEL=Esc closes; restore focus
A1501	m-picker-sheet	Picker sheet	mobile-structure	mobile-phone	NAV-BOTTOM-SHEET	SH-PHONE-SHEET	D-TOUCH-COMFORT	IX-PRIMARY-THUMB	PLATFORM=mobile-phone; PATTERN=m-picker-sheet; NAV=NAV-BOTTOM-SHEET; SHELL=SH-PHONE-SHEET; DENSITY=D-TOUCH-COMFORT; IX=IX-PRIMARY-THUMB; IMPL=focus-trap,prefers-reduced-motion,pointer-events,form-novalidate; FEEL=Select without full page
A1502	d-calendar-desktop	Calendar app	desktop-structure	desktop-web	NAV-SIDE-RAIL	SH-DESK-TOOL-CANVAS	D-DEFAULT	IX-KEYBOARD-SHORTCUTS	PLATFORM=desktop-web; PATTERN=d-calendar-desktop; NAV=NAV-SIDE-RAIL; SHELL=SH-DESK-TOOL-CANVAS; DENSITY=D-DEFAULT; IX=IX-KEYBOARD-SHORTCUTS; IMPL=roving-tabindex,clipboard-api,localstorage-prefs,prefers-color-scheme; FEEL=Time grid primary
A1503	m-search-tab	Search as tab	mobile-structure	mobile-phone	NAV-BOTTOM-TABS	SH-PHONE-TABS	D-DEFAULT	IX-PRIMARY-THUMB	PLATFORM=mobile-phone; PATTERN=m-search-tab; NAV=NAV-BOTTOM-TABS; SHELL=SH-PHONE-TABS; DENSITY=D-DEFAULT; IX=IX-PRIMARY-THUMB; IMPL=skeleton-css,touch-action,scroll-padding,will-change-sparing; FEEL=Search is a root job
A1504	photos-mobile	Photos Mobile	industry-app	desktop-web	NAV-TOOLBAR	SH-TABLET-SPLIT	D-DEFAULT	IX-PRIMARY-THUMB	PLATFORM=desktop-web; PATTERN=photos-mobile; NAV=NAV-TOOLBAR; SHELL=SH-TABLET-SPLIT; DENSITY=D-DEFAULT; IX=IX-PRIMARY-THUMB; IMPL=virtual-list,error-boundary-ui,clipboard-api,grid-app-shell; FEEL=library memories
A1505	hotel-desktop	Hotel Desktop	industry-app	mobile-phone	NAV-BOTTOM-TABS	SH-PHONE-FEED	D-TOUCH-COMFORT	IX-KEYBOARD-SHORTCUTS	PLATFORM=mobile-phone; PATTERN=hotel-desktop; NAV=NAV-BOTTOM-TABS; SHELL=SH-PHONE-FEED; DENSITY=D-TOUCH-COMFORT; IX=IX-KEYBOARD-SHORTCUTS; IMPL=overscroll,push-web,skeleton-css,aria-expanded; FEEL=reservations folio
A1506	d-calendar-desktop	Calendar app	desktop-structure	desktop-web	NAV-MASTER-DETAIL	SH-DESK-RAIL-MAIN-INSP	D-DEFAULT	IX-KEYBOARD-SHORTCUTS	PLATFORM=desktop-web; PATTERN=d-calendar-desktop; NAV=NAV-MASTER-DETAIL; SHELL=SH-DESK-RAIL-MAIN-INSP; DENSITY=D-DEFAULT; IX=IX-KEYBOARD-SHORTCUTS; IMPL=live-region,resize-observer,session-timeout,will-change-sparing; FEEL=Time grid primary
A1507	library-mobile	Library Mobile	industry-app	mobile-phone	NAV-WIZARD	SH-PHONE-TABS	D-DEFAULT	IX-PRIMARY-THUMB	PLATFORM=mobile-phone; PATTERN=library-mobile; NAV=NAV-WIZARD; SHELL=SH-PHONE-TABS; DENSITY=D-DEFAULT; IX=IX-PRIMARY-THUMB; IMPL=pointer-events,sticky-footer-cta,csrf-safe,type-date; FEEL=search loans
A1508	x-empty-permission	Empty by permission	cross-platform-app	responsive-app	NAV-BREADCRUMB	SH-RESPONSIVE-COLLAPSE	D-DEFAULT	IX-EMPTY-CTA	PLATFORM=responsive-app; PATTERN=x-empty-permission; NAV=NAV-BREADCRUMB; SHELL=SH-RESPONSIVE-COLLAPSE; DENSITY=D-DEFAULT; IX=IX-EMPTY-CTA; IMPL=will-change-sparing,tap-highlight,prefers-color-scheme,abort-controller; FEEL=Explain access gap
A1509	d-compact-tables	Compact tables	desktop-density-keyboard	desktop-web	NAV-BREADCRUMB	SH-DESK-RAIL-MAIN-INSP	D-COMPACT	IX-PAGINATION	PLATFORM=desktop-web; PATTERN=d-compact-tables; NAV=NAV-BREADCRUMB; SHELL=SH-DESK-RAIL-MAIN-INSP; DENSITY=D-COMPACT; IX=IX-PAGINATION; IMPL=csrf-safe,matchmedia,form-novalidate,skeleton-css; FEEL=Short row height, dense data
A1510	tax-mobile	Tax Mobile	industry-app	mobile-phone	NAV-STACK-PUSH	SH-PHONE-STACK	D-DEFAULT	IX-PRIMARY-THUMB	PLATFORM=mobile-phone; PATTERN=tax-mobile; NAV=NAV-STACK-PUSH; SHELL=SH-PHONE-STACK; DENSITY=D-DEFAULT; IX=IX-PRIMARY-THUMB; IMPL=autocomplete,prefers-reduced-motion,form-novalidate,sticky-footer-cta; FEEL=upload status
A1511	os-ios-swipe-back	iOS interactive pop	os-patterns	mobile-phone	NAV-TOP-TABS	SH-PHONE-CANVAS	D-DEFAULT	IX-PRIMARY-THUMB	PLATFORM=mobile-phone; PATTERN=os-ios-swipe-back; NAV=NAV-TOP-TABS; SHELL=SH-PHONE-CANVAS; DENSITY=D-DEFAULT; IX=IX-PRIMARY-THUMB; IMPL=viewport-meta,prefers-reduced-motion,sticky-footer-cta,prefers-color-scheme; FEEL=Edge swipe back
A1512	m-one-hand	One-handed path	mobile-touch-a11y	mobile-phone	NAV-MODAL-SHEET	SH-RESPONSIVE-COLLAPSE	D-TOUCH-COMFORT	IX-PRIMARY-THUMB	PLATFORM=mobile-phone; PATTERN=m-one-hand; NAV=NAV-MODAL-SHEET; SHELL=SH-RESPONSIVE-COLLAPSE; DENSITY=D-TOUCH-COMFORT; IX=IX-PRIMARY-THUMB; IMPL=prefers-contrast,virtual-list,biometric-webauthn,prefers-color-scheme; FEEL=Critical path without stretch
A1513	m-haptic-meaning	Haptics with meaning	mobile-touch-a11y	mobile-phone	NAV-STACK-PUSH	SH-PHONE-STACK	D-DEFAULT	IX-UNDO-TOAST	PLATFORM=mobile-phone; PATTERN=m-haptic-meaning; NAV=NAV-STACK-PUSH; SHELL=SH-PHONE-STACK; DENSITY=D-DEFAULT; IX=IX-UNDO-TOAST; IMPL=type-date,install-pwa,aria-expanded,vibrate-careful; FEEL=Confirm/error/success only
A1514	x-error-boundary	Error boundary UX	cross-platform-app	responsive-app	NAV-NONE-FOCUS	SH-RESPONSIVE-COLLAPSE	D-DEFAULT	IX-EMPTY-CTA	PLATFORM=responsive-app; PATTERN=x-error-boundary; NAV=NAV-NONE-FOCUS; SHELL=SH-RESPONSIVE-COLLAPSE; DENSITY=D-DEFAULT; IX=IX-EMPTY-CTA; IMPL=hotkeys,roving-tabindex,will-change-sparing,optimistic-ui; FEEL=Recover section not white screen
A1515	notes-mobile	Notes Mobile	industry-app	mobile-phone	NAV-STACK-PUSH	SH-PHONE-STACK	D-DEFAULT	IX-PRIMARY-THUMB	PLATFORM=mobile-phone; PATTERN=notes-mobile; NAV=NAV-STACK-PUSH; SHELL=SH-PHONE-STACK; DENSITY=D-DEFAULT; IX=IX-PRIMARY-THUMB; IMPL=prefers-contrast,autocomplete,safe-area-css,coarse-pointer; FEEL=list editor
A1516	os-ios-inset-grouped	iOS inset grouped list	os-patterns	mobile-phone	NAV-STACK-PUSH	SH-PHONE-STACK	D-DEFAULT	IX-PRIMARY-THUMB	PLATFORM=mobile-phone; PATTERN=os-ios-inset-grouped; NAV=NAV-STACK-PUSH; SHELL=SH-PHONE-STACK; DENSITY=D-DEFAULT; IX=IX-PRIMARY-THUMB; IMPL=will-change-sparing,touch-action,abort-controller,file-capture; FEEL=Settings style
A1517	d-chat-desktop	Desktop messaging	desktop-structure	desktop-web	NAV-MASTER-DETAIL	SH-DESK-RAIL-MAIN-INSP	D-DEFAULT	IX-KEYBOARD-SHORTCUTS	PLATFORM=desktop-web; PATTERN=d-chat-desktop; NAV=NAV-MASTER-DETAIL; SHELL=SH-DESK-RAIL-MAIN-INSP; DENSITY=D-DEFAULT; IX=IX-KEYBOARD-SHORTCUTS; IMPL=form-novalidate,hover-media,scroll-padding,content-visibility; FEEL=List | thread | optional info
A1518	hr-mobile	HR Mobile	industry-app	mobile-phone	NAV-BOTTOM-TABS	SH-PHONE-TABS	D-TOUCH-COMFORT	IX-PRIMARY-THUMB	PLATFORM=mobile-phone; PATTERN=hr-mobile; NAV=NAV-BOTTOM-TABS; SHELL=SH-PHONE-TABS; DENSITY=D-TOUCH-COMFORT; IX=IX-PRIMARY-THUMB; IMPL=abort-controller,safe-area-css,url-state,history-stack; FEEL=leave requests
A1519	d-tooltip-labels	Icon buttons labelled	desktop-density-keyboard	desktop-web	NAV-TOOLBAR	SH-DESK-IDE-LITE	D-DEFAULT	IX-KEYBOARD-SHORTCUTS	PLATFORM=desktop-web; PATTERN=d-tooltip-labels; NAV=NAV-TOOLBAR; SHELL=SH-DESK-IDE-LITE; DENSITY=D-DEFAULT; IX=IX-KEYBOARD-SHORTCUTS; IMPL=dialog-element,roving-tabindex,popover-api,autocomplete; FEEL=Tooltip + aria-label
A1520	d-comfortable-tables	Comfortable tables	desktop-density-keyboard	desktop-web	NAV-WIZARD	SH-DESK-IDE-LITE	D-DEFAULT	IX-PAGINATION	PLATFORM=desktop-web; PATTERN=d-comfortable-tables; NAV=NAV-WIZARD; SHELL=SH-DESK-IDE-LITE; DENSITY=D-DEFAULT; IX=IX-PAGINATION; IMPL=form-novalidate,focus-trap,localstorage-prefs,aria-current; FEEL=Readable rows
A1521	m-grid-2col	2-column grid	mobile-content-patterns	mobile-phone	NAV-STACK-PUSH	SH-PHONE-FEED	D-DEFAULT	IX-INFINITE-SCROLL	PLATFORM=mobile-phone; PATTERN=m-grid-2col; NAV=NAV-STACK-PUSH; SHELL=SH-PHONE-FEED; DENSITY=D-DEFAULT; IX=IX-INFINITE-SCROLL; IMPL=dvh-units,content-visibility,network-information,tap-highlight; FEEL=Gallery/products
A1522	commerce-desktop	Desktop Commerce	industry-app	desktop-web	NAV-SIDE-RAIL	SH-DESK-DATAGRID	D-DEFAULT	IX-KEYBOARD-SHORTCUTS	PLATFORM=desktop-web; PATTERN=commerce-desktop; NAV=NAV-SIDE-RAIL; SHELL=SH-DESK-DATAGRID; DENSITY=D-DEFAULT; IX=IX-KEYBOARD-SHORTCUTS; IMPL=grid-app-shell,resize-observer,focus-visible,aria-expanded; FEEL=catalog filters pdp
A1523	library-desktop	Library Desktop	industry-app	desktop-web	NAV-SIDE-RAIL	SH-DESK-DATAGRID	D-COMPACT	IX-KEYBOARD-SHORTCUTS	PLATFORM=desktop-web; PATTERN=library-desktop; NAV=NAV-SIDE-RAIL; SHELL=SH-DESK-DATAGRID; DENSITY=D-COMPACT; IX=IX-KEYBOARD-SHORTCUTS; IMPL=abort-controller,live-region,prefers-color-scheme,session-timeout; FEEL=catalogue circulation
A1524	x-destructive-confirm	Destructive confirm	cross-platform-app	responsive-app	NAV-SIDE-RAIL	SH-PHONE-STACK	D-DEFAULT	IX-UNDO-TOAST	PLATFORM=responsive-app; PATTERN=x-destructive-confirm; NAV=NAV-SIDE-RAIL; SHELL=SH-PHONE-STACK; DENSITY=D-DEFAULT; IX=IX-UNDO-TOAST; IMPL=safe-area-css,resize-observer,app-badge,virtual-list; FEEL=Typed confirm or undo
A1525	m-stepper-progress	Stepper progress	mobile-content-patterns	mobile-phone	NAV-WIZARD	SH-PHONE-STACK	D-COMFORTABLE	IX-PRIMARY-THUMB	PLATFORM=mobile-phone; PATTERN=m-stepper-progress; NAV=NAV-WIZARD; SHELL=SH-PHONE-STACK; DENSITY=D-COMFORTABLE; IX=IX-PRIMARY-THUMB; IMPL=app-badge,live-region,matchmedia,content-visibility; FEEL=Show step n of m
A1526	os-kiosk-locked	Kiosk locked session	os-patterns	mobile-phone	NAV-NONE-FOCUS	SH-PHONE-CANVAS	D-TOUCH-COMFORT	IX-PRIMARY-THUMB	PLATFORM=mobile-phone; PATTERN=os-kiosk-locked; NAV=NAV-NONE-FOCUS; SHELL=SH-PHONE-CANVAS; DENSITY=D-TOUCH-COMFORT; IX=IX-PRIMARY-THUMB; IMPL=app-badge,push-web,inputmode,flex-phone-column; FEEL=Timeout reset
A1527	health-clinic-desktop	Clinic Desktop	industry-app	desktop-web	NAV-MASTER-DETAIL	SH-DESK-RAIL-MAIN-INSP	D-COMPACT	IX-KEYBOARD-SHORTCUTS	PLATFORM=desktop-web; PATTERN=health-clinic-desktop; NAV=NAV-MASTER-DETAIL; SHELL=SH-DESK-RAIL-MAIN-INSP; DENSITY=D-COMPACT; IX=IX-KEYBOARD-SHORTCUTS; IMPL=autocomplete,abort-controller,optimistic-ui,will-change-sparing; FEEL=schedule patients notes
A1528	education-mobile	Learning Mobile	industry-app	mobile-phone	NAV-WIZARD	SH-PHONE-STACK	D-COMFORTABLE	IX-PRIMARY-THUMB	PLATFORM=mobile-phone; PATTERN=education-mobile; NAV=NAV-WIZARD; SHELL=SH-PHONE-STACK; DENSITY=D-COMFORTABLE; IX=IX-PRIMARY-THUMB; IMPL=debounce-search,inputmode,dvh-units,coarse-pointer; FEEL=courses lessons
A1529	school-desktop	School Admin Desktop	industry-app	mobile-phone	NAV-NONE-FOCUS	SH-PHONE-TABS	D-TOUCH-COMFORT	IX-KEYBOARD-SHORTCUTS	PLATFORM=mobile-phone; PATTERN=school-desktop; NAV=NAV-NONE-FOCUS; SHELL=SH-PHONE-TABS; DENSITY=D-TOUCH-COMFORT; IX=IX-KEYBOARD-SHORTCUTS; IMPL=url-state,viewport-meta,matchmedia,file-capture; FEEL=roster attendance
A1530	m-camera-first	Camera/capture first	mobile-structure	mobile-phone	NAV-NONE-FOCUS	SH-PHONE-CANVAS	D-TOUCH-COMFORT	IX-PRIMARY-THUMB	PLATFORM=mobile-phone; PATTERN=m-camera-first; NAV=NAV-NONE-FOCUS; SHELL=SH-PHONE-CANVAS; DENSITY=D-TOUCH-COMFORT; IX=IX-PRIMARY-THUMB; IMPL=app-badge,vibrate-careful,csrf-safe,virtual-list; FEEL=Capture chrome minimal
A1531	vpn-mobile	VPN Mobile	industry-app	mobile-phone	NAV-STACK-PUSH	SH-PHONE-STACK	D-DEFAULT	IX-PRIMARY-THUMB	PLATFORM=mobile-phone; PATTERN=vpn-mobile; NAV=NAV-STACK-PUSH; SHELL=SH-PHONE-STACK; DENSITY=D-DEFAULT; IX=IX-PRIMARY-THUMB; IMPL=overscroll,focus-trap,type-date,content-visibility; FEEL=connect status regions
A1532	hr-desktop	HR Desktop	industry-app	mobile-phone	NAV-MODAL-SHEET	SH-PHONE-STACK	D-DEFAULT	IX-KEYBOARD-SHORTCUTS	PLATFORM=mobile-phone; PATTERN=hr-desktop; NAV=NAV-MODAL-SHEET; SHELL=SH-PHONE-STACK; DENSITY=D-DEFAULT; IX=IX-KEYBOARD-SHORTCUTS; IMPL=app-badge,biometric-webauthn,focus-trap,url-state; FEEL=people requests
A1533	realestate-mobile	Property Mobile	industry-app	mobile-phone	NAV-BOTTOM-TABS	SH-RESPONSIVE-COLLAPSE	D-DEFAULT	IX-PRIMARY-THUMB	PLATFORM=mobile-phone; PATTERN=realestate-mobile; NAV=NAV-BOTTOM-TABS; SHELL=SH-RESPONSIVE-COLLAPSE; DENSITY=D-DEFAULT; IX=IX-PRIMARY-THUMB; IMPL=tap-highlight,matchmedia,flex-phone-column,hover-media; FEEL=search map shortlist
A1534	email-mobile	Mobile Email	industry-app	mobile-phone	NAV-WIZARD	SH-RESPONSIVE-COLLAPSE	D-DEFAULT	IX-PRIMARY-THUMB	PLATFORM=mobile-phone; PATTERN=email-mobile; NAV=NAV-WIZARD; SHELL=SH-RESPONSIVE-COLLAPSE; DENSITY=D-DEFAULT; IX=IX-PRIMARY-THUMB; IMPL=prefers-reduced-motion,url-state,scroll-padding,vibrate-careful; FEEL=inbox thread compose
A1535	education-desktop	LMS Desktop	industry-app	desktop-web	NAV-SIDE-RAIL	SH-DESK-DATAGRID	D-DEFAULT	IX-KEYBOARD-SHORTCUTS	PLATFORM=desktop-web; PATTERN=education-desktop; NAV=NAV-SIDE-RAIL; SHELL=SH-DESK-DATAGRID; DENSITY=D-DEFAULT; IX=IX-KEYBOARD-SHORTCUTS; IMPL=skeleton-css,container-queries,hotkeys,prefers-color-scheme; FEEL=courses gradebook
A1536	m-gesture-alt	Gesture + visible alt	mobile-touch-a11y	mobile-phone	NAV-STACK-PUSH	SH-PHONE-FEED	D-DEFAULT	IX-SWIPE-ACTIONS	PLATFORM=mobile-phone; PATTERN=m-gesture-alt; NAV=NAV-STACK-PUSH; SHELL=SH-PHONE-FEED; DENSITY=D-DEFAULT; IX=IX-SWIPE-ACTIONS; IMPL=network-information,prefers-contrast,vibrate-careful,bottom-nav-fixed; FEEL=Swipe not only path
A1537	x-localization-ready	Localization ready	cross-platform-app	responsive-app	NAV-NONE-FOCUS	SH-RESPONSIVE-COLLAPSE	D-DEFAULT	IX-PRIMARY-THUMB	PLATFORM=responsive-app; PATTERN=x-localization-ready; NAV=NAV-NONE-FOCUS; SHELL=SH-RESPONSIVE-COLLAPSE; DENSITY=D-DEFAULT; IX=IX-PRIMARY-THUMB; IMPL=history-stack,scroll-padding,app-badge,viewport-meta; FEEL=No truncated critical labels
A1538	m-form-one-column	One-column form	mobile-content-patterns	mobile-phone	NAV-TAB+STACK	SH-PHONE-CANVAS	D-TOUCH-COMFORT	IX-FORM-SECTIONED	PLATFORM=mobile-phone; PATTERN=m-form-one-column; NAV=NAV-TAB+STACK; SHELL=SH-PHONE-CANVAS; DENSITY=D-TOUCH-COMFORT; IX=IX-FORM-SECTIONED; IMPL=coarse-pointer,optimistic-ui,bottom-nav-fixed,live-region; FEEL=Labels above fields
A1539	m-offline-first-list	Offline-first list	mobile-structure	mobile-phone	NAV-BOTTOM-TABS	SH-PHONE-FEED	D-DEFAULT	IX-PRIMARY-THUMB	PLATFORM=mobile-phone; PATTERN=m-offline-first-list; NAV=NAV-BOTTOM-TABS; SHELL=SH-PHONE-FEED; DENSITY=D-DEFAULT; IX=IX-PRIMARY-THUMB; IMPL=dialog-element,vibrate-careful,error-boundary-ui,tap-highlight; FEEL=Cached + sync state
A1540	school-mobile	School Parent Mobile	industry-app	mobile-phone	NAV-BOTTOM-TABS	SH-PHONE-TABS	D-DEFAULT	IX-PRIMARY-THUMB	PLATFORM=mobile-phone; PATTERN=school-mobile; NAV=NAV-BOTTOM-TABS; SHELL=SH-PHONE-TABS; DENSITY=D-DEFAULT; IX=IX-PRIMARY-THUMB; IMPL=aria-expanded,service-worker-offline,type-date,push-web; FEEL=messages attendance
A1541	m-reduce-motion	Respect reduce motion	mobile-touch-a11y	mobile-phone	NAV-STACK-PUSH	SH-PHONE-STACK	D-DEFAULT	IX-SKELETON-LOAD	PLATFORM=mobile-phone; PATTERN=m-reduce-motion; NAV=NAV-STACK-PUSH; SHELL=SH-PHONE-STACK; DENSITY=D-DEFAULT; IX=IX-SKELETON-LOAD; IMPL=min-touch,service-worker-offline,pointer-events,share-api; FEEL=Essential feedback remains
A1542	m-stepper-progress	Stepper progress	mobile-content-patterns	mobile-phone	NAV-WIZARD	SH-PHONE-STACK	D-COMFORTABLE	IX-PRIMARY-THUMB	PLATFORM=mobile-phone; PATTERN=m-stepper-progress; NAV=NAV-WIZARD; SHELL=SH-PHONE-STACK; DENSITY=D-COMFORTABLE; IX=IX-PRIMARY-THUMB; IMPL=min-touch,bottom-nav-fixed,history-stack,vibrate-careful; FEEL=Show step n of m
A1543	fitness-mobile	Fitness Mobile	industry-app	mobile-phone	NAV-TOP-TABS	SH-PHONE-CANVAS	D-TOUCH-COMFORT	IX-PRIMARY-THUMB	PLATFORM=mobile-phone; PATTERN=fitness-mobile; NAV=NAV-TOP-TABS; SHELL=SH-PHONE-CANVAS; DENSITY=D-TOUCH-COMFORT; IX=IX-PRIMARY-THUMB; IMPL=viewport-meta,form-novalidate,error-boundary-ui,dialog-element; FEEL=workout active timer
A1544	x-form-validation	Inline validation	cross-platform-app	responsive-app	NAV-NONE-FOCUS	SH-RESPONSIVE-COLLAPSE	D-DEFAULT	IX-FORM-SECTIONED	PLATFORM=responsive-app; PATTERN=x-form-validation; NAV=NAV-NONE-FOCUS; SHELL=SH-RESPONSIVE-COLLAPSE; DENSITY=D-DEFAULT; IX=IX-FORM-SECTIONED; IMPL=safe-area-css,skeleton-css,focus-visible,command-palette-js; FEEL=On blur/submit plain language
A1545	gaming-mobile	Casual Game Shell	industry-app	mobile-phone	NAV-DRAWER	SH-PHONE-STACK	D-TOUCH-COMFORT	IX-PRIMARY-THUMB	PLATFORM=mobile-phone; PATTERN=gaming-mobile; NAV=NAV-DRAWER; SHELL=SH-PHONE-STACK; DENSITY=D-TOUCH-COMFORT; IX=IX-PRIMARY-THUMB; IMPL=optimistic-ui,min-touch,live-region,inputmode; FEEL=play overlay menus
A1546	m-one-hand	One-handed path	mobile-touch-a11y	mobile-phone	NAV-BOTTOM-TABS	SH-PHONE-TABS	D-TOUCH-COMFORT	IX-PRIMARY-THUMB	PLATFORM=mobile-phone; PATTERN=m-one-hand; NAV=NAV-BOTTOM-TABS; SHELL=SH-PHONE-TABS; DENSITY=D-TOUCH-COMFORT; IX=IX-PRIMARY-THUMB; IMPL=skeleton-css,prefers-color-scheme,pointer-events,debounce-search; FEEL=Critical path without stretch
A1547	m-haptic-meaning	Haptics with meaning	mobile-touch-a11y	mobile-phone	NAV-STACK-PUSH	SH-PHONE-STACK	D-DEFAULT	IX-UNDO-TOAST	PLATFORM=mobile-phone; PATTERN=m-haptic-meaning; NAV=NAV-STACK-PUSH; SHELL=SH-PHONE-STACK; DENSITY=D-DEFAULT; IX=IX-UNDO-TOAST; IMPL=type-date,hover-media,prefers-color-scheme,will-change-sparing; FEEL=Confirm/error/success only
A1548	realestate-desktop	Property Desktop	industry-app	mobile-tablet	NAV-TOP-TABS	SH-PHONE-SHEET	D-DEFAULT	IX-EMPTY-CTA	PLATFORM=mobile-tablet; PATTERN=realestate-desktop; NAV=NAV-TOP-TABS; SHELL=SH-PHONE-SHEET; DENSITY=D-DEFAULT; IX=IX-EMPTY-CTA; IMPL=error-boundary-ui,dvh-units,type-date,safe-area-css; FEEL=search map table
A1549	field-service-mobile	Field Service Mobile	industry-app	mobile-phone	NAV-STACK-PUSH	SH-PHONE-STACK	D-TOUCH-COMFORT	IX-PRIMARY-THUMB	PLATFORM=mobile-phone; PATTERN=field-service-mobile; NAV=NAV-STACK-PUSH; SHELL=SH-PHONE-STACK; DENSITY=D-TOUCH-COMFORT; IX=IX-PRIMARY-THUMB; IMPL=dvh-units,focus-trap,tap-highlight,min-touch; FEEL=jobs checklist photo
A1550	field-service-desktop	Field Service Desktop	industry-app	desktop-web	NAV-SIDE-RAIL	SH-DESK-TOOL-CANVAS	D-COMPACT	IX-KEYBOARD-SHORTCUTS	PLATFORM=desktop-web; PATTERN=field-service-desktop; NAV=NAV-SIDE-RAIL; SHELL=SH-DESK-TOOL-CANVAS; DENSITY=D-COMPACT; IX=IX-KEYBOARD-SHORTCUTS; IMPL=aria-current,resize-observer,session-timeout,prefers-reduced-motion; FEEL=schedule board
A1551	ride-driver-mobile	Driver Mobile	industry-app	mobile-phone	NAV-NONE-FOCUS	SH-PHONE-STACK	D-TOUCH-COMFORT	IX-PRIMARY-THUMB	PLATFORM=mobile-phone; PATTERN=ride-driver-mobile; NAV=NAV-NONE-FOCUS; SHELL=SH-PHONE-STACK; DENSITY=D-TOUCH-COMFORT; IX=IX-PRIMARY-THUMB; IMPL=aria-current,pointer-events,biometric-webauthn,viewport-meta; FEEL=requests nav
A1552	m-bottom-tabs-5	Bottom tabs (max 5)	mobile-structure	mobile-phone	NAV-BOTTOM-TABS	SH-PHONE-TABS	D-TOUCH-COMFORT	IX-PRIMARY-THUMB	PLATFORM=mobile-phone; PATTERN=m-bottom-tabs-5; NAV=NAV-BOTTOM-TABS; SHELL=SH-PHONE-TABS; DENSITY=D-TOUCH-COMFORT; IX=IX-PRIMARY-THUMB; IMPL=csrf-safe,virtual-list,form-novalidate,live-region; FEEL=Peer top-level destinations
A1553	iot-mobile	IoT Mobile	industry-app	mobile-phone	NAV-BOTTOM-TABS	SH-PHONE-TABS	D-DEFAULT	IX-PRIMARY-THUMB	PLATFORM=mobile-phone; PATTERN=iot-mobile; NAV=NAV-BOTTOM-TABS; SHELL=SH-PHONE-TABS; DENSITY=D-DEFAULT; IX=IX-PRIMARY-THUMB; IMPL=prefers-reduced-motion,sticky-footer-cta,intersection-infinite,type-date; FEEL=device status control
A1554	printer-admin-desktop	Print Admin	industry-app	desktop-web	NAV-SIDE-RAIL	SH-DESK-DATAGRID	D-COMPACT	IX-KEYBOARD-SHORTCUTS	PLATFORM=desktop-web; PATTERN=printer-admin-desktop; NAV=NAV-SIDE-RAIL; SHELL=SH-DESK-DATAGRID; DENSITY=D-COMPACT; IX=IX-KEYBOARD-SHORTCUTS; IMPL=matchmedia,grid-app-shell,optimistic-ui,overscroll; FEEL=queues devices
A1555	m-single-feed	Single feed app	mobile-structure	mobile-phone	NAV-NONE-FOCUS	SH-PHONE-FEED	D-DEFAULT	IX-PRIMARY-THUMB	PLATFORM=mobile-phone; PATTERN=m-single-feed; NAV=NAV-NONE-FOCUS; SHELL=SH-PHONE-FEED; DENSITY=D-DEFAULT; IX=IX-PRIMARY-THUMB; IMPL=coarse-pointer,aria-expanded,service-worker-offline,pointer-events; FEEL=Content is the app
A1556	d-skip-to-main	Skip to main	desktop-density-keyboard	desktop-web	NAV-SIDE-RAIL	SH-DESK-RAIL-MAIN	D-DEFAULT	IX-KEYBOARD-SHORTCUTS	PLATFORM=desktop-web; PATTERN=d-skip-to-main; NAV=NAV-SIDE-RAIL; SHELL=SH-DESK-RAIL-MAIN; DENSITY=D-DEFAULT; IX=IX-KEYBOARD-SHORTCUTS; IMPL=session-timeout,hover-media,matchmedia,hotkeys; FEEL=Landmarks + skip link
A1557	mdm-mobile	Device Enrol Mobile	industry-app	mobile-phone	NAV-WIZARD	SH-PHONE-STACK	D-TOUCH-COMFORT	IX-PRIMARY-THUMB	PLATFORM=mobile-phone; PATTERN=mdm-mobile; NAV=NAV-WIZARD; SHELL=SH-PHONE-STACK; DENSITY=D-TOUCH-COMFORT; IX=IX-PRIMARY-THUMB; IMPL=prefers-reduced-motion,intersection-infinite,bottom-nav-fixed,csrf-safe; FEEL=enrol status
A1558	x-shared-tokens	Shared design tokens	cross-platform-app	responsive-app	NAV-NONE-FOCUS	SH-RESPONSIVE-COLLAPSE	D-DEFAULT	IX-PRIMARY-THUMB	PLATFORM=responsive-app; PATTERN=x-shared-tokens; NAV=NAV-NONE-FOCUS; SHELL=SH-RESPONSIVE-COLLAPSE; DENSITY=D-DEFAULT; IX=IX-PRIMARY-THUMB; IMPL=network-information,popover-api,flex-phone-column,app-badge; FEEL=Colour type space cross surface
A1559	os-macos-toolbar	macOS toolbar	os-patterns	desktop-web	NAV-NONE-FOCUS	SH-TABLET-SPLIT	D-DEFAULT	IX-KEYBOARD-SHORTCUTS	PLATFORM=desktop-web; PATTERN=os-macos-toolbar; NAV=NAV-NONE-FOCUS; SHELL=SH-TABLET-SPLIT; DENSITY=D-DEFAULT; IX=IX-KEYBOARD-SHORTCUTS; IMPL=intersection-infinite,form-novalidate,optimistic-ui,drag-drop-desktop; FEEL=Unified titlebar toolbar
A1560	d-breadcrumb-admin	Admin with breadcrumbs	desktop-structure	desktop-web	NAV-WIZARD	SH-DESK-DASH	D-COMPACT	IX-KEYBOARD-SHORTCUTS	PLATFORM=desktop-web; PATTERN=d-breadcrumb-admin; NAV=NAV-WIZARD; SHELL=SH-DESK-DASH; DENSITY=D-COMPACT; IX=IX-KEYBOARD-SHORTCUTS; IMPL=focus-trap,prefers-color-scheme,abort-controller,content-visibility; FEEL=Deep trees oriented
A1561	d-undo-stack	Document undo	desktop-density-keyboard	desktop-web	NAV-MENUBAR	SH-DESK-DOCUMENT	D-DEFAULT	IX-UNDO-TOAST	PLATFORM=desktop-web; PATTERN=d-undo-stack; NAV=NAV-MENUBAR; SHELL=SH-DESK-DOCUMENT; DENSITY=D-DEFAULT; IX=IX-UNDO-TOAST; IMPL=intersection-infinite,csrf-safe,scroll-padding,clipboard-api; FEEL=⌘Z meaningful
A1562	m-camera-first	Camera/capture first	mobile-structure	mobile-phone	NAV-NONE-FOCUS	SH-PHONE-CANVAS	D-TOUCH-COMFORT	IX-PRIMARY-THUMB	PLATFORM=mobile-phone; PATTERN=m-camera-first; NAV=NAV-NONE-FOCUS; SHELL=SH-PHONE-CANVAS; DENSITY=D-TOUCH-COMFORT; IX=IX-PRIMARY-THUMB; IMPL=focus-visible,vibrate-careful,tap-highlight,csrf-safe; FEEL=Capture chrome minimal
A1563	x-search-global	Global search	cross-platform-app	responsive-app	NAV-NONE-FOCUS	SH-RESPONSIVE-COLLAPSE	D-DEFAULT	IX-SEARCH-FIRST	PLATFORM=responsive-app; PATTERN=x-search-global; NAV=NAV-NONE-FOCUS; SHELL=SH-RESPONSIVE-COLLAPSE; DENSITY=D-DEFAULT; IX=IX-SEARCH-FIRST; IMPL=error-boundary-ui,localstorage-prefs,prefers-reduced-motion,form-novalidate; FEEL=Entities + actions
A1564	m-list-dense	Dense mobile list	mobile-content-patterns	mobile-phone	NAV-STACK-PUSH	SH-PHONE-FEED	D-DEFAULT	IX-INFINITE-SCROLL	PLATFORM=mobile-phone; PATTERN=m-list-dense; NAV=NAV-STACK-PUSH; SHELL=SH-PHONE-FEED; DENSITY=D-DEFAULT; IX=IX-INFINITE-SCROLL; IMPL=prefers-contrast,min-touch,sticky-footer-cta,tap-highlight; FEEL=One primary line + meta
A1565	d-autosave-status	Autosave status	desktop-density-keyboard	desktop-web	NAV-MENUBAR	SH-DESK-DOCUMENT	D-DEFAULT	IX-AUTOSAVE	PLATFORM=desktop-web; PATTERN=d-autosave-status; NAV=NAV-MENUBAR; SHELL=SH-DESK-DOCUMENT; DENSITY=D-DEFAULT; IX=IX-AUTOSAVE; IMPL=grid-app-shell,fine-pointer,form-novalidate,prefers-contrast; FEEL=Saving/saved/error in chrome
A1566	nonprofit-desktop	Nonprofit Desktop	industry-app	desktop-web	NAV-COMMAND-PALETTE	SH-TABLET-SPLIT	D-DEFAULT	IX-KEYBOARD-SHORTCUTS	PLATFORM=desktop-web; PATTERN=nonprofit-desktop; NAV=NAV-COMMAND-PALETTE; SHELL=SH-TABLET-SPLIT; DENSITY=D-DEFAULT; IX=IX-KEYBOARD-SHORTCUTS; IMPL=aria-current,dialog-element,content-visibility,popover-api; FEEL=campaigns donors
A1567	os-android-back	Android back affordance	os-patterns	mobile-phone	NAV-STACK-PUSH	SH-PHONE-STACK	D-DEFAULT	IX-PRIMARY-THUMB	PLATFORM=mobile-phone; PATTERN=os-android-back; NAV=NAV-STACK-PUSH; SHELL=SH-PHONE-STACK; DENSITY=D-DEFAULT; IX=IX-PRIMARY-THUMB; IMPL=focus-visible,pointer-events,aria-current,inputmode; FEEL=Predictable back stack
A1568	m-action-sheet	Action sheet confirm	mobile-structure	mobile-phone	NAV-MODAL-SHEET	SH-PHONE-SHEET	D-TOUCH-COMFORT	IX-PRIMARY-THUMB	PLATFORM=mobile-phone; PATTERN=m-action-sheet; NAV=NAV-MODAL-SHEET; SHELL=SH-PHONE-SHEET; DENSITY=D-TOUCH-COMFORT; IX=IX-PRIMARY-THUMB; IMPL=scroll-padding,matchmedia,autocomplete,touch-action; FEEL=Destructive choices clear
A1569	hr-desktop	HR Desktop	industry-app	desktop-web	NAV-SIDE-RAIL	SH-DESK-DATAGRID	D-DEFAULT	IX-KEYBOARD-SHORTCUTS	PLATFORM=desktop-web; PATTERN=hr-desktop; NAV=NAV-SIDE-RAIL; SHELL=SH-DESK-DATAGRID; DENSITY=D-DEFAULT; IX=IX-KEYBOARD-SHORTCUTS; IMPL=csrf-safe,command-palette-js,clipboard-api,autocomplete; FEEL=people requests
A1570	travel-desktop	Travel Desktop	industry-app	desktop-web	NAV-SIDE-RAIL	SH-DESK-RAIL-MAIN	D-DEFAULT	IX-KEYBOARD-SHORTCUTS	PLATFORM=desktop-web; PATTERN=travel-desktop; NAV=NAV-SIDE-RAIL; SHELL=SH-DESK-RAIL-MAIN; DENSITY=D-DEFAULT; IX=IX-KEYBOARD-SHORTCUTS; IMPL=debounce-search,hotkeys,drag-drop-desktop,virtual-list; FEEL=itinerary booking
A1571	d-settings-dialog	Settings dialog/pages	desktop-structure	desktop-web	NAV-SIDE-TREE	SH-DESK-RAIL-MAIN	D-DEFAULT	IX-KEYBOARD-SHORTCUTS	PLATFORM=desktop-web; PATTERN=d-settings-dialog; NAV=NAV-SIDE-TREE; SHELL=SH-DESK-RAIL-MAIN; DENSITY=D-DEFAULT; IX=IX-KEYBOARD-SHORTCUTS; IMPL=skeleton-css,autocomplete,intersection-infinite,container-queries; FEEL=Searchable settings
A1572	commerce-mobile	Mobile Commerce	industry-app	mobile-phone	NAV-TAB+STACK	SH-PHONE-FEED	D-TOUCH-COMFORT	IX-PRIMARY-THUMB	PLATFORM=mobile-phone; PATTERN=commerce-mobile; NAV=NAV-TAB+STACK; SHELL=SH-PHONE-FEED; DENSITY=D-TOUCH-COMFORT; IX=IX-PRIMARY-THUMB; IMPL=prefers-contrast,network-information,autocomplete,share-api; FEEL=browse pdp cart checkout
A1573	restaurant-backoffice	Restaurant Backoffice	industry-app	desktop-web	NAV-SIDE-RAIL	SH-DESK-DATAGRID	D-COMPACT	IX-KEYBOARD-SHORTCUTS	PLATFORM=desktop-web; PATTERN=restaurant-backoffice; NAV=NAV-SIDE-RAIL; SHELL=SH-DESK-DATAGRID; DENSITY=D-COMPACT; IX=IX-KEYBOARD-SHORTCUTS; IMPL=optimistic-ui,intersection-infinite,clipboard-api,hotkeys; FEEL=menus labour
A1574	betting-careful-mobile	Betting UI Careful	industry-app	mobile-phone	NAV-STACK-PUSH	SH-PHONE-FEED	D-DEFAULT	IX-PRIMARY-THUMB	PLATFORM=mobile-phone; PATTERN=betting-careful-mobile; NAV=NAV-STACK-PUSH; SHELL=SH-PHONE-FEED; DENSITY=D-DEFAULT; IX=IX-PRIMARY-THUMB; IMPL=aria-expanded,scroll-padding,matchmedia,type-date; FEEL=clear stakes responsible
A1575	m-hub-and-spoke	Hub home + spokes	mobile-structure	mobile-phone	NAV-DRAWER	SH-PHONE-SHEET	D-DEFAULT	IX-PRIMARY-THUMB	PLATFORM=mobile-phone; PATTERN=m-hub-and-spoke; NAV=NAV-DRAWER; SHELL=SH-PHONE-SHEET; DENSITY=D-DEFAULT; IX=IX-PRIMARY-THUMB; IMPL=optimistic-ui,touch-action,dvh-units,share-api; FEEL=Home launches tasks
A1576	backup-desktop	Backup Desktop	industry-app	desktop-web	NAV-SIDE-RAIL	SH-DESK-IDE-LITE	D-DEFAULT	IX-KEYBOARD-SHORTCUTS	PLATFORM=desktop-web; PATTERN=backup-desktop; NAV=NAV-SIDE-RAIL; SHELL=SH-DESK-IDE-LITE; DENSITY=D-DEFAULT; IX=IX-KEYBOARD-SHORTCUTS; IMPL=matchmedia,content-visibility,form-novalidate,prefers-color-scheme; FEEL=sources schedule status
A1577	m-gesture-alt	Gesture + visible alt	mobile-touch-a11y	mobile-phone	NAV-STACK-PUSH	SH-PHONE-FEED	D-DEFAULT	IX-SWIPE-ACTIONS	PLATFORM=mobile-phone; PATTERN=m-gesture-alt; NAV=NAV-STACK-PUSH; SHELL=SH-PHONE-FEED; DENSITY=D-DEFAULT; IX=IX-SWIPE-ACTIONS; IMPL=type-date,file-capture,dvh-units,biometric-webauthn; FEEL=Swipe not only path
A1578	m-picker-sheet	Picker sheet	mobile-structure	mobile-phone	NAV-BOTTOM-SHEET	SH-PHONE-SHEET	D-TOUCH-COMFORT	IX-PRIMARY-THUMB	PLATFORM=mobile-phone; PATTERN=m-picker-sheet; NAV=NAV-BOTTOM-SHEET; SHELL=SH-PHONE-SHEET; DENSITY=D-TOUCH-COMFORT; IX=IX-PRIMARY-THUMB; IMPL=coarse-pointer,aria-current,network-information,inputmode; FEEL=Select without full page
A1579	iot-desktop	IoT Desktop	industry-app	desktop-web	NAV-SIDE-RAIL	SH-DESK-DASH	D-COMPACT	IX-KEYBOARD-SHORTCUTS	PLATFORM=desktop-web; PATTERN=iot-desktop; NAV=NAV-SIDE-RAIL; SHELL=SH-DESK-DASH; DENSITY=D-COMPACT; IX=IX-KEYBOARD-SHORTCUTS; IMPL=form-novalidate,focus-trap,optimistic-ui,aria-current; FEEL=fleet grid map
A1580	x-rtl-ready	RTL-ready layout	cross-platform-app	responsive-app	NAV-NONE-FOCUS	SH-RESPONSIVE-COLLAPSE	D-DEFAULT	IX-PRIMARY-THUMB	PLATFORM=responsive-app; PATTERN=x-rtl-ready; NAV=NAV-NONE-FOCUS; SHELL=SH-RESPONSIVE-COLLAPSE; DENSITY=D-DEFAULT; IX=IX-PRIMARY-THUMB; IMPL=biometric-webauthn,will-change-sparing,bottom-nav-fixed,aria-current; FEEL=Logical properties
A1581	os-material-fab	Material FAB	os-patterns	mobile-phone	NAV-TOP-TABS	SH-RESPONSIVE-COLLAPSE	D-TOUCH-COMFORT	IX-FAB	PLATFORM=mobile-phone; PATTERN=os-material-fab; NAV=NAV-TOP-TABS; SHELL=SH-RESPONSIVE-COLLAPSE; DENSITY=D-TOUCH-COMFORT; IX=IX-FAB; IMPL=csrf-safe,intersection-infinite,prefers-reduced-motion,flex-phone-column; FEEL=Primary create
A1582	smart-home-mobile	Smart Home Mobile	industry-app	mobile-phone	NAV-BOTTOM-TABS	SH-PHONE-TABS	D-DEFAULT	IX-PRIMARY-THUMB	PLATFORM=mobile-phone; PATTERN=smart-home-mobile; NAV=NAV-BOTTOM-TABS; SHELL=SH-PHONE-TABS; DENSITY=D-DEFAULT; IX=IX-PRIMARY-THUMB; IMPL=bottom-nav-fixed,viewport-meta,content-visibility,push-web; FEEL=rooms scenes devices
A1583	food-delivery-mobile	Food Delivery Mobile	industry-app	mobile-phone	NAV-BOTTOM-TABS	SH-PHONE-TABS	D-TOUCH-COMFORT	IX-PRIMARY-THUMB	PLATFORM=mobile-phone; PATTERN=food-delivery-mobile; NAV=NAV-BOTTOM-TABS; SHELL=SH-PHONE-TABS; DENSITY=D-TOUCH-COMFORT; IX=IX-PRIMARY-THUMB; IMPL=share-api,touch-action,intersection-infinite,url-state; FEEL=browse cart track
A1584	gaming-desktop	PC Game Launcher	industry-app	desktop-web	NAV-SIDE-RAIL	SH-DESK-RAIL-MAIN	D-DEFAULT	IX-KEYBOARD-SHORTCUTS	PLATFORM=desktop-web; PATTERN=gaming-desktop; NAV=NAV-SIDE-RAIL; SHELL=SH-DESK-RAIL-MAIN; DENSITY=D-DEFAULT; IX=IX-KEYBOARD-SHORTCUTS; IMPL=resize-observer,prefers-color-scheme,overscroll,dialog-element; FEEL=library friends
A1585	d-density-toggle	User density toggle	desktop-density-keyboard	desktop-web	NAV-SIDE-RAIL	SH-DESK-DATAGRID	D-DEFAULT	IX-WINDOW-DENSITY	PLATFORM=desktop-web; PATTERN=d-density-toggle; NAV=NAV-SIDE-RAIL; SHELL=SH-DESK-DATAGRID; DENSITY=D-DEFAULT; IX=IX-WINDOW-DENSITY; IMPL=session-timeout,virtual-list,matchmedia,prefers-reduced-motion; FEEL=Comfortable/Compact persist
A1586	d-skip-to-main	Skip to main	desktop-density-keyboard	desktop-web	NAV-SIDE-RAIL	SH-DESK-RAIL-MAIN	D-DEFAULT	IX-KEYBOARD-SHORTCUTS	PLATFORM=desktop-web; PATTERN=d-skip-to-main; NAV=NAV-SIDE-RAIL; SHELL=SH-DESK-RAIL-MAIN; DENSITY=D-DEFAULT; IX=IX-KEYBOARD-SHORTCUTS; IMPL=session-timeout,pointer-events,fine-pointer,error-boundary-ui; FEEL=Landmarks + skip link
A1587	support-mobile	Support Mobile	industry-app	mobile-phone	NAV-STACK-PUSH	SH-PHONE-STACK	D-DEFAULT	IX-PRIMARY-THUMB	PLATFORM=mobile-phone; PATTERN=support-mobile; NAV=NAV-STACK-PUSH; SHELL=SH-PHONE-STACK; DENSITY=D-DEFAULT; IX=IX-PRIMARY-THUMB; IMPL=push-web,content-visibility,type-date,bottom-nav-fixed; FEEL=on-call ticket
A1588	m-gesture-alt	Gesture + visible alt	mobile-touch-a11y	mobile-phone	NAV-DRAWER	SH-PHONE-FEED	D-DEFAULT	IX-SWIPE-ACTIONS	PLATFORM=mobile-phone; PATTERN=m-gesture-alt; NAV=NAV-DRAWER; SHELL=SH-PHONE-FEED; DENSITY=D-DEFAULT; IX=IX-SWIPE-ACTIONS; IMPL=aria-current,abort-controller,file-capture,pointer-events; FEEL=Swipe not only path
A1589	m-biometric-gate	Biometric gate	mobile-structure	mobile-phone	NAV-NONE-FOCUS	SH-PHONE-STACK	D-COMFORTABLE	IX-PRIMARY-THUMB	PLATFORM=mobile-phone; PATTERN=m-biometric-gate; NAV=NAV-NONE-FOCUS; SHELL=SH-PHONE-STACK; DENSITY=D-COMFORTABLE; IX=IX-PRIMARY-THUMB; IMPL=aria-expanded,biometric-webauthn,coarse-pointer,abort-controller; FEEL=Local auth then app
A1590	support-desktop	Support Desktop	industry-app	mobile-phone	NAV-MODAL-SHEET	SH-RESPONSIVE-COLLAPSE	D-TOUCH-COMFORT	IX-KEYBOARD-SHORTCUTS	PLATFORM=mobile-phone; PATTERN=support-desktop; NAV=NAV-MODAL-SHEET; SHELL=SH-RESPONSIVE-COLLAPSE; DENSITY=D-TOUCH-COMFORT; IX=IX-KEYBOARD-SHORTCUTS; IMPL=autocomplete,touch-action,optimistic-ui,hover-media; FEEL=ticket workspace
A1591	iot-mobile	IoT Mobile	industry-app	mobile-phone	NAV-BOTTOM-TABS	SH-PHONE-TABS	D-DEFAULT	IX-PRIMARY-THUMB	PLATFORM=mobile-phone; PATTERN=iot-mobile; NAV=NAV-BOTTOM-TABS; SHELL=SH-PHONE-TABS; DENSITY=D-DEFAULT; IX=IX-PRIMARY-THUMB; IMPL=url-state,focus-visible,flex-phone-column,scroll-padding; FEEL=device status control
A1592	energy-desktop	Energy Ops Desktop	industry-app	desktop-web	NAV-MASTER-DETAIL	SH-DESK-DASH	D-COMPACT	IX-KEYBOARD-SHORTCUTS	PLATFORM=desktop-web; PATTERN=energy-desktop; NAV=NAV-MASTER-DETAIL; SHELL=SH-DESK-DASH; DENSITY=D-COMPACT; IX=IX-KEYBOARD-SHORTCUTS; IMPL=prefers-color-scheme,focus-visible,grid-app-shell,live-region; FEEL=grid status alarms
A1593	m-safe-area-chrome	Safe-area chrome	mobile-touch-a11y	mobile-phone	NAV-BOTTOM-TABS	SH-PHONE-TABS	D-TOUCH-COMFORT	IX-STICKY-FOOTER-CTA	PLATFORM=mobile-phone; PATTERN=m-safe-area-chrome; NAV=NAV-BOTTOM-TABS; SHELL=SH-PHONE-TABS; DENSITY=D-TOUCH-COMFORT; IX=IX-STICKY-FOOTER-CTA; IMPL=url-state,inputmode,push-web,share-api; FEEL=Tabs/CTAs above home indicator
A1594	music-desktop	Music Desktop	industry-app	desktop-web	NAV-SIDE-RAIL	SH-DESK-RAIL-MAIN-INSP	D-DEFAULT	IX-KEYBOARD-SHORTCUTS	PLATFORM=desktop-web; PATTERN=music-desktop; NAV=NAV-SIDE-RAIL; SHELL=SH-DESK-RAIL-MAIN-INSP; DENSITY=D-DEFAULT; IX=IX-KEYBOARD-SHORTCUTS; IMPL=hotkeys,error-boundary-ui,localstorage-prefs,prefers-reduced-motion; FEEL=library player queue
A1595	commerce-desktop	Desktop Commerce	industry-app	desktop-web	NAV-COMMAND-PALETTE	SH-RESPONSIVE-COLLAPSE	D-DEFAULT	IX-KEYBOARD-SHORTCUTS	PLATFORM=desktop-web; PATTERN=commerce-desktop; NAV=NAV-COMMAND-PALETTE; SHELL=SH-RESPONSIVE-COLLAPSE; DENSITY=D-DEFAULT; IX=IX-KEYBOARD-SHORTCUTS; IMPL=resize-observer,hotkeys,session-timeout,form-novalidate; FEEL=catalog filters pdp
A1596	os-win-navigation-view	Win NavigationView	os-patterns	desktop-web	NAV-TOOLBAR	SH-DESK-DATAGRID	D-DEFAULT	IX-KEYBOARD-SHORTCUTS	PLATFORM=desktop-web; PATTERN=os-win-navigation-view; NAV=NAV-TOOLBAR; SHELL=SH-DESK-DATAGRID; DENSITY=D-DEFAULT; IX=IX-KEYBOARD-SHORTCUTS; IMPL=container-queries,focus-trap,aria-current,error-boundary-ui; FEEL=Left nav expand
A1597	finance-markets-desktop	Markets Desktop	industry-app	desktop-web	NAV-SIDE-RAIL	SH-DESK-DATAGRID	D-COMPACT	IX-KEYBOARD-SHORTCUTS	PLATFORM=desktop-web; PATTERN=finance-markets-desktop; NAV=NAV-SIDE-RAIL; SHELL=SH-DESK-DATAGRID; DENSITY=D-COMPACT; IX=IX-KEYBOARD-SHORTCUTS; IMPL=debounce-search,dialog-element,hover-media,abort-controller; FEEL=blotter charts
A1598	d-breadcrumb-admin	Admin with breadcrumbs	desktop-structure	desktop-web	NAV-TOOLBAR	SH-DESK-DASH	D-COMPACT	IX-KEYBOARD-SHORTCUTS	PLATFORM=desktop-web; PATTERN=d-breadcrumb-admin; NAV=NAV-TOOLBAR; SHELL=SH-DESK-DASH; DENSITY=D-COMPACT; IX=IX-KEYBOARD-SHORTCUTS; IMPL=grid-app-shell,clipboard-api,live-region,container-queries; FEEL=Deep trees oriented
A1599	m-status-bar-legible	Status bar legible	mobile-touch-a11y	mobile-phone	NAV-DRAWER	SH-PHONE-CANVAS	D-DEFAULT	IX-PRIMARY-THUMB	PLATFORM=mobile-phone; PATTERN=m-status-bar-legible; NAV=NAV-DRAWER; SHELL=SH-PHONE-CANVAS; DENSITY=D-DEFAULT; IX=IX-PRIMARY-THUMB; IMPL=live-region,vibrate-careful,push-web,focus-trap; FEEL=Content not under status
A1600	d-undo-stack	Document undo	desktop-density-keyboard	desktop-web	NAV-MENUBAR	SH-DESK-DOCUMENT	D-DEFAULT	IX-UNDO-TOAST	PLATFORM=desktop-web; PATTERN=d-undo-stack; NAV=NAV-MENUBAR; SHELL=SH-DESK-DOCUMENT; DENSITY=D-DEFAULT; IX=IX-UNDO-TOAST; IMPL=hover-media,content-visibility,abort-controller,will-change-sparing; FEEL=⌘Z meaningful
A1601	logistics-mobile	Driver Mobile	industry-app	mobile-phone	NAV-WIZARD	SH-PHONE-FEED	D-TOUCH-COMFORT	IX-PRIMARY-THUMB	PLATFORM=mobile-phone; PATTERN=logistics-mobile; NAV=NAV-WIZARD; SHELL=SH-PHONE-FEED; DENSITY=D-TOUCH-COMFORT; IX=IX-PRIMARY-THUMB; IMPL=bottom-nav-fixed,inputmode,sticky-footer-cta,prefers-contrast; FEEL=stops nav complete
A1602	d-analytics-explore	Analytics explore	desktop-structure	desktop-web	NAV-SIDE-RAIL	SH-DESK-DATAGRID	D-COMPACT	IX-KEYBOARD-SHORTCUTS	PLATFORM=desktop-web; PATTERN=d-analytics-explore; NAV=NAV-SIDE-RAIL; SHELL=SH-DESK-DATAGRID; DENSITY=D-COMPACT; IX=IX-KEYBOARD-SHORTCUTS; IMPL=grid-app-shell,csrf-safe,overscroll,aria-current; FEEL=Query builder + results
A1603	library-desktop	Library Desktop	industry-app	desktop-web	NAV-COMMAND-PALETTE	SH-DESK-DASH	D-COMPACT	IX-KEYBOARD-SHORTCUTS	PLATFORM=desktop-web; PATTERN=library-desktop; NAV=NAV-COMMAND-PALETTE; SHELL=SH-DESK-DASH; DENSITY=D-COMPACT; IX=IX-KEYBOARD-SHORTCUTS; IMPL=focus-trap,localstorage-prefs,resize-observer,dialog-element; FEEL=catalogue circulation
A1604	media-mobile	Media Mobile	industry-app	desktop-web	NAV-SIDE-TREE	SH-DESK-DASH	D-DEFAULT	IX-PRIMARY-THUMB	PLATFORM=desktop-web; PATTERN=media-mobile; NAV=NAV-SIDE-TREE; SHELL=SH-DESK-DASH; DENSITY=D-DEFAULT; IX=IX-PRIMARY-THUMB; IMPL=url-state,prefers-contrast,abort-controller,virtual-list; FEEL=player feed
A1605	music-mobile	Music Mobile	industry-app	mobile-phone	NAV-BOTTOM-TABS	SH-PHONE-TABS	D-DEFAULT	IX-PRIMARY-THUMB	PLATFORM=mobile-phone; PATTERN=music-mobile; NAV=NAV-BOTTOM-TABS; SHELL=SH-PHONE-TABS; DENSITY=D-DEFAULT; IX=IX-PRIMARY-THUMB; IMPL=safe-area-css,autocomplete,network-information,csrf-safe; FEEL=player library
A1606	d-email-client	Email client	desktop-structure	desktop-web	NAV-MASTER-DETAIL	SH-DESK-RAIL-MAIN-INSP	D-COMPACT	IX-KEYBOARD-SHORTCUTS	PLATFORM=desktop-web; PATTERN=d-email-client; NAV=NAV-MASTER-DETAIL; SHELL=SH-DESK-RAIL-MAIN-INSP; DENSITY=D-COMPACT; IX=IX-KEYBOARD-SHORTCUTS; IMPL=command-palette-js,error-boundary-ui,pointer-events,autocomplete; FEEL=Folders | list | reading
A1607	restaurant-pos-tablet	Restaurant POS Tablet	industry-app	mobile-phone	NAV-STACK-PUSH	SH-PHONE-STACK	D-TOUCH-COMFORT	IX-EMPTY-CTA	PLATFORM=mobile-phone; PATTERN=restaurant-pos-tablet; NAV=NAV-STACK-PUSH; SHELL=SH-PHONE-STACK; DENSITY=D-TOUCH-COMFORT; IX=IX-EMPTY-CTA; IMPL=autocomplete,push-web,url-state,dialog-element; FEEL=tickets menu pay
A1608	banking-desktop	Desktop Banking	industry-app	desktop-web	NAV-SIDE-RAIL	SH-DESK-DATAGRID	D-DEFAULT	IX-KEYBOARD-SHORTCUTS	PLATFORM=desktop-web; PATTERN=banking-desktop; NAV=NAV-SIDE-RAIL; SHELL=SH-DESK-DATAGRID; DENSITY=D-DEFAULT; IX=IX-KEYBOARD-SHORTCUTS; IMPL=abort-controller,content-visibility,skeleton-css,fine-pointer; FEEL=accounts table transfers
A1609	manufacturing-mobile	Shop Floor Mobile	industry-app	mobile-phone	NAV-NONE-FOCUS	SH-PHONE-STACK	D-TOUCH-COMFORT	IX-PRIMARY-THUMB	PLATFORM=mobile-phone; PATTERN=manufacturing-mobile; NAV=NAV-NONE-FOCUS; SHELL=SH-PHONE-STACK; DENSITY=D-TOUCH-COMFORT; IX=IX-PRIMARY-THUMB; IMPL=prefers-color-scheme,vibrate-careful,viewport-meta,skeleton-css; FEEL=scan complete
A1610	insurance-desktop	Insurance Desktop	industry-app	desktop-web	NAV-SIDE-RAIL	SH-DESK-DATAGRID	D-COMPACT	IX-KEYBOARD-SHORTCUTS	PLATFORM=desktop-web; PATTERN=insurance-desktop; NAV=NAV-SIDE-RAIL; SHELL=SH-DESK-DATAGRID; DENSITY=D-COMPACT; IX=IX-KEYBOARD-SHORTCUTS; IMPL=error-boundary-ui,scroll-padding,intersection-infinite,hover-media; FEEL=policies claims queue
A1611	m-screen-reader-order	Screen reader order	mobile-touch-a11y	mobile-phone	NAV-STACK-PUSH	SH-PHONE-STACK	D-DEFAULT	IX-PRIMARY-THUMB	PLATFORM=mobile-phone; PATTERN=m-screen-reader-order; NAV=NAV-STACK-PUSH; SHELL=SH-PHONE-STACK; DENSITY=D-DEFAULT; IX=IX-PRIMARY-THUMB; IMPL=scroll-padding,focus-visible,will-change-sparing,app-badge; FEEL=DOM order matches visual job
A1612	security-soc-desktop	SOC Desktop	industry-app	desktop-web	NAV-MASTER-DETAIL	SH-DESK-RAIL-MAIN-INSP	D-COMPACT	IX-KEYBOARD-SHORTCUTS	PLATFORM=desktop-web; PATTERN=security-soc-desktop; NAV=NAV-MASTER-DETAIL; SHELL=SH-DESK-RAIL-MAIN-INSP; DENSITY=D-COMPACT; IX=IX-KEYBOARD-SHORTCUTS; IMPL=will-change-sparing,container-queries,command-palette-js,autocomplete; FEEL=alerts timeline
A1613	x-error-boundary	Error boundary UX	cross-platform-app	responsive-app	NAV-NONE-FOCUS	SH-RESPONSIVE-COLLAPSE	D-DEFAULT	IX-EMPTY-CTA	PLATFORM=responsive-app; PATTERN=x-error-boundary; NAV=NAV-NONE-FOCUS; SHELL=SH-RESPONSIVE-COLLAPSE; DENSITY=D-DEFAULT; IX=IX-EMPTY-CTA; IMPL=type-date,aria-expanded,matchmedia,share-api; FEEL=Recover section not white screen
A1614	d-shortcuts-help	? shortcuts cheatsheet	desktop-density-keyboard	desktop-web	NAV-COMMAND-PALETTE	SH-DESK-DATAGRID	D-DEFAULT	IX-KEYBOARD-SHORTCUTS	PLATFORM=desktop-web; PATTERN=d-shortcuts-help; NAV=NAV-COMMAND-PALETTE; SHELL=SH-DESK-DATAGRID; DENSITY=D-DEFAULT; IX=IX-KEYBOARD-SHORTCUTS; IMPL=prefers-reduced-motion,prefers-color-scheme,optimistic-ui,prefers-contrast; FEEL=Discoverable shortcuts
A1615	m-edit-modal	Edit modal	mobile-structure	mobile-phone	NAV-NONE-FOCUS	SH-PHONE-TABS	D-DEFAULT	IX-PRIMARY-THUMB	PLATFORM=mobile-phone; PATTERN=m-edit-modal; NAV=NAV-NONE-FOCUS; SHELL=SH-PHONE-TABS; DENSITY=D-DEFAULT; IX=IX-PRIMARY-THUMB; IMPL=virtual-list,scroll-padding,aria-current,share-api; FEEL=Block context for edit
A1616	os-material-fab	Material FAB	os-patterns	mobile-phone	NAV-STACK-PUSH	SH-PHONE-FEED	D-TOUCH-COMFORT	IX-FAB	PLATFORM=mobile-phone; PATTERN=os-material-fab; NAV=NAV-STACK-PUSH; SHELL=SH-PHONE-FEED; DENSITY=D-TOUCH-COMFORT; IX=IX-FAB; IMPL=dialog-element,safe-area-css,service-worker-offline,type-date; FEEL=Primary create
A1617	nonprofit-desktop	Nonprofit Desktop	industry-app	responsive-app	NAV-TAB+STACK	SH-DESK-DATAGRID	D-DEFAULT	IX-KEYBOARD-SHORTCUTS	PLATFORM=responsive-app; PATTERN=nonprofit-desktop; NAV=NAV-TAB+STACK; SHELL=SH-DESK-DATAGRID; DENSITY=D-DEFAULT; IX=IX-KEYBOARD-SHORTCUTS; IMPL=dialog-element,session-timeout,biometric-webauthn,aria-expanded; FEEL=campaigns donors
A1618	crm-mobile	CRM Mobile	industry-app	mobile-phone	NAV-BOTTOM-TABS	SH-PHONE-TABS	D-TOUCH-COMFORT	IX-PRIMARY-THUMB	PLATFORM=mobile-phone; PATTERN=crm-mobile; NAV=NAV-BOTTOM-TABS; SHELL=SH-PHONE-TABS; DENSITY=D-TOUCH-COMFORT; IX=IX-PRIMARY-THUMB; IMPL=inputmode,flex-phone-column,coarse-pointer,csrf-safe; FEEL=today queue log call
A1619	event-mobile	Event Mobile	industry-app	mobile-phone	NAV-BOTTOM-TABS	SH-PHONE-STACK	D-DEFAULT	IX-PRIMARY-THUMB	PLATFORM=mobile-phone; PATTERN=event-mobile; NAV=NAV-BOTTOM-TABS; SHELL=SH-PHONE-STACK; DENSITY=D-DEFAULT; IX=IX-PRIMARY-THUMB; IMPL=matchmedia,autocomplete,aria-expanded,touch-action; FEEL=agenda tickets map
A1620	trading-desktop	Trading Desktop	industry-app	desktop-web	NAV-COMMAND-PALETTE	SH-DESK-RAIL-MAIN-INSP	D-COMPACT	IX-KEYBOARD-SHORTCUTS	PLATFORM=desktop-web; PATTERN=trading-desktop; NAV=NAV-COMMAND-PALETTE; SHELL=SH-DESK-RAIL-MAIN-INSP; DENSITY=D-COMPACT; IX=IX-KEYBOARD-SHORTCUTS; IMPL=command-palette-js,aria-current,popover-api,drag-drop-desktop; FEEL=order entry dense
A1621	energy-mobile	Energy Field Mobile	industry-app	responsive-app	NAV-STACK-PUSH	SH-PHONE-STACK	D-TOUCH-COMFORT	IX-PRIMARY-THUMB	PLATFORM=responsive-app; PATTERN=energy-mobile; NAV=NAV-STACK-PUSH; SHELL=SH-PHONE-STACK; DENSITY=D-TOUCH-COMFORT; IX=IX-PRIMARY-THUMB; IMPL=viewport-meta,abort-controller,dvh-units,safe-area-css; FEEL=assets inspect
A1622	chat-desktop	Desktop Chat	industry-app	responsive-app	NAV-BOTTOM-TABS	SH-PHONE-FEED	D-DEFAULT	IX-KEYBOARD-SHORTCUTS	PLATFORM=responsive-app; PATTERN=chat-desktop; NAV=NAV-BOTTOM-TABS; SHELL=SH-PHONE-FEED; DENSITY=D-DEFAULT; IX=IX-KEYBOARD-SHORTCUTS; IMPL=bottom-nav-fixed,network-information,file-capture,prefers-contrast; FEEL=list thread info-on-demand
A1623	gov-services-desktop	Gov Services Desktop	industry-app	desktop-web	NAV-SIDE-RAIL	SH-DESK-DATAGRID	D-DEFAULT	IX-KEYBOARD-SHORTCUTS	PLATFORM=desktop-web; PATTERN=gov-services-desktop; NAV=NAV-SIDE-RAIL; SHELL=SH-DESK-DATAGRID; DENSITY=D-DEFAULT; IX=IX-KEYBOARD-SHORTCUTS; IMPL=clipboard-api,fine-pointer,autocomplete,container-queries; FEEL=cases queue
A1624	field-service-mobile	Field Service Mobile	industry-app	mobile-phone	NAV-TOP-TABS	SH-PHONE-STACK	D-TOUCH-COMFORT	IX-PRIMARY-THUMB	PLATFORM=mobile-phone; PATTERN=field-service-mobile; NAV=NAV-TOP-TABS; SHELL=SH-PHONE-STACK; DENSITY=D-TOUCH-COMFORT; IX=IX-PRIMARY-THUMB; IMPL=sticky-footer-cta,type-date,share-api,skeleton-css; FEEL=jobs checklist photo
A1625	food-courier-mobile	Courier Mobile	industry-app	mobile-phone	NAV-STACK-PUSH	SH-RESPONSIVE-COLLAPSE	D-TOUCH-COMFORT	IX-PRIMARY-THUMB	PLATFORM=mobile-phone; PATTERN=food-courier-mobile; NAV=NAV-STACK-PUSH; SHELL=SH-RESPONSIVE-COLLAPSE; DENSITY=D-TOUCH-COMFORT; IX=IX-PRIMARY-THUMB; IMPL=aria-current,intersection-infinite,network-information,touch-action; FEEL=orders nav photo
A1626	sports-desktop	Sports Desktop	industry-app	desktop-web	NAV-SIDE-RAIL	SH-DESK-DASH	D-COMPACT	IX-KEYBOARD-SHORTCUTS	PLATFORM=desktop-web; PATTERN=sports-desktop; NAV=NAV-SIDE-RAIL; SHELL=SH-DESK-DASH; DENSITY=D-COMPACT; IX=IX-KEYBOARD-SHORTCUTS; IMPL=overscroll,virtual-list,hover-media,grid-app-shell; FEEL=stats tables live
A1627	m-hero-then-list	Hero then list	mobile-content-patterns	mobile-phone	NAV-STACK-PUSH	SH-PHONE-STACK	D-DEFAULT	IX-EMPTY-CTA	PLATFORM=mobile-phone; PATTERN=m-hero-then-list; NAV=NAV-STACK-PUSH; SHELL=SH-PHONE-STACK; DENSITY=D-DEFAULT; IX=IX-EMPTY-CTA; IMPL=error-boundary-ui,history-stack,pointer-events,virtual-list; FEEL=Context then inventory
A1628	d-window-1024	Functional at 1024×768	desktop-density-keyboard	desktop-web	NAV-SIDE-RAIL	SH-DESK-RAIL-MAIN	D-DEFAULT	IX-SPLIT-RESIZE	PLATFORM=desktop-web; PATTERN=d-window-1024; NAV=NAV-SIDE-RAIL; SHELL=SH-DESK-RAIL-MAIN; DENSITY=D-DEFAULT; IX=IX-SPLIT-RESIZE; IMPL=roving-tabindex,clipboard-api,localstorage-prefs,abort-controller; FEEL=No dead layouts at laptop
A1629	m-action-sheet	Action sheet confirm	mobile-structure	mobile-phone	NAV-MODAL-SHEET	SH-PHONE-SHEET	D-TOUCH-COMFORT	IX-PRIMARY-THUMB	PLATFORM=mobile-phone; PATTERN=m-action-sheet; NAV=NAV-MODAL-SHEET; SHELL=SH-PHONE-SHEET; DENSITY=D-TOUCH-COMFORT; IX=IX-PRIMARY-THUMB; IMPL=live-region,share-api,prefers-color-scheme,will-change-sparing; FEEL=Destructive choices clear
A1630	m-form-one-column	One-column form	mobile-content-patterns	mobile-phone	NAV-STACK-PUSH	SH-PHONE-STACK	D-TOUCH-COMFORT	IX-FORM-SECTIONED	PLATFORM=mobile-phone; PATTERN=m-form-one-column; NAV=NAV-STACK-PUSH; SHELL=SH-PHONE-STACK; DENSITY=D-TOUCH-COMFORT; IX=IX-FORM-SECTIONED; IMPL=coarse-pointer,safe-area-css,dialog-element,prefers-contrast; FEEL=Labels above fields
A1631	m-cards-scroll	Card vertical stack	mobile-content-patterns	mobile-phone	NAV-STACK-PUSH	SH-PHONE-CANVAS	D-COMFORTABLE	IX-INFINITE-SCROLL	PLATFORM=mobile-phone; PATTERN=m-cards-scroll; NAV=NAV-STACK-PUSH; SHELL=SH-PHONE-CANVAS; DENSITY=D-COMFORTABLE; IX=IX-INFINITE-SCROLL; IMPL=install-pwa,live-region,viewport-meta,coarse-pointer; FEEL=Scannable cards
A1632	x-semantic-status	Semantic status colours	cross-platform-app	responsive-app	NAV-TOOLBAR	SH-TABLET-SPLIT	D-DEFAULT	IX-EMPTY-CTA	PLATFORM=responsive-app; PATTERN=x-semantic-status; NAV=NAV-TOOLBAR; SHELL=SH-TABLET-SPLIT; DENSITY=D-DEFAULT; IX=IX-EMPTY-CTA; IMPL=debounce-search,min-touch,form-novalidate,network-information; FEEL=+ icon/text not colour only
A1633	m-auth-focus	Auth focus flow	mobile-structure	mobile-phone	NAV-NONE-FOCUS	SH-PHONE-STACK	D-COMFORTABLE	IX-PRIMARY-THUMB	PLATFORM=mobile-phone; PATTERN=m-auth-focus; NAV=NAV-NONE-FOCUS; SHELL=SH-PHONE-STACK; DENSITY=D-COMFORTABLE; IX=IX-PRIMARY-THUMB; IMPL=viewport-meta,inputmode,aria-current,live-region; FEEL=No app chrome
A1634	m-map-first	Map-first mobile	mobile-structure	mobile-phone	NAV-TAB+STACK	SH-PHONE-FEED	D-TOUCH-COMFORT	IX-PRIMARY-THUMB	PLATFORM=mobile-phone; PATTERN=m-map-first; NAV=NAV-TAB+STACK; SHELL=SH-PHONE-FEED; DENSITY=D-TOUCH-COMFORT; IX=IX-PRIMARY-THUMB; IMPL=focus-trap,form-novalidate,pointer-events,safe-area-css; FEEL=Map stage + sheet
A1635	x-semantic-status	Semantic status colours	cross-platform-app	responsive-app	NAV-NONE-FOCUS	SH-RESPONSIVE-COLLAPSE	D-DEFAULT	IX-EMPTY-CTA	PLATFORM=responsive-app; PATTERN=x-semantic-status; NAV=NAV-NONE-FOCUS; SHELL=SH-RESPONSIVE-COLLAPSE; DENSITY=D-DEFAULT; IX=IX-EMPTY-CTA; IMPL=hover-media,optimistic-ui,focus-visible,overscroll; FEEL=+ icon/text not colour only
A1636	d-email-client	Email client	desktop-structure	desktop-web	NAV-TOP-TABS	SH-TABLET-SPLIT	D-COMPACT	IX-KEYBOARD-SHORTCUTS	PLATFORM=desktop-web; PATTERN=d-email-client; NAV=NAV-TOP-TABS; SHELL=SH-TABLET-SPLIT; DENSITY=D-COMPACT; IX=IX-KEYBOARD-SHORTCUTS; IMPL=focus-visible,overscroll,localstorage-prefs,roving-tabindex; FEEL=Folders | list | reading
A1637	d-comfortable-tables	Comfortable tables	desktop-density-keyboard	desktop-web	NAV-SIDE-RAIL	SH-DESK-DATAGRID	D-DEFAULT	IX-PAGINATION	PLATFORM=desktop-web; PATTERN=d-comfortable-tables; NAV=NAV-SIDE-RAIL; SHELL=SH-DESK-DATAGRID; DENSITY=D-DEFAULT; IX=IX-PAGINATION; IMPL=overscroll,will-change-sparing,pointer-events,drag-drop-desktop; FEEL=Readable rows
A1638	hotel-desktop	Hotel Desktop	industry-app	desktop-web	NAV-MASTER-DETAIL	SH-DESK-RAIL-MAIN-INSP	D-COMPACT	IX-KEYBOARD-SHORTCUTS	PLATFORM=desktop-web; PATTERN=hotel-desktop; NAV=NAV-MASTER-DETAIL; SHELL=SH-DESK-RAIL-MAIN-INSP; DENSITY=D-COMPACT; IX=IX-KEYBOARD-SHORTCUTS; IMPL=hover-media,url-state,virtual-list,overscroll; FEEL=reservations folio
A1639	trading-desktop	Trading Desktop	industry-app	responsive-app	NAV-TOOLBAR	SH-PHONE-STACK	D-COMPACT	IX-KEYBOARD-SHORTCUTS	PLATFORM=responsive-app; PATTERN=trading-desktop; NAV=NAV-TOOLBAR; SHELL=SH-PHONE-STACK; DENSITY=D-COMPACT; IX=IX-KEYBOARD-SHORTCUTS; IMPL=install-pwa,csrf-safe,touch-action,fine-pointer; FEEL=order entry dense
A1640	photos-desktop	Photos Desktop	industry-app	desktop-web	NAV-SIDE-RAIL	SH-DESK-TOOL-CANVAS	D-DEFAULT	IX-KEYBOARD-SHORTCUTS	PLATFORM=desktop-web; PATTERN=photos-desktop; NAV=NAV-SIDE-RAIL; SHELL=SH-DESK-TOOL-CANVAS; DENSITY=D-DEFAULT; IX=IX-KEYBOARD-SHORTCUTS; IMPL=overscroll,skeleton-css,prefers-contrast,hotkeys; FEEL=library edit
A1641	crm-desktop	CRM Desktop	industry-app	desktop-web	NAV-SIDE-RAIL	SH-DESK-DATAGRID	D-COMPACT	IX-KEYBOARD-SHORTCUTS	PLATFORM=desktop-web; PATTERN=crm-desktop; NAV=NAV-SIDE-RAIL; SHELL=SH-DESK-DATAGRID; DENSITY=D-COMPACT; IX=IX-KEYBOARD-SHORTCUTS; IMPL=aria-current,fine-pointer,localstorage-prefs,popover-api; FEEL=pipeline contacts
A1642	os-kiosk-locked	Kiosk locked session	os-patterns	mobile-phone	NAV-NONE-FOCUS	SH-PHONE-STACK	D-TOUCH-COMFORT	IX-PRIMARY-THUMB	PLATFORM=mobile-phone; PATTERN=os-kiosk-locked; NAV=NAV-NONE-FOCUS; SHELL=SH-PHONE-STACK; DENSITY=D-TOUCH-COMFORT; IX=IX-PRIMARY-THUMB; IMPL=url-state,type-date,aria-current,overscroll; FEEL=Timeout reset
A1643	backup-desktop	Backup Desktop	industry-app	desktop-web	NAV-SIDE-RAIL	SH-DESK-RAIL-MAIN	D-DEFAULT	IX-KEYBOARD-SHORTCUTS	PLATFORM=desktop-web; PATTERN=backup-desktop; NAV=NAV-SIDE-RAIL; SHELL=SH-DESK-RAIL-MAIN; DENSITY=D-DEFAULT; IX=IX-KEYBOARD-SHORTCUTS; IMPL=overscroll,matchmedia,intersection-infinite,focus-trap; FEEL=sources schedule status
A1644	education-desktop	LMS Desktop	industry-app	mobile-phone	NAV-STACK-PUSH	SH-PHONE-FEED	D-DEFAULT	IX-KEYBOARD-SHORTCUTS	PLATFORM=mobile-phone; PATTERN=education-desktop; NAV=NAV-STACK-PUSH; SHELL=SH-PHONE-FEED; DENSITY=D-DEFAULT; IX=IX-KEYBOARD-SHORTCUTS; IMPL=matchmedia,viewport-meta,type-date,bottom-nav-fixed; FEEL=courses gradebook
A1645	m-single-feed	Single feed app	mobile-structure	mobile-phone	NAV-NONE-FOCUS	SH-PHONE-FEED	D-DEFAULT	IX-PRIMARY-THUMB	PLATFORM=mobile-phone; PATTERN=m-single-feed; NAV=NAV-NONE-FOCUS; SHELL=SH-PHONE-FEED; DENSITY=D-DEFAULT; IX=IX-PRIMARY-THUMB; IMPL=flex-phone-column,scroll-padding,abort-controller,error-boundary-ui; FEEL=Content is the app
A1646	logistics-desktop	Dispatch Desktop	industry-app	desktop-web	NAV-MASTER-DETAIL	SH-DESK-TOOL-CANVAS	D-COMPACT	IX-KEYBOARD-SHORTCUTS	PLATFORM=desktop-web; PATTERN=logistics-desktop; NAV=NAV-MASTER-DETAIL; SHELL=SH-DESK-TOOL-CANVAS; DENSITY=D-COMPACT; IX=IX-KEYBOARD-SHORTCUTS; IMPL=focus-trap,form-novalidate,hover-media,url-state; FEEL=board map assign
A1647	crm-mobile	CRM Mobile	industry-app	mobile-phone	NAV-BOTTOM-TABS	SH-PHONE-TABS	D-TOUCH-COMFORT	IX-PRIMARY-THUMB	PLATFORM=mobile-phone; PATTERN=crm-mobile; NAV=NAV-BOTTOM-TABS; SHELL=SH-PHONE-TABS; DENSITY=D-TOUCH-COMFORT; IX=IX-PRIMARY-THUMB; IMPL=tap-highlight,url-state,push-web,sticky-footer-cta; FEEL=today queue log call
A1648	d-settings-dialog	Settings dialog/pages	desktop-structure	desktop-web	NAV-SIDE-TREE	SH-DESK-IDE-LITE	D-DEFAULT	IX-KEYBOARD-SHORTCUTS	PLATFORM=desktop-web; PATTERN=d-settings-dialog; NAV=NAV-SIDE-TREE; SHELL=SH-DESK-IDE-LITE; DENSITY=D-DEFAULT; IX=IX-KEYBOARD-SHORTCUTS; IMPL=intersection-infinite,autocomplete,prefers-color-scheme,prefers-contrast; FEEL=Searchable settings
A1649	password-desktop	Password Manager Desktop	industry-app	desktop-web	NAV-SIDE-RAIL	SH-DESK-DATAGRID	D-DEFAULT	IX-KEYBOARD-SHORTCUTS	PLATFORM=desktop-web; PATTERN=password-desktop; NAV=NAV-SIDE-RAIL; SHELL=SH-DESK-DATAGRID; DENSITY=D-DEFAULT; IX=IX-KEYBOARD-SHORTCUTS; IMPL=optimistic-ui,grid-app-shell,hover-media,overscroll; FEEL=vault generator
A1650	inventory-desktop	Inventory Desktop	industry-app	desktop-web	NAV-SIDE-RAIL	SH-DESK-DATAGRID	D-COMPACT	IX-KEYBOARD-SHORTCUTS	PLATFORM=desktop-web; PATTERN=inventory-desktop; NAV=NAV-SIDE-RAIL; SHELL=SH-DESK-DATAGRID; DENSITY=D-COMPACT; IX=IX-KEYBOARD-SHORTCUTS; IMPL=prefers-reduced-motion,grid-app-shell,autocomplete,clipboard-api; FEEL=SKU grid adjust
A1651	m-empty-first-run	First-run empty	mobile-content-patterns	mobile-phone	NAV-STACK-PUSH	SH-PHONE-STACK	D-COMFORTABLE	IX-EMPTY-CTA	PLATFORM=mobile-phone; PATTERN=m-empty-first-run; NAV=NAV-STACK-PUSH; SHELL=SH-PHONE-STACK; DENSITY=D-COMFORTABLE; IX=IX-EMPTY-CTA; IMPL=min-touch,virtual-list,prefers-reduced-motion,type-date; FEEL=Education + CTA
A1652	m-target-44	44pt touch targets	mobile-touch-a11y	mobile-phone	NAV-BOTTOM-TABS	SH-PHONE-TABS	D-TOUCH-COMFORT	IX-PRIMARY-THUMB	PLATFORM=mobile-phone; PATTERN=m-target-44; NAV=NAV-BOTTOM-TABS; SHELL=SH-PHONE-TABS; DENSITY=D-TOUCH-COMFORT; IX=IX-PRIMARY-THUMB; IMPL=coarse-pointer,flex-phone-column,sticky-footer-cta,history-stack; FEEL=Primary controls ≥44×44
A1653	x-empty-permission	Empty by permission	cross-platform-app	responsive-app	NAV-NONE-FOCUS	SH-RESPONSIVE-COLLAPSE	D-DEFAULT	IX-EMPTY-CTA	PLATFORM=responsive-app; PATTERN=x-empty-permission; NAV=NAV-NONE-FOCUS; SHELL=SH-RESPONSIVE-COLLAPSE; DENSITY=D-DEFAULT; IX=IX-EMPTY-CTA; IMPL=vibrate-careful,service-worker-offline,command-palette-js,debounce-search; FEEL=Explain access gap
A1654	support-desktop	Support Desktop	industry-app	desktop-web	NAV-SIDE-TREE	SH-RESPONSIVE-COLLAPSE	D-COMPACT	IX-KEYBOARD-SHORTCUTS	PLATFORM=desktop-web; PATTERN=support-desktop; NAV=NAV-SIDE-TREE; SHELL=SH-RESPONSIVE-COLLAPSE; DENSITY=D-COMPACT; IX=IX-KEYBOARD-SHORTCUTS; IMPL=session-timeout,scroll-padding,hotkeys,clipboard-api; FEEL=ticket workspace
A1655	m-filter-sheet	Filter sheet	mobile-structure	mobile-phone	NAV-BOTTOM-SHEET	SH-PHONE-SHEET	D-DEFAULT	IX-PRIMARY-THUMB	PLATFORM=mobile-phone; PATTERN=m-filter-sheet; NAV=NAV-BOTTOM-SHEET; SHELL=SH-PHONE-SHEET; DENSITY=D-DEFAULT; IX=IX-PRIMARY-THUMB; IMPL=vibrate-careful,dialog-element,hover-media,virtual-list; FEEL=Filters over results
A1656	library-desktop	Library Desktop	industry-app	desktop-web	NAV-SIDE-RAIL	SH-DESK-DATAGRID	D-COMPACT	IX-KEYBOARD-SHORTCUTS	PLATFORM=desktop-web; PATTERN=library-desktop; NAV=NAV-SIDE-RAIL; SHELL=SH-DESK-DATAGRID; DENSITY=D-COMPACT; IX=IX-KEYBOARD-SHORTCUTS; IMPL=command-palette-js,drag-drop-desktop,session-timeout,optimistic-ui; FEEL=catalogue circulation
A1657	event-desktop	Event Desktop	industry-app	desktop-web	NAV-SIDE-RAIL	SH-DESK-RAIL-MAIN	D-DEFAULT	IX-KEYBOARD-SHORTCUTS	PLATFORM=desktop-web; PATTERN=event-desktop; NAV=NAV-SIDE-RAIL; SHELL=SH-DESK-RAIL-MAIN; DENSITY=D-DEFAULT; IX=IX-KEYBOARD-SHORTCUTS; IMPL=live-region,hotkeys,roving-tabindex,focus-trap; FEEL=registration agenda
A1658	mdm-desktop	Device Management	industry-app	desktop-web	NAV-TOOLBAR	SH-DESK-DOCUMENT	D-COMPACT	IX-KEYBOARD-SHORTCUTS	PLATFORM=desktop-web; PATTERN=mdm-desktop; NAV=NAV-TOOLBAR; SHELL=SH-DESK-DOCUMENT; DENSITY=D-COMPACT; IX=IX-KEYBOARD-SHORTCUTS; IMPL=prefers-reduced-motion,optimistic-ui,form-novalidate,aria-current; FEEL=fleet compliance
A1659	betting-careful-mobile	Betting UI Careful	industry-app	mobile-phone	NAV-BOTTOM-TABS	SH-PHONE-TABS	D-DEFAULT	IX-PRIMARY-THUMB	PLATFORM=mobile-phone; PATTERN=betting-careful-mobile; NAV=NAV-BOTTOM-TABS; SHELL=SH-PHONE-TABS; DENSITY=D-DEFAULT; IX=IX-PRIMARY-THUMB; IMPL=vibrate-careful,autocomplete,service-worker-offline,prefers-color-scheme; FEEL=clear stakes responsible
A1660	security-soc-desktop	SOC Desktop	industry-app	desktop-web	NAV-MASTER-DETAIL	SH-DESK-RAIL-MAIN-INSP	D-COMPACT	IX-KEYBOARD-SHORTCUTS	PLATFORM=desktop-web; PATTERN=security-soc-desktop; NAV=NAV-MASTER-DETAIL; SHELL=SH-DESK-RAIL-MAIN-INSP; DENSITY=D-COMPACT; IX=IX-KEYBOARD-SHORTCUTS; IMPL=aria-expanded,skeleton-css,optimistic-ui,content-visibility; FEEL=alerts timeline
A1661	tasks-desktop	Tasks Desktop	industry-app	desktop-web	NAV-SIDE-RAIL	SH-DESK-TOOL-CANVAS	D-DEFAULT	IX-KEYBOARD-SHORTCUTS	PLATFORM=desktop-web; PATTERN=tasks-desktop; NAV=NAV-SIDE-RAIL; SHELL=SH-DESK-TOOL-CANVAS; DENSITY=D-DEFAULT; IX=IX-KEYBOARD-SHORTCUTS; IMPL=prefers-reduced-motion,pointer-events,abort-controller,content-visibility; FEEL=board/list detail
A1662	d-breadcrumb-admin	Admin with breadcrumbs	desktop-structure	desktop-web	NAV-COMMAND-PALETTE	SH-DESK-IDE-LITE	D-COMPACT	IX-KEYBOARD-SHORTCUTS	PLATFORM=desktop-web; PATTERN=d-breadcrumb-admin; NAV=NAV-COMMAND-PALETTE; SHELL=SH-DESK-IDE-LITE; DENSITY=D-COMPACT; IX=IX-KEYBOARD-SHORTCUTS; IMPL=matchmedia,prefers-reduced-motion,dialog-element,aria-current; FEEL=Deep trees oriented
A1663	travel-mobile	Travel Mobile	industry-app	mobile-phone	NAV-BOTTOM-TABS	SH-PHONE-TABS	D-TOUCH-COMFORT	IX-PRIMARY-THUMB	PLATFORM=mobile-phone; PATTERN=travel-mobile; NAV=NAV-BOTTOM-TABS; SHELL=SH-PHONE-TABS; DENSITY=D-TOUCH-COMFORT; IX=IX-PRIMARY-THUMB; IMPL=service-worker-offline,virtual-list,network-information,hover-media; FEEL=trips boarding
A1664	commerce-desktop	Desktop Commerce	industry-app	desktop-web	NAV-SIDE-RAIL	SH-DESK-DATAGRID	D-DEFAULT	IX-KEYBOARD-SHORTCUTS	PLATFORM=desktop-web; PATTERN=commerce-desktop; NAV=NAV-SIDE-RAIL; SHELL=SH-DESK-DATAGRID; DENSITY=D-DEFAULT; IX=IX-KEYBOARD-SHORTCUTS; IMPL=abort-controller,aria-current,hover-media,intersection-infinite; FEEL=catalog filters pdp
A1665	m-action-sheet	Action sheet confirm	mobile-structure	mobile-phone	NAV-MODAL-SHEET	SH-PHONE-SHEET	D-TOUCH-COMFORT	IX-PRIMARY-THUMB	PLATFORM=mobile-phone; PATTERN=m-action-sheet; NAV=NAV-MODAL-SHEET; SHELL=SH-PHONE-SHEET; DENSITY=D-TOUCH-COMFORT; IX=IX-PRIMARY-THUMB; IMPL=csrf-safe,biometric-webauthn,safe-area-css,network-information; FEEL=Destructive choices clear
A1666	photos-mobile	Photos Mobile	industry-app	mobile-phone	NAV-BOTTOM-TABS	SH-PHONE-FEED	D-DEFAULT	IX-PRIMARY-THUMB	PLATFORM=mobile-phone; PATTERN=photos-mobile; NAV=NAV-BOTTOM-TABS; SHELL=SH-PHONE-FEED; DENSITY=D-DEFAULT; IX=IX-PRIMARY-THUMB; IMPL=hover-media,virtual-list,vibrate-careful,sticky-footer-cta; FEEL=library memories
A1667	tax-desktop	Tax Desktop	industry-app	desktop-web	NAV-WIZARD	SH-DESK-DOCUMENT	D-DEFAULT	IX-KEYBOARD-SHORTCUTS	PLATFORM=desktop-web; PATTERN=tax-desktop; NAV=NAV-WIZARD; SHELL=SH-DESK-DOCUMENT; DENSITY=D-DEFAULT; IX=IX-KEYBOARD-SHORTCUTS; IMPL=skeleton-css,virtual-list,pointer-events,autocomplete; FEEL=forms wizard review
A1668	m-bottom-tabs-5	Bottom tabs (max 5)	mobile-structure	mobile-phone	NAV-DRAWER	SH-RESPONSIVE-COLLAPSE	D-TOUCH-COMFORT	IX-PRIMARY-THUMB	PLATFORM=mobile-phone; PATTERN=m-bottom-tabs-5; NAV=NAV-DRAWER; SHELL=SH-RESPONSIVE-COLLAPSE; DENSITY=D-TOUCH-COMFORT; IX=IX-PRIMARY-THUMB; IMPL=csrf-safe,push-web,live-region,history-stack; FEEL=Peer top-level destinations
A1669	gaming-desktop	PC Game Launcher	industry-app	responsive-app	NAV-MASTER-DETAIL	SH-TABLET-RAIL	D-DEFAULT	IX-KEYBOARD-SHORTCUTS	PLATFORM=responsive-app; PATTERN=gaming-desktop; NAV=NAV-MASTER-DETAIL; SHELL=SH-TABLET-RAIL; DENSITY=D-DEFAULT; IX=IX-KEYBOARD-SHORTCUTS; IMPL=url-state,aria-expanded,popover-api,safe-area-css; FEEL=library friends
A1670	d-chat-desktop	Desktop messaging	desktop-structure	desktop-web	NAV-BREADCRUMB	SH-TABLET-RAIL	D-DEFAULT	IX-KEYBOARD-SHORTCUTS	PLATFORM=desktop-web; PATTERN=d-chat-desktop; NAV=NAV-BREADCRUMB; SHELL=SH-TABLET-RAIL; DENSITY=D-DEFAULT; IX=IX-KEYBOARD-SHORTCUTS; IMPL=live-region,url-state,optimistic-ui,scroll-padding; FEEL=List | thread | optional info
A1671	hotel-desktop	Hotel Desktop	industry-app	responsive-app	NAV-MASTER-DETAIL	SH-DESK-RAIL-MAIN-INSP	D-COMPACT	IX-KEYBOARD-SHORTCUTS	PLATFORM=responsive-app; PATTERN=hotel-desktop; NAV=NAV-MASTER-DETAIL; SHELL=SH-DESK-RAIL-MAIN-INSP; DENSITY=D-COMPACT; IX=IX-KEYBOARD-SHORTCUTS; IMPL=clipboard-api,biometric-webauthn,network-information,abort-controller; FEEL=reservations folio
A1672	manufacturing-mobile	Shop Floor Mobile	industry-app	mobile-phone	NAV-BOTTOM-SHEET	SH-PHONE-CANVAS	D-TOUCH-COMFORT	IX-PRIMARY-THUMB	PLATFORM=mobile-phone; PATTERN=manufacturing-mobile; NAV=NAV-BOTTOM-SHEET; SHELL=SH-PHONE-CANVAS; DENSITY=D-TOUCH-COMFORT; IX=IX-PRIMARY-THUMB; IMPL=aria-current,debounce-search,aria-expanded,touch-action; FEEL=scan complete
A1673	nonprofit-desktop	Nonprofit Desktop	industry-app	desktop-web	NAV-SIDE-RAIL	SH-DESK-DATAGRID	D-DEFAULT	IX-KEYBOARD-SHORTCUTS	PLATFORM=desktop-web; PATTERN=nonprofit-desktop; NAV=NAV-SIDE-RAIL; SHELL=SH-DESK-DATAGRID; DENSITY=D-DEFAULT; IX=IX-KEYBOARD-SHORTCUTS; IMPL=form-novalidate,matchmedia,dialog-element,focus-visible; FEEL=campaigns donors
A1674	x-form-validation	Inline validation	cross-platform-app	responsive-app	NAV-NONE-FOCUS	SH-RESPONSIVE-COLLAPSE	D-DEFAULT	IX-FORM-SECTIONED	PLATFORM=responsive-app; PATTERN=x-form-validation; NAV=NAV-NONE-FOCUS; SHELL=SH-RESPONSIVE-COLLAPSE; DENSITY=D-DEFAULT; IX=IX-FORM-SECTIONED; IMPL=error-boundary-ui,aria-current,fine-pointer,abort-controller; FEEL=On blur/submit plain language
A1675	chat-desktop	Desktop Chat	industry-app	desktop-web	NAV-MASTER-DETAIL	SH-DESK-RAIL-MAIN-INSP	D-DEFAULT	IX-KEYBOARD-SHORTCUTS	PLATFORM=desktop-web; PATTERN=chat-desktop; NAV=NAV-MASTER-DETAIL; SHELL=SH-DESK-RAIL-MAIN-INSP; DENSITY=D-DEFAULT; IX=IX-KEYBOARD-SHORTCUTS; IMPL=scroll-padding,optimistic-ui,resize-observer,matchmedia; FEEL=list thread info-on-demand
A1676	gaming-desktop	PC Game Launcher	industry-app	desktop-web	NAV-SIDE-RAIL	SH-DESK-RAIL-MAIN	D-DEFAULT	IX-KEYBOARD-SHORTCUTS	PLATFORM=desktop-web; PATTERN=gaming-desktop; NAV=NAV-SIDE-RAIL; SHELL=SH-DESK-RAIL-MAIN; DENSITY=D-DEFAULT; IX=IX-KEYBOARD-SHORTCUTS; IMPL=focus-trap,matchmedia,localstorage-prefs,prefers-reduced-motion; FEEL=library friends
A1677	x-notifications-inbox	In-app notification inbox	cross-platform-app	responsive-app	NAV-STACK-PUSH	SH-RESPONSIVE-COLLAPSE	D-DEFAULT	IX-EMPTY-CTA	PLATFORM=responsive-app; PATTERN=x-notifications-inbox; NAV=NAV-STACK-PUSH; SHELL=SH-RESPONSIVE-COLLAPSE; DENSITY=D-DEFAULT; IX=IX-EMPTY-CTA; IMPL=inputmode,container-queries,viewport-meta,share-api; FEEL=Read state + deep link
A1678	d-timeline-gantt	Timeline/Gantt	desktop-structure	desktop-web	NAV-WIZARD	SH-DESK-RAIL-MAIN-INSP	D-COMPACT	IX-KEYBOARD-SHORTCUTS	PLATFORM=desktop-web; PATTERN=d-timeline-gantt; NAV=NAV-WIZARD; SHELL=SH-DESK-RAIL-MAIN-INSP; DENSITY=D-COMPACT; IX=IX-KEYBOARD-SHORTCUTS; IMPL=popover-api,session-timeout,optimistic-ui,clipboard-api; FEEL=Time as structure
A1679	trading-desktop	Trading Desktop	industry-app	desktop-web	NAV-TOP-TABS	SH-DESK-IDE-LITE	D-COMPACT	IX-KEYBOARD-SHORTCUTS	PLATFORM=desktop-web; PATTERN=trading-desktop; NAV=NAV-TOP-TABS; SHELL=SH-DESK-IDE-LITE; DENSITY=D-COMPACT; IX=IX-KEYBOARD-SHORTCUTS; IMPL=autocomplete,roving-tabindex,virtual-list,content-visibility; FEEL=order entry dense
A1680	d-rail-main-inspector	Rail + main + inspector	desktop-structure	desktop-web	NAV-DRAWER	SH-TABLET-SPLIT	D-COMPACT	IX-KEYBOARD-SHORTCUTS	PLATFORM=desktop-web; PATTERN=d-rail-main-inspector; NAV=NAV-DRAWER; SHELL=SH-TABLET-SPLIT; DENSITY=D-COMPACT; IX=IX-KEYBOARD-SHORTCUTS; IMPL=intersection-infinite,csrf-safe,clipboard-api,dialog-element; FEEL=Selection details; not idle triple
A1681	event-mobile	Event Mobile	industry-app	responsive-app	NAV-BOTTOM-TABS	SH-PHONE-TABS	D-DEFAULT	IX-PRIMARY-THUMB	PLATFORM=responsive-app; PATTERN=event-mobile; NAV=NAV-BOTTOM-TABS; SHELL=SH-PHONE-TABS; DENSITY=D-DEFAULT; IX=IX-PRIMARY-THUMB; IMPL=safe-area-css,clipboard-api,drag-drop-desktop,localstorage-prefs; FEEL=agenda tickets map
A1682	d-breadcrumb-admin	Admin with breadcrumbs	desktop-structure	desktop-web	NAV-BREADCRUMB	SH-DESK-DATAGRID	D-COMPACT	IX-KEYBOARD-SHORTCUTS	PLATFORM=desktop-web; PATTERN=d-breadcrumb-admin; NAV=NAV-BREADCRUMB; SHELL=SH-DESK-DATAGRID; DENSITY=D-COMPACT; IX=IX-KEYBOARD-SHORTCUTS; IMPL=overscroll,error-boundary-ui,drag-drop-desktop,prefers-reduced-motion; FEEL=Deep trees oriented
A1683	m-keyboard-avoid	Keyboard avoidance	mobile-touch-a11y	mobile-phone	NAV-STACK-PUSH	SH-PHONE-STACK	D-DEFAULT	IX-FORM-SECTIONED	PLATFORM=mobile-phone; PATTERN=m-keyboard-avoid; NAV=NAV-STACK-PUSH; SHELL=SH-PHONE-STACK; DENSITY=D-DEFAULT; IX=IX-FORM-SECTIONED; IMPL=dialog-element,biometric-webauthn,flex-phone-column,prefers-contrast; FEEL=Focused field visible
A1684	m-push-pref-center	Notification prefs	mobile-content-patterns	mobile-phone	NAV-STACK-PUSH	SH-PHONE-STACK	D-DEFAULT	IX-PRIMARY-THUMB	PLATFORM=mobile-phone; PATTERN=m-push-pref-center; NAV=NAV-STACK-PUSH; SHELL=SH-PHONE-STACK; DENSITY=D-DEFAULT; IX=IX-PRIMARY-THUMB; IMPL=content-visibility,flex-phone-column,abort-controller,skeleton-css; FEEL=Granular, not all-or-nothing
A1685	m-hub-and-spoke	Hub home + spokes	mobile-structure	mobile-phone	NAV-STACK-PUSH	SH-PHONE-STACK	D-DEFAULT	IX-PRIMARY-THUMB	PLATFORM=mobile-phone; PATTERN=m-hub-and-spoke; NAV=NAV-STACK-PUSH; SHELL=SH-PHONE-STACK; DENSITY=D-DEFAULT; IX=IX-PRIMARY-THUMB; IMPL=viewport-meta,push-web,touch-action,content-visibility; FEEL=Home launches tasks
A1686	m-picker-sheet	Picker sheet	mobile-structure	mobile-phone	NAV-BOTTOM-SHEET	SH-PHONE-SHEET	D-TOUCH-COMFORT	IX-PRIMARY-THUMB	PLATFORM=mobile-phone; PATTERN=m-picker-sheet; NAV=NAV-BOTTOM-SHEET; SHELL=SH-PHONE-SHEET; DENSITY=D-TOUCH-COMFORT; IX=IX-PRIMARY-THUMB; IMPL=scroll-padding,form-novalidate,bottom-nav-fixed,pointer-events; FEEL=Select without full page
A1687	m-no-hover	No hover-only	mobile-touch-a11y	mobile-phone	NAV-STACK-PUSH	SH-PHONE-STACK	D-DEFAULT	IX-PRIMARY-THUMB	PLATFORM=mobile-phone; PATTERN=m-no-hover; NAV=NAV-STACK-PUSH; SHELL=SH-PHONE-STACK; DENSITY=D-DEFAULT; IX=IX-PRIMARY-THUMB; IMPL=abort-controller,aria-expanded,overscroll,autocomplete; FEEL=All actions visible/tappable
A1688	m-error-fullpage	Full-page error	mobile-content-patterns	mobile-phone	NAV-STACK-PUSH	SH-PHONE-STACK	D-DEFAULT	IX-EMPTY-CTA	PLATFORM=mobile-phone; PATTERN=m-error-fullpage; NAV=NAV-STACK-PUSH; SHELL=SH-PHONE-STACK; DENSITY=D-DEFAULT; IX=IX-EMPTY-CTA; IMPL=vibrate-careful,intersection-infinite,tap-highlight,overscroll; FEEL=Retry + support
A1689	d-skip-to-main	Skip to main	desktop-density-keyboard	desktop-web	NAV-WIZARD	SH-DESK-TOOL-CANVAS	D-DEFAULT	IX-KEYBOARD-SHORTCUTS	PLATFORM=desktop-web; PATTERN=d-skip-to-main; NAV=NAV-WIZARD; SHELL=SH-DESK-TOOL-CANVAS; DENSITY=D-DEFAULT; IX=IX-KEYBOARD-SHORTCUTS; IMPL=prefers-contrast,localstorage-prefs,pointer-events,csrf-safe; FEEL=Landmarks + skip link
A1690	event-mobile	Event Mobile	industry-app	mobile-phone	NAV-BOTTOM-TABS	SH-PHONE-TABS	D-DEFAULT	IX-PRIMARY-THUMB	PLATFORM=mobile-phone; PATTERN=event-mobile; NAV=NAV-BOTTOM-TABS; SHELL=SH-PHONE-TABS; DENSITY=D-DEFAULT; IX=IX-PRIMARY-THUMB; IMPL=url-state,prefers-reduced-motion,vibrate-careful,min-touch; FEEL=agenda tickets map
A1691	music-mobile	Music Mobile	industry-app	mobile-phone	NAV-BOTTOM-TABS	SH-PHONE-TABS	D-DEFAULT	IX-PRIMARY-THUMB	PLATFORM=mobile-phone; PATTERN=music-mobile; NAV=NAV-BOTTOM-TABS; SHELL=SH-PHONE-TABS; DENSITY=D-DEFAULT; IX=IX-PRIMARY-THUMB; IMPL=prefers-contrast,install-pwa,viewport-meta,service-worker-offline; FEEL=player library
A1692	insurance-mobile	Insurance Mobile	industry-app	mobile-phone	NAV-WIZARD	SH-PHONE-TABS	D-DEFAULT	IX-PRIMARY-THUMB	PLATFORM=mobile-phone; PATTERN=insurance-mobile; NAV=NAV-WIZARD; SHELL=SH-PHONE-TABS; DENSITY=D-DEFAULT; IX=IX-PRIMARY-THUMB; IMPL=overscroll,inputmode,safe-area-css,pointer-events; FEEL=policies claims
A1693	x-state-matrix	Full state matrix	cross-platform-app	responsive-app	NAV-NONE-FOCUS	SH-RESPONSIVE-COLLAPSE	D-DEFAULT	IX-SKELETON-LOAD	PLATFORM=responsive-app; PATTERN=x-state-matrix; NAV=NAV-NONE-FOCUS; SHELL=SH-RESPONSIVE-COLLAPSE; DENSITY=D-DEFAULT; IX=IX-SKELETON-LOAD; IMPL=tap-highlight,app-badge,safe-area-css,network-information; FEEL=default loading empty error success
A1694	insurance-desktop	Insurance Desktop	industry-app	desktop-web	NAV-SIDE-RAIL	SH-DESK-DATAGRID	D-COMPACT	IX-KEYBOARD-SHORTCUTS	PLATFORM=desktop-web; PATTERN=insurance-desktop; NAV=NAV-SIDE-RAIL; SHELL=SH-DESK-DATAGRID; DENSITY=D-COMPACT; IX=IX-KEYBOARD-SHORTCUTS; IMPL=command-palette-js,prefers-reduced-motion,aria-current,form-novalidate; FEEL=policies claims queue
A1695	m-wizard-fullscreen	Fullscreen wizard	mobile-structure	mobile-phone	NAV-DRAWER	SH-RESPONSIVE-COLLAPSE	D-COMFORTABLE	IX-PRIMARY-THUMB	PLATFORM=mobile-phone; PATTERN=m-wizard-fullscreen; NAV=NAV-DRAWER; SHELL=SH-RESPONSIVE-COLLAPSE; DENSITY=D-COMFORTABLE; IX=IX-PRIMARY-THUMB; IMPL=hover-media,tap-highlight,min-touch,sticky-footer-cta; FEEL=Step chrome only
A1696	m-error-fullpage	Full-page error	mobile-content-patterns	mobile-phone	NAV-TAB+STACK	SH-PHONE-CANVAS	D-DEFAULT	IX-EMPTY-CTA	PLATFORM=mobile-phone; PATTERN=m-error-fullpage; NAV=NAV-TAB+STACK; SHELL=SH-PHONE-CANVAS; DENSITY=D-DEFAULT; IX=IX-EMPTY-CTA; IMPL=csrf-safe,debounce-search,biometric-webauthn,matchmedia; FEEL=Retry + support
A1697	m-onboarding-pager	Onboarding pager	mobile-structure	mobile-phone	NAV-WIZARD	SH-PHONE-STACK	D-COMFORTABLE	IX-PRIMARY-THUMB	PLATFORM=mobile-phone; PATTERN=m-onboarding-pager; NAV=NAV-WIZARD; SHELL=SH-PHONE-STACK; DENSITY=D-COMFORTABLE; IX=IX-PRIMARY-THUMB; IMPL=dialog-element,will-change-sparing,prefers-color-scheme,autocomplete; FEEL=3–5 screens skipable
A1698	notes-mobile	Notes Mobile	industry-app	desktop-web	NAV-SIDE-TREE	SH-TABLET-SPLIT	D-DEFAULT	IX-PRIMARY-THUMB	PLATFORM=desktop-web; PATTERN=notes-mobile; NAV=NAV-SIDE-TREE; SHELL=SH-TABLET-SPLIT; DENSITY=D-DEFAULT; IX=IX-PRIMARY-THUMB; IMPL=session-timeout,aria-expanded,popover-api,focus-trap; FEEL=list editor
A1699	d-tooltip-labels	Icon buttons labelled	desktop-density-keyboard	desktop-web	NAV-TOP-TABS	SH-RESPONSIVE-COLLAPSE	D-DEFAULT	IX-KEYBOARD-SHORTCUTS	PLATFORM=desktop-web; PATTERN=d-tooltip-labels; NAV=NAV-TOP-TABS; SHELL=SH-RESPONSIVE-COLLAPSE; DENSITY=D-DEFAULT; IX=IX-KEYBOARD-SHORTCUTS; IMPL=dialog-element,localstorage-prefs,container-queries,virtual-list; FEEL=Tooltip + aria-label
A1700	d-dashboard-ops	Ops dashboard	desktop-structure	desktop-web	NAV-SIDE-RAIL	SH-DESK-DASH	D-DEFAULT	IX-KEYBOARD-SHORTCUTS	PLATFORM=desktop-web; PATTERN=d-dashboard-ops; NAV=NAV-SIDE-RAIL; SHELL=SH-DESK-DASH; DENSITY=D-DEFAULT; IX=IX-KEYBOARD-SHORTCUTS; IMPL=fine-pointer,content-visibility,abort-controller,autocomplete; FEEL=KPI + one focus viz
A1701	d-autosave-status	Autosave status	desktop-density-keyboard	desktop-web	NAV-MENUBAR	SH-DESK-DOCUMENT	D-DEFAULT	IX-AUTOSAVE	PLATFORM=desktop-web; PATTERN=d-autosave-status; NAV=NAV-MENUBAR; SHELL=SH-DESK-DOCUMENT; DENSITY=D-DEFAULT; IX=IX-AUTOSAVE; IMPL=csrf-safe,content-visibility,fine-pointer,localstorage-prefs; FEEL=Saving/saved/error in chrome
A1702	os-material-nav-bar	Material bottom nav	os-patterns	mobile-phone	NAV-BOTTOM-TABS	SH-PHONE-TABS	D-TOUCH-COMFORT	IX-PRIMARY-THUMB	PLATFORM=mobile-phone; PATTERN=os-material-nav-bar; NAV=NAV-BOTTOM-TABS; SHELL=SH-PHONE-TABS; DENSITY=D-TOUCH-COMFORT; IX=IX-PRIMARY-THUMB; IMPL=bottom-nav-fixed,csrf-safe,focus-visible,vibrate-careful; FEEL=3–5 destinations
A1703	d-autosave-status	Autosave status	desktop-density-keyboard	desktop-web	NAV-MENUBAR	SH-TABLET-SPLIT	D-DEFAULT	IX-AUTOSAVE	PLATFORM=desktop-web; PATTERN=d-autosave-status; NAV=NAV-MENUBAR; SHELL=SH-TABLET-SPLIT; DENSITY=D-DEFAULT; IX=IX-AUTOSAVE; IMPL=abort-controller,focus-visible,prefers-reduced-motion,autocomplete; FEEL=Saving/saved/error in chrome
A1704	m-safe-area-chrome	Safe-area chrome	mobile-touch-a11y	mobile-phone	NAV-WIZARD	SH-PHONE-SHEET	D-TOUCH-COMFORT	IX-STICKY-FOOTER-CTA	PLATFORM=mobile-phone; PATTERN=m-safe-area-chrome; NAV=NAV-WIZARD; SHELL=SH-PHONE-SHEET; DENSITY=D-TOUCH-COMFORT; IX=IX-STICKY-FOOTER-CTA; IMPL=form-novalidate,type-date,touch-action,url-state; FEEL=Tabs/CTAs above home indicator
A1705	crm-desktop	CRM Desktop	industry-app	desktop-web	NAV-SIDE-RAIL	SH-TABLET-SPLIT	D-COMPACT	IX-KEYBOARD-SHORTCUTS	PLATFORM=desktop-web; PATTERN=crm-desktop; NAV=NAV-SIDE-RAIL; SHELL=SH-TABLET-SPLIT; DENSITY=D-COMPACT; IX=IX-KEYBOARD-SHORTCUTS; IMPL=csrf-safe,localstorage-prefs,will-change-sparing,fine-pointer; FEEL=pipeline contacts
A1706	d-skip-to-main	Skip to main	desktop-density-keyboard	desktop-web	NAV-MENUBAR	SH-DESK-RAIL-MAIN	D-DEFAULT	IX-KEYBOARD-SHORTCUTS	PLATFORM=desktop-web; PATTERN=d-skip-to-main; NAV=NAV-MENUBAR; SHELL=SH-DESK-RAIL-MAIN; DENSITY=D-DEFAULT; IX=IX-KEYBOARD-SHORTCUTS; IMPL=intersection-infinite,roving-tabindex,pointer-events,will-change-sparing; FEEL=Landmarks + skip link
A1707	analytics-mobile	Analytics Mobile	industry-app	mobile-phone	NAV-STACK-PUSH	SH-PHONE-STACK	D-DEFAULT	IX-PRIMARY-THUMB	PLATFORM=mobile-phone; PATTERN=analytics-mobile; NAV=NAV-STACK-PUSH; SHELL=SH-PHONE-STACK; DENSITY=D-DEFAULT; IX=IX-PRIMARY-THUMB; IMPL=biometric-webauthn,inputmode,focus-trap,vibrate-careful; FEEL=kpi cards drill
A1708	d-analytics-explore	Analytics explore	desktop-structure	desktop-web	NAV-SIDE-RAIL	SH-DESK-DATAGRID	D-COMPACT	IX-KEYBOARD-SHORTCUTS	PLATFORM=desktop-web; PATTERN=d-analytics-explore; NAV=NAV-SIDE-RAIL; SHELL=SH-DESK-DATAGRID; DENSITY=D-COMPACT; IX=IX-KEYBOARD-SHORTCUTS; IMPL=optimistic-ui,prefers-reduced-motion,scroll-padding,virtual-list; FEEL=Query builder + results
A1709	library-desktop	Library Desktop	industry-app	desktop-web	NAV-SIDE-RAIL	SH-DESK-DATAGRID	D-COMPACT	IX-KEYBOARD-SHORTCUTS	PLATFORM=desktop-web; PATTERN=library-desktop; NAV=NAV-SIDE-RAIL; SHELL=SH-DESK-DATAGRID; DENSITY=D-COMPACT; IX=IX-KEYBOARD-SHORTCUTS; IMPL=fine-pointer,overscroll,command-palette-js,container-queries; FEEL=catalogue circulation
A1710	d-dashboard-ops	Ops dashboard	desktop-structure	desktop-web	NAV-TOOLBAR	SH-TABLET-RAIL	D-DEFAULT	IX-KEYBOARD-SHORTCUTS	PLATFORM=desktop-web; PATTERN=d-dashboard-ops; NAV=NAV-TOOLBAR; SHELL=SH-TABLET-RAIL; DENSITY=D-DEFAULT; IX=IX-KEYBOARD-SHORTCUTS; IMPL=session-timeout,fine-pointer,focus-visible,csrf-safe; FEEL=KPI + one focus viz
A1711	devtool-desktop	Developer Tool	industry-app	desktop-web	NAV-TOP-TABS	SH-DESK-RAIL-MAIN-INSP	D-COMPACT	IX-KEYBOARD-SHORTCUTS	PLATFORM=desktop-web; PATTERN=devtool-desktop; NAV=NAV-TOP-TABS; SHELL=SH-DESK-RAIL-MAIN-INSP; DENSITY=D-COMPACT; IX=IX-KEYBOARD-SHORTCUTS; IMPL=roving-tabindex,url-state,content-visibility,will-change-sparing; FEEL=editor panels on demand
A1712	logistics-desktop	Dispatch Desktop	industry-app	desktop-web	NAV-MASTER-DETAIL	SH-DESK-TOOL-CANVAS	D-COMPACT	IX-KEYBOARD-SHORTCUTS	PLATFORM=desktop-web; PATTERN=logistics-desktop; NAV=NAV-MASTER-DETAIL; SHELL=SH-DESK-TOOL-CANVAS; DENSITY=D-COMPACT; IX=IX-KEYBOARD-SHORTCUTS; IMPL=skeleton-css,debounce-search,popover-api,container-queries; FEEL=board map assign
A1713	commerce-mobile	Mobile Commerce	industry-app	mobile-phone	NAV-BOTTOM-TABS	SH-PHONE-TABS	D-TOUCH-COMFORT	IX-PRIMARY-THUMB	PLATFORM=mobile-phone; PATTERN=commerce-mobile; NAV=NAV-BOTTOM-TABS; SHELL=SH-PHONE-TABS; DENSITY=D-TOUCH-COMFORT; IX=IX-PRIMARY-THUMB; IMPL=bottom-nav-fixed,overscroll,tap-highlight,scroll-padding; FEEL=browse pdp cart checkout
A1714	social-desktop	Social Desktop	industry-app	desktop-web	NAV-SIDE-RAIL	SH-DESK-RAIL-MAIN	D-DEFAULT	IX-KEYBOARD-SHORTCUTS	PLATFORM=desktop-web; PATTERN=social-desktop; NAV=NAV-SIDE-RAIL; SHELL=SH-DESK-RAIL-MAIN; DENSITY=D-DEFAULT; IX=IX-KEYBOARD-SHORTCUTS; IMPL=fine-pointer,command-palette-js,prefers-reduced-motion,container-queries; FEEL=feed optional rail
A1715	m-picker-sheet	Picker sheet	mobile-structure	mobile-phone	NAV-STACK-PUSH	SH-PHONE-FEED	D-TOUCH-COMFORT	IX-PRIMARY-THUMB	PLATFORM=mobile-phone; PATTERN=m-picker-sheet; NAV=NAV-STACK-PUSH; SHELL=SH-PHONE-FEED; DENSITY=D-TOUCH-COMFORT; IX=IX-PRIMARY-THUMB; IMPL=focus-visible,virtual-list,pointer-events,aria-expanded; FEEL=Select without full page
A1716	music-mobile	Music Mobile	industry-app	mobile-phone	NAV-DRAWER	SH-PHONE-SHEET	D-DEFAULT	IX-PRIMARY-THUMB	PLATFORM=mobile-phone; PATTERN=music-mobile; NAV=NAV-DRAWER; SHELL=SH-PHONE-SHEET; DENSITY=D-DEFAULT; IX=IX-PRIMARY-THUMB; IMPL=pointer-events,prefers-contrast,prefers-reduced-motion,aria-expanded; FEEL=player library
A1717	d-multi-workspace	Workspaces/projects switcher	desktop-structure	desktop-web	NAV-SIDE-RAIL	SH-DESK-RAIL-MAIN	D-DEFAULT	IX-KEYBOARD-SHORTCUTS	PLATFORM=desktop-web; PATTERN=d-multi-workspace; NAV=NAV-SIDE-RAIL; SHELL=SH-DESK-RAIL-MAIN; DENSITY=D-DEFAULT; IX=IX-KEYBOARD-SHORTCUTS; IMPL=localstorage-prefs,prefers-reduced-motion,skeleton-css,url-state; FEEL=Context switch clear
A1718	education-desktop	LMS Desktop	industry-app	desktop-web	NAV-SIDE-RAIL	SH-DESK-DATAGRID	D-DEFAULT	IX-KEYBOARD-SHORTCUTS	PLATFORM=desktop-web; PATTERN=education-desktop; NAV=NAV-SIDE-RAIL; SHELL=SH-DESK-DATAGRID; DENSITY=D-DEFAULT; IX=IX-KEYBOARD-SHORTCUTS; IMPL=matchmedia,autocomplete,hover-media,form-novalidate; FEEL=courses gradebook
A1719	library-desktop	Library Desktop	industry-app	desktop-web	NAV-SIDE-RAIL	SH-DESK-DATAGRID	D-COMPACT	IX-KEYBOARD-SHORTCUTS	PLATFORM=desktop-web; PATTERN=library-desktop; NAV=NAV-SIDE-RAIL; SHELL=SH-DESK-DATAGRID; DENSITY=D-COMPACT; IX=IX-KEYBOARD-SHORTCUTS; IMPL=clipboard-api,container-queries,pointer-events,command-palette-js; FEEL=catalogue circulation
A1720	fitness-mobile	Fitness Mobile	industry-app	mobile-phone	NAV-TOP-TABS	SH-PHONE-CANVAS	D-TOUCH-COMFORT	IX-PRIMARY-THUMB	PLATFORM=mobile-phone; PATTERN=fitness-mobile; NAV=NAV-TOP-TABS; SHELL=SH-PHONE-CANVAS; DENSITY=D-TOUCH-COMFORT; IX=IX-PRIMARY-THUMB; IMPL=aria-current,focus-visible,share-api,app-badge; FEEL=workout active timer
A1721	realestate-mobile	Property Mobile	industry-app	mobile-phone	NAV-BOTTOM-SHEET	SH-PHONE-FEED	D-DEFAULT	IX-PRIMARY-THUMB	PLATFORM=mobile-phone; PATTERN=realestate-mobile; NAV=NAV-BOTTOM-SHEET; SHELL=SH-PHONE-FEED; DENSITY=D-DEFAULT; IX=IX-PRIMARY-THUMB; IMPL=prefers-contrast,touch-action,type-date,dvh-units; FEEL=search map shortlist
A1722	m-target-spacing	Target spacing	mobile-touch-a11y	mobile-phone	NAV-STACK-PUSH	SH-PHONE-STACK	D-TOUCH-COMFORT	IX-PRIMARY-THUMB	PLATFORM=mobile-phone; PATTERN=m-target-spacing; NAV=NAV-STACK-PUSH; SHELL=SH-PHONE-STACK; DENSITY=D-TOUCH-COMFORT; IX=IX-PRIMARY-THUMB; IMPL=prefers-color-scheme,intersection-infinite,dvh-units,url-state; FEEL=Avoid mis-taps between actions
A1723	media-mobile	Media Mobile	industry-app	mobile-phone	NAV-BOTTOM-TABS	SH-PHONE-FEED	D-DEFAULT	IX-PRIMARY-THUMB	PLATFORM=mobile-phone; PATTERN=media-mobile; NAV=NAV-BOTTOM-TABS; SHELL=SH-PHONE-FEED; DENSITY=D-DEFAULT; IX=IX-PRIMARY-THUMB; IMPL=prefers-color-scheme,skeleton-css,hover-media,push-web; FEEL=player feed
A1724	ride-driver-mobile	Driver Mobile	industry-app	mobile-phone	NAV-NONE-FOCUS	SH-PHONE-STACK	D-TOUCH-COMFORT	IX-PRIMARY-THUMB	PLATFORM=mobile-phone; PATTERN=ride-driver-mobile; NAV=NAV-NONE-FOCUS; SHELL=SH-PHONE-STACK; DENSITY=D-TOUCH-COMFORT; IX=IX-PRIMARY-THUMB; IMPL=flex-phone-column,service-worker-offline,biometric-webauthn,dialog-element; FEEL=requests nav
A1725	maps-mobile	Mobile Maps	industry-app	mobile-phone	NAV-DRAWER	SH-RESPONSIVE-COLLAPSE	D-TOUCH-COMFORT	IX-PRIMARY-THUMB	PLATFORM=mobile-phone; PATTERN=maps-mobile; NAV=NAV-DRAWER; SHELL=SH-RESPONSIVE-COLLAPSE; DENSITY=D-TOUCH-COMFORT; IX=IX-PRIMARY-THUMB; IMPL=error-boundary-ui,coarse-pointer,share-api,viewport-meta; FEEL=map sheet search
A1726	os-material-fab	Material FAB	os-patterns	mobile-phone	NAV-STACK-PUSH	SH-PHONE-FEED	D-TOUCH-COMFORT	IX-FAB	PLATFORM=mobile-phone; PATTERN=os-material-fab; NAV=NAV-STACK-PUSH; SHELL=SH-PHONE-FEED; DENSITY=D-TOUCH-COMFORT; IX=IX-FAB; IMPL=viewport-meta,tap-highlight,biometric-webauthn,min-touch; FEEL=Primary create
A1727	nonprofit-desktop	Nonprofit Desktop	industry-app	desktop-web	NAV-SIDE-RAIL	SH-DESK-DOCUMENT	D-DEFAULT	IX-KEYBOARD-SHORTCUTS	PLATFORM=desktop-web; PATTERN=nonprofit-desktop; NAV=NAV-SIDE-RAIL; SHELL=SH-DESK-DOCUMENT; DENSITY=D-DEFAULT; IX=IX-KEYBOARD-SHORTCUTS; IMPL=container-queries,autocomplete,aria-expanded,focus-trap; FEEL=campaigns donors
A1728	inventory-mobile	Inventory Mobile	industry-app	desktop-web	NAV-NONE-FOCUS	SH-RESPONSIVE-COLLAPSE	D-DEFAULT	IX-PRIMARY-THUMB	PLATFORM=desktop-web; PATTERN=inventory-mobile; NAV=NAV-NONE-FOCUS; SHELL=SH-RESPONSIVE-COLLAPSE; DENSITY=D-DEFAULT; IX=IX-PRIMARY-THUMB; IMPL=optimistic-ui,fine-pointer,localstorage-prefs,will-change-sparing; FEEL=scan count bins
A1729	vpn-mobile	VPN Mobile	industry-app	mobile-phone	NAV-STACK-PUSH	SH-PHONE-STACK	D-DEFAULT	IX-PRIMARY-THUMB	PLATFORM=mobile-phone; PATTERN=vpn-mobile; NAV=NAV-STACK-PUSH; SHELL=SH-PHONE-STACK; DENSITY=D-DEFAULT; IX=IX-PRIMARY-THUMB; IMPL=network-information,vibrate-careful,will-change-sparing,sticky-footer-cta; FEEL=connect status regions
A1730	os-macos-toolbar	macOS toolbar	os-patterns	desktop-web	NAV-TOOLBAR	SH-DESK-DOCUMENT	D-DEFAULT	IX-KEYBOARD-SHORTCUTS	PLATFORM=desktop-web; PATTERN=os-macos-toolbar; NAV=NAV-TOOLBAR; SHELL=SH-DESK-DOCUMENT; DENSITY=D-DEFAULT; IX=IX-KEYBOARD-SHORTCUTS; IMPL=live-region,pointer-events,autocomplete,drag-drop-desktop; FEEL=Unified titlebar toolbar
A1731	m-single-feed	Single feed app	mobile-structure	mobile-phone	NAV-BOTTOM-TABS	SH-PHONE-TABS	D-DEFAULT	IX-PRIMARY-THUMB	PLATFORM=mobile-phone; PATTERN=m-single-feed; NAV=NAV-BOTTOM-TABS; SHELL=SH-PHONE-TABS; DENSITY=D-DEFAULT; IX=IX-PRIMARY-THUMB; IMPL=hover-media,url-state,content-visibility,push-web; FEEL=Content is the app
A1732	x-toast-queue	Toast/queue discipline	cross-platform-app	responsive-app	NAV-NONE-FOCUS	SH-RESPONSIVE-COLLAPSE	D-DEFAULT	IX-UNDO-TOAST	PLATFORM=responsive-app; PATTERN=x-toast-queue; NAV=NAV-NONE-FOCUS; SHELL=SH-RESPONSIVE-COLLAPSE; DENSITY=D-DEFAULT; IX=IX-UNDO-TOAST; IMPL=debounce-search,vibrate-careful,safe-area-css,bottom-nav-fixed; FEEL=Don't stack spam
A1733	d-analytics-explore	Analytics explore	desktop-structure	desktop-web	NAV-SIDE-RAIL	SH-DESK-DATAGRID	D-COMPACT	IX-KEYBOARD-SHORTCUTS	PLATFORM=desktop-web; PATTERN=d-analytics-explore; NAV=NAV-SIDE-RAIL; SHELL=SH-DESK-DATAGRID; DENSITY=D-COMPACT; IX=IX-KEYBOARD-SHORTCUTS; IMPL=roving-tabindex,command-palette-js,prefers-contrast,autocomplete; FEEL=Query builder + results
A1734	d-column-custom	Column customization	desktop-density-keyboard	desktop-web	NAV-SIDE-RAIL	SH-DESK-DATAGRID	D-COMPACT	IX-INLINE-EDIT	PLATFORM=desktop-web; PATTERN=d-column-custom; NAV=NAV-SIDE-RAIL; SHELL=SH-DESK-DATAGRID; DENSITY=D-COMPACT; IX=IX-INLINE-EDIT; IMPL=clipboard-api,error-boundary-ui,drag-drop-desktop,command-palette-js; FEEL=Show/hide/reorder columns
A1735	health-mobile	Health Tracker Mobile	industry-app	mobile-phone	NAV-BOTTOM-TABS	SH-PHONE-TABS	D-TOUCH-COMFORT	IX-PRIMARY-THUMB	PLATFORM=mobile-phone; PATTERN=health-mobile; NAV=NAV-BOTTOM-TABS; SHELL=SH-PHONE-TABS; DENSITY=D-TOUCH-COMFORT; IX=IX-PRIMARY-THUMB; IMPL=prefers-contrast,matchmedia,prefers-reduced-motion,overscroll; FEEL=rings trends log
A1736	chat-desktop	Desktop Chat	industry-app	desktop-web	NAV-SIDE-RAIL	SH-DESK-DOCUMENT	D-DEFAULT	IX-KEYBOARD-SHORTCUTS	PLATFORM=desktop-web; PATTERN=chat-desktop; NAV=NAV-SIDE-RAIL; SHELL=SH-DESK-DOCUMENT; DENSITY=D-DEFAULT; IX=IX-KEYBOARD-SHORTCUTS; IMPL=virtual-list,clipboard-api,hotkeys,command-palette-js; FEEL=list thread info-on-demand
A1737	education-mobile	Learning Mobile	industry-app	mobile-phone	NAV-BOTTOM-TABS	SH-PHONE-TABS	D-COMFORTABLE	IX-PRIMARY-THUMB	PLATFORM=mobile-phone; PATTERN=education-mobile; NAV=NAV-BOTTOM-TABS; SHELL=SH-PHONE-TABS; DENSITY=D-COMFORTABLE; IX=IX-PRIMARY-THUMB; IMPL=prefers-reduced-motion,install-pwa,vibrate-careful,inputmode; FEEL=courses lessons
A1738	analytics-desktop	Analytics Desktop	industry-app	desktop-web	NAV-SIDE-RAIL	SH-DESK-DASH	D-COMPACT	IX-KEYBOARD-SHORTCUTS	PLATFORM=desktop-web; PATTERN=analytics-desktop; NAV=NAV-SIDE-RAIL; SHELL=SH-DESK-DASH; DENSITY=D-COMPACT; IX=IX-KEYBOARD-SHORTCUTS; IMPL=overscroll,session-timeout,autocomplete,resize-observer; FEEL=explore charts
A1739	m-timeline-vertical	Vertical timeline	mobile-content-patterns	mobile-phone	NAV-STACK-PUSH	SH-PHONE-STACK	D-DEFAULT	IX-INFINITE-SCROLL	PLATFORM=mobile-phone; PATTERN=m-timeline-vertical; NAV=NAV-STACK-PUSH; SHELL=SH-PHONE-STACK; DENSITY=D-DEFAULT; IX=IX-INFINITE-SCROLL; IMPL=autocomplete,touch-action,push-web,app-badge; FEEL=Activity history
A1740	m-target-spacing	Target spacing	mobile-touch-a11y	mobile-phone	NAV-STACK-PUSH	SH-PHONE-STACK	D-TOUCH-COMFORT	IX-PRIMARY-THUMB	PLATFORM=mobile-phone; PATTERN=m-target-spacing; NAV=NAV-STACK-PUSH; SHELL=SH-PHONE-STACK; DENSITY=D-TOUCH-COMFORT; IX=IX-PRIMARY-THUMB; IMPL=viewport-meta,content-visibility,optimistic-ui,history-stack; FEEL=Avoid mis-taps between actions
A1741	x-theming-light-dark	Light/dark tokens	cross-platform-app	responsive-app	NAV-SIDE-TREE	SH-DESK-RAIL-MAIN	D-DEFAULT	IX-PRIMARY-THUMB	PLATFORM=responsive-app; PATTERN=x-theming-light-dark; NAV=NAV-SIDE-TREE; SHELL=SH-DESK-RAIL-MAIN; DENSITY=D-DEFAULT; IX=IX-PRIMARY-THUMB; IMPL=overscroll,type-date,drag-drop-desktop,matchmedia; FEEL=Semantic surfaces
A1742	os-win-titlebar	Windows titlebar patterns	os-patterns	desktop-web	NAV-MENUBAR	SH-DESK-DOCUMENT	D-DEFAULT	IX-KEYBOARD-SHORTCUTS	PLATFORM=desktop-web; PATTERN=os-win-titlebar; NAV=NAV-MENUBAR; SHELL=SH-DESK-DOCUMENT; DENSITY=D-DEFAULT; IX=IX-KEYBOARD-SHORTCUTS; IMPL=aria-expanded,error-boundary-ui,virtual-list,resize-observer; FEEL=App icon caption buttons
A1743	inventory-desktop	Inventory Desktop	industry-app	desktop-web	NAV-SIDE-RAIL	SH-DESK-DATAGRID	D-COMPACT	IX-KEYBOARD-SHORTCUTS	PLATFORM=desktop-web; PATTERN=inventory-desktop; NAV=NAV-SIDE-RAIL; SHELL=SH-DESK-DATAGRID; DENSITY=D-COMPACT; IX=IX-KEYBOARD-SHORTCUTS; IMPL=focus-visible,csrf-safe,container-queries,abort-controller; FEEL=SKU grid adjust
A1744	event-desktop	Event Desktop	industry-app	desktop-web	NAV-BREADCRUMB	SH-DESK-RAIL-MAIN	D-DEFAULT	IX-KEYBOARD-SHORTCUTS	PLATFORM=desktop-web; PATTERN=event-desktop; NAV=NAV-BREADCRUMB; SHELL=SH-DESK-RAIL-MAIN; DENSITY=D-DEFAULT; IX=IX-KEYBOARD-SHORTCUTS; IMPL=pointer-events,aria-current,url-state,virtual-list; FEEL=registration agenda
A1745	backup-mobile	Backup Mobile	industry-app	mobile-phone	NAV-NONE-FOCUS	SH-RESPONSIVE-COLLAPSE	D-DEFAULT	IX-PRIMARY-THUMB	PLATFORM=mobile-phone; PATTERN=backup-mobile; NAV=NAV-NONE-FOCUS; SHELL=SH-RESPONSIVE-COLLAPSE; DENSITY=D-DEFAULT; IX=IX-PRIMARY-THUMB; IMPL=error-boundary-ui,viewport-meta,share-api,url-state; FEEL=status restore
A1746	photos-mobile	Photos Mobile	industry-app	responsive-app	NAV-WIZARD	SH-TABLET-RAIL	D-DEFAULT	IX-PRIMARY-THUMB	PLATFORM=responsive-app; PATTERN=photos-mobile; NAV=NAV-WIZARD; SHELL=SH-TABLET-RAIL; DENSITY=D-DEFAULT; IX=IX-PRIMARY-THUMB; IMPL=session-timeout,file-capture,touch-action,aria-expanded; FEEL=library memories
A1747	energy-mobile	Energy Field Mobile	industry-app	mobile-phone	NAV-DRAWER	SH-PHONE-CANVAS	D-TOUCH-COMFORT	IX-PRIMARY-THUMB	PLATFORM=mobile-phone; PATTERN=energy-mobile; NAV=NAV-DRAWER; SHELL=SH-PHONE-CANVAS; DENSITY=D-TOUCH-COMFORT; IX=IX-PRIMARY-THUMB; IMPL=pointer-events,aria-expanded,touch-action,coarse-pointer; FEEL=assets inspect
A1748	m-push-pref-center	Notification prefs	mobile-content-patterns	mobile-phone	NAV-STACK-PUSH	SH-PHONE-STACK	D-DEFAULT	IX-PRIMARY-THUMB	PLATFORM=mobile-phone; PATTERN=m-push-pref-center; NAV=NAV-STACK-PUSH; SHELL=SH-PHONE-STACK; DENSITY=D-DEFAULT; IX=IX-PRIMARY-THUMB; IMPL=focus-visible,history-stack,will-change-sparing,touch-action; FEEL=Granular, not all-or-nothing
A1749	hotel-desktop	Hotel Desktop	industry-app	responsive-app	NAV-MASTER-DETAIL	SH-DESK-RAIL-MAIN-INSP	D-COMPACT	IX-KEYBOARD-SHORTCUTS	PLATFORM=responsive-app; PATTERN=hotel-desktop; NAV=NAV-MASTER-DETAIL; SHELL=SH-DESK-RAIL-MAIN-INSP; DENSITY=D-COMPACT; IX=IX-KEYBOARD-SHORTCUTS; IMPL=min-touch,will-change-sparing,overscroll,history-stack; FEEL=reservations folio
A1750	x-localization-ready	Localization ready	cross-platform-app	responsive-app	NAV-NONE-FOCUS	SH-RESPONSIVE-COLLAPSE	D-DEFAULT	IX-PRIMARY-THUMB	PLATFORM=responsive-app; PATTERN=x-localization-ready; NAV=NAV-NONE-FOCUS; SHELL=SH-RESPONSIVE-COLLAPSE; DENSITY=D-DEFAULT; IX=IX-PRIMARY-THUMB; IMPL=content-visibility,form-novalidate,drag-drop-desktop,tap-highlight; FEEL=No truncated critical labels
A1751	commerce-desktop	Desktop Commerce	industry-app	desktop-web	NAV-SIDE-RAIL	SH-DESK-DATAGRID	D-DEFAULT	IX-KEYBOARD-SHORTCUTS	PLATFORM=desktop-web; PATTERN=commerce-desktop; NAV=NAV-SIDE-RAIL; SHELL=SH-DESK-DATAGRID; DENSITY=D-DEFAULT; IX=IX-KEYBOARD-SHORTCUTS; IMPL=csrf-safe,grid-app-shell,pointer-events,focus-trap; FEEL=catalog filters pdp
A1752	d-analytics-explore	Analytics explore	desktop-structure	desktop-web	NAV-TOOLBAR	SH-TABLET-RAIL	D-COMPACT	IX-KEYBOARD-SHORTCUTS	PLATFORM=desktop-web; PATTERN=d-analytics-explore; NAV=NAV-TOOLBAR; SHELL=SH-TABLET-RAIL; DENSITY=D-COMPACT; IX=IX-KEYBOARD-SHORTCUTS; IMPL=aria-expanded,container-queries,url-state,clipboard-api; FEEL=Query builder + results
A1753	inventory-mobile	Inventory Mobile	industry-app	mobile-phone	NAV-BOTTOM-SHEET	SH-PHONE-CANVAS	D-TOUCH-COMFORT	IX-PRIMARY-THUMB	PLATFORM=mobile-phone; PATTERN=inventory-mobile; NAV=NAV-BOTTOM-SHEET; SHELL=SH-PHONE-CANVAS; DENSITY=D-TOUCH-COMFORT; IX=IX-PRIMARY-THUMB; IMPL=aria-current,touch-action,debounce-search,network-information; FEEL=scan count bins
A1754	os-material-fab	Material FAB	os-patterns	mobile-phone	NAV-STACK-PUSH	SH-PHONE-FEED	D-TOUCH-COMFORT	IX-FAB	PLATFORM=mobile-phone; PATTERN=os-material-fab; NAV=NAV-STACK-PUSH; SHELL=SH-PHONE-FEED; DENSITY=D-TOUCH-COMFORT; IX=IX-FAB; IMPL=service-worker-offline,scroll-padding,error-boundary-ui,coarse-pointer; FEEL=Primary create
A1755	gov-services-desktop	Gov Services Desktop	industry-app	desktop-web	NAV-SIDE-RAIL	SH-DESK-DATAGRID	D-DEFAULT	IX-KEYBOARD-SHORTCUTS	PLATFORM=desktop-web; PATTERN=gov-services-desktop; NAV=NAV-SIDE-RAIL; SHELL=SH-DESK-DATAGRID; DENSITY=D-DEFAULT; IX=IX-KEYBOARD-SHORTCUTS; IMPL=hover-media,prefers-reduced-motion,fine-pointer,prefers-color-scheme; FEEL=cases queue
A1756	library-mobile	Library Mobile	industry-app	mobile-phone	NAV-BOTTOM-TABS	SH-PHONE-TABS	D-DEFAULT	IX-PRIMARY-THUMB	PLATFORM=mobile-phone; PATTERN=library-mobile; NAV=NAV-BOTTOM-TABS; SHELL=SH-PHONE-TABS; DENSITY=D-DEFAULT; IX=IX-PRIMARY-THUMB; IMPL=biometric-webauthn,history-stack,error-boundary-ui,will-change-sparing; FEEL=search loans
A1757	manufacturing-mobile	Shop Floor Mobile	industry-app	mobile-phone	NAV-NONE-FOCUS	SH-PHONE-STACK	D-TOUCH-COMFORT	IX-PRIMARY-THUMB	PLATFORM=mobile-phone; PATTERN=manufacturing-mobile; NAV=NAV-NONE-FOCUS; SHELL=SH-PHONE-STACK; DENSITY=D-TOUCH-COMFORT; IX=IX-PRIMARY-THUMB; IMPL=overscroll,focus-trap,viewport-meta,prefers-color-scheme; FEEL=scan complete
A1758	school-mobile	School Parent Mobile	industry-app	mobile-phone	NAV-BOTTOM-TABS	SH-PHONE-TABS	D-DEFAULT	IX-PRIMARY-THUMB	PLATFORM=mobile-phone; PATTERN=school-mobile; NAV=NAV-BOTTOM-TABS; SHELL=SH-PHONE-TABS; DENSITY=D-DEFAULT; IX=IX-PRIMARY-THUMB; IMPL=optimistic-ui,aria-current,file-capture,viewport-meta; FEEL=messages attendance
A1759	logistics-mobile	Driver Mobile	industry-app	mobile-phone	NAV-STACK-PUSH	SH-PHONE-STACK	D-TOUCH-COMFORT	IX-PRIMARY-THUMB	PLATFORM=mobile-phone; PATTERN=logistics-mobile; NAV=NAV-STACK-PUSH; SHELL=SH-PHONE-STACK; DENSITY=D-TOUCH-COMFORT; IX=IX-PRIMARY-THUMB; IMPL=bottom-nav-fixed,vibrate-careful,skeleton-css,safe-area-css; FEEL=stops nav complete
A1760	social-mobile	Social Mobile	industry-app	mobile-phone	NAV-BOTTOM-TABS	SH-PHONE-FEED	D-DEFAULT	IX-PRIMARY-THUMB	PLATFORM=mobile-phone; PATTERN=social-mobile; NAV=NAV-BOTTOM-TABS; SHELL=SH-PHONE-FEED; DENSITY=D-DEFAULT; IX=IX-PRIMARY-THUMB; IMPL=will-change-sparing,autocomplete,prefers-reduced-motion,error-boundary-ui; FEEL=feed create profile
A1761	d-dashboard-ops	Ops dashboard	desktop-structure	desktop-web	NAV-SIDE-RAIL	SH-DESK-DASH	D-DEFAULT	IX-KEYBOARD-SHORTCUTS	PLATFORM=desktop-web; PATTERN=d-dashboard-ops; NAV=NAV-SIDE-RAIL; SHELL=SH-DESK-DASH; DENSITY=D-DEFAULT; IX=IX-KEYBOARD-SHORTCUTS; IMPL=content-visibility,clipboard-api,overscroll,pointer-events; FEEL=KPI + one focus viz
A1762	backup-mobile	Backup Mobile	industry-app	desktop-web	NAV-MASTER-DETAIL	SH-DESK-DASH	D-DEFAULT	IX-PRIMARY-THUMB	PLATFORM=desktop-web; PATTERN=backup-mobile; NAV=NAV-MASTER-DETAIL; SHELL=SH-DESK-DASH; DENSITY=D-DEFAULT; IX=IX-PRIMARY-THUMB; IMPL=url-state,clipboard-api,command-palette-js,drag-drop-desktop; FEEL=status restore
A1763	m-create-fab	Create via FAB	mobile-structure	mobile-phone	NAV-BOTTOM-TABS	SH-PHONE-FEED	D-TOUCH-COMFORT	IX-PRIMARY-THUMB	PLATFORM=mobile-phone; PATTERN=m-create-fab; NAV=NAV-BOTTOM-TABS; SHELL=SH-PHONE-FEED; DENSITY=D-TOUCH-COMFORT; IX=IX-PRIMARY-THUMB; IMPL=will-change-sparing,scroll-padding,intersection-infinite,type-date; FEEL=One create affordance
A1764	support-desktop	Support Desktop	industry-app	desktop-web	NAV-MASTER-DETAIL	SH-DESK-RAIL-MAIN-INSP	D-COMPACT	IX-KEYBOARD-SHORTCUTS	PLATFORM=desktop-web; PATTERN=support-desktop; NAV=NAV-MASTER-DETAIL; SHELL=SH-DESK-RAIL-MAIN-INSP; DENSITY=D-COMPACT; IX=IX-KEYBOARD-SHORTCUTS; IMPL=form-novalidate,will-change-sparing,matchmedia,autocomplete; FEEL=ticket workspace
A1765	travel-mobile	Travel Mobile	industry-app	mobile-phone	NAV-BOTTOM-TABS	SH-PHONE-TABS	D-TOUCH-COMFORT	IX-PRIMARY-THUMB	PLATFORM=mobile-phone; PATTERN=travel-mobile; NAV=NAV-BOTTOM-TABS; SHELL=SH-PHONE-TABS; DENSITY=D-TOUCH-COMFORT; IX=IX-PRIMARY-THUMB; IMPL=prefers-color-scheme,focus-trap,live-region,network-information; FEEL=trips boarding
A1766	crm-mobile	CRM Mobile	industry-app	responsive-app	NAV-BOTTOM-TABS	SH-PHONE-TABS	D-TOUCH-COMFORT	IX-PRIMARY-THUMB	PLATFORM=responsive-app; PATTERN=crm-mobile; NAV=NAV-BOTTOM-TABS; SHELL=SH-PHONE-TABS; DENSITY=D-TOUCH-COMFORT; IX=IX-PRIMARY-THUMB; IMPL=aria-expanded,error-boundary-ui,matchmedia,overscroll; FEEL=today queue log call
A1767	d-support-console	Support console	desktop-structure	desktop-web	NAV-MASTER-DETAIL	SH-DESK-RAIL-MAIN-INSP	D-COMPACT	IX-KEYBOARD-SHORTCUTS	PLATFORM=desktop-web; PATTERN=d-support-console; NAV=NAV-MASTER-DETAIL; SHELL=SH-DESK-RAIL-MAIN-INSP; DENSITY=D-COMPACT; IX=IX-KEYBOARD-SHORTCUTS; IMPL=roving-tabindex,content-visibility,scroll-padding,session-timeout; FEEL=Ticket queue + workspace
A1768	manufacturing-desktop	MES Desktop	industry-app	desktop-web	NAV-SIDE-RAIL	SH-DESK-DATAGRID	D-COMPACT	IX-KEYBOARD-SHORTCUTS	PLATFORM=desktop-web; PATTERN=manufacturing-desktop; NAV=NAV-SIDE-RAIL; SHELL=SH-DESK-DATAGRID; DENSITY=D-COMPACT; IX=IX-KEYBOARD-SHORTCUTS; IMPL=error-boundary-ui,prefers-contrast,debounce-search,drag-drop-desktop; FEEL=lines work orders
A1769	x-audit-trail	Audit-friendly UI	cross-platform-app	responsive-app	NAV-SIDE-RAIL	SH-DESK-DATAGRID	D-COMPACT	IX-INLINE-EDIT	PLATFORM=responsive-app; PATTERN=x-audit-trail; NAV=NAV-SIDE-RAIL; SHELL=SH-DESK-DATAGRID; DENSITY=D-COMPACT; IX=IX-INLINE-EDIT; IMPL=prefers-contrast,popover-api,matchmedia,localstorage-prefs; FEEL=Who/when visible in ops
A1770	os-linux-desktop	Linux desktop app	os-patterns	desktop-web	NAV-SIDE-RAIL	SH-DESK-RAIL-MAIN	D-DEFAULT	IX-KEYBOARD-SHORTCUTS	PLATFORM=desktop-web; PATTERN=os-linux-desktop; NAV=NAV-SIDE-RAIL; SHELL=SH-DESK-RAIL-MAIN; DENSITY=D-DEFAULT; IX=IX-KEYBOARD-SHORTCUTS; IMPL=localstorage-prefs,hover-media,fine-pointer,hotkeys; FEEL=Follow platform toolkit
A1771	m-profile-me	Profile / Me tab	mobile-structure	mobile-phone	NAV-BOTTOM-TABS	SH-PHONE-TABS	D-DEFAULT	IX-PRIMARY-THUMB	PLATFORM=mobile-phone; PATTERN=m-profile-me; NAV=NAV-BOTTOM-TABS; SHELL=SH-PHONE-TABS; DENSITY=D-DEFAULT; IX=IX-PRIMARY-THUMB; IMPL=prefers-color-scheme,hover-media,autocomplete,scroll-padding; FEEL=Account + prefs entry
A1772	d-email-client	Email client	desktop-structure	desktop-web	NAV-MASTER-DETAIL	SH-DESK-RAIL-MAIN-INSP	D-COMPACT	IX-KEYBOARD-SHORTCUTS	PLATFORM=desktop-web; PATTERN=d-email-client; NAV=NAV-MASTER-DETAIL; SHELL=SH-DESK-RAIL-MAIN-INSP; DENSITY=D-COMPACT; IX=IX-KEYBOARD-SHORTCUTS; IMPL=prefers-color-scheme,grid-app-shell,error-boundary-ui,focus-trap; FEEL=Folders | list | reading
A1773	support-desktop	Support Desktop	industry-app	mobile-phone	NAV-TAB+STACK	SH-PHONE-SHEET	D-TOUCH-COMFORT	IX-KEYBOARD-SHORTCUTS	PLATFORM=mobile-phone; PATTERN=support-desktop; NAV=NAV-TAB+STACK; SHELL=SH-PHONE-SHEET; DENSITY=D-TOUCH-COMFORT; IX=IX-KEYBOARD-SHORTCUTS; IMPL=live-region,matchmedia,touch-action,viewport-meta; FEEL=ticket workspace
A1774	d-autosave-status	Autosave status	desktop-density-keyboard	desktop-web	NAV-MENUBAR	SH-DESK-DOCUMENT	D-DEFAULT	IX-AUTOSAVE	PLATFORM=desktop-web; PATTERN=d-autosave-status; NAV=NAV-MENUBAR; SHELL=SH-DESK-DOCUMENT; DENSITY=D-DEFAULT; IX=IX-AUTOSAVE; IMPL=pointer-events,form-novalidate,command-palette-js,popover-api; FEEL=Saving/saved/error in chrome
A1775	hotel-desktop	Hotel Desktop	industry-app	desktop-web	NAV-MASTER-DETAIL	SH-DESK-RAIL-MAIN-INSP	D-COMPACT	IX-KEYBOARD-SHORTCUTS	PLATFORM=desktop-web; PATTERN=hotel-desktop; NAV=NAV-MASTER-DETAIL; SHELL=SH-DESK-RAIL-MAIN-INSP; DENSITY=D-COMPACT; IX=IX-KEYBOARD-SHORTCUTS; IMPL=aria-expanded,autocomplete,error-boundary-ui,prefers-contrast; FEEL=reservations folio
A1776	printer-admin-desktop	Print Admin	industry-app	desktop-web	NAV-SIDE-RAIL	SH-DESK-DATAGRID	D-COMPACT	IX-KEYBOARD-SHORTCUTS	PLATFORM=desktop-web; PATTERN=printer-admin-desktop; NAV=NAV-SIDE-RAIL; SHELL=SH-DESK-DATAGRID; DENSITY=D-COMPACT; IX=IX-KEYBOARD-SHORTCUTS; IMPL=dialog-element,localstorage-prefs,session-timeout,fine-pointer; FEEL=queues devices
A1777	music-desktop	Music Desktop	industry-app	mobile-phone	NAV-DRAWER	SH-PHONE-TABS	D-DEFAULT	IX-KEYBOARD-SHORTCUTS	PLATFORM=mobile-phone; PATTERN=music-desktop; NAV=NAV-DRAWER; SHELL=SH-PHONE-TABS; DENSITY=D-DEFAULT; IX=IX-KEYBOARD-SHORTCUTS; IMPL=live-region,pointer-events,hover-media,dialog-element; FEEL=library player queue
A1778	x-role-home	Role-based home	cross-platform-app	responsive-app	NAV-MODAL-SHEET	SH-PHONE-TABS	D-DEFAULT	IX-EMPTY-CTA	PLATFORM=responsive-app; PATTERN=x-role-home; NAV=NAV-MODAL-SHEET; SHELL=SH-PHONE-TABS; DENSITY=D-DEFAULT; IX=IX-EMPTY-CTA; IMPL=session-timeout,dialog-element,dvh-units,prefers-color-scheme; FEEL=Different landing by role
A1779	food-merchant-desktop	Merchant Desktop	industry-app	desktop-web	NAV-MASTER-DETAIL	SH-DESK-RAIL-MAIN-INSP	D-COMPACT	IX-KEYBOARD-SHORTCUTS	PLATFORM=desktop-web; PATTERN=food-merchant-desktop; NAV=NAV-MASTER-DETAIL; SHELL=SH-DESK-RAIL-MAIN-INSP; DENSITY=D-COMPACT; IX=IX-KEYBOARD-SHORTCUTS; IMPL=csrf-safe,error-boundary-ui,fine-pointer,prefers-reduced-motion; FEEL=orders kitchen
A1780	x-rtl-ready	RTL-ready layout	cross-platform-app	responsive-app	NAV-NONE-FOCUS	SH-RESPONSIVE-COLLAPSE	D-DEFAULT	IX-PRIMARY-THUMB	PLATFORM=responsive-app; PATTERN=x-rtl-ready; NAV=NAV-NONE-FOCUS; SHELL=SH-RESPONSIVE-COLLAPSE; DENSITY=D-DEFAULT; IX=IX-PRIMARY-THUMB; IMPL=prefers-reduced-motion,push-web,error-boundary-ui,min-touch; FEEL=Logical properties
A1781	d-menubar-classic	Classic menubar	desktop-structure	desktop-web	NAV-MENUBAR	SH-DESK-DOCUMENT	D-DEFAULT	IX-KEYBOARD-SHORTCUTS	PLATFORM=desktop-web; PATTERN=d-menubar-classic; NAV=NAV-MENUBAR; SHELL=SH-DESK-DOCUMENT; DENSITY=D-DEFAULT; IX=IX-KEYBOARD-SHORTCUTS; IMPL=prefers-contrast,resize-observer,grid-app-shell,intersection-infinite; FEEL=File/Edit/View…
A1782	school-desktop	School Admin Desktop	industry-app	desktop-web	NAV-SIDE-RAIL	SH-DESK-DATAGRID	D-COMPACT	IX-KEYBOARD-SHORTCUTS	PLATFORM=desktop-web; PATTERN=school-desktop; NAV=NAV-SIDE-RAIL; SHELL=SH-DESK-DATAGRID; DENSITY=D-COMPACT; IX=IX-KEYBOARD-SHORTCUTS; IMPL=aria-current,error-boundary-ui,hotkeys,content-visibility; FEEL=roster attendance
A1783	inventory-mobile	Inventory Mobile	industry-app	responsive-app	NAV-NONE-FOCUS	SH-PHONE-STACK	D-TOUCH-COMFORT	IX-PRIMARY-THUMB	PLATFORM=responsive-app; PATTERN=inventory-mobile; NAV=NAV-NONE-FOCUS; SHELL=SH-PHONE-STACK; DENSITY=D-TOUCH-COMFORT; IX=IX-PRIMARY-THUMB; IMPL=virtual-list,csrf-safe,form-novalidate,focus-visible; FEEL=scan count bins
A1784	m-form-multipage	Multi-page form	mobile-content-patterns	mobile-phone	NAV-WIZARD	SH-PHONE-STACK	D-DEFAULT	IX-PRIMARY-THUMB	PLATFORM=mobile-phone; PATTERN=m-form-multipage; NAV=NAV-WIZARD; SHELL=SH-PHONE-STACK; DENSITY=D-DEFAULT; IX=IX-PRIMARY-THUMB; IMPL=debounce-search,service-worker-offline,biometric-webauthn,optimistic-ui; FEEL=Save draft between pages
A1785	podcast-mobile	Podcast Mobile	industry-app	desktop-web	NAV-NONE-FOCUS	SH-DESK-DATAGRID	D-DEFAULT	IX-PRIMARY-THUMB	PLATFORM=desktop-web; PATTERN=podcast-mobile; NAV=NAV-NONE-FOCUS; SHELL=SH-DESK-DATAGRID; DENSITY=D-DEFAULT; IX=IX-PRIMARY-THUMB; IMPL=resize-observer,abort-controller,pointer-events,command-palette-js; FEEL=shows episodes player
A1786	smart-home-desktop	Smart Home Desktop	industry-app	desktop-web	NAV-SIDE-RAIL	SH-DESK-TOOL-CANVAS	D-DEFAULT	IX-KEYBOARD-SHORTCUTS	PLATFORM=desktop-web; PATTERN=smart-home-desktop; NAV=NAV-SIDE-RAIL; SHELL=SH-DESK-TOOL-CANVAS; DENSITY=D-DEFAULT; IX=IX-KEYBOARD-SHORTCUTS; IMPL=live-region,hotkeys,pointer-events,matchmedia; FEEL=floorplan devices
A1787	d-ide-lite	IDE-lite	desktop-structure	desktop-web	NAV-SIDE-RAIL	SH-DESK-IDE-LITE	D-COMPACT	IX-KEYBOARD-SHORTCUTS	PLATFORM=desktop-web; PATTERN=d-ide-lite; NAV=NAV-SIDE-RAIL; SHELL=SH-DESK-IDE-LITE; DENSITY=D-COMPACT; IX=IX-KEYBOARD-SHORTCUTS; IMPL=localstorage-prefs,prefers-contrast,will-change-sparing,aria-current; FEEL=Editor primary; panels optional
A1788	banking-mobile	Mobile Banking	industry-app	mobile-phone	NAV-BOTTOM-TABS	SH-PHONE-TABS	D-TOUCH-COMFORT	IX-PRIMARY-THUMB	PLATFORM=mobile-phone; PATTERN=banking-mobile; NAV=NAV-BOTTOM-TABS; SHELL=SH-PHONE-TABS; DENSITY=D-TOUCH-COMFORT; IX=IX-PRIMARY-THUMB; IMPL=content-visibility,dvh-units,scroll-padding,dialog-element; FEEL=balances cards transfers
A1789	chat-mobile	Mobile Chat	industry-app	responsive-app	NAV-STACK-PUSH	SH-PHONE-STACK	D-DEFAULT	IX-PRIMARY-THUMB	PLATFORM=responsive-app; PATTERN=chat-mobile; NAV=NAV-STACK-PUSH; SHELL=SH-PHONE-STACK; DENSITY=D-DEFAULT; IX=IX-PRIMARY-THUMB; IMPL=coarse-pointer,network-information,safe-area-css,type-date; FEEL=threads composer
A1790	media-mobile	Media Mobile	industry-app	desktop-web	NAV-TOOLBAR	SH-TABLET-RAIL	D-DEFAULT	IX-PRIMARY-THUMB	PLATFORM=desktop-web; PATTERN=media-mobile; NAV=NAV-TOOLBAR; SHELL=SH-TABLET-RAIL; DENSITY=D-DEFAULT; IX=IX-PRIMARY-THUMB; IMPL=hover-media,optimistic-ui,pointer-events,prefers-color-scheme; FEEL=player feed
A1791	x-semantic-status	Semantic status colours	cross-platform-app	responsive-app	NAV-NONE-FOCUS	SH-RESPONSIVE-COLLAPSE	D-DEFAULT	IX-EMPTY-CTA	PLATFORM=responsive-app; PATTERN=x-semantic-status; NAV=NAV-NONE-FOCUS; SHELL=SH-RESPONSIVE-COLLAPSE; DENSITY=D-DEFAULT; IX=IX-EMPTY-CTA; IMPL=fine-pointer,scroll-padding,safe-area-css,touch-action; FEEL=+ icon/text not colour only
A1792	email-mobile	Mobile Email	industry-app	mobile-phone	NAV-WIZARD	SH-PHONE-FEED	D-DEFAULT	IX-PRIMARY-THUMB	PLATFORM=mobile-phone; PATTERN=email-mobile; NAV=NAV-WIZARD; SHELL=SH-PHONE-FEED; DENSITY=D-DEFAULT; IX=IX-PRIMARY-THUMB; IMPL=prefers-color-scheme,push-web,prefers-contrast,aria-expanded; FEEL=inbox thread compose
A1793	os-macos-sidebar	macOS sidebar	os-patterns	desktop-web	NAV-SIDE-RAIL	SH-DESK-RAIL-MAIN	D-DEFAULT	IX-KEYBOARD-SHORTCUTS	PLATFORM=desktop-web; PATTERN=os-macos-sidebar; NAV=NAV-SIDE-RAIL; SHELL=SH-DESK-RAIL-MAIN; DENSITY=D-DEFAULT; IX=IX-KEYBOARD-SHORTCUTS; IMPL=focus-visible,form-novalidate,csrf-safe,popover-api; FEEL=Source list
A1794	m-hub-and-spoke	Hub home + spokes	mobile-structure	mobile-phone	NAV-STACK-PUSH	SH-PHONE-STACK	D-DEFAULT	IX-PRIMARY-THUMB	PLATFORM=mobile-phone; PATTERN=m-hub-and-spoke; NAV=NAV-STACK-PUSH; SHELL=SH-PHONE-STACK; DENSITY=D-DEFAULT; IX=IX-PRIMARY-THUMB; IMPL=sticky-footer-cta,vibrate-careful,autocomplete,coarse-pointer; FEEL=Home launches tasks
A1795	os-material-top-app-bar	Material top app bar	os-patterns	mobile-phone	NAV-STACK-PUSH	SH-PHONE-STACK	D-DEFAULT	IX-PRIMARY-THUMB	PLATFORM=mobile-phone; PATTERN=os-material-top-app-bar; NAV=NAV-STACK-PUSH; SHELL=SH-PHONE-STACK; DENSITY=D-DEFAULT; IX=IX-PRIMARY-THUMB; IMPL=prefers-color-scheme,content-visibility,hover-media,abort-controller; FEEL=Nav + actions
A1796	notes-desktop	Notes Desktop	industry-app	desktop-web	NAV-MENUBAR	SH-DESK-IDE-LITE	D-DEFAULT	IX-KEYBOARD-SHORTCUTS	PLATFORM=desktop-web; PATTERN=notes-desktop; NAV=NAV-MENUBAR; SHELL=SH-DESK-IDE-LITE; DENSITY=D-DEFAULT; IX=IX-KEYBOARD-SHORTCUTS; IMPL=autocomplete,csrf-safe,prefers-color-scheme,prefers-contrast; FEEL=sidebar editor
A1797	m-action-sheet	Action sheet confirm	mobile-structure	mobile-phone	NAV-TOP-TABS	SH-PHONE-CANVAS	D-TOUCH-COMFORT	IX-PRIMARY-THUMB	PLATFORM=mobile-phone; PATTERN=m-action-sheet; NAV=NAV-TOP-TABS; SHELL=SH-PHONE-CANVAS; DENSITY=D-TOUCH-COMFORT; IX=IX-PRIMARY-THUMB; IMPL=share-api,coarse-pointer,type-date,dvh-units; FEEL=Destructive choices clear
A1798	x-role-home	Role-based home	cross-platform-app	responsive-app	NAV-BOTTOM-TABS	SH-RESPONSIVE-COLLAPSE	D-DEFAULT	IX-EMPTY-CTA	PLATFORM=responsive-app; PATTERN=x-role-home; NAV=NAV-BOTTOM-TABS; SHELL=SH-RESPONSIVE-COLLAPSE; DENSITY=D-DEFAULT; IX=IX-EMPTY-CTA; IMPL=form-novalidate,container-queries,optimistic-ui,tap-highlight; FEEL=Different landing by role
A1799	finance-markets-mobile	Markets Mobile	industry-app	mobile-phone	NAV-BOTTOM-TABS	SH-PHONE-TABS	D-DEFAULT	IX-PRIMARY-THUMB	PLATFORM=mobile-phone; PATTERN=finance-markets-mobile; NAV=NAV-BOTTOM-TABS; SHELL=SH-PHONE-TABS; DENSITY=D-DEFAULT; IX=IX-PRIMARY-THUMB; IMPL=tap-highlight,biometric-webauthn,live-region,install-pwa; FEEL=watchlist quotes
A1800	os-material-top-app-bar	Material top app bar	os-patterns	mobile-phone	NAV-STACK-PUSH	SH-PHONE-STACK	D-DEFAULT	IX-PRIMARY-THUMB	PLATFORM=mobile-phone; PATTERN=os-material-top-app-bar; NAV=NAV-STACK-PUSH; SHELL=SH-PHONE-STACK; DENSITY=D-DEFAULT; IX=IX-PRIMARY-THUMB; IMPL=matchmedia,share-api,abort-controller,type-date; FEEL=Nav + actions
A1801	d-kanban-desktop	Kanban board	desktop-structure	desktop-web	NAV-SIDE-RAIL	SH-DESK-TOOL-CANVAS	D-DEFAULT	IX-KEYBOARD-SHORTCUTS	PLATFORM=desktop-web; PATTERN=d-kanban-desktop; NAV=NAV-SIDE-RAIL; SHELL=SH-DESK-TOOL-CANVAS; DENSITY=D-DEFAULT; IX=IX-KEYBOARD-SHORTCUTS; IMPL=virtual-list,matchmedia,focus-trap,aria-current; FEEL=Columns + cards
A1802	school-mobile	School Parent Mobile	industry-app	mobile-phone	NAV-MODAL-SHEET	SH-PHONE-CANVAS	D-DEFAULT	IX-PRIMARY-THUMB	PLATFORM=mobile-phone; PATTERN=school-mobile; NAV=NAV-MODAL-SHEET; SHELL=SH-PHONE-CANVAS; DENSITY=D-DEFAULT; IX=IX-PRIMARY-THUMB; IMPL=history-stack,vibrate-careful,dialog-element,push-web; FEEL=messages attendance
A1803	x-responsive-collapse	Responsive collapse	cross-platform-app	responsive-app	NAV-MASTER-DETAIL	SH-RESPONSIVE-COLLAPSE	D-DEFAULT	IX-EMPTY-CTA	PLATFORM=responsive-app; PATTERN=x-responsive-collapse; NAV=NAV-MASTER-DETAIL; SHELL=SH-RESPONSIVE-COLLAPSE; DENSITY=D-DEFAULT; IX=IX-EMPTY-CTA; IMPL=hover-media,url-state,csrf-safe,scroll-padding; FEEL=Split→stack at breakpoint
A1804	smart-home-desktop	Smart Home Desktop	industry-app	desktop-web	NAV-SIDE-RAIL	SH-DESK-TOOL-CANVAS	D-DEFAULT	IX-KEYBOARD-SHORTCUTS	PLATFORM=desktop-web; PATTERN=smart-home-desktop; NAV=NAV-SIDE-RAIL; SHELL=SH-DESK-TOOL-CANVAS; DENSITY=D-DEFAULT; IX=IX-KEYBOARD-SHORTCUTS; IMPL=url-state,resize-observer,drag-drop-desktop,prefers-color-scheme; FEEL=floorplan devices
A1805	m-haptic-meaning	Haptics with meaning	mobile-touch-a11y	mobile-phone	NAV-STACK-PUSH	SH-PHONE-STACK	D-DEFAULT	IX-UNDO-TOAST	PLATFORM=mobile-phone; PATTERN=m-haptic-meaning; NAV=NAV-STACK-PUSH; SHELL=SH-PHONE-STACK; DENSITY=D-DEFAULT; IX=IX-UNDO-TOAST; IMPL=prefers-reduced-motion,hover-media,optimistic-ui,focus-visible; FEEL=Confirm/error/success only
A1806	podcast-mobile	Podcast Mobile	industry-app	mobile-phone	NAV-BOTTOM-TABS	SH-PHONE-TABS	D-DEFAULT	IX-PRIMARY-THUMB	PLATFORM=mobile-phone; PATTERN=podcast-mobile; NAV=NAV-BOTTOM-TABS; SHELL=SH-PHONE-TABS; DENSITY=D-DEFAULT; IX=IX-PRIMARY-THUMB; IMPL=scroll-padding,pointer-events,service-worker-offline,flex-phone-column; FEEL=shows episodes player
A1807	media-desktop	Media Desktop	industry-app	desktop-web	NAV-SIDE-RAIL	SH-DESK-TOOL-CANVAS	D-DEFAULT	IX-KEYBOARD-SHORTCUTS	PLATFORM=desktop-web; PATTERN=media-desktop; NAV=NAV-SIDE-RAIL; SHELL=SH-DESK-TOOL-CANVAS; DENSITY=D-DEFAULT; IX=IX-KEYBOARD-SHORTCUTS; IMPL=optimistic-ui,matchmedia,popover-api,resize-observer; FEEL=library player
A1808	library-mobile	Library Mobile	industry-app	responsive-app	NAV-TOP-TABS	SH-PHONE-TABS	D-DEFAULT	IX-PRIMARY-THUMB	PLATFORM=responsive-app; PATTERN=library-mobile; NAV=NAV-TOP-TABS; SHELL=SH-PHONE-TABS; DENSITY=D-DEFAULT; IX=IX-PRIMARY-THUMB; IMPL=fine-pointer,abort-controller,prefers-color-scheme,form-novalidate; FEEL=search loans
A1809	d-datagrid-app	Datagrid application	desktop-structure	desktop-web	NAV-SIDE-RAIL	SH-DESK-DATAGRID	D-COMPACT	IX-KEYBOARD-SHORTCUTS	PLATFORM=desktop-web; PATTERN=d-datagrid-app; NAV=NAV-SIDE-RAIL; SHELL=SH-DESK-DATAGRID; DENSITY=D-COMPACT; IX=IX-KEYBOARD-SHORTCUTS; IMPL=live-region,drag-drop-desktop,autocomplete,hover-media; FEEL=Table is the product
A1810	d-split-compare	Compare split	desktop-structure	desktop-web	NAV-TOOLBAR	SH-DESK-DATAGRID	D-DEFAULT	IX-KEYBOARD-SHORTCUTS	PLATFORM=desktop-web; PATTERN=d-split-compare; NAV=NAV-TOOLBAR; SHELL=SH-DESK-DATAGRID; DENSITY=D-DEFAULT; IX=IX-KEYBOARD-SHORTCUTS; IMPL=form-novalidate,hotkeys,fine-pointer,dialog-element; FEEL=A|B decision
A1811	ride-driver-mobile	Driver Mobile	industry-app	mobile-phone	NAV-NONE-FOCUS	SH-PHONE-STACK	D-TOUCH-COMFORT	IX-PRIMARY-THUMB	PLATFORM=mobile-phone; PATTERN=ride-driver-mobile; NAV=NAV-NONE-FOCUS; SHELL=SH-PHONE-STACK; DENSITY=D-TOUCH-COMFORT; IX=IX-PRIMARY-THUMB; IMPL=autocomplete,scroll-padding,viewport-meta,focus-visible; FEEL=requests nav
A1812	maps-desktop	Desktop Maps	industry-app	mobile-tablet	NAV-MASTER-DETAIL	SH-TABLET-SPLIT	D-DEFAULT	IX-EMPTY-CTA	PLATFORM=mobile-tablet; PATTERN=maps-desktop; NAV=NAV-MASTER-DETAIL; SHELL=SH-TABLET-SPLIT; DENSITY=D-DEFAULT; IX=IX-EMPTY-CTA; IMPL=csrf-safe,focus-trap,live-region,will-change-sparing; FEEL=map side list
A1813	calendar-mobile	Mobile Calendar	industry-app	responsive-app	NAV-BOTTOM-TABS	SH-PHONE-TABS	D-DEFAULT	IX-PRIMARY-THUMB	PLATFORM=responsive-app; PATTERN=calendar-mobile; NAV=NAV-BOTTOM-TABS; SHELL=SH-PHONE-TABS; DENSITY=D-DEFAULT; IX=IX-PRIMARY-THUMB; IMPL=clipboard-api,install-pwa,bottom-nav-fixed,service-worker-offline; FEEL=agenda day create
A1814	media-mobile	Media Mobile	industry-app	mobile-phone	NAV-BOTTOM-TABS	SH-PHONE-FEED	D-DEFAULT	IX-PRIMARY-THUMB	PLATFORM=mobile-phone; PATTERN=media-mobile; NAV=NAV-BOTTOM-TABS; SHELL=SH-PHONE-FEED; DENSITY=D-DEFAULT; IX=IX-PRIMARY-THUMB; IMPL=abort-controller,scroll-padding,tap-highlight,error-boundary-ui; FEEL=player feed
A1815	museum-desktop	Museum Desktop	industry-app	desktop-web	NAV-SIDE-RAIL	SH-DESK-DATAGRID	D-DEFAULT	IX-KEYBOARD-SHORTCUTS	PLATFORM=desktop-web; PATTERN=museum-desktop; NAV=NAV-SIDE-RAIL; SHELL=SH-DESK-DATAGRID; DENSITY=D-DEFAULT; IX=IX-KEYBOARD-SHORTCUTS; IMPL=skeleton-css,form-novalidate,csrf-safe,scroll-padding; FEEL=collections CMS
A1816	support-desktop	Support Desktop	industry-app	desktop-web	NAV-MASTER-DETAIL	SH-DESK-RAIL-MAIN-INSP	D-COMPACT	IX-KEYBOARD-SHORTCUTS	PLATFORM=desktop-web; PATTERN=support-desktop; NAV=NAV-MASTER-DETAIL; SHELL=SH-DESK-RAIL-MAIN-INSP; DENSITY=D-COMPACT; IX=IX-KEYBOARD-SHORTCUTS; IMPL=aria-current,scroll-padding,prefers-color-scheme,csrf-safe; FEEL=ticket workspace
A1817	hr-desktop	HR Desktop	industry-app	mobile-phone	NAV-STACK-PUSH	SH-RESPONSIVE-COLLAPSE	D-DEFAULT	IX-KEYBOARD-SHORTCUTS	PLATFORM=mobile-phone; PATTERN=hr-desktop; NAV=NAV-STACK-PUSH; SHELL=SH-RESPONSIVE-COLLAPSE; DENSITY=D-DEFAULT; IX=IX-KEYBOARD-SHORTCUTS; IMPL=prefers-contrast,prefers-reduced-motion,dialog-element,inputmode; FEEL=people requests
A1818	os-ios-large-title	iOS large title pattern	os-patterns	mobile-phone	NAV-STACK-PUSH	SH-PHONE-STACK	D-COMFORTABLE	IX-PRIMARY-THUMB	PLATFORM=mobile-phone; PATTERN=os-ios-large-title; NAV=NAV-STACK-PUSH; SHELL=SH-PHONE-STACK; DENSITY=D-COMFORTABLE; IX=IX-PRIMARY-THUMB; IMPL=tap-highlight,bottom-nav-fixed,safe-area-css,aria-expanded; FEEL=Collapse on scroll
A1819	d-density-toggle	User density toggle	desktop-density-keyboard	desktop-web	NAV-SIDE-RAIL	SH-DESK-DATAGRID	D-DEFAULT	IX-WINDOW-DENSITY	PLATFORM=desktop-web; PATTERN=d-density-toggle; NAV=NAV-SIDE-RAIL; SHELL=SH-DESK-DATAGRID; DENSITY=D-DEFAULT; IX=IX-WINDOW-DENSITY; IMPL=aria-current,clipboard-api,grid-app-shell,csrf-safe; FEEL=Comfortable/Compact persist
A1820	calendar-mobile	Mobile Calendar	industry-app	mobile-phone	NAV-NONE-FOCUS	SH-RESPONSIVE-COLLAPSE	D-DEFAULT	IX-PRIMARY-THUMB	PLATFORM=mobile-phone; PATTERN=calendar-mobile; NAV=NAV-NONE-FOCUS; SHELL=SH-RESPONSIVE-COLLAPSE; DENSITY=D-DEFAULT; IX=IX-PRIMARY-THUMB; IMPL=debounce-search,will-change-sparing,form-novalidate,aria-current; FEEL=agenda day create
A1821	university-mobile	Uni Mobile	industry-app	mobile-phone	NAV-BOTTOM-TABS	SH-PHONE-TABS	D-DEFAULT	IX-PRIMARY-THUMB	PLATFORM=mobile-phone; PATTERN=university-mobile; NAV=NAV-BOTTOM-TABS; SHELL=SH-PHONE-TABS; DENSITY=D-DEFAULT; IX=IX-PRIMARY-THUMB; IMPL=form-novalidate,aria-current,matchmedia,scroll-padding; FEEL=timetable campus
A1822	university-mobile	Uni Mobile	industry-app	mobile-phone	NAV-BOTTOM-SHEET	SH-PHONE-STACK	D-DEFAULT	IX-PRIMARY-THUMB	PLATFORM=mobile-phone; PATTERN=university-mobile; NAV=NAV-BOTTOM-SHEET; SHELL=SH-PHONE-STACK; DENSITY=D-DEFAULT; IX=IX-PRIMARY-THUMB; IMPL=focus-visible,network-information,tap-highlight,touch-action; FEEL=timetable campus
A1823	x-error-boundary	Error boundary UX	cross-platform-app	responsive-app	NAV-NONE-FOCUS	SH-RESPONSIVE-COLLAPSE	D-DEFAULT	IX-EMPTY-CTA	PLATFORM=responsive-app; PATTERN=x-error-boundary; NAV=NAV-NONE-FOCUS; SHELL=SH-RESPONSIVE-COLLAPSE; DENSITY=D-DEFAULT; IX=IX-EMPTY-CTA; IMPL=tap-highlight,type-date,app-badge,flex-phone-column; FEEL=Recover section not white screen
A1824	m-chat-thread	Chat thread mobile	mobile-structure	mobile-phone	NAV-STACK-PUSH	SH-PHONE-STACK	D-DEFAULT	IX-PRIMARY-THUMB	PLATFORM=mobile-phone; PATTERN=m-chat-thread; NAV=NAV-STACK-PUSH; SHELL=SH-PHONE-STACK; DENSITY=D-DEFAULT; IX=IX-PRIMARY-THUMB; IMPL=dvh-units,touch-action,focus-visible,prefers-reduced-motion; FEEL=Thread + composer bottom
A1825	education-mobile	Learning Mobile	industry-app	mobile-phone	NAV-DRAWER	SH-PHONE-CANVAS	D-COMFORTABLE	IX-PRIMARY-THUMB	PLATFORM=mobile-phone; PATTERN=education-mobile; NAV=NAV-DRAWER; SHELL=SH-PHONE-CANVAS; DENSITY=D-COMFORTABLE; IX=IX-PRIMARY-THUMB; IMPL=sticky-footer-cta,error-boundary-ui,optimistic-ui,touch-action; FEEL=courses lessons
A1826	smart-home-desktop	Smart Home Desktop	industry-app	responsive-app	NAV-SIDE-RAIL	SH-DESK-TOOL-CANVAS	D-DEFAULT	IX-KEYBOARD-SHORTCUTS	PLATFORM=responsive-app; PATTERN=smart-home-desktop; NAV=NAV-SIDE-RAIL; SHELL=SH-DESK-TOOL-CANVAS; DENSITY=D-DEFAULT; IX=IX-KEYBOARD-SHORTCUTS; IMPL=tap-highlight,type-date,vibrate-careful,app-badge; FEEL=floorplan devices
A1827	d-settings-dialog	Settings dialog/pages	desktop-structure	desktop-web	NAV-SIDE-TREE	SH-DESK-RAIL-MAIN	D-DEFAULT	IX-KEYBOARD-SHORTCUTS	PLATFORM=desktop-web; PATTERN=d-settings-dialog; NAV=NAV-SIDE-TREE; SHELL=SH-DESK-RAIL-MAIN; DENSITY=D-DEFAULT; IX=IX-KEYBOARD-SHORTCUTS; IMPL=dialog-element,hotkeys,focus-visible,localstorage-prefs; FEEL=Searchable settings
A1828	d-map-desktop	Map ops desktop	desktop-structure	desktop-web	NAV-MASTER-DETAIL	SH-TABLET-SPLIT	D-DEFAULT	IX-KEYBOARD-SHORTCUTS	PLATFORM=desktop-web; PATTERN=d-map-desktop; NAV=NAV-MASTER-DETAIL; SHELL=SH-TABLET-SPLIT; DENSITY=D-DEFAULT; IX=IX-KEYBOARD-SHORTCUTS; IMPL=command-palette-js,localstorage-prefs,resize-observer,hotkeys; FEEL=Map + side list
A1829	finance-markets-desktop	Markets Desktop	industry-app	desktop-web	NAV-SIDE-RAIL	SH-DESK-DATAGRID	D-COMPACT	IX-KEYBOARD-SHORTCUTS	PLATFORM=desktop-web; PATTERN=finance-markets-desktop; NAV=NAV-SIDE-RAIL; SHELL=SH-DESK-DATAGRID; DENSITY=D-COMPACT; IX=IX-KEYBOARD-SHORTCUTS; IMPL=matchmedia,live-region,focus-trap,debounce-search; FEEL=blotter charts
A1830	m-checkout-linear	Mobile checkout linear	mobile-structure	mobile-phone	NAV-BOTTOM-TABS	SH-RESPONSIVE-COLLAPSE	D-TOUCH-COMFORT	IX-PRIMARY-THUMB	PLATFORM=mobile-phone; PATTERN=m-checkout-linear; NAV=NAV-BOTTOM-TABS; SHELL=SH-RESPONSIVE-COLLAPSE; DENSITY=D-TOUCH-COMFORT; IX=IX-PRIMARY-THUMB; IMPL=service-worker-offline,error-boundary-ui,share-api,app-badge; FEEL=Steps, progress, sticky pay
A1831	d-rail-labels	Rail with labels	desktop-structure	desktop-web	NAV-SIDE-RAIL	SH-DESK-RAIL-MAIN	D-DEFAULT	IX-KEYBOARD-SHORTCUTS	PLATFORM=desktop-web; PATTERN=d-rail-labels; NAV=NAV-SIDE-RAIL; SHELL=SH-DESK-RAIL-MAIN; DENSITY=D-DEFAULT; IX=IX-KEYBOARD-SHORTCUTS; IMPL=url-state,pointer-events,skeleton-css,container-queries; FEEL=Discoverability > icons-only
A1832	d-keyboard-nav	Full keyboard nav	desktop-density-keyboard	desktop-web	NAV-SIDE-RAIL	SH-DESK-RAIL-MAIN	D-DEFAULT	IX-KEYBOARD-SHORTCUTS	PLATFORM=desktop-web; PATTERN=d-keyboard-nav; NAV=NAV-SIDE-RAIL; SHELL=SH-DESK-RAIL-MAIN; DENSITY=D-DEFAULT; IX=IX-KEYBOARD-SHORTCUTS; IMPL=focus-visible,fine-pointer,grid-app-shell,session-timeout; FEEL=Tab order, roving tabindex lists
A1833	email-mobile	Mobile Email	industry-app	mobile-phone	NAV-STACK-PUSH	SH-PHONE-STACK	D-DEFAULT	IX-PRIMARY-THUMB	PLATFORM=mobile-phone; PATTERN=email-mobile; NAV=NAV-STACK-PUSH; SHELL=SH-PHONE-STACK; DENSITY=D-DEFAULT; IX=IX-PRIMARY-THUMB; IMPL=virtual-list,csrf-safe,aria-expanded,pointer-events; FEEL=inbox thread compose
A1834	m-search-tab	Search as tab	mobile-structure	mobile-phone	NAV-BOTTOM-TABS	SH-PHONE-TABS	D-DEFAULT	IX-PRIMARY-THUMB	PLATFORM=mobile-phone; PATTERN=m-search-tab; NAV=NAV-BOTTOM-TABS; SHELL=SH-PHONE-TABS; DENSITY=D-DEFAULT; IX=IX-PRIMARY-THUMB; IMPL=prefers-reduced-motion,error-boundary-ui,touch-action,skeleton-css; FEEL=Search is a root job
A1835	field-service-desktop	Field Service Desktop	industry-app	desktop-web	NAV-TOOLBAR	SH-DESK-TOOL-CANVAS	D-COMPACT	IX-KEYBOARD-SHORTCUTS	PLATFORM=desktop-web; PATTERN=field-service-desktop; NAV=NAV-TOOLBAR; SHELL=SH-DESK-TOOL-CANVAS; DENSITY=D-COMPACT; IX=IX-KEYBOARD-SHORTCUTS; IMPL=dialog-element,drag-drop-desktop,container-queries,pointer-events; FEEL=schedule board
A1836	d-map-desktop	Map ops desktop	desktop-structure	desktop-web	NAV-MASTER-DETAIL	SH-TABLET-SPLIT	D-DEFAULT	IX-KEYBOARD-SHORTCUTS	PLATFORM=desktop-web; PATTERN=d-map-desktop; NAV=NAV-MASTER-DETAIL; SHELL=SH-TABLET-SPLIT; DENSITY=D-DEFAULT; IX=IX-KEYBOARD-SHORTCUTS; IMPL=dialog-element,skeleton-css,resize-observer,aria-expanded; FEEL=Map + side list
A1837	os-material-nav-rail	Material nav rail	os-patterns	mobile-tablet	NAV-SIDE-TREE	SH-PHONE-FEED	D-DEFAULT	IX-EMPTY-CTA	PLATFORM=mobile-tablet; PATTERN=os-material-nav-rail; NAV=NAV-SIDE-TREE; SHELL=SH-PHONE-FEED; DENSITY=D-DEFAULT; IX=IX-EMPTY-CTA; IMPL=app-badge,min-touch,hover-media,aria-expanded; FEEL=Tablet/desktop
A1838	d-datagrid-app	Datagrid application	desktop-structure	desktop-web	NAV-SIDE-RAIL	SH-DESK-DATAGRID	D-COMPACT	IX-KEYBOARD-SHORTCUTS	PLATFORM=desktop-web; PATTERN=d-datagrid-app; NAV=NAV-SIDE-RAIL; SHELL=SH-DESK-DATAGRID; DENSITY=D-COMPACT; IX=IX-KEYBOARD-SHORTCUTS; IMPL=focus-trap,debounce-search,resize-observer,fine-pointer; FEEL=Table is the product
A1839	d-rail-main	Icon rail + main	desktop-structure	desktop-web	NAV-SIDE-RAIL	SH-DESK-RAIL-MAIN	D-DEFAULT	IX-KEYBOARD-SHORTCUTS	PLATFORM=desktop-web; PATTERN=d-rail-main; NAV=NAV-SIDE-RAIL; SHELL=SH-DESK-RAIL-MAIN; DENSITY=D-DEFAULT; IX=IX-KEYBOARD-SHORTCUTS; IMPL=prefers-contrast,aria-current,url-state,autocomplete; FEEL=Primary desktop shell
A1840	os-ios-swipe-back	iOS interactive pop	os-patterns	mobile-phone	NAV-STACK-PUSH	SH-PHONE-CANVAS	D-DEFAULT	IX-PRIMARY-THUMB	PLATFORM=mobile-phone; PATTERN=os-ios-swipe-back; NAV=NAV-STACK-PUSH; SHELL=SH-PHONE-CANVAS; DENSITY=D-DEFAULT; IX=IX-PRIMARY-THUMB; IMPL=optimistic-ui,tap-highlight,skeleton-css,touch-action; FEEL=Edge swipe back
A1841	legal-desktop	Legal Desktop	industry-app	mobile-phone	NAV-WIZARD	SH-PHONE-SHEET	D-TOUCH-COMFORT	IX-KEYBOARD-SHORTCUTS	PLATFORM=mobile-phone; PATTERN=legal-desktop; NAV=NAV-WIZARD; SHELL=SH-PHONE-SHEET; DENSITY=D-TOUCH-COMFORT; IX=IX-KEYBOARD-SHORTCUTS; IMPL=intersection-infinite,share-api,pointer-events,install-pwa; FEEL=matters documents
A1842	m-status-bar-legible	Status bar legible	mobile-touch-a11y	mobile-phone	NAV-STACK-PUSH	SH-PHONE-STACK	D-DEFAULT	IX-PRIMARY-THUMB	PLATFORM=mobile-phone; PATTERN=m-status-bar-legible; NAV=NAV-STACK-PUSH; SHELL=SH-PHONE-STACK; DENSITY=D-DEFAULT; IX=IX-PRIMARY-THUMB; IMPL=prefers-reduced-motion,install-pwa,biometric-webauthn,dialog-element; FEEL=Content not under status
A1843	m-media-fullscreen	Fullscreen media	mobile-content-patterns	mobile-phone	NAV-NONE-FOCUS	SH-PHONE-CANVAS	D-DEFAULT	IX-PRIMARY-THUMB	PLATFORM=mobile-phone; PATTERN=m-media-fullscreen; NAV=NAV-NONE-FOCUS; SHELL=SH-PHONE-CANVAS; DENSITY=D-DEFAULT; IX=IX-PRIMARY-THUMB; IMPL=optimistic-ui,install-pwa,network-information,aria-expanded; FEEL=Swipe dismiss, chrome fade
A1844	m-push-pref-center	Notification prefs	mobile-content-patterns	mobile-phone	NAV-STACK-PUSH	SH-PHONE-STACK	D-DEFAULT	IX-PRIMARY-THUMB	PLATFORM=mobile-phone; PATTERN=m-push-pref-center; NAV=NAV-STACK-PUSH; SHELL=SH-PHONE-STACK; DENSITY=D-DEFAULT; IX=IX-PRIMARY-THUMB; IMPL=vibrate-careful,debounce-search,push-web,form-novalidate; FEEL=Granular, not all-or-nothing
A1845	field-service-mobile	Field Service Mobile	industry-app	mobile-phone	NAV-STACK-PUSH	SH-PHONE-STACK	D-TOUCH-COMFORT	IX-PRIMARY-THUMB	PLATFORM=mobile-phone; PATTERN=field-service-mobile; NAV=NAV-STACK-PUSH; SHELL=SH-PHONE-STACK; DENSITY=D-TOUCH-COMFORT; IX=IX-PRIMARY-THUMB; IMPL=type-date,optimistic-ui,dvh-units,prefers-color-scheme; FEEL=jobs checklist photo
A1846	design-tool-desktop	Design Tool	industry-app	desktop-web	NAV-TOOLBAR	SH-DESK-TOOL-CANVAS	D-DEFAULT	IX-KEYBOARD-SHORTCUTS	PLATFORM=desktop-web; PATTERN=design-tool-desktop; NAV=NAV-TOOLBAR; SHELL=SH-DESK-TOOL-CANVAS; DENSITY=D-DEFAULT; IX=IX-KEYBOARD-SHORTCUTS; IMPL=error-boundary-ui,overscroll,aria-expanded,command-palette-js; FEEL=canvas tools
A1847	nonprofit-mobile	Nonprofit Mobile	industry-app	mobile-phone	NAV-BOTTOM-TABS	SH-PHONE-TABS	D-COMFORTABLE	IX-PRIMARY-THUMB	PLATFORM=mobile-phone; PATTERN=nonprofit-mobile; NAV=NAV-BOTTOM-TABS; SHELL=SH-PHONE-TABS; DENSITY=D-COMFORTABLE; IX=IX-PRIMARY-THUMB; IMPL=min-touch,pointer-events,safe-area-css,touch-action; FEEL=donate volunteer
A1848	finance-markets-desktop	Markets Desktop	industry-app	desktop-web	NAV-SIDE-RAIL	SH-DESK-DATAGRID	D-COMPACT	IX-KEYBOARD-SHORTCUTS	PLATFORM=desktop-web; PATTERN=finance-markets-desktop; NAV=NAV-SIDE-RAIL; SHELL=SH-DESK-DATAGRID; DENSITY=D-COMPACT; IX=IX-KEYBOARD-SHORTCUTS; IMPL=prefers-contrast,focus-trap,optimistic-ui,grid-app-shell; FEEL=blotter charts
A1849	nonprofit-mobile	Nonprofit Mobile	industry-app	mobile-phone	NAV-BOTTOM-TABS	SH-PHONE-TABS	D-COMFORTABLE	IX-PRIMARY-THUMB	PLATFORM=mobile-phone; PATTERN=nonprofit-mobile; NAV=NAV-BOTTOM-TABS; SHELL=SH-PHONE-TABS; DENSITY=D-COMFORTABLE; IX=IX-PRIMARY-THUMB; IMPL=error-boundary-ui,autocomplete,prefers-reduced-motion,coarse-pointer; FEEL=donate volunteer
A1850	social-desktop	Social Desktop	industry-app	desktop-web	NAV-SIDE-RAIL	SH-DESK-RAIL-MAIN	D-DEFAULT	IX-KEYBOARD-SHORTCUTS	PLATFORM=desktop-web; PATTERN=social-desktop; NAV=NAV-SIDE-RAIL; SHELL=SH-DESK-RAIL-MAIN; DENSITY=D-DEFAULT; IX=IX-KEYBOARD-SHORTCUTS; IMPL=skeleton-css,overscroll,focus-visible,prefers-contrast; FEEL=feed optional rail
A1851	x-audit-trail	Audit-friendly UI	cross-platform-app	responsive-app	NAV-SIDE-RAIL	SH-DESK-DATAGRID	D-COMPACT	IX-INLINE-EDIT	PLATFORM=responsive-app; PATTERN=x-audit-trail; NAV=NAV-SIDE-RAIL; SHELL=SH-DESK-DATAGRID; DENSITY=D-COMPACT; IX=IX-INLINE-EDIT; IMPL=url-state,min-touch,dvh-units,fine-pointer; FEEL=Who/when visible in ops
A1852	m-form-multipage	Multi-page form	mobile-content-patterns	mobile-phone	NAV-WIZARD	SH-PHONE-STACK	D-DEFAULT	IX-PRIMARY-THUMB	PLATFORM=mobile-phone; PATTERN=m-form-multipage; NAV=NAV-WIZARD; SHELL=SH-PHONE-STACK; DENSITY=D-DEFAULT; IX=IX-PRIMARY-THUMB; IMPL=push-web,dvh-units,prefers-color-scheme,prefers-reduced-motion; FEEL=Save draft between pages
A1853	school-desktop	School Admin Desktop	industry-app	desktop-web	NAV-SIDE-RAIL	SH-DESK-DATAGRID	D-COMPACT	IX-KEYBOARD-SHORTCUTS	PLATFORM=desktop-web; PATTERN=school-desktop; NAV=NAV-SIDE-RAIL; SHELL=SH-DESK-DATAGRID; DENSITY=D-COMPACT; IX=IX-KEYBOARD-SHORTCUTS; IMPL=dialog-element,overscroll,content-visibility,popover-api; FEEL=roster attendance
A1854	m-hamburger-secondary	Drawer for secondary only	mobile-structure	mobile-phone	NAV-DRAWER	SH-PHONE-STACK	D-DEFAULT	IX-PRIMARY-THUMB	PLATFORM=mobile-phone; PATTERN=m-hamburger-secondary; NAV=NAV-DRAWER; SHELL=SH-PHONE-STACK; DENSITY=D-DEFAULT; IX=IX-PRIMARY-THUMB; IMPL=matchmedia,network-information,will-change-sparing,touch-action; FEEL=Not for primary 5 destinations
A1855	d-bulk-actions	Bulk action bar	desktop-density-keyboard	desktop-web	NAV-TOP-TABS	SH-DESK-RAIL-MAIN	D-COMPACT	IX-MULTISELECT	PLATFORM=desktop-web; PATTERN=d-bulk-actions; NAV=NAV-TOP-TABS; SHELL=SH-DESK-RAIL-MAIN; DENSITY=D-COMPACT; IX=IX-MULTISELECT; IMPL=drag-drop-desktop,fine-pointer,debounce-search,focus-trap; FEEL=Appears on selection
A1856	d-tooltip-labels	Icon buttons labelled	desktop-density-keyboard	desktop-web	NAV-TOOLBAR	SH-DESK-TOOL-CANVAS	D-DEFAULT	IX-KEYBOARD-SHORTCUTS	PLATFORM=desktop-web; PATTERN=d-tooltip-labels; NAV=NAV-TOOLBAR; SHELL=SH-DESK-TOOL-CANVAS; DENSITY=D-DEFAULT; IX=IX-KEYBOARD-SHORTCUTS; IMPL=prefers-contrast,overscroll,skeleton-css,hover-media; FEEL=Tooltip + aria-label
A1857	m-auth-focus	Auth focus flow	mobile-structure	mobile-phone	NAV-NONE-FOCUS	SH-PHONE-SHEET	D-COMFORTABLE	IX-PRIMARY-THUMB	PLATFORM=mobile-phone; PATTERN=m-auth-focus; NAV=NAV-NONE-FOCUS; SHELL=SH-PHONE-SHEET; DENSITY=D-COMFORTABLE; IX=IX-PRIMARY-THUMB; IMPL=focus-trap,abort-controller,biometric-webauthn,network-information; FEEL=No app chrome
A1858	health-mobile	Health Tracker Mobile	industry-app	responsive-app	NAV-BOTTOM-TABS	SH-PHONE-TABS	D-TOUCH-COMFORT	IX-PRIMARY-THUMB	PLATFORM=responsive-app; PATTERN=health-mobile; NAV=NAV-BOTTOM-TABS; SHELL=SH-PHONE-TABS; DENSITY=D-TOUCH-COMFORT; IX=IX-PRIMARY-THUMB; IMPL=focus-visible,pointer-events,history-stack,command-palette-js; FEEL=rings trends log
A1859	password-mobile	Password Manager Mobile	industry-app	mobile-phone	NAV-BOTTOM-TABS	SH-PHONE-TABS	D-DEFAULT	IX-PRIMARY-THUMB	PLATFORM=mobile-phone; PATTERN=password-mobile; NAV=NAV-BOTTOM-TABS; SHELL=SH-PHONE-TABS; DENSITY=D-DEFAULT; IX=IX-PRIMARY-THUMB; IMPL=autocomplete,coarse-pointer,inputmode,install-pwa; FEEL=vault autofill
A1860	os-linux-desktop	Linux desktop app	os-patterns	desktop-web	NAV-SIDE-RAIL	SH-DESK-RAIL-MAIN	D-DEFAULT	IX-KEYBOARD-SHORTCUTS	PLATFORM=desktop-web; PATTERN=os-linux-desktop; NAV=NAV-SIDE-RAIL; SHELL=SH-DESK-RAIL-MAIN; DENSITY=D-DEFAULT; IX=IX-KEYBOARD-SHORTCUTS; IMPL=abort-controller,fine-pointer,virtual-list,drag-drop-desktop; FEEL=Follow platform toolkit
A1861	chat-mobile	Mobile Chat	industry-app	mobile-phone	NAV-STACK-PUSH	SH-PHONE-STACK	D-DEFAULT	IX-PRIMARY-THUMB	PLATFORM=mobile-phone; PATTERN=chat-mobile; NAV=NAV-STACK-PUSH; SHELL=SH-PHONE-STACK; DENSITY=D-DEFAULT; IX=IX-PRIMARY-THUMB; IMPL=intersection-infinite,live-region,aria-current,viewport-meta; FEEL=threads composer
A1862	d-window-1024	Functional at 1024×768	desktop-density-keyboard	desktop-web	NAV-SIDE-RAIL	SH-DESK-RAIL-MAIN-INSP	D-DEFAULT	IX-SPLIT-RESIZE	PLATFORM=desktop-web; PATTERN=d-window-1024; NAV=NAV-SIDE-RAIL; SHELL=SH-DESK-RAIL-MAIN-INSP; DENSITY=D-DEFAULT; IX=IX-SPLIT-RESIZE; IMPL=form-novalidate,virtual-list,will-change-sparing,debounce-search; FEEL=No dead layouts at laptop
A1863	d-multi-workspace	Workspaces/projects switcher	desktop-structure	desktop-web	NAV-MASTER-DETAIL	SH-DESK-DATAGRID	D-DEFAULT	IX-KEYBOARD-SHORTCUTS	PLATFORM=desktop-web; PATTERN=d-multi-workspace; NAV=NAV-MASTER-DETAIL; SHELL=SH-DESK-DATAGRID; DENSITY=D-DEFAULT; IX=IX-KEYBOARD-SHORTCUTS; IMPL=debounce-search,aria-current,popover-api,url-state; FEEL=Context switch clear
A1864	d-document-editor	Document editor	desktop-structure	desktop-web	NAV-MENUBAR	SH-DESK-DOCUMENT	D-DEFAULT	IX-KEYBOARD-SHORTCUTS	PLATFORM=desktop-web; PATTERN=d-document-editor; NAV=NAV-MENUBAR; SHELL=SH-DESK-DOCUMENT; DENSITY=D-DEFAULT; IX=IX-KEYBOARD-SHORTCUTS; IMPL=hotkeys,debounce-search,localstorage-prefs,aria-expanded; FEEL=Canvas/document center
A1865	d-comfortable-tables	Comfortable tables	desktop-density-keyboard	desktop-web	NAV-SIDE-RAIL	SH-DESK-DATAGRID	D-DEFAULT	IX-PAGINATION	PLATFORM=desktop-web; PATTERN=d-comfortable-tables; NAV=NAV-SIDE-RAIL; SHELL=SH-DESK-DATAGRID; DENSITY=D-DEFAULT; IX=IX-PAGINATION; IMPL=pointer-events,autocomplete,prefers-contrast,fine-pointer; FEEL=Readable rows
A1866	education-desktop	LMS Desktop	industry-app	desktop-web	NAV-SIDE-RAIL	SH-DESK-DATAGRID	D-DEFAULT	IX-KEYBOARD-SHORTCUTS	PLATFORM=desktop-web; PATTERN=education-desktop; NAV=NAV-SIDE-RAIL; SHELL=SH-DESK-DATAGRID; DENSITY=D-DEFAULT; IX=IX-KEYBOARD-SHORTCUTS; IMPL=error-boundary-ui,aria-current,fine-pointer,session-timeout; FEEL=courses gradebook
A1867	gov-services-mobile	Gov Services Mobile	industry-app	responsive-app	NAV-BOTTOM-TABS	SH-PHONE-TABS	D-TOUCH-COMFORT	IX-PRIMARY-THUMB	PLATFORM=responsive-app; PATTERN=gov-services-mobile; NAV=NAV-BOTTOM-TABS; SHELL=SH-PHONE-TABS; DENSITY=D-TOUCH-COMFORT; IX=IX-PRIMARY-THUMB; IMPL=session-timeout,content-visibility,aria-current,grid-app-shell; FEEL=tasks forms status
A1868	d-timeline-gantt	Timeline/Gantt	desktop-structure	desktop-web	NAV-TOOLBAR	SH-DESK-TOOL-CANVAS	D-COMPACT	IX-KEYBOARD-SHORTCUTS	PLATFORM=desktop-web; PATTERN=d-timeline-gantt; NAV=NAV-TOOLBAR; SHELL=SH-DESK-TOOL-CANVAS; DENSITY=D-COMPACT; IX=IX-KEYBOARD-SHORTCUTS; IMPL=skeleton-css,aria-expanded,virtual-list,popover-api; FEEL=Time as structure
A1869	library-mobile	Library Mobile	industry-app	mobile-phone	NAV-STACK-PUSH	SH-RESPONSIVE-COLLAPSE	D-DEFAULT	IX-PRIMARY-THUMB	PLATFORM=mobile-phone; PATTERN=library-mobile; NAV=NAV-STACK-PUSH; SHELL=SH-RESPONSIVE-COLLAPSE; DENSITY=D-DEFAULT; IX=IX-PRIMARY-THUMB; IMPL=biometric-webauthn,skeleton-css,dvh-units,live-region; FEEL=search loans
A1870	event-mobile	Event Mobile	industry-app	desktop-web	NAV-SIDE-RAIL	SH-DESK-DATAGRID	D-DEFAULT	IX-PRIMARY-THUMB	PLATFORM=desktop-web; PATTERN=event-mobile; NAV=NAV-SIDE-RAIL; SHELL=SH-DESK-DATAGRID; DENSITY=D-DEFAULT; IX=IX-PRIMARY-THUMB; IMPL=overscroll,container-queries,fine-pointer,clipboard-api; FEEL=agenda tickets map
A1871	ride-mobile	Ride Hail Mobile	industry-app	mobile-phone	NAV-DRAWER	SH-RESPONSIVE-COLLAPSE	D-TOUCH-COMFORT	IX-PRIMARY-THUMB	PLATFORM=mobile-phone; PATTERN=ride-mobile; NAV=NAV-DRAWER; SHELL=SH-RESPONSIVE-COLLAPSE; DENSITY=D-TOUCH-COMFORT; IX=IX-PRIMARY-THUMB; IMPL=csrf-safe,type-date,aria-current,coarse-pointer; FEEL=map request trip
A1872	tasks-desktop	Tasks Desktop	industry-app	desktop-web	NAV-SIDE-RAIL	SH-DESK-DATAGRID	D-DEFAULT	IX-KEYBOARD-SHORTCUTS	PLATFORM=desktop-web; PATTERN=tasks-desktop; NAV=NAV-SIDE-RAIL; SHELL=SH-DESK-DATAGRID; DENSITY=D-DEFAULT; IX=IX-KEYBOARD-SHORTCUTS; IMPL=debounce-search,intersection-infinite,dialog-element,session-timeout; FEEL=board/list detail
A1873	legal-desktop	Legal Desktop	industry-app	desktop-web	NAV-SIDE-TREE	SH-DESK-RAIL-MAIN-INSP	D-COMPACT	IX-KEYBOARD-SHORTCUTS	PLATFORM=desktop-web; PATTERN=legal-desktop; NAV=NAV-SIDE-TREE; SHELL=SH-DESK-RAIL-MAIN-INSP; DENSITY=D-COMPACT; IX=IX-KEYBOARD-SHORTCUTS; IMPL=fine-pointer,error-boundary-ui,aria-current,abort-controller; FEEL=matters documents
A1874	field-service-desktop	Field Service Desktop	industry-app	desktop-web	NAV-SIDE-RAIL	SH-DESK-TOOL-CANVAS	D-COMPACT	IX-KEYBOARD-SHORTCUTS	PLATFORM=desktop-web; PATTERN=field-service-desktop; NAV=NAV-SIDE-RAIL; SHELL=SH-DESK-TOOL-CANVAS; DENSITY=D-COMPACT; IX=IX-KEYBOARD-SHORTCUTS; IMPL=dialog-element,focus-trap,drag-drop-desktop,intersection-infinite; FEEL=schedule board
A1875	security-soc-desktop	SOC Desktop	industry-app	desktop-web	NAV-WIZARD	SH-DESK-IDE-LITE	D-COMPACT	IX-KEYBOARD-SHORTCUTS	PLATFORM=desktop-web; PATTERN=security-soc-desktop; NAV=NAV-WIZARD; SHELL=SH-DESK-IDE-LITE; DENSITY=D-COMPACT; IX=IX-KEYBOARD-SHORTCUTS; IMPL=intersection-infinite,container-queries,pointer-events,focus-trap; FEEL=alerts timeline
A1876	health-mobile	Health Tracker Mobile	industry-app	desktop-web	NAV-BREADCRUMB	SH-TABLET-RAIL	D-DEFAULT	IX-PRIMARY-THUMB	PLATFORM=desktop-web; PATTERN=health-mobile; NAV=NAV-BREADCRUMB; SHELL=SH-TABLET-RAIL; DENSITY=D-DEFAULT; IX=IX-PRIMARY-THUMB; IMPL=prefers-reduced-motion,pointer-events,grid-app-shell,virtual-list; FEEL=rings trends log
A1877	email-mobile	Mobile Email	industry-app	mobile-phone	NAV-DRAWER	SH-PHONE-SHEET	D-DEFAULT	IX-PRIMARY-THUMB	PLATFORM=mobile-phone; PATTERN=email-mobile; NAV=NAV-DRAWER; SHELL=SH-PHONE-SHEET; DENSITY=D-DEFAULT; IX=IX-PRIMARY-THUMB; IMPL=autocomplete,dialog-element,tap-highlight,install-pwa; FEEL=inbox thread compose
A1878	health-mobile	Health Tracker Mobile	industry-app	mobile-phone	NAV-BOTTOM-TABS	SH-PHONE-TABS	D-TOUCH-COMFORT	IX-PRIMARY-THUMB	PLATFORM=mobile-phone; PATTERN=health-mobile; NAV=NAV-BOTTOM-TABS; SHELL=SH-PHONE-TABS; DENSITY=D-TOUCH-COMFORT; IX=IX-PRIMARY-THUMB; IMPL=overscroll,network-information,safe-area-css,push-web; FEEL=rings trends log
A1879	m-list-dense	Dense mobile list	mobile-content-patterns	mobile-phone	NAV-STACK-PUSH	SH-PHONE-FEED	D-DEFAULT	IX-INFINITE-SCROLL	PLATFORM=mobile-phone; PATTERN=m-list-dense; NAV=NAV-STACK-PUSH; SHELL=SH-PHONE-FEED; DENSITY=D-DEFAULT; IX=IX-INFINITE-SCROLL; IMPL=aria-expanded,viewport-meta,csrf-safe,hover-media; FEEL=One primary line + meta
A1880	m-form-multipage	Multi-page form	mobile-content-patterns	mobile-phone	NAV-WIZARD	SH-PHONE-STACK	D-DEFAULT	IX-PRIMARY-THUMB	PLATFORM=mobile-phone; PATTERN=m-form-multipage; NAV=NAV-WIZARD; SHELL=SH-PHONE-STACK; DENSITY=D-DEFAULT; IX=IX-PRIMARY-THUMB; IMPL=aria-expanded,type-date,bottom-nav-fixed,live-region; FEEL=Save draft between pages
A1881	x-shared-tokens	Shared design tokens	cross-platform-app	responsive-app	NAV-COMMAND-PALETTE	SH-DESK-IDE-LITE	D-DEFAULT	IX-PRIMARY-THUMB	PLATFORM=responsive-app; PATTERN=x-shared-tokens; NAV=NAV-COMMAND-PALETTE; SHELL=SH-DESK-IDE-LITE; DENSITY=D-DEFAULT; IX=IX-PRIMARY-THUMB; IMPL=hotkeys,optimistic-ui,pointer-events,dvh-units; FEEL=Colour type space cross surface
A1882	travel-mobile	Travel Mobile	industry-app	mobile-phone	NAV-BOTTOM-TABS	SH-PHONE-TABS	D-TOUCH-COMFORT	IX-PRIMARY-THUMB	PLATFORM=mobile-phone; PATTERN=travel-mobile; NAV=NAV-BOTTOM-TABS; SHELL=SH-PHONE-TABS; DENSITY=D-TOUCH-COMFORT; IX=IX-PRIMARY-THUMB; IMPL=dvh-units,safe-area-css,type-date,pointer-events; FEEL=trips boarding
A1883	os-material-nav-bar	Material bottom nav	os-patterns	mobile-phone	NAV-BOTTOM-TABS	SH-PHONE-TABS	D-TOUCH-COMFORT	IX-PRIMARY-THUMB	PLATFORM=mobile-phone; PATTERN=os-material-nav-bar; NAV=NAV-BOTTOM-TABS; SHELL=SH-PHONE-TABS; DENSITY=D-TOUCH-COMFORT; IX=IX-PRIMARY-THUMB; IMPL=skeleton-css,autocomplete,service-worker-offline,biometric-webauthn; FEEL=3–5 destinations
A1884	d-split-compare	Compare split	desktop-structure	desktop-web	NAV-MASTER-DETAIL	SH-TABLET-SPLIT	D-DEFAULT	IX-KEYBOARD-SHORTCUTS	PLATFORM=desktop-web; PATTERN=d-split-compare; NAV=NAV-MASTER-DETAIL; SHELL=SH-TABLET-SPLIT; DENSITY=D-DEFAULT; IX=IX-KEYBOARD-SHORTCUTS; IMPL=grid-app-shell,command-palette-js,autocomplete,will-change-sparing; FEEL=A|B decision
A1885	manufacturing-mobile	Shop Floor Mobile	industry-app	desktop-web	NAV-MENUBAR	SH-DESK-DOCUMENT	D-DEFAULT	IX-PRIMARY-THUMB	PLATFORM=desktop-web; PATTERN=manufacturing-mobile; NAV=NAV-MENUBAR; SHELL=SH-DESK-DOCUMENT; DENSITY=D-DEFAULT; IX=IX-PRIMARY-THUMB; IMPL=intersection-infinite,roving-tabindex,focus-visible,focus-trap; FEEL=scan complete
A1886	os-win-navigation-view	Win NavigationView	os-patterns	desktop-web	NAV-TOOLBAR	SH-DESK-RAIL-MAIN	D-DEFAULT	IX-KEYBOARD-SHORTCUTS	PLATFORM=desktop-web; PATTERN=os-win-navigation-view; NAV=NAV-TOOLBAR; SHELL=SH-DESK-RAIL-MAIN; DENSITY=D-DEFAULT; IX=IX-KEYBOARD-SHORTCUTS; IMPL=roving-tabindex,form-novalidate,grid-app-shell,focus-visible; FEEL=Left nav expand
A1887	m-form-one-column	One-column form	mobile-content-patterns	mobile-phone	NAV-STACK-PUSH	SH-PHONE-STACK	D-TOUCH-COMFORT	IX-FORM-SECTIONED	PLATFORM=mobile-phone; PATTERN=m-form-one-column; NAV=NAV-STACK-PUSH; SHELL=SH-PHONE-STACK; DENSITY=D-TOUCH-COMFORT; IX=IX-FORM-SECTIONED; IMPL=scroll-padding,file-capture,prefers-color-scheme,dialog-element; FEEL=Labels above fields
A1888	fitness-mobile	Fitness Mobile	industry-app	mobile-phone	NAV-DRAWER	SH-PHONE-CANVAS	D-TOUCH-COMFORT	IX-PRIMARY-THUMB	PLATFORM=mobile-phone; PATTERN=fitness-mobile; NAV=NAV-DRAWER; SHELL=SH-PHONE-CANVAS; DENSITY=D-TOUCH-COMFORT; IX=IX-PRIMARY-THUMB; IMPL=prefers-color-scheme,error-boundary-ui,dvh-units,app-badge; FEEL=workout active timer
A1889	construction-desktop	Construction Desktop	industry-app	desktop-web	NAV-SIDE-RAIL	SH-DESK-TOOL-CANVAS	D-COMPACT	IX-KEYBOARD-SHORTCUTS	PLATFORM=desktop-web; PATTERN=construction-desktop; NAV=NAV-SIDE-RAIL; SHELL=SH-DESK-TOOL-CANVAS; DENSITY=D-COMPACT; IX=IX-KEYBOARD-SHORTCUTS; IMPL=prefers-contrast,live-region,intersection-infinite,csrf-safe; FEEL=projects drawings
A1890	manufacturing-mobile	Shop Floor Mobile	industry-app	responsive-app	NAV-NONE-FOCUS	SH-PHONE-STACK	D-TOUCH-COMFORT	IX-PRIMARY-THUMB	PLATFORM=responsive-app; PATTERN=manufacturing-mobile; NAV=NAV-NONE-FOCUS; SHELL=SH-PHONE-STACK; DENSITY=D-TOUCH-COMFORT; IX=IX-PRIMARY-THUMB; IMPL=resize-observer,vibrate-careful,service-worker-offline,hotkeys; FEEL=scan complete
A1891	email-mobile	Mobile Email	industry-app	responsive-app	NAV-STACK-PUSH	SH-PHONE-STACK	D-DEFAULT	IX-PRIMARY-THUMB	PLATFORM=responsive-app; PATTERN=email-mobile; NAV=NAV-STACK-PUSH; SHELL=SH-PHONE-STACK; DENSITY=D-DEFAULT; IX=IX-PRIMARY-THUMB; IMPL=touch-action,live-region,sticky-footer-cta,container-queries; FEEL=inbox thread compose
A1892	m-tab-per-stack	Tab + stack per root	mobile-structure	mobile-phone	NAV-WIZARD	SH-RESPONSIVE-COLLAPSE	D-TOUCH-COMFORT	IX-PRIMARY-THUMB	PLATFORM=mobile-phone; PATTERN=m-tab-per-stack; NAV=NAV-WIZARD; SHELL=SH-RESPONSIVE-COLLAPSE; DENSITY=D-TOUCH-COMFORT; IX=IX-PRIMARY-THUMB; IMPL=dialog-element,safe-area-css,touch-action,dvh-units; FEEL=Independent history per tab
A1893	d-kanban-desktop	Kanban board	desktop-structure	desktop-web	NAV-SIDE-RAIL	SH-DESK-TOOL-CANVAS	D-DEFAULT	IX-KEYBOARD-SHORTCUTS	PLATFORM=desktop-web; PATTERN=d-kanban-desktop; NAV=NAV-SIDE-RAIL; SHELL=SH-DESK-TOOL-CANVAS; DENSITY=D-DEFAULT; IX=IX-KEYBOARD-SHORTCUTS; IMPL=debounce-search,content-visibility,hotkeys,url-state; FEEL=Columns + cards
A1894	travel-desktop	Travel Desktop	industry-app	desktop-web	NAV-SIDE-RAIL	SH-DESK-RAIL-MAIN	D-DEFAULT	IX-KEYBOARD-SHORTCUTS	PLATFORM=desktop-web; PATTERN=travel-desktop; NAV=NAV-SIDE-RAIL; SHELL=SH-DESK-RAIL-MAIN; DENSITY=D-DEFAULT; IX=IX-KEYBOARD-SHORTCUTS; IMPL=focus-trap,command-palette-js,grid-app-shell,fine-pointer; FEEL=itinerary booking
A1895	d-progressive-more	More/Fewer options	desktop-density-keyboard	desktop-web	NAV-DRAWER	SH-DESK-IDE-LITE	D-DEFAULT	IX-FILTER-CHIPS	PLATFORM=desktop-web; PATTERN=d-progressive-more; NAV=NAV-DRAWER; SHELL=SH-DESK-IDE-LITE; DENSITY=D-DEFAULT; IX=IX-FILTER-CHIPS; IMPL=form-novalidate,abort-controller,dialog-element,prefers-color-scheme; FEEL=Hide rare advanced
A1896	os-macos-sidebar	macOS sidebar	os-patterns	desktop-web	NAV-SIDE-RAIL	SH-DESK-RAIL-MAIN	D-DEFAULT	IX-KEYBOARD-SHORTCUTS	PLATFORM=desktop-web; PATTERN=os-macos-sidebar; NAV=NAV-SIDE-RAIL; SHELL=SH-DESK-RAIL-MAIN; DENSITY=D-DEFAULT; IX=IX-KEYBOARD-SHORTCUTS; IMPL=optimistic-ui,dialog-element,error-boundary-ui,prefers-contrast; FEEL=Source list
A1897	m-onboarding-pager	Onboarding pager	mobile-structure	mobile-phone	NAV-WIZARD	SH-PHONE-STACK	D-COMFORTABLE	IX-PRIMARY-THUMB	PLATFORM=mobile-phone; PATTERN=m-onboarding-pager; NAV=NAV-WIZARD; SHELL=SH-PHONE-STACK; DENSITY=D-COMFORTABLE; IX=IX-PRIMARY-THUMB; IMPL=abort-controller,file-capture,will-change-sparing,autocomplete; FEEL=3–5 screens skipable
A1898	d-resize-panes	Resizable panes	desktop-density-keyboard	desktop-web	NAV-TOP-TABS	SH-DESK-IDE-LITE	D-DEFAULT	IX-SPLIT-RESIZE	PLATFORM=desktop-web; PATTERN=d-resize-panes; NAV=NAV-TOP-TABS; SHELL=SH-DESK-IDE-LITE; DENSITY=D-DEFAULT; IX=IX-SPLIT-RESIZE; IMPL=error-boundary-ui,roving-tabindex,skeleton-css,grid-app-shell; FEEL=Min width; persist
A1899	smart-home-mobile	Smart Home Mobile	industry-app	mobile-phone	NAV-BOTTOM-TABS	SH-PHONE-TABS	D-DEFAULT	IX-PRIMARY-THUMB	PLATFORM=mobile-phone; PATTERN=smart-home-mobile; NAV=NAV-BOTTOM-TABS; SHELL=SH-PHONE-TABS; DENSITY=D-DEFAULT; IX=IX-PRIMARY-THUMB; IMPL=bottom-nav-fixed,dvh-units,safe-area-css,live-region; FEEL=rooms scenes devices
A1900	school-desktop	School Admin Desktop	industry-app	responsive-app	NAV-SIDE-RAIL	SH-DESK-DATAGRID	D-COMPACT	IX-KEYBOARD-SHORTCUTS	PLATFORM=responsive-app; PATTERN=school-desktop; NAV=NAV-SIDE-RAIL; SHELL=SH-DESK-DATAGRID; DENSITY=D-COMPACT; IX=IX-KEYBOARD-SHORTCUTS; IMPL=popover-api,roving-tabindex,history-stack,autocomplete; FEEL=roster attendance
A1901	field-service-desktop	Field Service Desktop	industry-app	desktop-web	NAV-SIDE-RAIL	SH-DESK-TOOL-CANVAS	D-COMPACT	IX-KEYBOARD-SHORTCUTS	PLATFORM=desktop-web; PATTERN=field-service-desktop; NAV=NAV-SIDE-RAIL; SHELL=SH-DESK-TOOL-CANVAS; DENSITY=D-COMPACT; IX=IX-KEYBOARD-SHORTCUTS; IMPL=skeleton-css,resize-observer,grid-app-shell,matchmedia; FEEL=schedule board
A1902	m-bottom-tabs-3	Bottom tabs (3)	mobile-structure	mobile-phone	NAV-TAB+STACK	SH-PHONE-TABS	D-TOUCH-COMFORT	IX-PRIMARY-THUMB	PLATFORM=mobile-phone; PATTERN=m-bottom-tabs-3; NAV=NAV-TAB+STACK; SHELL=SH-PHONE-TABS; DENSITY=D-TOUCH-COMFORT; IX=IX-PRIMARY-THUMB; IMPL=will-change-sparing,dialog-element,pointer-events,touch-action; FEEL=Focused product
A1903	os-ios-swipe-back	iOS interactive pop	os-patterns	mobile-phone	NAV-STACK-PUSH	SH-PHONE-STACK	D-DEFAULT	IX-PRIMARY-THUMB	PLATFORM=mobile-phone; PATTERN=os-ios-swipe-back; NAV=NAV-STACK-PUSH; SHELL=SH-PHONE-STACK; DENSITY=D-DEFAULT; IX=IX-PRIMARY-THUMB; IMPL=will-change-sparing,virtual-list,live-region,scroll-padding; FEEL=Edge swipe back
A1904	smart-home-desktop	Smart Home Desktop	industry-app	desktop-web	NAV-SIDE-RAIL	SH-DESK-TOOL-CANVAS	D-DEFAULT	IX-KEYBOARD-SHORTCUTS	PLATFORM=desktop-web; PATTERN=smart-home-desktop; NAV=NAV-SIDE-RAIL; SHELL=SH-DESK-TOOL-CANVAS; DENSITY=D-DEFAULT; IX=IX-KEYBOARD-SHORTCUTS; IMPL=session-timeout,will-change-sparing,grid-app-shell,abort-controller; FEEL=floorplan devices
A1905	d-shortcuts-help	? shortcuts cheatsheet	desktop-density-keyboard	desktop-web	NAV-TOP-TABS	SH-DESK-TOOL-CANVAS	D-DEFAULT	IX-KEYBOARD-SHORTCUTS	PLATFORM=desktop-web; PATTERN=d-shortcuts-help; NAV=NAV-TOP-TABS; SHELL=SH-DESK-TOOL-CANVAS; DENSITY=D-DEFAULT; IX=IX-KEYBOARD-SHORTCUTS; IMPL=session-timeout,aria-current,content-visibility,abort-controller; FEEL=Discoverable shortcuts
A1906	social-mobile	Social Mobile	industry-app	mobile-phone	NAV-BOTTOM-TABS	SH-PHONE-FEED	D-DEFAULT	IX-PRIMARY-THUMB	PLATFORM=mobile-phone; PATTERN=social-mobile; NAV=NAV-BOTTOM-TABS; SHELL=SH-PHONE-FEED; DENSITY=D-DEFAULT; IX=IX-PRIMARY-THUMB; IMPL=service-worker-offline,error-boundary-ui,url-state,share-api; FEEL=feed create profile
A1907	m-profile-me	Profile / Me tab	mobile-structure	mobile-phone	NAV-BOTTOM-TABS	SH-PHONE-TABS	D-DEFAULT	IX-PRIMARY-THUMB	PLATFORM=mobile-phone; PATTERN=m-profile-me; NAV=NAV-BOTTOM-TABS; SHELL=SH-PHONE-TABS; DENSITY=D-DEFAULT; IX=IX-PRIMARY-THUMB; IMPL=abort-controller,history-stack,viewport-meta,push-web; FEEL=Account + prefs entry
A1908	d-kanban-desktop	Kanban board	desktop-structure	desktop-web	NAV-SIDE-RAIL	SH-DESK-TOOL-CANVAS	D-DEFAULT	IX-KEYBOARD-SHORTCUTS	PLATFORM=desktop-web; PATTERN=d-kanban-desktop; NAV=NAV-SIDE-RAIL; SHELL=SH-DESK-TOOL-CANVAS; DENSITY=D-DEFAULT; IX=IX-KEYBOARD-SHORTCUTS; IMPL=roving-tabindex,autocomplete,prefers-color-scheme,error-boundary-ui; FEEL=Columns + cards
A1909	m-form-multipage	Multi-page form	mobile-content-patterns	mobile-phone	NAV-MODAL-SHEET	SH-PHONE-STACK	D-DEFAULT	IX-PRIMARY-THUMB	PLATFORM=mobile-phone; PATTERN=m-form-multipage; NAV=NAV-MODAL-SHEET; SHELL=SH-PHONE-STACK; DENSITY=D-DEFAULT; IX=IX-PRIMARY-THUMB; IMPL=prefers-color-scheme,virtual-list,focus-trap,bottom-nav-fixed; FEEL=Save draft between pages
A1910	m-safe-area-chrome	Safe-area chrome	mobile-touch-a11y	mobile-phone	NAV-BOTTOM-TABS	SH-PHONE-TABS	D-TOUCH-COMFORT	IX-STICKY-FOOTER-CTA	PLATFORM=mobile-phone; PATTERN=m-safe-area-chrome; NAV=NAV-BOTTOM-TABS; SHELL=SH-PHONE-TABS; DENSITY=D-TOUCH-COMFORT; IX=IX-STICKY-FOOTER-CTA; IMPL=push-web,safe-area-css,focus-trap,optimistic-ui; FEEL=Tabs/CTAs above home indicator
A1911	m-form-multipage	Multi-page form	mobile-content-patterns	mobile-phone	NAV-WIZARD	SH-PHONE-STACK	D-DEFAULT	IX-PRIMARY-THUMB	PLATFORM=mobile-phone; PATTERN=m-form-multipage; NAV=NAV-WIZARD; SHELL=SH-PHONE-STACK; DENSITY=D-DEFAULT; IX=IX-PRIMARY-THUMB; IMPL=inputmode,safe-area-css,push-web,aria-current; FEEL=Save draft between pages
A1912	m-offline-first-list	Offline-first list	mobile-structure	mobile-phone	NAV-TAB+STACK	SH-PHONE-FEED	D-DEFAULT	IX-PRIMARY-THUMB	PLATFORM=mobile-phone; PATTERN=m-offline-first-list; NAV=NAV-TAB+STACK; SHELL=SH-PHONE-FEED; DENSITY=D-DEFAULT; IX=IX-PRIMARY-THUMB; IMPL=app-badge,optimistic-ui,tap-highlight,prefers-color-scheme; FEEL=Cached + sync state
A1913	m-status-bar-legible	Status bar legible	mobile-touch-a11y	mobile-phone	NAV-DRAWER	SH-RESPONSIVE-COLLAPSE	D-DEFAULT	IX-PRIMARY-THUMB	PLATFORM=mobile-phone; PATTERN=m-status-bar-legible; NAV=NAV-DRAWER; SHELL=SH-RESPONSIVE-COLLAPSE; DENSITY=D-DEFAULT; IX=IX-PRIMARY-THUMB; IMPL=file-capture,dialog-element,debounce-search,safe-area-css; FEEL=Content not under status
A1914	d-typeahead	Typeahead find	desktop-density-keyboard	desktop-web	NAV-NONE-FOCUS	SH-DESK-DASH	D-COMPACT	IX-SEARCH-FIRST	PLATFORM=desktop-web; PATTERN=d-typeahead; NAV=NAV-NONE-FOCUS; SHELL=SH-DESK-DASH; DENSITY=D-COMPACT; IX=IX-SEARCH-FIRST; IMPL=focus-trap,url-state,dialog-element,prefers-color-scheme; FEEL=Jump in lists
A1915	d-master-detail	Master-detail	desktop-structure	desktop-web	NAV-NONE-FOCUS	SH-RESPONSIVE-COLLAPSE	D-DEFAULT	IX-KEYBOARD-SHORTCUTS	PLATFORM=desktop-web; PATTERN=d-master-detail; NAV=NAV-NONE-FOCUS; SHELL=SH-RESPONSIVE-COLLAPSE; DENSITY=D-DEFAULT; IX=IX-KEYBOARD-SHORTCUTS; IMPL=command-palette-js,prefers-color-scheme,session-timeout,optimistic-ui; FEEL=List drives detail
A1916	gov-services-mobile	Gov Services Mobile	industry-app	mobile-phone	NAV-BOTTOM-TABS	SH-PHONE-TABS	D-TOUCH-COMFORT	IX-PRIMARY-THUMB	PLATFORM=mobile-phone; PATTERN=gov-services-mobile; NAV=NAV-BOTTOM-TABS; SHELL=SH-PHONE-TABS; DENSITY=D-TOUCH-COMFORT; IX=IX-PRIMARY-THUMB; IMPL=pointer-events,autocomplete,overscroll,viewport-meta; FEEL=tasks forms status
A1917	d-large-display	Large display use	desktop-density-keyboard	desktop-web	NAV-COMMAND-PALETTE	SH-DESK-RAIL-MAIN-INSP	D-DEFAULT	IX-SPLIT-RESIZE	PLATFORM=desktop-web; PATTERN=d-large-display; NAV=NAV-COMMAND-PALETTE; SHELL=SH-DESK-RAIL-MAIN-INSP; DENSITY=D-DEFAULT; IX=IX-SPLIT-RESIZE; IMPL=session-timeout,abort-controller,resize-observer,hover-media; FEEL=Don't stretch uselessly
A1918	music-desktop	Music Desktop	industry-app	desktop-web	NAV-COMMAND-PALETTE	SH-DESK-DOCUMENT	D-DEFAULT	IX-KEYBOARD-SHORTCUTS	PLATFORM=desktop-web; PATTERN=music-desktop; NAV=NAV-COMMAND-PALETTE; SHELL=SH-DESK-DOCUMENT; DENSITY=D-DEFAULT; IX=IX-KEYBOARD-SHORTCUTS; IMPL=popover-api,url-state,intersection-infinite,form-novalidate; FEEL=library player queue
A1919	restaurant-pos-tablet	Restaurant POS Tablet	industry-app	mobile-tablet	NAV-STACK-PUSH	SH-RESPONSIVE-COLLAPSE	D-TOUCH-COMFORT	IX-EMPTY-CTA	PLATFORM=mobile-tablet; PATTERN=restaurant-pos-tablet; NAV=NAV-STACK-PUSH; SHELL=SH-RESPONSIVE-COLLAPSE; DENSITY=D-TOUCH-COMFORT; IX=IX-EMPTY-CTA; IMPL=coarse-pointer,autocomplete,prefers-reduced-motion,intersection-infinite; FEEL=tickets menu pay
A1920	m-list-media	Media list rows	mobile-content-patterns	mobile-phone	NAV-DRAWER	SH-PHONE-FEED	D-DEFAULT	IX-INFINITE-SCROLL	PLATFORM=mobile-phone; PATTERN=m-list-media; NAV=NAV-DRAWER; SHELL=SH-PHONE-FEED; DENSITY=D-DEFAULT; IX=IX-INFINITE-SCROLL; IMPL=touch-action,history-stack,error-boundary-ui,virtual-list; FEEL=Thumb + title + meta
A1921	calendar-mobile	Mobile Calendar	industry-app	mobile-phone	NAV-STACK-PUSH	SH-PHONE-TABS	D-DEFAULT	IX-PRIMARY-THUMB	PLATFORM=mobile-phone; PATTERN=calendar-mobile; NAV=NAV-STACK-PUSH; SHELL=SH-PHONE-TABS; DENSITY=D-DEFAULT; IX=IX-PRIMARY-THUMB; IMPL=vibrate-careful,form-novalidate,coarse-pointer,min-touch; FEEL=agenda day create
A1922	x-notifications-inbox	In-app notification inbox	cross-platform-app	responsive-app	NAV-MENUBAR	SH-DESK-TOOL-CANVAS	D-DEFAULT	IX-EMPTY-CTA	PLATFORM=responsive-app; PATTERN=x-notifications-inbox; NAV=NAV-MENUBAR; SHELL=SH-DESK-TOOL-CANVAS; DENSITY=D-DEFAULT; IX=IX-EMPTY-CTA; IMPL=dialog-element,scroll-padding,sticky-footer-cta,url-state; FEEL=Read state + deep link
A1923	m-target-44	44pt touch targets	mobile-touch-a11y	mobile-phone	NAV-BOTTOM-TABS	SH-PHONE-TABS	D-TOUCH-COMFORT	IX-PRIMARY-THUMB	PLATFORM=mobile-phone; PATTERN=m-target-44; NAV=NAV-BOTTOM-TABS; SHELL=SH-PHONE-TABS; DENSITY=D-TOUCH-COMFORT; IX=IX-PRIMARY-THUMB; IMPL=dvh-units,touch-action,virtual-list,url-state; FEEL=Primary controls ≥44×44
A1924	mdm-mobile	Device Enrol Mobile	industry-app	mobile-phone	NAV-WIZARD	SH-PHONE-STACK	D-TOUCH-COMFORT	IX-PRIMARY-THUMB	PLATFORM=mobile-phone; PATTERN=mdm-mobile; NAV=NAV-WIZARD; SHELL=SH-PHONE-STACK; DENSITY=D-TOUCH-COMFORT; IX=IX-PRIMARY-THUMB; IMPL=inputmode,dialog-element,bottom-nav-fixed,skeleton-css; FEEL=enrol status
A1925	d-master-detail	Master-detail	desktop-structure	desktop-web	NAV-MASTER-DETAIL	SH-TABLET-SPLIT	D-DEFAULT	IX-KEYBOARD-SHORTCUTS	PLATFORM=desktop-web; PATTERN=d-master-detail; NAV=NAV-MASTER-DETAIL; SHELL=SH-TABLET-SPLIT; DENSITY=D-DEFAULT; IX=IX-KEYBOARD-SHORTCUTS; IMPL=drag-drop-desktop,resize-observer,csrf-safe,grid-app-shell; FEEL=List drives detail
A1926	analytics-desktop	Analytics Desktop	industry-app	desktop-web	NAV-SIDE-RAIL	SH-DESK-DASH	D-COMPACT	IX-KEYBOARD-SHORTCUTS	PLATFORM=desktop-web; PATTERN=analytics-desktop; NAV=NAV-SIDE-RAIL; SHELL=SH-DESK-DASH; DENSITY=D-COMPACT; IX=IX-KEYBOARD-SHORTCUTS; IMPL=hotkeys,command-palette-js,abort-controller,virtual-list; FEEL=explore charts
A1927	d-focus-trap-modal	Modal focus trap	desktop-density-keyboard	desktop-web	NAV-MENUBAR	SH-TABLET-RAIL	D-DEFAULT	IX-KEYBOARD-SHORTCUTS	PLATFORM=desktop-web; PATTERN=d-focus-trap-modal; NAV=NAV-MENUBAR; SHELL=SH-TABLET-RAIL; DENSITY=D-DEFAULT; IX=IX-KEYBOARD-SHORTCUTS; IMPL=abort-controller,resize-observer,matchmedia,virtual-list; FEEL=Esc closes; restore focus
A1928	food-delivery-mobile	Food Delivery Mobile	industry-app	mobile-phone	NAV-STACK-PUSH	SH-PHONE-TABS	D-TOUCH-COMFORT	IX-PRIMARY-THUMB	PLATFORM=mobile-phone; PATTERN=food-delivery-mobile; NAV=NAV-STACK-PUSH; SHELL=SH-PHONE-TABS; DENSITY=D-TOUCH-COMFORT; IX=IX-PRIMARY-THUMB; IMPL=inputmode,focus-visible,debounce-search,viewport-meta; FEEL=browse cart track
A1929	m-hero-then-list	Hero then list	mobile-content-patterns	mobile-phone	NAV-STACK-PUSH	SH-PHONE-STACK	D-DEFAULT	IX-EMPTY-CTA	PLATFORM=mobile-phone; PATTERN=m-hero-then-list; NAV=NAV-STACK-PUSH; SHELL=SH-PHONE-STACK; DENSITY=D-DEFAULT; IX=IX-EMPTY-CTA; IMPL=inputmode,focus-visible,sticky-footer-cta,file-capture; FEEL=Context then inventory
A1930	commerce-mobile	Mobile Commerce	industry-app	mobile-phone	NAV-BOTTOM-TABS	SH-PHONE-TABS	D-TOUCH-COMFORT	IX-PRIMARY-THUMB	PLATFORM=mobile-phone; PATTERN=commerce-mobile; NAV=NAV-BOTTOM-TABS; SHELL=SH-PHONE-TABS; DENSITY=D-TOUCH-COMFORT; IX=IX-PRIMARY-THUMB; IMPL=sticky-footer-cta,overscroll,history-stack,content-visibility; FEEL=browse pdp cart checkout
A1931	devtool-desktop	Developer Tool	industry-app	mobile-phone	NAV-DRAWER	SH-PHONE-CANVAS	D-TOUCH-COMFORT	IX-KEYBOARD-SHORTCUTS	PLATFORM=mobile-phone; PATTERN=devtool-desktop; NAV=NAV-DRAWER; SHELL=SH-PHONE-CANVAS; DENSITY=D-TOUCH-COMFORT; IX=IX-KEYBOARD-SHORTCUTS; IMPL=virtual-list,focus-trap,push-web,history-stack; FEEL=editor panels on demand
A1932	d-map-desktop	Map ops desktop	desktop-structure	desktop-web	NAV-MASTER-DETAIL	SH-TABLET-SPLIT	D-DEFAULT	IX-KEYBOARD-SHORTCUTS	PLATFORM=desktop-web; PATTERN=d-map-desktop; NAV=NAV-MASTER-DETAIL; SHELL=SH-TABLET-SPLIT; DENSITY=D-DEFAULT; IX=IX-KEYBOARD-SHORTCUTS; IMPL=overscroll,resize-observer,popover-api,hotkeys; FEEL=Map + side list
A1933	m-create-fab	Create via FAB	mobile-structure	mobile-phone	NAV-BOTTOM-TABS	SH-PHONE-FEED	D-TOUCH-COMFORT	IX-PRIMARY-THUMB	PLATFORM=mobile-phone; PATTERN=m-create-fab; NAV=NAV-BOTTOM-TABS; SHELL=SH-PHONE-FEED; DENSITY=D-TOUCH-COMFORT; IX=IX-PRIMARY-THUMB; IMPL=abort-controller,csrf-safe,dialog-element,skeleton-css; FEEL=One create affordance
A1934	d-chat-desktop	Desktop messaging	desktop-structure	desktop-web	NAV-MASTER-DETAIL	SH-DESK-RAIL-MAIN-INSP	D-DEFAULT	IX-KEYBOARD-SHORTCUTS	PLATFORM=desktop-web; PATTERN=d-chat-desktop; NAV=NAV-MASTER-DETAIL; SHELL=SH-DESK-RAIL-MAIN-INSP; DENSITY=D-DEFAULT; IX=IX-KEYBOARD-SHORTCUTS; IMPL=will-change-sparing,roving-tabindex,url-state,live-region; FEEL=List | thread | optional info
A1935	sports-desktop	Sports Desktop	industry-app	desktop-web	NAV-SIDE-RAIL	SH-DESK-DASH	D-COMPACT	IX-KEYBOARD-SHORTCUTS	PLATFORM=desktop-web; PATTERN=sports-desktop; NAV=NAV-SIDE-RAIL; SHELL=SH-DESK-DASH; DENSITY=D-COMPACT; IX=IX-KEYBOARD-SHORTCUTS; IMPL=live-region,form-novalidate,intersection-infinite,overscroll; FEEL=stats tables live
A1936	m-tab-per-stack	Tab + stack per root	mobile-structure	mobile-phone	NAV-TAB+STACK	SH-PHONE-TABS	D-TOUCH-COMFORT	IX-PRIMARY-THUMB	PLATFORM=mobile-phone; PATTERN=m-tab-per-stack; NAV=NAV-TAB+STACK; SHELL=SH-PHONE-TABS; DENSITY=D-TOUCH-COMFORT; IX=IX-PRIMARY-THUMB; IMPL=touch-action,virtual-list,live-region,content-visibility; FEEL=Independent history per tab
A1937	m-checkout-linear	Mobile checkout linear	mobile-structure	mobile-phone	NAV-BOTTOM-SHEET	SH-RESPONSIVE-COLLAPSE	D-TOUCH-COMFORT	IX-PRIMARY-THUMB	PLATFORM=mobile-phone; PATTERN=m-checkout-linear; NAV=NAV-BOTTOM-SHEET; SHELL=SH-RESPONSIVE-COLLAPSE; DENSITY=D-TOUCH-COMFORT; IX=IX-PRIMARY-THUMB; IMPL=dialog-element,prefers-reduced-motion,touch-action,aria-current; FEEL=Steps, progress, sticky pay
A1938	m-push-pref-center	Notification prefs	mobile-content-patterns	mobile-phone	NAV-WIZARD	SH-PHONE-SHEET	D-DEFAULT	IX-PRIMARY-THUMB	PLATFORM=mobile-phone; PATTERN=m-push-pref-center; NAV=NAV-WIZARD; SHELL=SH-PHONE-SHEET; DENSITY=D-DEFAULT; IX=IX-PRIMARY-THUMB; IMPL=virtual-list,touch-action,min-touch,skeleton-css; FEEL=Granular, not all-or-nothing
A1939	m-haptic-meaning	Haptics with meaning	mobile-touch-a11y	mobile-phone	NAV-STACK-PUSH	SH-PHONE-STACK	D-DEFAULT	IX-UNDO-TOAST	PLATFORM=mobile-phone; PATTERN=m-haptic-meaning; NAV=NAV-STACK-PUSH; SHELL=SH-PHONE-STACK; DENSITY=D-DEFAULT; IX=IX-UNDO-TOAST; IMPL=optimistic-ui,flex-phone-column,safe-area-css,skeleton-css; FEEL=Confirm/error/success only
A1940	m-tab-per-stack	Tab + stack per root	mobile-structure	mobile-phone	NAV-TAB+STACK	SH-PHONE-TABS	D-TOUCH-COMFORT	IX-PRIMARY-THUMB	PLATFORM=mobile-phone; PATTERN=m-tab-per-stack; NAV=NAV-TAB+STACK; SHELL=SH-PHONE-TABS; DENSITY=D-TOUCH-COMFORT; IX=IX-PRIMARY-THUMB; IMPL=matchmedia,url-state,app-badge,touch-action; FEEL=Independent history per tab
A1941	calendar-desktop	Desktop Calendar	industry-app	desktop-web	NAV-SIDE-RAIL	SH-DESK-TOOL-CANVAS	D-DEFAULT	IX-KEYBOARD-SHORTCUTS	PLATFORM=desktop-web; PATTERN=calendar-desktop; NAV=NAV-SIDE-RAIL; SHELL=SH-DESK-TOOL-CANVAS; DENSITY=D-DEFAULT; IX=IX-KEYBOARD-SHORTCUTS; IMPL=abort-controller,localstorage-prefs,grid-app-shell,fine-pointer; FEEL=week grid create
A1942	nonprofit-mobile	Nonprofit Mobile	industry-app	mobile-phone	NAV-BOTTOM-TABS	SH-PHONE-TABS	D-COMFORTABLE	IX-PRIMARY-THUMB	PLATFORM=mobile-phone; PATTERN=nonprofit-mobile; NAV=NAV-BOTTOM-TABS; SHELL=SH-PHONE-TABS; DENSITY=D-COMFORTABLE; IX=IX-PRIMARY-THUMB; IMPL=aria-current,autocomplete,optimistic-ui,share-api; FEEL=donate volunteer
A1943	m-status-bar-legible	Status bar legible	mobile-touch-a11y	mobile-phone	NAV-BOTTOM-SHEET	SH-PHONE-SHEET	D-DEFAULT	IX-PRIMARY-THUMB	PLATFORM=mobile-phone; PATTERN=m-status-bar-legible; NAV=NAV-BOTTOM-SHEET; SHELL=SH-PHONE-SHEET; DENSITY=D-DEFAULT; IX=IX-PRIMARY-THUMB; IMPL=live-region,matchmedia,vibrate-careful,scroll-padding; FEEL=Content not under status
A1944	x-localization-ready	Localization ready	cross-platform-app	responsive-app	NAV-NONE-FOCUS	SH-RESPONSIVE-COLLAPSE	D-DEFAULT	IX-PRIMARY-THUMB	PLATFORM=responsive-app; PATTERN=x-localization-ready; NAV=NAV-NONE-FOCUS; SHELL=SH-RESPONSIVE-COLLAPSE; DENSITY=D-DEFAULT; IX=IX-PRIMARY-THUMB; IMPL=app-badge,localstorage-prefs,biometric-webauthn,install-pwa; FEEL=No truncated critical labels
A1945	d-design-canvas	Design/tool canvas	desktop-structure	desktop-web	NAV-TOOLBAR	SH-DESK-TOOL-CANVAS	D-DEFAULT	IX-KEYBOARD-SHORTCUTS	PLATFORM=desktop-web; PATTERN=d-design-canvas; NAV=NAV-TOOLBAR; SHELL=SH-DESK-TOOL-CANVAS; DENSITY=D-DEFAULT; IX=IX-KEYBOARD-SHORTCUTS; IMPL=command-palette-js,resize-observer,aria-current,url-state; FEEL=Tools on demand
A1946	m-hero-then-list	Hero then list	mobile-content-patterns	mobile-phone	NAV-MODAL-SHEET	SH-PHONE-SHEET	D-DEFAULT	IX-EMPTY-CTA	PLATFORM=mobile-phone; PATTERN=m-hero-then-list; NAV=NAV-MODAL-SHEET; SHELL=SH-PHONE-SHEET; DENSITY=D-DEFAULT; IX=IX-EMPTY-CTA; IMPL=inputmode,optimistic-ui,min-touch,pointer-events; FEEL=Context then inventory
A1947	os-win-titlebar	Windows titlebar patterns	os-patterns	desktop-web	NAV-MENUBAR	SH-DESK-DOCUMENT	D-DEFAULT	IX-KEYBOARD-SHORTCUTS	PLATFORM=desktop-web; PATTERN=os-win-titlebar; NAV=NAV-MENUBAR; SHELL=SH-DESK-DOCUMENT; DENSITY=D-DEFAULT; IX=IX-KEYBOARD-SHORTCUTS; IMPL=pointer-events,drag-drop-desktop,live-region,aria-expanded; FEEL=App icon caption buttons
A1948	os-android-snackbar	Snackbar + action	os-patterns	mobile-phone	NAV-STACK-PUSH	SH-PHONE-STACK	D-DEFAULT	IX-UNDO-TOAST	PLATFORM=mobile-phone; PATTERN=os-android-snackbar; NAV=NAV-STACK-PUSH; SHELL=SH-PHONE-STACK; DENSITY=D-DEFAULT; IX=IX-UNDO-TOAST; IMPL=viewport-meta,service-worker-offline,network-information,aria-current; FEEL=Undo short
A1949	photos-desktop	Photos Desktop	industry-app	desktop-web	NAV-SIDE-RAIL	SH-DESK-TOOL-CANVAS	D-DEFAULT	IX-KEYBOARD-SHORTCUTS	PLATFORM=desktop-web; PATTERN=photos-desktop; NAV=NAV-SIDE-RAIL; SHELL=SH-DESK-TOOL-CANVAS; DENSITY=D-DEFAULT; IX=IX-KEYBOARD-SHORTCUTS; IMPL=command-palette-js,prefers-contrast,grid-app-shell,popover-api; FEEL=library edit
A1950	music-desktop	Music Desktop	industry-app	desktop-web	NAV-BREADCRUMB	SH-RESPONSIVE-COLLAPSE	D-DEFAULT	IX-KEYBOARD-SHORTCUTS	PLATFORM=desktop-web; PATTERN=music-desktop; NAV=NAV-BREADCRUMB; SHELL=SH-RESPONSIVE-COLLAPSE; DENSITY=D-DEFAULT; IX=IX-KEYBOARD-SHORTCUTS; IMPL=live-region,prefers-contrast,content-visibility,prefers-color-scheme; FEEL=library player queue
A1951	x-empty-permission	Empty by permission	cross-platform-app	responsive-app	NAV-NONE-FOCUS	SH-RESPONSIVE-COLLAPSE	D-DEFAULT	IX-EMPTY-CTA	PLATFORM=responsive-app; PATTERN=x-empty-permission; NAV=NAV-NONE-FOCUS; SHELL=SH-RESPONSIVE-COLLAPSE; DENSITY=D-DEFAULT; IX=IX-EMPTY-CTA; IMPL=install-pwa,prefers-reduced-motion,file-capture,hotkeys; FEEL=Explain access gap
A1952	chat-mobile	Mobile Chat	industry-app	mobile-phone	NAV-STACK-PUSH	SH-PHONE-STACK	D-DEFAULT	IX-PRIMARY-THUMB	PLATFORM=mobile-phone; PATTERN=chat-mobile; NAV=NAV-STACK-PUSH; SHELL=SH-PHONE-STACK; DENSITY=D-DEFAULT; IX=IX-PRIMARY-THUMB; IMPL=biometric-webauthn,focus-trap,flex-phone-column,aria-expanded; FEEL=threads composer
A1953	x-audit-trail	Audit-friendly UI	cross-platform-app	responsive-app	NAV-SIDE-RAIL	SH-DESK-DATAGRID	D-COMPACT	IX-INLINE-EDIT	PLATFORM=responsive-app; PATTERN=x-audit-trail; NAV=NAV-SIDE-RAIL; SHELL=SH-DESK-DATAGRID; DENSITY=D-COMPACT; IX=IX-INLINE-EDIT; IMPL=focus-visible,share-api,focus-trap,aria-expanded; FEEL=Who/when visible in ops
A1954	notes-desktop	Notes Desktop	industry-app	desktop-web	NAV-SIDE-RAIL	SH-DESK-DOCUMENT	D-DEFAULT	IX-KEYBOARD-SHORTCUTS	PLATFORM=desktop-web; PATTERN=notes-desktop; NAV=NAV-SIDE-RAIL; SHELL=SH-DESK-DOCUMENT; DENSITY=D-DEFAULT; IX=IX-KEYBOARD-SHORTCUTS; IMPL=popover-api,abort-controller,drag-drop-desktop,autocomplete; FEEL=sidebar editor
A1955	m-auth-focus	Auth focus flow	mobile-structure	mobile-phone	NAV-NONE-FOCUS	SH-PHONE-STACK	D-COMFORTABLE	IX-PRIMARY-THUMB	PLATFORM=mobile-phone; PATTERN=m-auth-focus; NAV=NAV-NONE-FOCUS; SHELL=SH-PHONE-STACK; DENSITY=D-COMFORTABLE; IX=IX-PRIMARY-THUMB; IMPL=file-capture,push-web,viewport-meta,dvh-units; FEEL=No app chrome
A1956	security-soc-desktop	SOC Desktop	industry-app	desktop-web	NAV-MASTER-DETAIL	SH-DESK-RAIL-MAIN-INSP	D-COMPACT	IX-KEYBOARD-SHORTCUTS	PLATFORM=desktop-web; PATTERN=security-soc-desktop; NAV=NAV-MASTER-DETAIL; SHELL=SH-DESK-RAIL-MAIN-INSP; DENSITY=D-COMPACT; IX=IX-KEYBOARD-SHORTCUTS; IMPL=grid-app-shell,popover-api,focus-visible,prefers-color-scheme; FEEL=alerts timeline
A1957	legal-desktop	Legal Desktop	industry-app	desktop-web	NAV-DRAWER	SH-DESK-TOOL-CANVAS	D-COMPACT	IX-KEYBOARD-SHORTCUTS	PLATFORM=desktop-web; PATTERN=legal-desktop; NAV=NAV-DRAWER; SHELL=SH-DESK-TOOL-CANVAS; DENSITY=D-COMPACT; IX=IX-KEYBOARD-SHORTCUTS; IMPL=prefers-reduced-motion,skeleton-css,dialog-element,content-visibility; FEEL=matters documents
A1958	m-single-feed	Single feed app	mobile-structure	mobile-phone	NAV-NONE-FOCUS	SH-PHONE-FEED	D-DEFAULT	IX-PRIMARY-THUMB	PLATFORM=mobile-phone; PATTERN=m-single-feed; NAV=NAV-NONE-FOCUS; SHELL=SH-PHONE-FEED; DENSITY=D-DEFAULT; IX=IX-PRIMARY-THUMB; IMPL=share-api,tap-highlight,touch-action,optimistic-ui; FEEL=Content is the app
A1959	m-picker-sheet	Picker sheet	mobile-structure	mobile-phone	NAV-BOTTOM-SHEET	SH-RESPONSIVE-COLLAPSE	D-TOUCH-COMFORT	IX-PRIMARY-THUMB	PLATFORM=mobile-phone; PATTERN=m-picker-sheet; NAV=NAV-BOTTOM-SHEET; SHELL=SH-RESPONSIVE-COLLAPSE; DENSITY=D-TOUCH-COMFORT; IX=IX-PRIMARY-THUMB; IMPL=intersection-infinite,touch-action,flex-phone-column,url-state; FEEL=Select without full page
A1960	photos-mobile	Photos Mobile	industry-app	mobile-phone	NAV-NONE-FOCUS	SH-PHONE-FEED	D-DEFAULT	IX-PRIMARY-THUMB	PLATFORM=mobile-phone; PATTERN=photos-mobile; NAV=NAV-NONE-FOCUS; SHELL=SH-PHONE-FEED; DENSITY=D-DEFAULT; IX=IX-PRIMARY-THUMB; IMPL=safe-area-css,intersection-infinite,pointer-events,content-visibility; FEEL=library memories
A1961	ride-driver-mobile	Driver Mobile	industry-app	mobile-phone	NAV-NONE-FOCUS	SH-PHONE-CANVAS	D-TOUCH-COMFORT	IX-PRIMARY-THUMB	PLATFORM=mobile-phone; PATTERN=ride-driver-mobile; NAV=NAV-NONE-FOCUS; SHELL=SH-PHONE-CANVAS; DENSITY=D-TOUCH-COMFORT; IX=IX-PRIMARY-THUMB; IMPL=sticky-footer-cta,prefers-color-scheme,history-stack,hover-media; FEEL=requests nav
A1962	sports-desktop	Sports Desktop	industry-app	desktop-web	NAV-SIDE-RAIL	SH-DESK-DASH	D-COMPACT	IX-KEYBOARD-SHORTCUTS	PLATFORM=desktop-web; PATTERN=sports-desktop; NAV=NAV-SIDE-RAIL; SHELL=SH-DESK-DASH; DENSITY=D-COMPACT; IX=IX-KEYBOARD-SHORTCUTS; IMPL=url-state,abort-controller,skeleton-css,clipboard-api; FEEL=stats tables live
A1963	hr-mobile	HR Mobile	industry-app	mobile-phone	NAV-BOTTOM-TABS	SH-PHONE-TABS	D-TOUCH-COMFORT	IX-PRIMARY-THUMB	PLATFORM=mobile-phone; PATTERN=hr-mobile; NAV=NAV-BOTTOM-TABS; SHELL=SH-PHONE-TABS; DENSITY=D-TOUCH-COMFORT; IX=IX-PRIMARY-THUMB; IMPL=focus-trap,share-api,csrf-safe,prefers-color-scheme; FEEL=leave requests
A1964	os-material-fab	Material FAB	os-patterns	mobile-phone	NAV-STACK-PUSH	SH-PHONE-FEED	D-TOUCH-COMFORT	IX-FAB	PLATFORM=mobile-phone; PATTERN=os-material-fab; NAV=NAV-STACK-PUSH; SHELL=SH-PHONE-FEED; DENSITY=D-TOUCH-COMFORT; IX=IX-FAB; IMPL=focus-trap,type-date,debounce-search,url-state; FEEL=Primary create
A1965	hr-mobile	HR Mobile	industry-app	mobile-phone	NAV-BOTTOM-TABS	SH-PHONE-TABS	D-TOUCH-COMFORT	IX-PRIMARY-THUMB	PLATFORM=mobile-phone; PATTERN=hr-mobile; NAV=NAV-BOTTOM-TABS; SHELL=SH-PHONE-TABS; DENSITY=D-TOUCH-COMFORT; IX=IX-PRIMARY-THUMB; IMPL=dialog-element,tap-highlight,optimistic-ui,touch-action; FEEL=leave requests
A1966	iot-mobile	IoT Mobile	industry-app	mobile-phone	NAV-BOTTOM-TABS	SH-PHONE-TABS	D-DEFAULT	IX-PRIMARY-THUMB	PLATFORM=mobile-phone; PATTERN=iot-mobile; NAV=NAV-BOTTOM-TABS; SHELL=SH-PHONE-TABS; DENSITY=D-DEFAULT; IX=IX-PRIMARY-THUMB; IMPL=skeleton-css,touch-action,file-capture,will-change-sparing; FEEL=device status control
A1967	m-one-hand	One-handed path	mobile-touch-a11y	mobile-phone	NAV-STACK-PUSH	SH-PHONE-STACK	D-TOUCH-COMFORT	IX-PRIMARY-THUMB	PLATFORM=mobile-phone; PATTERN=m-one-hand; NAV=NAV-STACK-PUSH; SHELL=SH-PHONE-STACK; DENSITY=D-TOUCH-COMFORT; IX=IX-PRIMARY-THUMB; IMPL=hover-media,history-stack,matchmedia,focus-trap; FEEL=Critical path without stretch
A1968	d-bulk-actions	Bulk action bar	desktop-density-keyboard	desktop-web	NAV-SIDE-RAIL	SH-DESK-DATAGRID	D-COMPACT	IX-MULTISELECT	PLATFORM=desktop-web; PATTERN=d-bulk-actions; NAV=NAV-SIDE-RAIL; SHELL=SH-DESK-DATAGRID; DENSITY=D-COMPACT; IX=IX-MULTISELECT; IMPL=focus-trap,container-queries,focus-visible,aria-current; FEEL=Appears on selection
A1969	news-mobile	News Mobile	industry-app	mobile-phone	NAV-BOTTOM-TABS	SH-PHONE-FEED	D-DEFAULT	IX-PRIMARY-THUMB	PLATFORM=mobile-phone; PATTERN=news-mobile; NAV=NAV-BOTTOM-TABS; SHELL=SH-PHONE-FEED; DENSITY=D-DEFAULT; IX=IX-PRIMARY-THUMB; IMPL=history-stack,overscroll,focus-visible,debounce-search; FEEL=sections article
A1970	m-camera-first	Camera/capture first	mobile-structure	mobile-phone	NAV-TAB+STACK	SH-PHONE-FEED	D-TOUCH-COMFORT	IX-PRIMARY-THUMB	PLATFORM=mobile-phone; PATTERN=m-camera-first; NAV=NAV-TAB+STACK; SHELL=SH-PHONE-FEED; DENSITY=D-TOUCH-COMFORT; IX=IX-PRIMARY-THUMB; IMPL=prefers-color-scheme,optimistic-ui,push-web,csrf-safe; FEEL=Capture chrome minimal
A1971	m-no-hover	No hover-only	mobile-touch-a11y	mobile-phone	NAV-STACK-PUSH	SH-PHONE-STACK	D-DEFAULT	IX-PRIMARY-THUMB	PLATFORM=mobile-phone; PATTERN=m-no-hover; NAV=NAV-STACK-PUSH; SHELL=SH-PHONE-STACK; DENSITY=D-DEFAULT; IX=IX-PRIMARY-THUMB; IMPL=abort-controller,inputmode,network-information,biometric-webauthn; FEEL=All actions visible/tappable
A1972	museum-mobile	Museum Mobile	industry-app	mobile-phone	NAV-TAB+STACK	SH-PHONE-STACK	D-COMFORTABLE	IX-PRIMARY-THUMB	PLATFORM=mobile-phone; PATTERN=museum-mobile; NAV=NAV-TAB+STACK; SHELL=SH-PHONE-STACK; DENSITY=D-COMFORTABLE; IX=IX-PRIMARY-THUMB; IMPL=url-state,bottom-nav-fixed,skeleton-css,prefers-contrast; FEEL=visit guide audio
A1973	hotel-desktop	Hotel Desktop	industry-app	desktop-web	NAV-MENUBAR	SH-TABLET-SPLIT	D-COMPACT	IX-KEYBOARD-SHORTCUTS	PLATFORM=desktop-web; PATTERN=hotel-desktop; NAV=NAV-MENUBAR; SHELL=SH-TABLET-SPLIT; DENSITY=D-COMPACT; IX=IX-KEYBOARD-SHORTCUTS; IMPL=content-visibility,container-queries,resize-observer,hover-media; FEEL=reservations folio
A1974	weather-mobile	Weather Mobile	industry-app	mobile-phone	NAV-STACK-PUSH	SH-PHONE-STACK	D-COMFORTABLE	IX-PRIMARY-THUMB	PLATFORM=mobile-phone; PATTERN=weather-mobile; NAV=NAV-STACK-PUSH; SHELL=SH-PHONE-STACK; DENSITY=D-COMFORTABLE; IX=IX-PRIMARY-THUMB; IMPL=history-stack,virtual-list,dvh-units,matchmedia; FEEL=conditions hourly
A1975	printer-admin-desktop	Print Admin	industry-app	desktop-web	NAV-TOP-TABS	SH-DESK-DASH	D-COMPACT	IX-KEYBOARD-SHORTCUTS	PLATFORM=desktop-web; PATTERN=printer-admin-desktop; NAV=NAV-TOP-TABS; SHELL=SH-DESK-DASH; DENSITY=D-COMPACT; IX=IX-KEYBOARD-SHORTCUTS; IMPL=matchmedia,overscroll,scroll-padding,clipboard-api; FEEL=queues devices
A1976	m-offline-first-list	Offline-first list	mobile-structure	mobile-phone	NAV-BOTTOM-TABS	SH-PHONE-FEED	D-DEFAULT	IX-PRIMARY-THUMB	PLATFORM=mobile-phone; PATTERN=m-offline-first-list; NAV=NAV-BOTTOM-TABS; SHELL=SH-PHONE-FEED; DENSITY=D-DEFAULT; IX=IX-PRIMARY-THUMB; IMPL=type-date,safe-area-css,focus-trap,viewport-meta; FEEL=Cached + sync state
A1977	m-thumb-zone-cta	Thumb-zone primary CTA	mobile-touch-a11y	mobile-phone	NAV-STACK-PUSH	SH-PHONE-STACK	D-TOUCH-COMFORT	IX-STICKY-FOOTER-CTA	PLATFORM=mobile-phone; PATTERN=m-thumb-zone-cta; NAV=NAV-STACK-PUSH; SHELL=SH-PHONE-STACK; DENSITY=D-TOUCH-COMFORT; IX=IX-STICKY-FOOTER-CTA; IMPL=network-information,inputmode,skeleton-css,service-worker-offline; FEEL=Primary near bottom
A1978	password-desktop	Password Manager Desktop	industry-app	mobile-phone	NAV-STACK-PUSH	SH-PHONE-SHEET	D-DEFAULT	IX-KEYBOARD-SHORTCUTS	PLATFORM=mobile-phone; PATTERN=password-desktop; NAV=NAV-STACK-PUSH; SHELL=SH-PHONE-SHEET; DENSITY=D-DEFAULT; IX=IX-KEYBOARD-SHORTCUTS; IMPL=form-novalidate,push-web,scroll-padding,install-pwa; FEEL=vault generator
A1979	health-mobile	Health Tracker Mobile	industry-app	mobile-phone	NAV-BOTTOM-TABS	SH-PHONE-TABS	D-TOUCH-COMFORT	IX-PRIMARY-THUMB	PLATFORM=mobile-phone; PATTERN=health-mobile; NAV=NAV-BOTTOM-TABS; SHELL=SH-PHONE-TABS; DENSITY=D-TOUCH-COMFORT; IX=IX-PRIMARY-THUMB; IMPL=debounce-search,prefers-reduced-motion,aria-expanded,abort-controller; FEEL=rings trends log
A1980	d-skip-to-main	Skip to main	desktop-density-keyboard	desktop-web	NAV-WIZARD	SH-DESK-RAIL-MAIN-INSP	D-DEFAULT	IX-KEYBOARD-SHORTCUTS	PLATFORM=desktop-web; PATTERN=d-skip-to-main; NAV=NAV-WIZARD; SHELL=SH-DESK-RAIL-MAIN-INSP; DENSITY=D-DEFAULT; IX=IX-KEYBOARD-SHORTCUTS; IMPL=autocomplete,drag-drop-desktop,prefers-contrast,pointer-events; FEEL=Landmarks + skip link
A1981	tasks-desktop	Tasks Desktop	industry-app	desktop-web	NAV-SIDE-RAIL	SH-DESK-DATAGRID	D-DEFAULT	IX-KEYBOARD-SHORTCUTS	PLATFORM=desktop-web; PATTERN=tasks-desktop; NAV=NAV-SIDE-RAIL; SHELL=SH-DESK-DATAGRID; DENSITY=D-DEFAULT; IX=IX-KEYBOARD-SHORTCUTS; IMPL=roving-tabindex,intersection-infinite,prefers-reduced-motion,error-boundary-ui; FEEL=board/list detail
A1982	legal-mobile	Legal Mobile	industry-app	mobile-phone	NAV-BOTTOM-TABS	SH-PHONE-TABS	D-DEFAULT	IX-PRIMARY-THUMB	PLATFORM=mobile-phone; PATTERN=legal-mobile; NAV=NAV-BOTTOM-TABS; SHELL=SH-PHONE-TABS; DENSITY=D-DEFAULT; IX=IX-PRIMARY-THUMB; IMPL=file-capture,aria-expanded,bottom-nav-fixed,virtual-list; FEEL=deadlines tasks
A1983	commerce-desktop	Desktop Commerce	industry-app	desktop-web	NAV-SIDE-RAIL	SH-DESK-DATAGRID	D-DEFAULT	IX-KEYBOARD-SHORTCUTS	PLATFORM=desktop-web; PATTERN=commerce-desktop; NAV=NAV-SIDE-RAIL; SHELL=SH-DESK-DATAGRID; DENSITY=D-DEFAULT; IX=IX-KEYBOARD-SHORTCUTS; IMPL=optimistic-ui,csrf-safe,url-state,fine-pointer; FEEL=catalog filters pdp
A1984	m-picker-sheet	Picker sheet	mobile-structure	mobile-phone	NAV-BOTTOM-SHEET	SH-PHONE-SHEET	D-TOUCH-COMFORT	IX-PRIMARY-THUMB	PLATFORM=mobile-phone; PATTERN=m-picker-sheet; NAV=NAV-BOTTOM-SHEET; SHELL=SH-PHONE-SHEET; DENSITY=D-TOUCH-COMFORT; IX=IX-PRIMARY-THUMB; IMPL=skeleton-css,history-stack,install-pwa,overscroll; FEEL=Select without full page
A1985	travel-desktop	Travel Desktop	industry-app	desktop-web	NAV-SIDE-RAIL	SH-DESK-RAIL-MAIN	D-DEFAULT	IX-KEYBOARD-SHORTCUTS	PLATFORM=desktop-web; PATTERN=travel-desktop; NAV=NAV-SIDE-RAIL; SHELL=SH-DESK-RAIL-MAIN; DENSITY=D-DEFAULT; IX=IX-KEYBOARD-SHORTCUTS; IMPL=abort-controller,url-state,prefers-reduced-motion,command-palette-js; FEEL=itinerary booking
A1986	news-desktop	News Desktop	industry-app	desktop-web	NAV-BREADCRUMB	SH-DESK-DATAGRID	D-DEFAULT	IX-KEYBOARD-SHORTCUTS	PLATFORM=desktop-web; PATTERN=news-desktop; NAV=NAV-BREADCRUMB; SHELL=SH-DESK-DATAGRID; DENSITY=D-DEFAULT; IX=IX-KEYBOARD-SHORTCUTS; IMPL=optimistic-ui,matchmedia,container-queries,scroll-padding; FEEL=sections article
A1987	support-desktop	Support Desktop	industry-app	desktop-web	NAV-MASTER-DETAIL	SH-DESK-RAIL-MAIN-INSP	D-COMPACT	IX-KEYBOARD-SHORTCUTS	PLATFORM=desktop-web; PATTERN=support-desktop; NAV=NAV-MASTER-DETAIL; SHELL=SH-DESK-RAIL-MAIN-INSP; DENSITY=D-COMPACT; IX=IX-KEYBOARD-SHORTCUTS; IMPL=drag-drop-desktop,aria-current,hotkeys,container-queries; FEEL=ticket workspace
A1988	m-create-fab	Create via FAB	mobile-structure	mobile-phone	NAV-BOTTOM-TABS	SH-PHONE-FEED	D-TOUCH-COMFORT	IX-PRIMARY-THUMB	PLATFORM=mobile-phone; PATTERN=m-create-fab; NAV=NAV-BOTTOM-TABS; SHELL=SH-PHONE-FEED; DENSITY=D-TOUCH-COMFORT; IX=IX-PRIMARY-THUMB; IMPL=pointer-events,prefers-reduced-motion,min-touch,debounce-search; FEEL=One create affordance
A1989	d-menubar-classic	Classic menubar	desktop-structure	desktop-web	NAV-MENUBAR	SH-DESK-DOCUMENT	D-DEFAULT	IX-KEYBOARD-SHORTCUTS	PLATFORM=desktop-web; PATTERN=d-menubar-classic; NAV=NAV-MENUBAR; SHELL=SH-DESK-DOCUMENT; DENSITY=D-DEFAULT; IX=IX-KEYBOARD-SHORTCUTS; IMPL=error-boundary-ui,focus-trap,content-visibility,pointer-events; FEEL=File/Edit/View…
A1990	photos-desktop	Photos Desktop	industry-app	mobile-phone	NAV-WIZARD	SH-PHONE-STACK	D-DEFAULT	IX-KEYBOARD-SHORTCUTS	PLATFORM=mobile-phone; PATTERN=photos-desktop; NAV=NAV-WIZARD; SHELL=SH-PHONE-STACK; DENSITY=D-DEFAULT; IX=IX-KEYBOARD-SHORTCUTS; IMPL=flex-phone-column,prefers-color-scheme,form-novalidate,virtual-list; FEEL=library edit
A1991	x-audit-trail	Audit-friendly UI	cross-platform-app	responsive-app	NAV-SIDE-RAIL	SH-DESK-DATAGRID	D-COMPACT	IX-INLINE-EDIT	PLATFORM=responsive-app; PATTERN=x-audit-trail; NAV=NAV-SIDE-RAIL; SHELL=SH-DESK-DATAGRID; DENSITY=D-COMPACT; IX=IX-INLINE-EDIT; IMPL=aria-current,drag-drop-desktop,bottom-nav-fixed,service-worker-offline; FEEL=Who/when visible in ops
A1992	devtool-desktop	Developer Tool	industry-app	desktop-web	NAV-SIDE-RAIL	SH-DESK-IDE-LITE	D-COMPACT	IX-KEYBOARD-SHORTCUTS	PLATFORM=desktop-web; PATTERN=devtool-desktop; NAV=NAV-SIDE-RAIL; SHELL=SH-DESK-IDE-LITE; DENSITY=D-COMPACT; IX=IX-KEYBOARD-SHORTCUTS; IMPL=matchmedia,popover-api,dialog-element,content-visibility; FEEL=editor panels on demand
A1993	construction-mobile	Construction Mobile	industry-app	mobile-phone	NAV-BOTTOM-TABS	SH-PHONE-TABS	D-TOUCH-COMFORT	IX-PRIMARY-THUMB	PLATFORM=mobile-phone; PATTERN=construction-mobile; NAV=NAV-BOTTOM-TABS; SHELL=SH-PHONE-TABS; DENSITY=D-TOUCH-COMFORT; IX=IX-PRIMARY-THUMB; IMPL=aria-current,dialog-element,app-badge,inputmode; FEEL=site daily photos
A1994	m-safe-area-chrome	Safe-area chrome	mobile-touch-a11y	mobile-phone	NAV-BOTTOM-TABS	SH-PHONE-TABS	D-TOUCH-COMFORT	IX-STICKY-FOOTER-CTA	PLATFORM=mobile-phone; PATTERN=m-safe-area-chrome; NAV=NAV-BOTTOM-TABS; SHELL=SH-PHONE-TABS; DENSITY=D-TOUCH-COMFORT; IX=IX-STICKY-FOOTER-CTA; IMPL=min-touch,scroll-padding,pointer-events,content-visibility; FEEL=Tabs/CTAs above home indicator
A1995	x-help-inline	Inline help	cross-platform-app	responsive-app	NAV-NONE-FOCUS	SH-RESPONSIVE-COLLAPSE	D-DEFAULT	IX-EMPTY-CTA	PLATFORM=responsive-app; PATTERN=x-help-inline; NAV=NAV-NONE-FOCUS; SHELL=SH-RESPONSIVE-COLLAPSE; DENSITY=D-DEFAULT; IX=IX-EMPTY-CTA; IMPL=container-queries,sticky-footer-cta,vibrate-careful,aria-current; FEEL=Contextual, not only docs site
A1996	university-mobile	Uni Mobile	industry-app	mobile-phone	NAV-BOTTOM-TABS	SH-PHONE-TABS	D-DEFAULT	IX-PRIMARY-THUMB	PLATFORM=mobile-phone; PATTERN=university-mobile; NAV=NAV-BOTTOM-TABS; SHELL=SH-PHONE-TABS; DENSITY=D-DEFAULT; IX=IX-PRIMARY-THUMB; IMPL=safe-area-css,scroll-padding,flex-phone-column,autocomplete; FEEL=timetable campus
A1997	d-command-first	Command palette first	desktop-structure	desktop-web	NAV-COMMAND-PALETTE	SH-DESK-RAIL-MAIN	D-COMPACT	IX-KEYBOARD-SHORTCUTS	PLATFORM=desktop-web; PATTERN=d-command-first; NAV=NAV-COMMAND-PALETTE; SHELL=SH-DESK-RAIL-MAIN; DENSITY=D-COMPACT; IX=IX-KEYBOARD-SHORTCUTS; IMPL=resize-observer,virtual-list,aria-expanded,prefers-contrast; FEEL=Keyboard jump primary
A1998	sports-desktop	Sports Desktop	industry-app	desktop-web	NAV-SIDE-RAIL	SH-DESK-DASH	D-COMPACT	IX-KEYBOARD-SHORTCUTS	PLATFORM=desktop-web; PATTERN=sports-desktop; NAV=NAV-SIDE-RAIL; SHELL=SH-DESK-DASH; DENSITY=D-COMPACT; IX=IX-KEYBOARD-SHORTCUTS; IMPL=grid-app-shell,roving-tabindex,csrf-safe,overscroll; FEEL=stats tables live
A1999	trading-desktop	Trading Desktop	industry-app	responsive-app	NAV-TOOLBAR	SH-DESK-IDE-LITE	D-COMPACT	IX-KEYBOARD-SHORTCUTS	PLATFORM=responsive-app; PATTERN=trading-desktop; NAV=NAV-TOOLBAR; SHELL=SH-DESK-IDE-LITE; DENSITY=D-COMPACT; IX=IX-KEYBOARD-SHORTCUTS; IMPL=min-touch,touch-action,pointer-events,form-novalidate; FEEL=order entry dense
A2000	x-performance-perceived	Perceived performance	cross-platform-app	responsive-app	NAV-NONE-FOCUS	SH-RESPONSIVE-COLLAPSE	D-DEFAULT	IX-OPTIMISTIC	PLATFORM=responsive-app; PATTERN=x-performance-perceived; NAV=NAV-NONE-FOCUS; SHELL=SH-RESPONSIVE-COLLAPSE; DENSITY=D-DEFAULT; IX=IX-OPTIMISTIC; IMPL=install-pwa,safe-area-css,overscroll,matchmedia; FEEL=Skeleton, optimistic, stale-while-revalidate
A2001	trading-desktop	Trading Desktop	industry-app	desktop-web	NAV-DRAWER	SH-DESK-RAIL-MAIN-INSP	D-COMPACT	IX-KEYBOARD-SHORTCUTS	PLATFORM=desktop-web; PATTERN=trading-desktop; NAV=NAV-DRAWER; SHELL=SH-DESK-RAIL-MAIN-INSP; DENSITY=D-COMPACT; IX=IX-KEYBOARD-SHORTCUTS; IMPL=fine-pointer,live-region,autocomplete,prefers-contrast; FEEL=order entry dense
A2002	health-clinic-desktop	Clinic Desktop	industry-app	desktop-web	NAV-MASTER-DETAIL	SH-DESK-RAIL-MAIN-INSP	D-COMPACT	IX-KEYBOARD-SHORTCUTS	PLATFORM=desktop-web; PATTERN=health-clinic-desktop; NAV=NAV-MASTER-DETAIL; SHELL=SH-DESK-RAIL-MAIN-INSP; DENSITY=D-COMPACT; IX=IX-KEYBOARD-SHORTCUTS; IMPL=roving-tabindex,abort-controller,clipboard-api,dialog-element; FEEL=schedule patients notes
A2003	vpn-desktop	VPN Desktop	industry-app	desktop-web	NAV-SIDE-RAIL	SH-DESK-RAIL-MAIN	D-DEFAULT	IX-KEYBOARD-SHORTCUTS	PLATFORM=desktop-web; PATTERN=vpn-desktop; NAV=NAV-SIDE-RAIL; SHELL=SH-DESK-RAIL-MAIN; DENSITY=D-DEFAULT; IX=IX-KEYBOARD-SHORTCUTS; IMPL=live-region,focus-visible,debounce-search,grid-app-shell; FEEL=connect routes
A2004	m-no-hover	No hover-only	mobile-touch-a11y	mobile-phone	NAV-STACK-PUSH	SH-PHONE-STACK	D-DEFAULT	IX-PRIMARY-THUMB	PLATFORM=mobile-phone; PATTERN=m-no-hover; NAV=NAV-STACK-PUSH; SHELL=SH-PHONE-STACK; DENSITY=D-DEFAULT; IX=IX-PRIMARY-THUMB; IMPL=safe-area-css,sticky-footer-cta,url-state,install-pwa; FEEL=All actions visible/tappable
A2005	x-role-home	Role-based home	cross-platform-app	responsive-app	NAV-BOTTOM-TABS	SH-RESPONSIVE-COLLAPSE	D-DEFAULT	IX-EMPTY-CTA	PLATFORM=responsive-app; PATTERN=x-role-home; NAV=NAV-BOTTOM-TABS; SHELL=SH-RESPONSIVE-COLLAPSE; DENSITY=D-DEFAULT; IX=IX-EMPTY-CTA; IMPL=drag-drop-desktop,abort-controller,session-timeout,optimistic-ui; FEEL=Different landing by role
A2006	finance-markets-desktop	Markets Desktop	industry-app	desktop-web	NAV-SIDE-RAIL	SH-DESK-DATAGRID	D-COMPACT	IX-KEYBOARD-SHORTCUTS	PLATFORM=desktop-web; PATTERN=finance-markets-desktop; NAV=NAV-SIDE-RAIL; SHELL=SH-DESK-DATAGRID; DENSITY=D-COMPACT; IX=IX-KEYBOARD-SHORTCUTS; IMPL=matchmedia,live-region,focus-trap,intersection-infinite; FEEL=blotter charts
A2007	d-autosave-status	Autosave status	desktop-density-keyboard	desktop-web	NAV-DRAWER	SH-RESPONSIVE-COLLAPSE	D-DEFAULT	IX-AUTOSAVE	PLATFORM=desktop-web; PATTERN=d-autosave-status; NAV=NAV-DRAWER; SHELL=SH-RESPONSIVE-COLLAPSE; DENSITY=D-DEFAULT; IX=IX-AUTOSAVE; IMPL=localstorage-prefs,aria-current,pointer-events,hotkeys; FEEL=Saving/saved/error in chrome
A2008	university-desktop	Uni Admin Desktop	industry-app	desktop-web	NAV-SIDE-RAIL	SH-DESK-DATAGRID	D-COMPACT	IX-KEYBOARD-SHORTCUTS	PLATFORM=desktop-web; PATTERN=university-desktop; NAV=NAV-SIDE-RAIL; SHELL=SH-DESK-DATAGRID; DENSITY=D-COMPACT; IX=IX-KEYBOARD-SHORTCUTS; IMPL=autocomplete,skeleton-css,aria-expanded,matchmedia; FEEL=enrolment records
A2009	x-destructive-confirm	Destructive confirm	cross-platform-app	responsive-app	NAV-DRAWER	SH-DESK-DATAGRID	D-DEFAULT	IX-UNDO-TOAST	PLATFORM=responsive-app; PATTERN=x-destructive-confirm; NAV=NAV-DRAWER; SHELL=SH-DESK-DATAGRID; DENSITY=D-DEFAULT; IX=IX-UNDO-TOAST; IMPL=resize-observer,pointer-events,biometric-webauthn,url-state; FEEL=Typed confirm or undo
A2010	m-no-hover	No hover-only	mobile-touch-a11y	mobile-phone	NAV-WIZARD	SH-RESPONSIVE-COLLAPSE	D-DEFAULT	IX-PRIMARY-THUMB	PLATFORM=mobile-phone; PATTERN=m-no-hover; NAV=NAV-WIZARD; SHELL=SH-RESPONSIVE-COLLAPSE; DENSITY=D-DEFAULT; IX=IX-PRIMARY-THUMB; IMPL=touch-action,sticky-footer-cta,share-api,error-boundary-ui; FEEL=All actions visible/tappable
A2011	d-multi-window	Multi-window ready	desktop-density-keyboard	desktop-web	NAV-MENUBAR	SH-DESK-DOCUMENT	D-DEFAULT	IX-KEYBOARD-SHORTCUTS	PLATFORM=desktop-web; PATTERN=d-multi-window; NAV=NAV-MENUBAR; SHELL=SH-DESK-DOCUMENT; DENSITY=D-DEFAULT; IX=IX-KEYBOARD-SHORTCUTS; IMPL=session-timeout,scroll-padding,clipboard-api,virtual-list; FEEL=Deep links open surfaces
A2012	media-mobile	Media Mobile	industry-app	mobile-phone	NAV-BOTTOM-TABS	SH-PHONE-FEED	D-DEFAULT	IX-PRIMARY-THUMB	PLATFORM=mobile-phone; PATTERN=media-mobile; NAV=NAV-BOTTOM-TABS; SHELL=SH-PHONE-FEED; DENSITY=D-DEFAULT; IX=IX-PRIMARY-THUMB; IMPL=share-api,app-badge,viewport-meta,will-change-sparing; FEEL=player feed
A2013	m-auth-focus	Auth focus flow	mobile-structure	mobile-phone	NAV-MODAL-SHEET	SH-PHONE-FEED	D-COMFORTABLE	IX-PRIMARY-THUMB	PLATFORM=mobile-phone; PATTERN=m-auth-focus; NAV=NAV-MODAL-SHEET; SHELL=SH-PHONE-FEED; DENSITY=D-COMFORTABLE; IX=IX-PRIMARY-THUMB; IMPL=vibrate-careful,install-pwa,bottom-nav-fixed,url-state; FEEL=No app chrome
A2014	d-calendar-desktop	Calendar app	desktop-structure	desktop-web	NAV-SIDE-RAIL	SH-DESK-TOOL-CANVAS	D-DEFAULT	IX-KEYBOARD-SHORTCUTS	PLATFORM=desktop-web; PATTERN=d-calendar-desktop; NAV=NAV-SIDE-RAIL; SHELL=SH-DESK-TOOL-CANVAS; DENSITY=D-DEFAULT; IX=IX-KEYBOARD-SHORTCUTS; IMPL=grid-app-shell,hotkeys,resize-observer,clipboard-api; FEEL=Time grid primary
A2015	printer-admin-desktop	Print Admin	industry-app	desktop-web	NAV-SIDE-RAIL	SH-DESK-DATAGRID	D-COMPACT	IX-KEYBOARD-SHORTCUTS	PLATFORM=desktop-web; PATTERN=printer-admin-desktop; NAV=NAV-SIDE-RAIL; SHELL=SH-DESK-DATAGRID; DENSITY=D-COMPACT; IX=IX-KEYBOARD-SHORTCUTS; IMPL=fine-pointer,skeleton-css,grid-app-shell,prefers-contrast; FEEL=queues devices
A2016	media-mobile	Media Mobile	industry-app	mobile-phone	NAV-BOTTOM-TABS	SH-PHONE-FEED	D-DEFAULT	IX-PRIMARY-THUMB	PLATFORM=mobile-phone; PATTERN=media-mobile; NAV=NAV-BOTTOM-TABS; SHELL=SH-PHONE-FEED; DENSITY=D-DEFAULT; IX=IX-PRIMARY-THUMB; IMPL=debounce-search,flex-phone-column,biometric-webauthn,vibrate-careful; FEEL=player feed
A2017	support-mobile	Support Mobile	industry-app	mobile-phone	NAV-STACK-PUSH	SH-PHONE-STACK	D-DEFAULT	IX-PRIMARY-THUMB	PLATFORM=mobile-phone; PATTERN=support-mobile; NAV=NAV-STACK-PUSH; SHELL=SH-PHONE-STACK; DENSITY=D-DEFAULT; IX=IX-PRIMARY-THUMB; IMPL=share-api,flex-phone-column,app-badge,viewport-meta; FEEL=on-call ticket
A2018	os-win-navigation-view	Win NavigationView	os-patterns	desktop-web	NAV-SIDE-RAIL	SH-DESK-RAIL-MAIN	D-DEFAULT	IX-KEYBOARD-SHORTCUTS	PLATFORM=desktop-web; PATTERN=os-win-navigation-view; NAV=NAV-SIDE-RAIL; SHELL=SH-DESK-RAIL-MAIN; DENSITY=D-DEFAULT; IX=IX-KEYBOARD-SHORTCUTS; IMPL=will-change-sparing,resize-observer,optimistic-ui,abort-controller; FEEL=Left nav expand
A2019	m-safe-area-chrome	Safe-area chrome	mobile-touch-a11y	mobile-phone	NAV-TOP-TABS	SH-PHONE-CANVAS	D-TOUCH-COMFORT	IX-STICKY-FOOTER-CTA	PLATFORM=mobile-phone; PATTERN=m-safe-area-chrome; NAV=NAV-TOP-TABS; SHELL=SH-PHONE-CANVAS; DENSITY=D-TOUCH-COMFORT; IX=IX-STICKY-FOOTER-CTA; IMPL=pointer-events,will-change-sparing,app-badge,dvh-units; FEEL=Tabs/CTAs above home indicator
A2020	maps-mobile	Mobile Maps	industry-app	mobile-phone	NAV-BOTTOM-SHEET	SH-PHONE-SHEET	D-TOUCH-COMFORT	IX-PRIMARY-THUMB	PLATFORM=mobile-phone; PATTERN=maps-mobile; NAV=NAV-BOTTOM-SHEET; SHELL=SH-PHONE-SHEET; DENSITY=D-TOUCH-COMFORT; IX=IX-PRIMARY-THUMB; IMPL=coarse-pointer,push-web,min-touch,live-region; FEEL=map sheet search
A2021	d-breadcrumb-admin	Admin with breadcrumbs	desktop-structure	desktop-web	NAV-BREADCRUMB	SH-DESK-DATAGRID	D-COMPACT	IX-KEYBOARD-SHORTCUTS	PLATFORM=desktop-web; PATTERN=d-breadcrumb-admin; NAV=NAV-BREADCRUMB; SHELL=SH-DESK-DATAGRID; DENSITY=D-COMPACT; IX=IX-KEYBOARD-SHORTCUTS; IMPL=session-timeout,content-visibility,matchmedia,focus-trap; FEEL=Deep trees oriented
A2022	m-create-sheet	Create via sheet	mobile-structure	mobile-phone	NAV-BOTTOM-SHEET	SH-PHONE-SHEET	D-DEFAULT	IX-PRIMARY-THUMB	PLATFORM=mobile-phone; PATTERN=m-create-sheet; NAV=NAV-BOTTOM-SHEET; SHELL=SH-PHONE-SHEET; DENSITY=D-DEFAULT; IX=IX-PRIMARY-THUMB; IMPL=prefers-contrast,intersection-infinite,autocomplete,error-boundary-ui; FEEL=Compose in sheet
A2023	m-auth-focus	Auth focus flow	mobile-structure	mobile-phone	NAV-NONE-FOCUS	SH-PHONE-STACK	D-COMFORTABLE	IX-PRIMARY-THUMB	PLATFORM=mobile-phone; PATTERN=m-auth-focus; NAV=NAV-NONE-FOCUS; SHELL=SH-PHONE-STACK; DENSITY=D-COMFORTABLE; IX=IX-PRIMARY-THUMB; IMPL=abort-controller,scroll-padding,intersection-infinite,flex-phone-column; FEEL=No app chrome
A2024	design-tool-desktop	Design Tool	industry-app	mobile-phone	NAV-WIZARD	SH-PHONE-TABS	D-DEFAULT	IX-KEYBOARD-SHORTCUTS	PLATFORM=mobile-phone; PATTERN=design-tool-desktop; NAV=NAV-WIZARD; SHELL=SH-PHONE-TABS; DENSITY=D-DEFAULT; IX=IX-KEYBOARD-SHORTCUTS; IMPL=network-information,focus-visible,biometric-webauthn,focus-trap; FEEL=canvas tools
A2025	event-desktop	Event Desktop	industry-app	desktop-web	NAV-SIDE-RAIL	SH-DESK-RAIL-MAIN	D-DEFAULT	IX-KEYBOARD-SHORTCUTS	PLATFORM=desktop-web; PATTERN=event-desktop; NAV=NAV-SIDE-RAIL; SHELL=SH-DESK-RAIL-MAIN; DENSITY=D-DEFAULT; IX=IX-KEYBOARD-SHORTCUTS; IMPL=intersection-infinite,grid-app-shell,container-queries,focus-trap; FEEL=registration agenda
A2026	os-kiosk-locked	Kiosk locked session	os-patterns	mobile-phone	NAV-DRAWER	SH-PHONE-TABS	D-TOUCH-COMFORT	IX-PRIMARY-THUMB	PLATFORM=mobile-phone; PATTERN=os-kiosk-locked; NAV=NAV-DRAWER; SHELL=SH-PHONE-TABS; DENSITY=D-TOUCH-COMFORT; IX=IX-PRIMARY-THUMB; IMPL=safe-area-css,network-information,autocomplete,scroll-padding; FEEL=Timeout reset
A2027	manufacturing-desktop	MES Desktop	industry-app	desktop-web	NAV-SIDE-RAIL	SH-DESK-DATAGRID	D-COMPACT	IX-KEYBOARD-SHORTCUTS	PLATFORM=desktop-web; PATTERN=manufacturing-desktop; NAV=NAV-SIDE-RAIL; SHELL=SH-DESK-DATAGRID; DENSITY=D-COMPACT; IX=IX-KEYBOARD-SHORTCUTS; IMPL=aria-expanded,csrf-safe,url-state,prefers-color-scheme; FEEL=lines work orders
A2028	d-tooltip-labels	Icon buttons labelled	desktop-density-keyboard	desktop-web	NAV-TOOLBAR	SH-DESK-TOOL-CANVAS	D-DEFAULT	IX-KEYBOARD-SHORTCUTS	PLATFORM=desktop-web; PATTERN=d-tooltip-labels; NAV=NAV-TOOLBAR; SHELL=SH-DESK-TOOL-CANVAS; DENSITY=D-DEFAULT; IX=IX-KEYBOARD-SHORTCUTS; IMPL=form-novalidate,optimistic-ui,intersection-infinite,autocomplete; FEEL=Tooltip + aria-label
A2029	agriculture-desktop	Ag Desktop	industry-app	desktop-web	NAV-SIDE-RAIL	SH-DESK-DASH	D-DEFAULT	IX-KEYBOARD-SHORTCUTS	PLATFORM=desktop-web; PATTERN=agriculture-desktop; NAV=NAV-SIDE-RAIL; SHELL=SH-DESK-DASH; DENSITY=D-DEFAULT; IX=IX-KEYBOARD-SHORTCUTS; IMPL=prefers-reduced-motion,aria-expanded,abort-controller,hover-media; FEEL=fields seasons plans
A2030	m-keyboard-avoid	Keyboard avoidance	mobile-touch-a11y	mobile-phone	NAV-STACK-PUSH	SH-PHONE-STACK	D-DEFAULT	IX-FORM-SECTIONED	PLATFORM=mobile-phone; PATTERN=m-keyboard-avoid; NAV=NAV-STACK-PUSH; SHELL=SH-PHONE-STACK; DENSITY=D-DEFAULT; IX=IX-FORM-SECTIONED; IMPL=bottom-nav-fixed,focus-visible,viewport-meta,safe-area-css; FEEL=Focused field visible
A2031	m-empty-first-run	First-run empty	mobile-content-patterns	mobile-phone	NAV-STACK-PUSH	SH-PHONE-STACK	D-COMFORTABLE	IX-EMPTY-CTA	PLATFORM=mobile-phone; PATTERN=m-empty-first-run; NAV=NAV-STACK-PUSH; SHELL=SH-PHONE-STACK; DENSITY=D-COMFORTABLE; IX=IX-EMPTY-CTA; IMPL=type-date,network-information,app-badge,dialog-element; FEEL=Education + CTA
A2032	x-permissioned-ui	Permissioned UI	cross-platform-app	responsive-app	NAV-NONE-FOCUS	SH-RESPONSIVE-COLLAPSE	D-DEFAULT	IX-EMPTY-CTA	PLATFORM=responsive-app; PATTERN=x-permissioned-ui; NAV=NAV-NONE-FOCUS; SHELL=SH-RESPONSIVE-COLLAPSE; DENSITY=D-DEFAULT; IX=IX-EMPTY-CTA; IMPL=push-web,intersection-infinite,install-pwa,roving-tabindex; FEEL=Hide vs disable with reason
A2033	health-mobile	Health Tracker Mobile	industry-app	desktop-web	NAV-MENUBAR	SH-DESK-IDE-LITE	D-DEFAULT	IX-PRIMARY-THUMB	PLATFORM=desktop-web; PATTERN=health-mobile; NAV=NAV-MENUBAR; SHELL=SH-DESK-IDE-LITE; DENSITY=D-DEFAULT; IX=IX-PRIMARY-THUMB; IMPL=focus-visible,prefers-contrast,live-region,focus-trap; FEEL=rings trends log
A2034	x-permissioned-ui	Permissioned UI	cross-platform-app	responsive-app	NAV-TAB+STACK	SH-DESK-DASH	D-DEFAULT	IX-EMPTY-CTA	PLATFORM=responsive-app; PATTERN=x-permissioned-ui; NAV=NAV-TAB+STACK; SHELL=SH-DESK-DASH; DENSITY=D-DEFAULT; IX=IX-EMPTY-CTA; IMPL=hotkeys,will-change-sparing,fine-pointer,live-region; FEEL=Hide vs disable with reason
A2035	d-progressive-more	More/Fewer options	desktop-density-keyboard	desktop-web	NAV-SIDE-RAIL	SH-DESK-RAIL-MAIN	D-DEFAULT	IX-FILTER-CHIPS	PLATFORM=desktop-web; PATTERN=d-progressive-more; NAV=NAV-SIDE-RAIL; SHELL=SH-DESK-RAIL-MAIN; DENSITY=D-DEFAULT; IX=IX-FILTER-CHIPS; IMPL=form-novalidate,focus-visible,virtual-list,session-timeout; FEEL=Hide rare advanced
A2036	analytics-desktop	Analytics Desktop	industry-app	desktop-web	NAV-SIDE-RAIL	SH-DESK-DASH	D-COMPACT	IX-KEYBOARD-SHORTCUTS	PLATFORM=desktop-web; PATTERN=analytics-desktop; NAV=NAV-SIDE-RAIL; SHELL=SH-DESK-DASH; DENSITY=D-COMPACT; IX=IX-KEYBOARD-SHORTCUTS; IMPL=virtual-list,will-change-sparing,matchmedia,grid-app-shell; FEEL=explore charts
A2037	os-kiosk-locked	Kiosk locked session	os-patterns	mobile-phone	NAV-NONE-FOCUS	SH-PHONE-STACK	D-TOUCH-COMFORT	IX-PRIMARY-THUMB	PLATFORM=mobile-phone; PATTERN=os-kiosk-locked; NAV=NAV-NONE-FOCUS; SHELL=SH-PHONE-STACK; DENSITY=D-TOUCH-COMFORT; IX=IX-PRIMARY-THUMB; IMPL=touch-action,inputmode,bottom-nav-fixed,content-visibility; FEEL=Timeout reset
A2038	news-mobile	News Mobile	industry-app	mobile-phone	NAV-BOTTOM-TABS	SH-PHONE-FEED	D-DEFAULT	IX-PRIMARY-THUMB	PLATFORM=mobile-phone; PATTERN=news-mobile; NAV=NAV-BOTTOM-TABS; SHELL=SH-PHONE-FEED; DENSITY=D-DEFAULT; IX=IX-PRIMARY-THUMB; IMPL=error-boundary-ui,virtual-list,skeleton-css,form-novalidate; FEEL=sections article
A2039	x-semantic-status	Semantic status colours	cross-platform-app	responsive-app	NAV-NONE-FOCUS	SH-RESPONSIVE-COLLAPSE	D-DEFAULT	IX-EMPTY-CTA	PLATFORM=responsive-app; PATTERN=x-semantic-status; NAV=NAV-NONE-FOCUS; SHELL=SH-RESPONSIVE-COLLAPSE; DENSITY=D-DEFAULT; IX=IX-EMPTY-CTA; IMPL=fine-pointer,autocomplete,viewport-meta,intersection-infinite; FEEL=+ icon/text not colour only
A2040	music-desktop	Music Desktop	industry-app	desktop-web	NAV-SIDE-RAIL	SH-DESK-RAIL-MAIN-INSP	D-DEFAULT	IX-KEYBOARD-SHORTCUTS	PLATFORM=desktop-web; PATTERN=music-desktop; NAV=NAV-SIDE-RAIL; SHELL=SH-DESK-RAIL-MAIN-INSP; DENSITY=D-DEFAULT; IX=IX-KEYBOARD-SHORTCUTS; IMPL=content-visibility,popover-api,will-change-sparing,debounce-search; FEEL=library player queue
A2041	m-no-hover	No hover-only	mobile-touch-a11y	mobile-phone	NAV-STACK-PUSH	SH-PHONE-STACK	D-DEFAULT	IX-PRIMARY-THUMB	PLATFORM=mobile-phone; PATTERN=m-no-hover; NAV=NAV-STACK-PUSH; SHELL=SH-PHONE-STACK; DENSITY=D-DEFAULT; IX=IX-PRIMARY-THUMB; IMPL=tap-highlight,touch-action,min-touch,skeleton-css; FEEL=All actions visible/tappable
A2042	m-push-pref-center	Notification prefs	mobile-content-patterns	mobile-phone	NAV-DRAWER	SH-PHONE-FEED	D-DEFAULT	IX-PRIMARY-THUMB	PLATFORM=mobile-phone; PATTERN=m-push-pref-center; NAV=NAV-DRAWER; SHELL=SH-PHONE-FEED; DENSITY=D-DEFAULT; IX=IX-PRIMARY-THUMB; IMPL=share-api,will-change-sparing,safe-area-css,url-state; FEEL=Granular, not all-or-nothing
A2043	hr-mobile	HR Mobile	industry-app	mobile-phone	NAV-BOTTOM-TABS	SH-PHONE-TABS	D-TOUCH-COMFORT	IX-PRIMARY-THUMB	PLATFORM=mobile-phone; PATTERN=hr-mobile; NAV=NAV-BOTTOM-TABS; SHELL=SH-PHONE-TABS; DENSITY=D-TOUCH-COMFORT; IX=IX-PRIMARY-THUMB; IMPL=prefers-color-scheme,aria-expanded,pointer-events,will-change-sparing; FEEL=leave requests
A2044	news-desktop	News Desktop	industry-app	desktop-web	NAV-SIDE-RAIL	SH-DESK-DOCUMENT	D-DEFAULT	IX-KEYBOARD-SHORTCUTS	PLATFORM=desktop-web; PATTERN=news-desktop; NAV=NAV-SIDE-RAIL; SHELL=SH-DESK-DOCUMENT; DENSITY=D-DEFAULT; IX=IX-KEYBOARD-SHORTCUTS; IMPL=command-palette-js,error-boundary-ui,autocomplete,csrf-safe; FEEL=sections article
A2045	m-chat-thread	Chat thread mobile	mobile-structure	mobile-phone	NAV-STACK-PUSH	SH-PHONE-STACK	D-DEFAULT	IX-PRIMARY-THUMB	PLATFORM=mobile-phone; PATTERN=m-chat-thread; NAV=NAV-STACK-PUSH; SHELL=SH-PHONE-STACK; DENSITY=D-DEFAULT; IX=IX-PRIMARY-THUMB; IMPL=intersection-infinite,flex-phone-column,sticky-footer-cta,debounce-search; FEEL=Thread + composer bottom
A2046	d-chat-desktop	Desktop messaging	desktop-structure	desktop-web	NAV-MASTER-DETAIL	SH-DESK-RAIL-MAIN-INSP	D-DEFAULT	IX-KEYBOARD-SHORTCUTS	PLATFORM=desktop-web; PATTERN=d-chat-desktop; NAV=NAV-MASTER-DETAIL; SHELL=SH-DESK-RAIL-MAIN-INSP; DENSITY=D-DEFAULT; IX=IX-KEYBOARD-SHORTCUTS; IMPL=scroll-padding,live-region,error-boundary-ui,pointer-events; FEEL=List | thread | optional info
A2047	calendar-desktop	Desktop Calendar	industry-app	mobile-phone	NAV-TAB+STACK	SH-PHONE-CANVAS	D-DEFAULT	IX-KEYBOARD-SHORTCUTS	PLATFORM=mobile-phone; PATTERN=calendar-desktop; NAV=NAV-TAB+STACK; SHELL=SH-PHONE-CANVAS; DENSITY=D-DEFAULT; IX=IX-KEYBOARD-SHORTCUTS; IMPL=error-boundary-ui,aria-current,history-stack,autocomplete; FEEL=week grid create
A2048	food-courier-mobile	Courier Mobile	industry-app	mobile-phone	NAV-BOTTOM-TABS	SH-RESPONSIVE-COLLAPSE	D-TOUCH-COMFORT	IX-PRIMARY-THUMB	PLATFORM=mobile-phone; PATTERN=food-courier-mobile; NAV=NAV-BOTTOM-TABS; SHELL=SH-RESPONSIVE-COLLAPSE; DENSITY=D-TOUCH-COMFORT; IX=IX-PRIMARY-THUMB; IMPL=skeleton-css,flex-phone-column,biometric-webauthn,file-capture; FEEL=orders nav photo
A2049	d-wizard-desktop	Desktop wizard modal	desktop-structure	desktop-web	NAV-WIZARD	SH-DESK-RAIL-MAIN	D-COMFORTABLE	IX-KEYBOARD-SHORTCUTS	PLATFORM=desktop-web; PATTERN=d-wizard-desktop; NAV=NAV-WIZARD; SHELL=SH-DESK-RAIL-MAIN; DENSITY=D-COMFORTABLE; IX=IX-KEYBOARD-SHORTCUTS; IMPL=optimistic-ui,popover-api,scroll-padding,aria-expanded; FEEL=Centered steps
A2050	m-target-spacing	Target spacing	mobile-touch-a11y	mobile-phone	NAV-STACK-PUSH	SH-PHONE-STACK	D-TOUCH-COMFORT	IX-PRIMARY-THUMB	PLATFORM=mobile-phone; PATTERN=m-target-spacing; NAV=NAV-STACK-PUSH; SHELL=SH-PHONE-STACK; DENSITY=D-TOUCH-COMFORT; IX=IX-PRIMARY-THUMB; IMPL=error-boundary-ui,prefers-contrast,prefers-color-scheme,form-novalidate; FEEL=Avoid mis-taps between actions
A2051	m-form-one-column	One-column form	mobile-content-patterns	mobile-phone	NAV-STACK-PUSH	SH-PHONE-STACK	D-TOUCH-COMFORT	IX-FORM-SECTIONED	PLATFORM=mobile-phone; PATTERN=m-form-one-column; NAV=NAV-STACK-PUSH; SHELL=SH-PHONE-STACK; DENSITY=D-TOUCH-COMFORT; IX=IX-FORM-SECTIONED; IMPL=viewport-meta,app-badge,tap-highlight,error-boundary-ui; FEEL=Labels above fields
A2052	tax-mobile	Tax Mobile	industry-app	mobile-phone	NAV-BOTTOM-TABS	SH-PHONE-FEED	D-DEFAULT	IX-PRIMARY-THUMB	PLATFORM=mobile-phone; PATTERN=tax-mobile; NAV=NAV-BOTTOM-TABS; SHELL=SH-PHONE-FEED; DENSITY=D-DEFAULT; IX=IX-PRIMARY-THUMB; IMPL=csrf-safe,hover-media,virtual-list,app-badge; FEEL=upload status
A2053	weather-mobile	Weather Mobile	industry-app	mobile-phone	NAV-STACK-PUSH	SH-PHONE-STACK	D-COMFORTABLE	IX-PRIMARY-THUMB	PLATFORM=mobile-phone; PATTERN=weather-mobile; NAV=NAV-STACK-PUSH; SHELL=SH-PHONE-STACK; DENSITY=D-COMFORTABLE; IX=IX-PRIMARY-THUMB; IMPL=skeleton-css,prefers-reduced-motion,url-state,biometric-webauthn; FEEL=conditions hourly
A2054	d-analytics-explore	Analytics explore	desktop-structure	desktop-web	NAV-SIDE-RAIL	SH-DESK-DATAGRID	D-COMPACT	IX-KEYBOARD-SHORTCUTS	PLATFORM=desktop-web; PATTERN=d-analytics-explore; NAV=NAV-SIDE-RAIL; SHELL=SH-DESK-DATAGRID; DENSITY=D-COMPACT; IX=IX-KEYBOARD-SHORTCUTS; IMPL=skeleton-css,intersection-infinite,matchmedia,abort-controller; FEEL=Query builder + results
A2055	agriculture-desktop	Ag Desktop	industry-app	mobile-phone	NAV-STACK-PUSH	SH-PHONE-TABS	D-DEFAULT	IX-KEYBOARD-SHORTCUTS	PLATFORM=mobile-phone; PATTERN=agriculture-desktop; NAV=NAV-STACK-PUSH; SHELL=SH-PHONE-TABS; DENSITY=D-DEFAULT; IX=IX-KEYBOARD-SHORTCUTS; IMPL=abort-controller,matchmedia,biometric-webauthn,share-api; FEEL=fields seasons plans
A2056	backup-mobile	Backup Mobile	industry-app	mobile-phone	NAV-DRAWER	SH-PHONE-SHEET	D-DEFAULT	IX-PRIMARY-THUMB	PLATFORM=mobile-phone; PATTERN=backup-mobile; NAV=NAV-DRAWER; SHELL=SH-PHONE-SHEET; DENSITY=D-DEFAULT; IX=IX-PRIMARY-THUMB; IMPL=safe-area-css,network-information,focus-trap,csrf-safe; FEEL=status restore
A2057	x-audit-trail	Audit-friendly UI	cross-platform-app	responsive-app	NAV-SIDE-RAIL	SH-DESK-DATAGRID	D-COMPACT	IX-INLINE-EDIT	PLATFORM=responsive-app; PATTERN=x-audit-trail; NAV=NAV-SIDE-RAIL; SHELL=SH-DESK-DATAGRID; DENSITY=D-COMPACT; IX=IX-INLINE-EDIT; IMPL=optimistic-ui,inputmode,localstorage-prefs,drag-drop-desktop; FEEL=Who/when visible in ops
A2058	m-detail-push	Detail push	mobile-structure	mobile-phone	NAV-BOTTOM-TABS	SH-PHONE-TABS	D-DEFAULT	IX-PRIMARY-THUMB	PLATFORM=mobile-phone; PATTERN=m-detail-push; NAV=NAV-BOTTOM-TABS; SHELL=SH-PHONE-TABS; DENSITY=D-DEFAULT; IX=IX-PRIMARY-THUMB; IMPL=focus-visible,error-boundary-ui,hover-media,aria-current; FEEL=List to detail with back
A2059	education-mobile	Learning Mobile	industry-app	mobile-phone	NAV-BOTTOM-TABS	SH-PHONE-TABS	D-COMFORTABLE	IX-PRIMARY-THUMB	PLATFORM=mobile-phone; PATTERN=education-mobile; NAV=NAV-BOTTOM-TABS; SHELL=SH-PHONE-TABS; DENSITY=D-COMFORTABLE; IX=IX-PRIMARY-THUMB; IMPL=matchmedia,autocomplete,prefers-color-scheme,app-badge; FEEL=courses lessons
A2060	m-target-spacing	Target spacing	mobile-touch-a11y	mobile-phone	NAV-STACK-PUSH	SH-PHONE-STACK	D-TOUCH-COMFORT	IX-PRIMARY-THUMB	PLATFORM=mobile-phone; PATTERN=m-target-spacing; NAV=NAV-STACK-PUSH; SHELL=SH-PHONE-STACK; DENSITY=D-TOUCH-COMFORT; IX=IX-PRIMARY-THUMB; IMPL=history-stack,autocomplete,csrf-safe,viewport-meta; FEEL=Avoid mis-taps between actions
A2061	m-large-text	Dynamic type / large text	mobile-touch-a11y	mobile-phone	NAV-NONE-FOCUS	SH-RESPONSIVE-COLLAPSE	D-COMFORTABLE	IX-PRIMARY-THUMB	PLATFORM=mobile-phone; PATTERN=m-large-text; NAV=NAV-NONE-FOCUS; SHELL=SH-RESPONSIVE-COLLAPSE; DENSITY=D-COMFORTABLE; IX=IX-PRIMARY-THUMB; IMPL=aria-expanded,app-badge,history-stack,csrf-safe; FEEL=Layout flexes with text size
A2062	d-master-detail	Master-detail	desktop-structure	desktop-web	NAV-MASTER-DETAIL	SH-TABLET-SPLIT	D-DEFAULT	IX-KEYBOARD-SHORTCUTS	PLATFORM=desktop-web; PATTERN=d-master-detail; NAV=NAV-MASTER-DETAIL; SHELL=SH-TABLET-SPLIT; DENSITY=D-DEFAULT; IX=IX-KEYBOARD-SHORTCUTS; IMPL=virtual-list,clipboard-api,optimistic-ui,popover-api; FEEL=List drives detail
A2063	m-camera-first	Camera/capture first	mobile-structure	mobile-phone	NAV-BOTTOM-TABS	SH-PHONE-TABS	D-TOUCH-COMFORT	IX-PRIMARY-THUMB	PLATFORM=mobile-phone; PATTERN=m-camera-first; NAV=NAV-BOTTOM-TABS; SHELL=SH-PHONE-TABS; DENSITY=D-TOUCH-COMFORT; IX=IX-PRIMARY-THUMB; IMPL=sticky-footer-cta,app-badge,url-state,tap-highlight; FEEL=Capture chrome minimal
A2064	m-auth-focus	Auth focus flow	mobile-structure	mobile-phone	NAV-NONE-FOCUS	SH-PHONE-STACK	D-COMFORTABLE	IX-PRIMARY-THUMB	PLATFORM=mobile-phone; PATTERN=m-auth-focus; NAV=NAV-NONE-FOCUS; SHELL=SH-PHONE-STACK; DENSITY=D-COMFORTABLE; IX=IX-PRIMARY-THUMB; IMPL=coarse-pointer,skeleton-css,focus-trap,content-visibility; FEEL=No app chrome
A2065	m-hub-and-spoke	Hub home + spokes	mobile-structure	mobile-phone	NAV-BOTTOM-SHEET	SH-PHONE-FEED	D-DEFAULT	IX-PRIMARY-THUMB	PLATFORM=mobile-phone; PATTERN=m-hub-and-spoke; NAV=NAV-BOTTOM-SHEET; SHELL=SH-PHONE-FEED; DENSITY=D-DEFAULT; IX=IX-PRIMARY-THUMB; IMPL=tap-highlight,flex-phone-column,install-pwa,min-touch; FEEL=Home launches tasks
A2066	social-desktop	Social Desktop	industry-app	desktop-web	NAV-SIDE-RAIL	SH-DESK-RAIL-MAIN	D-DEFAULT	IX-KEYBOARD-SHORTCUTS	PLATFORM=desktop-web; PATTERN=social-desktop; NAV=NAV-SIDE-RAIL; SHELL=SH-DESK-RAIL-MAIN; DENSITY=D-DEFAULT; IX=IX-KEYBOARD-SHORTCUTS; IMPL=resize-observer,command-palette-js,roving-tabindex,focus-trap; FEEL=feed optional rail
A2067	d-timeline-gantt	Timeline/Gantt	desktop-structure	desktop-web	NAV-TOOLBAR	SH-DESK-TOOL-CANVAS	D-COMPACT	IX-KEYBOARD-SHORTCUTS	PLATFORM=desktop-web; PATTERN=d-timeline-gantt; NAV=NAV-TOOLBAR; SHELL=SH-DESK-TOOL-CANVAS; DENSITY=D-COMPACT; IX=IX-KEYBOARD-SHORTCUTS; IMPL=focus-trap,localstorage-prefs,intersection-infinite,resize-observer; FEEL=Time as structure
A2068	d-calendar-desktop	Calendar app	desktop-structure	desktop-web	NAV-SIDE-RAIL	SH-DESK-TOOL-CANVAS	D-DEFAULT	IX-KEYBOARD-SHORTCUTS	PLATFORM=desktop-web; PATTERN=d-calendar-desktop; NAV=NAV-SIDE-RAIL; SHELL=SH-DESK-TOOL-CANVAS; DENSITY=D-DEFAULT; IX=IX-KEYBOARD-SHORTCUTS; IMPL=session-timeout,clipboard-api,localstorage-prefs,error-boundary-ui; FEEL=Time grid primary
A2069	x-audit-trail	Audit-friendly UI	cross-platform-app	responsive-app	NAV-SIDE-RAIL	SH-DESK-DATAGRID	D-COMPACT	IX-INLINE-EDIT	PLATFORM=responsive-app; PATTERN=x-audit-trail; NAV=NAV-SIDE-RAIL; SHELL=SH-DESK-DATAGRID; DENSITY=D-COMPACT; IX=IX-INLINE-EDIT; IMPL=scroll-padding,app-badge,session-timeout,localstorage-prefs; FEEL=Who/when visible in ops
A2070	m-wizard-fullscreen	Fullscreen wizard	mobile-structure	mobile-phone	NAV-WIZARD	SH-PHONE-STACK	D-COMFORTABLE	IX-PRIMARY-THUMB	PLATFORM=mobile-phone; PATTERN=m-wizard-fullscreen; NAV=NAV-WIZARD; SHELL=SH-PHONE-STACK; DENSITY=D-COMFORTABLE; IX=IX-PRIMARY-THUMB; IMPL=prefers-contrast,coarse-pointer,type-date,scroll-padding; FEEL=Step chrome only
A2071	m-search-tab	Search as tab	mobile-structure	mobile-phone	NAV-WIZARD	SH-RESPONSIVE-COLLAPSE	D-DEFAULT	IX-PRIMARY-THUMB	PLATFORM=mobile-phone; PATTERN=m-search-tab; NAV=NAV-WIZARD; SHELL=SH-RESPONSIVE-COLLAPSE; DENSITY=D-DEFAULT; IX=IX-PRIMARY-THUMB; IMPL=url-state,prefers-reduced-motion,min-touch,biometric-webauthn; FEEL=Search is a root job
A2072	x-audit-trail	Audit-friendly UI	cross-platform-app	responsive-app	NAV-SIDE-RAIL	SH-DESK-DATAGRID	D-COMPACT	IX-INLINE-EDIT	PLATFORM=responsive-app; PATTERN=x-audit-trail; NAV=NAV-SIDE-RAIL; SHELL=SH-DESK-DATAGRID; DENSITY=D-COMPACT; IX=IX-INLINE-EDIT; IMPL=hotkeys,min-touch,vibrate-careful,biometric-webauthn; FEEL=Who/when visible in ops
A2073	os-win-navigation-view	Win NavigationView	os-patterns	desktop-web	NAV-SIDE-RAIL	SH-DESK-RAIL-MAIN	D-DEFAULT	IX-KEYBOARD-SHORTCUTS	PLATFORM=desktop-web; PATTERN=os-win-navigation-view; NAV=NAV-SIDE-RAIL; SHELL=SH-DESK-RAIL-MAIN; DENSITY=D-DEFAULT; IX=IX-KEYBOARD-SHORTCUTS; IMPL=popover-api,focus-trap,dialog-element,error-boundary-ui; FEEL=Left nav expand
A2074	travel-desktop	Travel Desktop	industry-app	desktop-web	NAV-SIDE-RAIL	SH-DESK-RAIL-MAIN	D-DEFAULT	IX-KEYBOARD-SHORTCUTS	PLATFORM=desktop-web; PATTERN=travel-desktop; NAV=NAV-SIDE-RAIL; SHELL=SH-DESK-RAIL-MAIN; DENSITY=D-DEFAULT; IX=IX-KEYBOARD-SHORTCUTS; IMPL=roving-tabindex,container-queries,localstorage-prefs,pointer-events; FEEL=itinerary booking
A2075	d-settings-dialog	Settings dialog/pages	desktop-structure	desktop-web	NAV-SIDE-TREE	SH-DESK-RAIL-MAIN	D-DEFAULT	IX-KEYBOARD-SHORTCUTS	PLATFORM=desktop-web; PATTERN=d-settings-dialog; NAV=NAV-SIDE-TREE; SHELL=SH-DESK-RAIL-MAIN; DENSITY=D-DEFAULT; IX=IX-KEYBOARD-SHORTCUTS; IMPL=drag-drop-desktop,command-palette-js,abort-controller,resize-observer; FEEL=Searchable settings
A2076	commerce-mobile	Mobile Commerce	industry-app	mobile-phone	NAV-BOTTOM-TABS	SH-PHONE-TABS	D-TOUCH-COMFORT	IX-PRIMARY-THUMB	PLATFORM=mobile-phone; PATTERN=commerce-mobile; NAV=NAV-BOTTOM-TABS; SHELL=SH-PHONE-TABS; DENSITY=D-TOUCH-COMFORT; IX=IX-PRIMARY-THUMB; IMPL=share-api,sticky-footer-cta,service-worker-offline,focus-visible; FEEL=browse pdp cart checkout
A2077	password-mobile	Password Manager Mobile	industry-app	mobile-phone	NAV-BOTTOM-TABS	SH-PHONE-TABS	D-DEFAULT	IX-PRIMARY-THUMB	PLATFORM=mobile-phone; PATTERN=password-mobile; NAV=NAV-BOTTOM-TABS; SHELL=SH-PHONE-TABS; DENSITY=D-DEFAULT; IX=IX-PRIMARY-THUMB; IMPL=intersection-infinite,content-visibility,overscroll,will-change-sparing; FEEL=vault autofill
A2078	m-media-fullscreen	Fullscreen media	mobile-content-patterns	mobile-phone	NAV-BOTTOM-TABS	SH-PHONE-TABS	D-DEFAULT	IX-PRIMARY-THUMB	PLATFORM=mobile-phone; PATTERN=m-media-fullscreen; NAV=NAV-BOTTOM-TABS; SHELL=SH-PHONE-TABS; DENSITY=D-DEFAULT; IX=IX-PRIMARY-THUMB; IMPL=focus-trap,sticky-footer-cta,content-visibility,flex-phone-column; FEEL=Swipe dismiss, chrome fade
A2079	energy-desktop	Energy Ops Desktop	industry-app	mobile-phone	NAV-TOP-TABS	SH-PHONE-FEED	D-TOUCH-COMFORT	IX-KEYBOARD-SHORTCUTS	PLATFORM=mobile-phone; PATTERN=energy-desktop; NAV=NAV-TOP-TABS; SHELL=SH-PHONE-FEED; DENSITY=D-TOUCH-COMFORT; IX=IX-KEYBOARD-SHORTCUTS; IMPL=live-region,inputmode,virtual-list,csrf-safe; FEEL=grid status alarms
A2080	d-ide-lite	IDE-lite	desktop-structure	desktop-web	NAV-SIDE-RAIL	SH-DESK-IDE-LITE	D-COMPACT	IX-KEYBOARD-SHORTCUTS	PLATFORM=desktop-web; PATTERN=d-ide-lite; NAV=NAV-SIDE-RAIL; SHELL=SH-DESK-IDE-LITE; DENSITY=D-COMPACT; IX=IX-KEYBOARD-SHORTCUTS; IMPL=prefers-reduced-motion,localstorage-prefs,live-region,pointer-events; FEEL=Editor primary; panels optional
A2081	m-target-spacing	Target spacing	mobile-touch-a11y	mobile-phone	NAV-STACK-PUSH	SH-PHONE-STACK	D-TOUCH-COMFORT	IX-PRIMARY-THUMB	PLATFORM=mobile-phone; PATTERN=m-target-spacing; NAV=NAV-STACK-PUSH; SHELL=SH-PHONE-STACK; DENSITY=D-TOUCH-COMFORT; IX=IX-PRIMARY-THUMB; IMPL=tap-highlight,aria-current,scroll-padding,csrf-safe; FEEL=Avoid mis-taps between actions
A2082	library-desktop	Library Desktop	industry-app	mobile-phone	NAV-MODAL-SHEET	SH-RESPONSIVE-COLLAPSE	D-TOUCH-COMFORT	IX-KEYBOARD-SHORTCUTS	PLATFORM=mobile-phone; PATTERN=library-desktop; NAV=NAV-MODAL-SHEET; SHELL=SH-RESPONSIVE-COLLAPSE; DENSITY=D-TOUCH-COMFORT; IX=IX-KEYBOARD-SHORTCUTS; IMPL=skeleton-css,prefers-contrast,prefers-color-scheme,matchmedia; FEEL=catalogue circulation
A2083	m-action-sheet	Action sheet confirm	mobile-structure	mobile-phone	NAV-MODAL-SHEET	SH-PHONE-SHEET	D-TOUCH-COMFORT	IX-PRIMARY-THUMB	PLATFORM=mobile-phone; PATTERN=m-action-sheet; NAV=NAV-MODAL-SHEET; SHELL=SH-PHONE-SHEET; DENSITY=D-TOUCH-COMFORT; IX=IX-PRIMARY-THUMB; IMPL=autocomplete,network-information,viewport-meta,content-visibility; FEEL=Destructive choices clear
A2084	insurance-mobile	Insurance Mobile	industry-app	mobile-phone	NAV-BOTTOM-SHEET	SH-PHONE-SHEET	D-DEFAULT	IX-PRIMARY-THUMB	PLATFORM=mobile-phone; PATTERN=insurance-mobile; NAV=NAV-BOTTOM-SHEET; SHELL=SH-PHONE-SHEET; DENSITY=D-DEFAULT; IX=IX-PRIMARY-THUMB; IMPL=service-worker-offline,min-touch,autocomplete,url-state; FEEL=policies claims
A2085	m-screen-reader-order	Screen reader order	mobile-touch-a11y	mobile-phone	NAV-STACK-PUSH	SH-PHONE-TABS	D-DEFAULT	IX-PRIMARY-THUMB	PLATFORM=mobile-phone; PATTERN=m-screen-reader-order; NAV=NAV-STACK-PUSH; SHELL=SH-PHONE-TABS; DENSITY=D-DEFAULT; IX=IX-PRIMARY-THUMB; IMPL=coarse-pointer,scroll-padding,sticky-footer-cta,error-boundary-ui; FEEL=DOM order matches visual job
A2086	notes-mobile	Notes Mobile	industry-app	mobile-phone	NAV-STACK-PUSH	SH-PHONE-STACK	D-DEFAULT	IX-PRIMARY-THUMB	PLATFORM=mobile-phone; PATTERN=notes-mobile; NAV=NAV-STACK-PUSH; SHELL=SH-PHONE-STACK; DENSITY=D-DEFAULT; IX=IX-PRIMARY-THUMB; IMPL=scroll-padding,viewport-meta,url-state,debounce-search; FEEL=list editor
A2087	vpn-mobile	VPN Mobile	industry-app	mobile-phone	NAV-BOTTOM-TABS	SH-PHONE-TABS	D-DEFAULT	IX-PRIMARY-THUMB	PLATFORM=mobile-phone; PATTERN=vpn-mobile; NAV=NAV-BOTTOM-TABS; SHELL=SH-PHONE-TABS; DENSITY=D-DEFAULT; IX=IX-PRIMARY-THUMB; IMPL=min-touch,share-api,url-state,error-boundary-ui; FEEL=connect status regions
A2088	d-undo-stack	Document undo	desktop-density-keyboard	desktop-web	NAV-MENUBAR	SH-DESK-DOCUMENT	D-DEFAULT	IX-UNDO-TOAST	PLATFORM=desktop-web; PATTERN=d-undo-stack; NAV=NAV-MENUBAR; SHELL=SH-DESK-DOCUMENT; DENSITY=D-DEFAULT; IX=IX-UNDO-TOAST; IMPL=container-queries,prefers-contrast,csrf-safe,url-state; FEEL=⌘Z meaningful
A2089	d-context-menu	Context menu + menu bar	desktop-density-keyboard	desktop-web	NAV-SIDE-RAIL	SH-DESK-DATAGRID	D-DEFAULT	IX-KEYBOARD-SHORTCUTS	PLATFORM=desktop-web; PATTERN=d-context-menu; NAV=NAV-SIDE-RAIL; SHELL=SH-DESK-DATAGRID; DENSITY=D-DEFAULT; IX=IX-KEYBOARD-SHORTCUTS; IMPL=container-queries,prefers-color-scheme,scroll-padding,prefers-contrast; FEEL=Right-click not only path
A2090	m-auth-focus	Auth focus flow	mobile-structure	mobile-phone	NAV-NONE-FOCUS	SH-PHONE-STACK	D-COMFORTABLE	IX-PRIMARY-THUMB	PLATFORM=mobile-phone; PATTERN=m-auth-focus; NAV=NAV-NONE-FOCUS; SHELL=SH-PHONE-STACK; DENSITY=D-COMFORTABLE; IX=IX-PRIMARY-THUMB; IMPL=coarse-pointer,biometric-webauthn,debounce-search,will-change-sparing; FEEL=No app chrome
A2091	music-desktop	Music Desktop	industry-app	desktop-web	NAV-COMMAND-PALETTE	SH-DESK-TOOL-CANVAS	D-DEFAULT	IX-KEYBOARD-SHORTCUTS	PLATFORM=desktop-web; PATTERN=music-desktop; NAV=NAV-COMMAND-PALETTE; SHELL=SH-DESK-TOOL-CANVAS; DENSITY=D-DEFAULT; IX=IX-KEYBOARD-SHORTCUTS; IMPL=drag-drop-desktop,content-visibility,dialog-element,prefers-color-scheme; FEEL=library player queue
A2092	m-bottom-tabs-5	Bottom tabs (max 5)	mobile-structure	mobile-phone	NAV-BOTTOM-TABS	SH-PHONE-TABS	D-TOUCH-COMFORT	IX-PRIMARY-THUMB	PLATFORM=mobile-phone; PATTERN=m-bottom-tabs-5; NAV=NAV-BOTTOM-TABS; SHELL=SH-PHONE-TABS; DENSITY=D-TOUCH-COMFORT; IX=IX-PRIMARY-THUMB; IMPL=min-touch,biometric-webauthn,install-pwa,form-novalidate; FEEL=Peer top-level destinations
A2093	m-no-hover	No hover-only	mobile-touch-a11y	mobile-phone	NAV-STACK-PUSH	SH-PHONE-STACK	D-DEFAULT	IX-PRIMARY-THUMB	PLATFORM=mobile-phone; PATTERN=m-no-hover; NAV=NAV-STACK-PUSH; SHELL=SH-PHONE-STACK; DENSITY=D-DEFAULT; IX=IX-PRIMARY-THUMB; IMPL=sticky-footer-cta,share-api,scroll-padding,aria-expanded; FEEL=All actions visible/tappable
A2094	m-haptic-meaning	Haptics with meaning	mobile-touch-a11y	mobile-phone	NAV-BOTTOM-TABS	SH-PHONE-SHEET	D-DEFAULT	IX-UNDO-TOAST	PLATFORM=mobile-phone; PATTERN=m-haptic-meaning; NAV=NAV-BOTTOM-TABS; SHELL=SH-PHONE-SHEET; DENSITY=D-DEFAULT; IX=IX-UNDO-TOAST; IMPL=prefers-color-scheme,touch-action,abort-controller,sticky-footer-cta; FEEL=Confirm/error/success only
A2095	d-autosave-status	Autosave status	desktop-density-keyboard	desktop-web	NAV-MENUBAR	SH-DESK-DOCUMENT	D-DEFAULT	IX-AUTOSAVE	PLATFORM=desktop-web; PATTERN=d-autosave-status; NAV=NAV-MENUBAR; SHELL=SH-DESK-DOCUMENT; DENSITY=D-DEFAULT; IX=IX-AUTOSAVE; IMPL=live-region,pointer-events,roving-tabindex,prefers-color-scheme; FEEL=Saving/saved/error in chrome
A2096	d-undo-stack	Document undo	desktop-density-keyboard	desktop-web	NAV-MENUBAR	SH-DESK-DOCUMENT	D-DEFAULT	IX-UNDO-TOAST	PLATFORM=desktop-web; PATTERN=d-undo-stack; NAV=NAV-MENUBAR; SHELL=SH-DESK-DOCUMENT; DENSITY=D-DEFAULT; IX=IX-UNDO-TOAST; IMPL=fine-pointer,abort-controller,virtual-list,matchmedia; FEEL=⌘Z meaningful
A2097	x-help-inline	Inline help	cross-platform-app	responsive-app	NAV-NONE-FOCUS	SH-RESPONSIVE-COLLAPSE	D-DEFAULT	IX-EMPTY-CTA	PLATFORM=responsive-app; PATTERN=x-help-inline; NAV=NAV-NONE-FOCUS; SHELL=SH-RESPONSIVE-COLLAPSE; DENSITY=D-DEFAULT; IX=IX-EMPTY-CTA; IMPL=intersection-infinite,autocomplete,coarse-pointer,file-capture; FEEL=Contextual, not only docs site
A2098	m-list-media	Media list rows	mobile-content-patterns	mobile-phone	NAV-STACK-PUSH	SH-PHONE-FEED	D-DEFAULT	IX-INFINITE-SCROLL	PLATFORM=mobile-phone; PATTERN=m-list-media; NAV=NAV-STACK-PUSH; SHELL=SH-PHONE-FEED; DENSITY=D-DEFAULT; IX=IX-INFINITE-SCROLL; IMPL=biometric-webauthn,error-boundary-ui,abort-controller,csrf-safe; FEEL=Thumb + title + meta
A2099	event-mobile	Event Mobile	industry-app	mobile-phone	NAV-BOTTOM-TABS	SH-PHONE-TABS	D-DEFAULT	IX-PRIMARY-THUMB	PLATFORM=mobile-phone; PATTERN=event-mobile; NAV=NAV-BOTTOM-TABS; SHELL=SH-PHONE-TABS; DENSITY=D-DEFAULT; IX=IX-PRIMARY-THUMB; IMPL=aria-expanded,matchmedia,viewport-meta,app-badge; FEEL=agenda tickets map
A2100	backup-desktop	Backup Desktop	industry-app	desktop-web	NAV-SIDE-RAIL	SH-DESK-RAIL-MAIN	D-DEFAULT	IX-KEYBOARD-SHORTCUTS	PLATFORM=desktop-web; PATTERN=backup-desktop; NAV=NAV-SIDE-RAIL; SHELL=SH-DESK-RAIL-MAIN; DENSITY=D-DEFAULT; IX=IX-KEYBOARD-SHORTCUTS; IMPL=hotkeys,overscroll,prefers-reduced-motion,focus-trap; FEEL=sources schedule status
A2101	x-state-matrix	Full state matrix	cross-platform-app	responsive-app	NAV-NONE-FOCUS	SH-RESPONSIVE-COLLAPSE	D-DEFAULT	IX-SKELETON-LOAD	PLATFORM=responsive-app; PATTERN=x-state-matrix; NAV=NAV-NONE-FOCUS; SHELL=SH-RESPONSIVE-COLLAPSE; DENSITY=D-DEFAULT; IX=IX-SKELETON-LOAD; IMPL=focus-trap,hotkeys,drag-drop-desktop,intersection-infinite; FEEL=default loading empty error success
A2102	realestate-desktop	Property Desktop	industry-app	mobile-tablet	NAV-MASTER-DETAIL	SH-TABLET-SPLIT	D-DEFAULT	IX-EMPTY-CTA	PLATFORM=mobile-tablet; PATTERN=realestate-desktop; NAV=NAV-MASTER-DETAIL; SHELL=SH-TABLET-SPLIT; DENSITY=D-DEFAULT; IX=IX-EMPTY-CTA; IMPL=vibrate-careful,dialog-element,error-boundary-ui,prefers-color-scheme; FEEL=search map table
A2103	x-search-global	Global search	cross-platform-app	responsive-app	NAV-NONE-FOCUS	SH-RESPONSIVE-COLLAPSE	D-DEFAULT	IX-SEARCH-FIRST	PLATFORM=responsive-app; PATTERN=x-search-global; NAV=NAV-NONE-FOCUS; SHELL=SH-RESPONSIVE-COLLAPSE; DENSITY=D-DEFAULT; IX=IX-SEARCH-FIRST; IMPL=will-change-sparing,command-palette-js,type-date,error-boundary-ui; FEEL=Entities + actions
A2104	m-safe-area-chrome	Safe-area chrome	mobile-touch-a11y	mobile-phone	NAV-BOTTOM-TABS	SH-PHONE-TABS	D-TOUCH-COMFORT	IX-STICKY-FOOTER-CTA	PLATFORM=mobile-phone; PATTERN=m-safe-area-chrome; NAV=NAV-BOTTOM-TABS; SHELL=SH-PHONE-TABS; DENSITY=D-TOUCH-COMFORT; IX=IX-STICKY-FOOTER-CTA; IMPL=prefers-contrast,intersection-infinite,dialog-element,history-stack; FEEL=Tabs/CTAs above home indicator
A2105	support-mobile	Support Mobile	industry-app	mobile-phone	NAV-STACK-PUSH	SH-PHONE-STACK	D-DEFAULT	IX-PRIMARY-THUMB	PLATFORM=mobile-phone; PATTERN=support-mobile; NAV=NAV-STACK-PUSH; SHELL=SH-PHONE-STACK; DENSITY=D-DEFAULT; IX=IX-PRIMARY-THUMB; IMPL=virtual-list,skeleton-css,live-region,inputmode; FEEL=on-call ticket
A2106	m-media-fullscreen	Fullscreen media	mobile-content-patterns	mobile-phone	NAV-TAB+STACK	SH-PHONE-SHEET	D-DEFAULT	IX-PRIMARY-THUMB	PLATFORM=mobile-phone; PATTERN=m-media-fullscreen; NAV=NAV-TAB+STACK; SHELL=SH-PHONE-SHEET; DENSITY=D-DEFAULT; IX=IX-PRIMARY-THUMB; IMPL=will-change-sparing,network-information,error-boundary-ui,flex-phone-column; FEEL=Swipe dismiss, chrome fade
A2107	news-desktop	News Desktop	industry-app	desktop-web	NAV-SIDE-RAIL	SH-DESK-DOCUMENT	D-DEFAULT	IX-KEYBOARD-SHORTCUTS	PLATFORM=desktop-web; PATTERN=news-desktop; NAV=NAV-SIDE-RAIL; SHELL=SH-DESK-DOCUMENT; DENSITY=D-DEFAULT; IX=IX-KEYBOARD-SHORTCUTS; IMPL=resize-observer,clipboard-api,prefers-reduced-motion,hover-media; FEEL=sections article
A2108	d-kanban-desktop	Kanban board	desktop-structure	desktop-web	NAV-MASTER-DETAIL	SH-RESPONSIVE-COLLAPSE	D-DEFAULT	IX-KEYBOARD-SHORTCUTS	PLATFORM=desktop-web; PATTERN=d-kanban-desktop; NAV=NAV-MASTER-DETAIL; SHELL=SH-RESPONSIVE-COLLAPSE; DENSITY=D-DEFAULT; IX=IX-KEYBOARD-SHORTCUTS; IMPL=roving-tabindex,overscroll,error-boundary-ui,autocomplete; FEEL=Columns + cards
A2109	m-focus-visible-mobile	Focus visible when keyboard	mobile-touch-a11y	mobile-phone	NAV-STACK-PUSH	SH-PHONE-STACK	D-DEFAULT	IX-KEYBOARD-SHORTCUTS	PLATFORM=mobile-phone; PATTERN=m-focus-visible-mobile; NAV=NAV-STACK-PUSH; SHELL=SH-PHONE-STACK; DENSITY=D-DEFAULT; IX=IX-KEYBOARD-SHORTCUTS; IMPL=csrf-safe,file-capture,prefers-contrast,form-novalidate; FEEL=External keyboard / a11y
A2110	m-bottom-tabs-3	Bottom tabs (3)	mobile-structure	mobile-phone	NAV-BOTTOM-TABS	SH-PHONE-TABS	D-TOUCH-COMFORT	IX-PRIMARY-THUMB	PLATFORM=mobile-phone; PATTERN=m-bottom-tabs-3; NAV=NAV-BOTTOM-TABS; SHELL=SH-PHONE-TABS; DENSITY=D-TOUCH-COMFORT; IX=IX-PRIMARY-THUMB; IMPL=prefers-contrast,push-web,dvh-units,bottom-nav-fixed; FEEL=Focused product
A2111	d-progressive-more	More/Fewer options	desktop-density-keyboard	desktop-web	NAV-SIDE-RAIL	SH-DESK-RAIL-MAIN	D-DEFAULT	IX-FILTER-CHIPS	PLATFORM=desktop-web; PATTERN=d-progressive-more; NAV=NAV-SIDE-RAIL; SHELL=SH-DESK-RAIL-MAIN; DENSITY=D-DEFAULT; IX=IX-FILTER-CHIPS; IMPL=overscroll,skeleton-css,scroll-padding,prefers-reduced-motion; FEEL=Hide rare advanced
A2112	x-shared-tokens	Shared design tokens	cross-platform-app	responsive-app	NAV-NONE-FOCUS	SH-RESPONSIVE-COLLAPSE	D-DEFAULT	IX-PRIMARY-THUMB	PLATFORM=responsive-app; PATTERN=x-shared-tokens; NAV=NAV-NONE-FOCUS; SHELL=SH-RESPONSIVE-COLLAPSE; DENSITY=D-DEFAULT; IX=IX-PRIMARY-THUMB; IMPL=viewport-meta,pointer-events,resize-observer,type-date; FEEL=Colour type space cross surface
A2113	os-macos-toolbar	macOS toolbar	os-patterns	desktop-web	NAV-TOOLBAR	SH-DESK-DOCUMENT	D-DEFAULT	IX-KEYBOARD-SHORTCUTS	PLATFORM=desktop-web; PATTERN=os-macos-toolbar; NAV=NAV-TOOLBAR; SHELL=SH-DESK-DOCUMENT; DENSITY=D-DEFAULT; IX=IX-KEYBOARD-SHORTCUTS; IMPL=hover-media,intersection-infinite,debounce-search,scroll-padding; FEEL=Unified titlebar toolbar
A2114	photos-mobile	Photos Mobile	industry-app	mobile-phone	NAV-BOTTOM-TABS	SH-PHONE-FEED	D-DEFAULT	IX-PRIMARY-THUMB	PLATFORM=mobile-phone; PATTERN=photos-mobile; NAV=NAV-BOTTOM-TABS; SHELL=SH-PHONE-FEED; DENSITY=D-DEFAULT; IX=IX-PRIMARY-THUMB; IMPL=tap-highlight,live-region,dialog-element,intersection-infinite; FEEL=library memories
A2115	social-mobile	Social Mobile	industry-app	mobile-phone	NAV-BOTTOM-TABS	SH-PHONE-FEED	D-DEFAULT	IX-PRIMARY-THUMB	PLATFORM=mobile-phone; PATTERN=social-mobile; NAV=NAV-BOTTOM-TABS; SHELL=SH-PHONE-FEED; DENSITY=D-DEFAULT; IX=IX-PRIMARY-THUMB; IMPL=intersection-infinite,prefers-color-scheme,prefers-contrast,push-web; FEEL=feed create profile
A2116	m-empty-first-run	First-run empty	mobile-content-patterns	mobile-phone	NAV-STACK-PUSH	SH-PHONE-STACK	D-COMFORTABLE	IX-EMPTY-CTA	PLATFORM=mobile-phone; PATTERN=m-empty-first-run; NAV=NAV-STACK-PUSH; SHELL=SH-PHONE-STACK; DENSITY=D-COMFORTABLE; IX=IX-EMPTY-CTA; IMPL=install-pwa,vibrate-careful,tap-highlight,error-boundary-ui; FEEL=Education + CTA
A2117	d-settings-dialog	Settings dialog/pages	desktop-structure	desktop-web	NAV-SIDE-TREE	SH-DESK-RAIL-MAIN	D-DEFAULT	IX-KEYBOARD-SHORTCUTS	PLATFORM=desktop-web; PATTERN=d-settings-dialog; NAV=NAV-SIDE-TREE; SHELL=SH-DESK-RAIL-MAIN; DENSITY=D-DEFAULT; IX=IX-KEYBOARD-SHORTCUTS; IMPL=optimistic-ui,localstorage-prefs,grid-app-shell,content-visibility; FEEL=Searchable settings
A2118	crm-desktop	CRM Desktop	industry-app	desktop-web	NAV-BREADCRUMB	SH-DESK-IDE-LITE	D-COMPACT	IX-KEYBOARD-SHORTCUTS	PLATFORM=desktop-web; PATTERN=crm-desktop; NAV=NAV-BREADCRUMB; SHELL=SH-DESK-IDE-LITE; DENSITY=D-COMPACT; IX=IX-KEYBOARD-SHORTCUTS; IMPL=url-state,live-region,prefers-color-scheme,grid-app-shell; FEEL=pipeline contacts
A2119	d-window-1024	Functional at 1024×768	desktop-density-keyboard	desktop-web	NAV-COMMAND-PALETTE	SH-DESK-DASH	D-DEFAULT	IX-SPLIT-RESIZE	PLATFORM=desktop-web; PATTERN=d-window-1024; NAV=NAV-COMMAND-PALETTE; SHELL=SH-DESK-DASH; DENSITY=D-DEFAULT; IX=IX-SPLIT-RESIZE; IMPL=grid-app-shell,hotkeys,clipboard-api,virtual-list; FEEL=No dead layouts at laptop
A2120	manufacturing-mobile	Shop Floor Mobile	industry-app	mobile-phone	NAV-NONE-FOCUS	SH-PHONE-STACK	D-TOUCH-COMFORT	IX-PRIMARY-THUMB	PLATFORM=mobile-phone; PATTERN=manufacturing-mobile; NAV=NAV-NONE-FOCUS; SHELL=SH-PHONE-STACK; DENSITY=D-TOUCH-COMFORT; IX=IX-PRIMARY-THUMB; IMPL=virtual-list,flex-phone-column,prefers-contrast,skeleton-css; FEEL=scan complete
A2121	museum-mobile	Museum Mobile	industry-app	mobile-phone	NAV-TAB+STACK	SH-PHONE-STACK	D-COMFORTABLE	IX-PRIMARY-THUMB	PLATFORM=mobile-phone; PATTERN=museum-mobile; NAV=NAV-TAB+STACK; SHELL=SH-PHONE-STACK; DENSITY=D-COMFORTABLE; IX=IX-PRIMARY-THUMB; IMPL=push-web,autocomplete,skeleton-css,hover-media; FEEL=visit guide audio
A2122	x-permissioned-ui	Permissioned UI	cross-platform-app	responsive-app	NAV-TOP-TABS	SH-DESK-DATAGRID	D-DEFAULT	IX-EMPTY-CTA	PLATFORM=responsive-app; PATTERN=x-permissioned-ui; NAV=NAV-TOP-TABS; SHELL=SH-DESK-DATAGRID; DENSITY=D-DEFAULT; IX=IX-EMPTY-CTA; IMPL=roving-tabindex,url-state,type-date,flex-phone-column; FEEL=Hide vs disable with reason
A2123	ride-driver-mobile	Driver Mobile	industry-app	mobile-phone	NAV-NONE-FOCUS	SH-PHONE-STACK	D-TOUCH-COMFORT	IX-PRIMARY-THUMB	PLATFORM=mobile-phone; PATTERN=ride-driver-mobile; NAV=NAV-NONE-FOCUS; SHELL=SH-PHONE-STACK; DENSITY=D-TOUCH-COMFORT; IX=IX-PRIMARY-THUMB; IMPL=app-badge,will-change-sparing,form-novalidate,overscroll; FEEL=requests nav
A2124	d-settings-dialog	Settings dialog/pages	desktop-structure	desktop-web	NAV-SIDE-TREE	SH-DESK-RAIL-MAIN	D-DEFAULT	IX-KEYBOARD-SHORTCUTS	PLATFORM=desktop-web; PATTERN=d-settings-dialog; NAV=NAV-SIDE-TREE; SHELL=SH-DESK-RAIL-MAIN; DENSITY=D-DEFAULT; IX=IX-KEYBOARD-SHORTCUTS; IMPL=prefers-reduced-motion,scroll-padding,intersection-infinite,clipboard-api; FEEL=Searchable settings
A2125	smart-home-mobile	Smart Home Mobile	industry-app	mobile-phone	NAV-BOTTOM-TABS	SH-PHONE-TABS	D-DEFAULT	IX-PRIMARY-THUMB	PLATFORM=mobile-phone; PATTERN=smart-home-mobile; NAV=NAV-BOTTOM-TABS; SHELL=SH-PHONE-TABS; DENSITY=D-DEFAULT; IX=IX-PRIMARY-THUMB; IMPL=sticky-footer-cta,will-change-sparing,virtual-list,touch-action; FEEL=rooms scenes devices
A2126	m-target-spacing	Target spacing	mobile-touch-a11y	mobile-phone	NAV-STACK-PUSH	SH-PHONE-STACK	D-TOUCH-COMFORT	IX-PRIMARY-THUMB	PLATFORM=mobile-phone; PATTERN=m-target-spacing; NAV=NAV-STACK-PUSH; SHELL=SH-PHONE-STACK; DENSITY=D-TOUCH-COMFORT; IX=IX-PRIMARY-THUMB; IMPL=csrf-safe,min-touch,prefers-color-scheme,prefers-contrast; FEEL=Avoid mis-taps between actions
A2127	x-rtl-ready	RTL-ready layout	cross-platform-app	responsive-app	NAV-NONE-FOCUS	SH-RESPONSIVE-COLLAPSE	D-DEFAULT	IX-PRIMARY-THUMB	PLATFORM=responsive-app; PATTERN=x-rtl-ready; NAV=NAV-NONE-FOCUS; SHELL=SH-RESPONSIVE-COLLAPSE; DENSITY=D-DEFAULT; IX=IX-PRIMARY-THUMB; IMPL=abort-controller,min-touch,virtual-list,viewport-meta; FEEL=Logical properties
A2128	hotel-desktop	Hotel Desktop	industry-app	desktop-web	NAV-MASTER-DETAIL	SH-DESK-RAIL-MAIN-INSP	D-COMPACT	IX-KEYBOARD-SHORTCUTS	PLATFORM=desktop-web; PATTERN=hotel-desktop; NAV=NAV-MASTER-DETAIL; SHELL=SH-DESK-RAIL-MAIN-INSP; DENSITY=D-COMPACT; IX=IX-KEYBOARD-SHORTCUTS; IMPL=overscroll,intersection-infinite,command-palette-js,will-change-sparing; FEEL=reservations folio
A2129	mdm-mobile	Device Enrol Mobile	industry-app	mobile-phone	NAV-NONE-FOCUS	SH-PHONE-SHEET	D-TOUCH-COMFORT	IX-PRIMARY-THUMB	PLATFORM=mobile-phone; PATTERN=mdm-mobile; NAV=NAV-NONE-FOCUS; SHELL=SH-PHONE-SHEET; DENSITY=D-TOUCH-COMFORT; IX=IX-PRIMARY-THUMB; IMPL=vibrate-careful,content-visibility,dvh-units,pointer-events; FEEL=enrol status
A2130	school-mobile	School Parent Mobile	industry-app	responsive-app	NAV-BOTTOM-TABS	SH-PHONE-TABS	D-DEFAULT	IX-PRIMARY-THUMB	PLATFORM=responsive-app; PATTERN=school-mobile; NAV=NAV-BOTTOM-TABS; SHELL=SH-PHONE-TABS; DENSITY=D-DEFAULT; IX=IX-PRIMARY-THUMB; IMPL=content-visibility,localstorage-prefs,flex-phone-column,inputmode; FEEL=messages attendance
A2131	gaming-mobile	Casual Game Shell	industry-app	mobile-phone	NAV-NONE-FOCUS	SH-PHONE-CANVAS	D-TOUCH-COMFORT	IX-PRIMARY-THUMB	PLATFORM=mobile-phone; PATTERN=gaming-mobile; NAV=NAV-NONE-FOCUS; SHELL=SH-PHONE-CANVAS; DENSITY=D-TOUCH-COMFORT; IX=IX-PRIMARY-THUMB; IMPL=bottom-nav-fixed,abort-controller,optimistic-ui,install-pwa; FEEL=play overlay menus
A2132	gaming-mobile	Casual Game Shell	industry-app	mobile-phone	NAV-NONE-FOCUS	SH-PHONE-CANVAS	D-TOUCH-COMFORT	IX-PRIMARY-THUMB	PLATFORM=mobile-phone; PATTERN=gaming-mobile; NAV=NAV-NONE-FOCUS; SHELL=SH-PHONE-CANVAS; DENSITY=D-TOUCH-COMFORT; IX=IX-PRIMARY-THUMB; IMPL=focus-trap,bottom-nav-fixed,prefers-color-scheme,aria-expanded; FEEL=play overlay menus
A2133	insurance-mobile	Insurance Mobile	industry-app	mobile-phone	NAV-BOTTOM-TABS	SH-PHONE-TABS	D-DEFAULT	IX-PRIMARY-THUMB	PLATFORM=mobile-phone; PATTERN=insurance-mobile; NAV=NAV-BOTTOM-TABS; SHELL=SH-PHONE-TABS; DENSITY=D-DEFAULT; IX=IX-PRIMARY-THUMB; IMPL=scroll-padding,app-badge,hover-media,vibrate-careful; FEEL=policies claims
A2134	m-empty-first-run	First-run empty	mobile-content-patterns	mobile-phone	NAV-BOTTOM-TABS	SH-RESPONSIVE-COLLAPSE	D-COMFORTABLE	IX-EMPTY-CTA	PLATFORM=mobile-phone; PATTERN=m-empty-first-run; NAV=NAV-BOTTOM-TABS; SHELL=SH-RESPONSIVE-COLLAPSE; DENSITY=D-COMFORTABLE; IX=IX-EMPTY-CTA; IMPL=pointer-events,touch-action,install-pwa,aria-current; FEEL=Education + CTA
A2135	crm-desktop	CRM Desktop	industry-app	desktop-web	NAV-SIDE-RAIL	SH-DESK-DATAGRID	D-COMPACT	IX-KEYBOARD-SHORTCUTS	PLATFORM=desktop-web; PATTERN=crm-desktop; NAV=NAV-SIDE-RAIL; SHELL=SH-DESK-DATAGRID; DENSITY=D-COMPACT; IX=IX-KEYBOARD-SHORTCUTS; IMPL=container-queries,hotkeys,prefers-reduced-motion,scroll-padding; FEEL=pipeline contacts
A2136	legal-desktop	Legal Desktop	industry-app	desktop-web	NAV-SIDE-TREE	SH-DESK-RAIL-MAIN-INSP	D-COMPACT	IX-KEYBOARD-SHORTCUTS	PLATFORM=desktop-web; PATTERN=legal-desktop; NAV=NAV-SIDE-TREE; SHELL=SH-DESK-RAIL-MAIN-INSP; DENSITY=D-COMPACT; IX=IX-KEYBOARD-SHORTCUTS; IMPL=form-novalidate,focus-trap,command-palette-js,dialog-element; FEEL=matters documents
A2137	d-tooltip-labels	Icon buttons labelled	desktop-density-keyboard	desktop-web	NAV-TOOLBAR	SH-DESK-TOOL-CANVAS	D-DEFAULT	IX-KEYBOARD-SHORTCUTS	PLATFORM=desktop-web; PATTERN=d-tooltip-labels; NAV=NAV-TOOLBAR; SHELL=SH-DESK-TOOL-CANVAS; DENSITY=D-DEFAULT; IX=IX-KEYBOARD-SHORTCUTS; IMPL=will-change-sparing,dialog-element,optimistic-ui,session-timeout; FEEL=Tooltip + aria-label
A2138	food-courier-mobile	Courier Mobile	industry-app	desktop-web	NAV-MENUBAR	SH-DESK-TOOL-CANVAS	D-DEFAULT	IX-PRIMARY-THUMB	PLATFORM=desktop-web; PATTERN=food-courier-mobile; NAV=NAV-MENUBAR; SHELL=SH-DESK-TOOL-CANVAS; DENSITY=D-DEFAULT; IX=IX-PRIMARY-THUMB; IMPL=prefers-color-scheme,scroll-padding,drag-drop-desktop,aria-current; FEEL=orders nav photo
A2139	energy-mobile	Energy Field Mobile	industry-app	mobile-phone	NAV-BOTTOM-TABS	SH-PHONE-FEED	D-TOUCH-COMFORT	IX-PRIMARY-THUMB	PLATFORM=mobile-phone; PATTERN=energy-mobile; NAV=NAV-BOTTOM-TABS; SHELL=SH-PHONE-FEED; DENSITY=D-TOUCH-COMFORT; IX=IX-PRIMARY-THUMB; IMPL=type-date,inputmode,network-information,debounce-search; FEEL=assets inspect
A2140	devtool-desktop	Developer Tool	industry-app	desktop-web	NAV-MASTER-DETAIL	SH-DESK-DOCUMENT	D-COMPACT	IX-KEYBOARD-SHORTCUTS	PLATFORM=desktop-web; PATTERN=devtool-desktop; NAV=NAV-MASTER-DETAIL; SHELL=SH-DESK-DOCUMENT; DENSITY=D-COMPACT; IX=IX-KEYBOARD-SHORTCUTS; IMPL=drag-drop-desktop,focus-visible,session-timeout,optimistic-ui; FEEL=editor panels on demand
A2141	tax-mobile	Tax Mobile	industry-app	mobile-phone	NAV-STACK-PUSH	SH-PHONE-STACK	D-DEFAULT	IX-PRIMARY-THUMB	PLATFORM=mobile-phone; PATTERN=tax-mobile; NAV=NAV-STACK-PUSH; SHELL=SH-PHONE-STACK; DENSITY=D-DEFAULT; IX=IX-PRIMARY-THUMB; IMPL=flex-phone-column,push-web,share-api,bottom-nav-fixed; FEEL=upload status
A2142	m-create-sheet	Create via sheet	mobile-structure	mobile-phone	NAV-BOTTOM-SHEET	SH-PHONE-SHEET	D-DEFAULT	IX-PRIMARY-THUMB	PLATFORM=mobile-phone; PATTERN=m-create-sheet; NAV=NAV-BOTTOM-SHEET; SHELL=SH-PHONE-SHEET; DENSITY=D-DEFAULT; IX=IX-PRIMARY-THUMB; IMPL=matchmedia,skeleton-css,tap-highlight,hover-media; FEEL=Compose in sheet
A2143	construction-desktop	Construction Desktop	industry-app	desktop-web	NAV-SIDE-RAIL	SH-DESK-TOOL-CANVAS	D-COMPACT	IX-KEYBOARD-SHORTCUTS	PLATFORM=desktop-web; PATTERN=construction-desktop; NAV=NAV-SIDE-RAIL; SHELL=SH-DESK-TOOL-CANVAS; DENSITY=D-COMPACT; IX=IX-KEYBOARD-SHORTCUTS; IMPL=session-timeout,intersection-infinite,csrf-safe,container-queries; FEEL=projects drawings
A2144	m-cards-scroll	Card vertical stack	mobile-content-patterns	mobile-phone	NAV-BOTTOM-SHEET	SH-PHONE-TABS	D-COMFORTABLE	IX-INFINITE-SCROLL	PLATFORM=mobile-phone; PATTERN=m-cards-scroll; NAV=NAV-BOTTOM-SHEET; SHELL=SH-PHONE-TABS; DENSITY=D-COMFORTABLE; IX=IX-INFINITE-SCROLL; IMPL=share-api,inputmode,service-worker-offline,live-region; FEEL=Scannable cards
A2145	m-settings-grouped	iOS-like grouped settings	mobile-structure	mobile-phone	NAV-WIZARD	SH-RESPONSIVE-COLLAPSE	D-DEFAULT	IX-PRIMARY-THUMB	PLATFORM=mobile-phone; PATTERN=m-settings-grouped; NAV=NAV-WIZARD; SHELL=SH-RESPONSIVE-COLLAPSE; DENSITY=D-DEFAULT; IX=IX-PRIMARY-THUMB; IMPL=bottom-nav-fixed,matchmedia,safe-area-css,min-touch; FEEL=Inset grouped lists
A2146	x-state-matrix	Full state matrix	cross-platform-app	responsive-app	NAV-NONE-FOCUS	SH-RESPONSIVE-COLLAPSE	D-DEFAULT	IX-SKELETON-LOAD	PLATFORM=responsive-app; PATTERN=x-state-matrix; NAV=NAV-NONE-FOCUS; SHELL=SH-RESPONSIVE-COLLAPSE; DENSITY=D-DEFAULT; IX=IX-SKELETON-LOAD; IMPL=virtual-list,share-api,content-visibility,csrf-safe; FEEL=default loading empty error success
A2147	os-material-nav-bar	Material bottom nav	os-patterns	mobile-phone	NAV-TAB+STACK	SH-PHONE-STACK	D-TOUCH-COMFORT	IX-PRIMARY-THUMB	PLATFORM=mobile-phone; PATTERN=os-material-nav-bar; NAV=NAV-TAB+STACK; SHELL=SH-PHONE-STACK; DENSITY=D-TOUCH-COMFORT; IX=IX-PRIMARY-THUMB; IMPL=live-region,viewport-meta,intersection-infinite,content-visibility; FEEL=3–5 destinations
A2148	x-toast-queue	Toast/queue discipline	cross-platform-app	responsive-app	NAV-NONE-FOCUS	SH-RESPONSIVE-COLLAPSE	D-DEFAULT	IX-UNDO-TOAST	PLATFORM=responsive-app; PATTERN=x-toast-queue; NAV=NAV-NONE-FOCUS; SHELL=SH-RESPONSIVE-COLLAPSE; DENSITY=D-DEFAULT; IX=IX-UNDO-TOAST; IMPL=service-worker-offline,aria-current,session-timeout,network-information; FEEL=Don't stack spam
A2149	d-window-1024	Functional at 1024×768	desktop-density-keyboard	desktop-web	NAV-MASTER-DETAIL	SH-DESK-TOOL-CANVAS	D-DEFAULT	IX-SPLIT-RESIZE	PLATFORM=desktop-web; PATTERN=d-window-1024; NAV=NAV-MASTER-DETAIL; SHELL=SH-DESK-TOOL-CANVAS; DENSITY=D-DEFAULT; IX=IX-SPLIT-RESIZE; IMPL=csrf-safe,virtual-list,grid-app-shell,abort-controller; FEEL=No dead layouts at laptop
A2150	m-form-multipage	Multi-page form	mobile-content-patterns	mobile-phone	NAV-WIZARD	SH-PHONE-STACK	D-DEFAULT	IX-PRIMARY-THUMB	PLATFORM=mobile-phone; PATTERN=m-form-multipage; NAV=NAV-WIZARD; SHELL=SH-PHONE-STACK; DENSITY=D-DEFAULT; IX=IX-PRIMARY-THUMB; IMPL=focus-visible,touch-action,share-api,aria-current; FEEL=Save draft between pages
A2151	d-keyboard-nav	Full keyboard nav	desktop-density-keyboard	desktop-web	NAV-COMMAND-PALETTE	SH-DESK-TOOL-CANVAS	D-DEFAULT	IX-KEYBOARD-SHORTCUTS	PLATFORM=desktop-web; PATTERN=d-keyboard-nav; NAV=NAV-COMMAND-PALETTE; SHELL=SH-DESK-TOOL-CANVAS; DENSITY=D-DEFAULT; IX=IX-KEYBOARD-SHORTCUTS; IMPL=focus-trap,prefers-reduced-motion,localstorage-prefs,overscroll; FEEL=Tab order, roving tabindex lists
A2152	x-localization-ready	Localization ready	cross-platform-app	responsive-app	NAV-STACK-PUSH	SH-DESK-DOCUMENT	D-DEFAULT	IX-PRIMARY-THUMB	PLATFORM=responsive-app; PATTERN=x-localization-ready; NAV=NAV-STACK-PUSH; SHELL=SH-DESK-DOCUMENT; DENSITY=D-DEFAULT; IX=IX-PRIMARY-THUMB; IMPL=content-visibility,aria-current,dvh-units,type-date; FEEL=No truncated critical labels
A2153	photos-mobile	Photos Mobile	industry-app	mobile-phone	NAV-BOTTOM-TABS	SH-PHONE-FEED	D-DEFAULT	IX-PRIMARY-THUMB	PLATFORM=mobile-phone; PATTERN=photos-mobile; NAV=NAV-BOTTOM-TABS; SHELL=SH-PHONE-FEED; DENSITY=D-DEFAULT; IX=IX-PRIMARY-THUMB; IMPL=url-state,prefers-reduced-motion,tap-highlight,share-api; FEEL=library memories
A2154	restaurant-backoffice	Restaurant Backoffice	industry-app	desktop-web	NAV-DRAWER	SH-TABLET-RAIL	D-COMPACT	IX-KEYBOARD-SHORTCUTS	PLATFORM=desktop-web; PATTERN=restaurant-backoffice; NAV=NAV-DRAWER; SHELL=SH-TABLET-RAIL; DENSITY=D-COMPACT; IX=IX-KEYBOARD-SHORTCUTS; IMPL=abort-controller,csrf-safe,debounce-search,intersection-infinite; FEEL=menus labour
A2155	d-settings-dialog	Settings dialog/pages	desktop-structure	desktop-web	NAV-SIDE-TREE	SH-DESK-RAIL-MAIN	D-DEFAULT	IX-KEYBOARD-SHORTCUTS	PLATFORM=desktop-web; PATTERN=d-settings-dialog; NAV=NAV-SIDE-TREE; SHELL=SH-DESK-RAIL-MAIN; DENSITY=D-DEFAULT; IX=IX-KEYBOARD-SHORTCUTS; IMPL=autocomplete,prefers-color-scheme,localstorage-prefs,url-state; FEEL=Searchable settings
A2156	x-breakpoint-nav-swap	Nav swap by breakpoint	cross-platform-app	responsive-app	NAV-BOTTOM-TABS	SH-RESPONSIVE-COLLAPSE	D-DEFAULT	IX-EMPTY-CTA	PLATFORM=responsive-app; PATTERN=x-breakpoint-nav-swap; NAV=NAV-BOTTOM-TABS; SHELL=SH-RESPONSIVE-COLLAPSE; DENSITY=D-DEFAULT; IX=IX-EMPTY-CTA; IMPL=service-worker-offline,type-date,hover-media,network-information; FEEL=Rail↔tabs
A2157	ride-driver-mobile	Driver Mobile	industry-app	mobile-phone	NAV-NONE-FOCUS	SH-PHONE-STACK	D-TOUCH-COMFORT	IX-PRIMARY-THUMB	PLATFORM=mobile-phone; PATTERN=ride-driver-mobile; NAV=NAV-NONE-FOCUS; SHELL=SH-PHONE-STACK; DENSITY=D-TOUCH-COMFORT; IX=IX-PRIMARY-THUMB; IMPL=install-pwa,virtual-list,prefers-reduced-motion,prefers-contrast; FEEL=requests nav
A2158	energy-desktop	Energy Ops Desktop	industry-app	responsive-app	NAV-MASTER-DETAIL	SH-DESK-DASH	D-COMPACT	IX-KEYBOARD-SHORTCUTS	PLATFORM=responsive-app; PATTERN=energy-desktop; NAV=NAV-MASTER-DETAIL; SHELL=SH-DESK-DASH; DENSITY=D-COMPACT; IX=IX-KEYBOARD-SHORTCUTS; IMPL=flex-phone-column,resize-observer,container-queries,share-api; FEEL=grid status alarms
A2159	d-calendar-desktop	Calendar app	desktop-structure	desktop-web	NAV-SIDE-RAIL	SH-DESK-TOOL-CANVAS	D-DEFAULT	IX-KEYBOARD-SHORTCUTS	PLATFORM=desktop-web; PATTERN=d-calendar-desktop; NAV=NAV-SIDE-RAIL; SHELL=SH-DESK-TOOL-CANVAS; DENSITY=D-DEFAULT; IX=IX-KEYBOARD-SHORTCUTS; IMPL=content-visibility,csrf-safe,skeleton-css,virtual-list; FEEL=Time grid primary
A2160	calendar-mobile	Mobile Calendar	industry-app	mobile-phone	NAV-WIZARD	SH-PHONE-STACK	D-DEFAULT	IX-PRIMARY-THUMB	PLATFORM=mobile-phone; PATTERN=calendar-mobile; NAV=NAV-WIZARD; SHELL=SH-PHONE-STACK; DENSITY=D-DEFAULT; IX=IX-PRIMARY-THUMB; IMPL=sticky-footer-cta,dialog-element,live-region,prefers-reduced-motion; FEEL=agenda day create
A2161	d-focus-trap-modal	Modal focus trap	desktop-density-keyboard	desktop-web	NAV-SIDE-RAIL	SH-DESK-RAIL-MAIN	D-DEFAULT	IX-KEYBOARD-SHORTCUTS	PLATFORM=desktop-web; PATTERN=d-focus-trap-modal; NAV=NAV-SIDE-RAIL; SHELL=SH-DESK-RAIL-MAIN; DENSITY=D-DEFAULT; IX=IX-KEYBOARD-SHORTCUTS; IMPL=will-change-sparing,aria-current,grid-app-shell,overscroll; FEEL=Esc closes; restore focus
A2162	x-responsive-collapse	Responsive collapse	cross-platform-app	responsive-app	NAV-MASTER-DETAIL	SH-RESPONSIVE-COLLAPSE	D-DEFAULT	IX-EMPTY-CTA	PLATFORM=responsive-app; PATTERN=x-responsive-collapse; NAV=NAV-MASTER-DETAIL; SHELL=SH-RESPONSIVE-COLLAPSE; DENSITY=D-DEFAULT; IX=IX-EMPTY-CTA; IMPL=coarse-pointer,tap-highlight,flex-phone-column,virtual-list; FEEL=Split→stack at breakpoint
A2163	inventory-mobile	Inventory Mobile	industry-app	mobile-phone	NAV-NONE-FOCUS	SH-PHONE-STACK	D-TOUCH-COMFORT	IX-PRIMARY-THUMB	PLATFORM=mobile-phone; PATTERN=inventory-mobile; NAV=NAV-NONE-FOCUS; SHELL=SH-PHONE-STACK; DENSITY=D-TOUCH-COMFORT; IX=IX-PRIMARY-THUMB; IMPL=dialog-element,share-api,debounce-search,install-pwa; FEEL=scan count bins
A2164	x-search-global	Global search	cross-platform-app	responsive-app	NAV-TAB+STACK	SH-DESK-DATAGRID	D-DEFAULT	IX-SEARCH-FIRST	PLATFORM=responsive-app; PATTERN=x-search-global; NAV=NAV-TAB+STACK; SHELL=SH-DESK-DATAGRID; DENSITY=D-DEFAULT; IX=IX-SEARCH-FIRST; IMPL=content-visibility,grid-app-shell,network-information,hotkeys; FEEL=Entities + actions
A2165	d-chat-desktop	Desktop messaging	desktop-structure	desktop-web	NAV-MASTER-DETAIL	SH-DESK-RAIL-MAIN-INSP	D-DEFAULT	IX-KEYBOARD-SHORTCUTS	PLATFORM=desktop-web; PATTERN=d-chat-desktop; NAV=NAV-MASTER-DETAIL; SHELL=SH-DESK-RAIL-MAIN-INSP; DENSITY=D-DEFAULT; IX=IX-KEYBOARD-SHORTCUTS; IMPL=aria-expanded,error-boundary-ui,skeleton-css,aria-current; FEEL=List | thread | optional info
A2166	os-win-titlebar	Windows titlebar patterns	os-patterns	desktop-web	NAV-MENUBAR	SH-DESK-RAIL-MAIN	D-DEFAULT	IX-KEYBOARD-SHORTCUTS	PLATFORM=desktop-web; PATTERN=os-win-titlebar; NAV=NAV-MENUBAR; SHELL=SH-DESK-RAIL-MAIN; DENSITY=D-DEFAULT; IX=IX-KEYBOARD-SHORTCUTS; IMPL=abort-controller,grid-app-shell,overscroll,popover-api; FEEL=App icon caption buttons
A2167	d-tooltip-labels	Icon buttons labelled	desktop-density-keyboard	desktop-web	NAV-TOOLBAR	SH-DESK-TOOL-CANVAS	D-DEFAULT	IX-KEYBOARD-SHORTCUTS	PLATFORM=desktop-web; PATTERN=d-tooltip-labels; NAV=NAV-TOOLBAR; SHELL=SH-DESK-TOOL-CANVAS; DENSITY=D-DEFAULT; IX=IX-KEYBOARD-SHORTCUTS; IMPL=hotkeys,optimistic-ui,focus-visible,pointer-events; FEEL=Tooltip + aria-label
A2168	x-rtl-ready	RTL-ready layout	cross-platform-app	responsive-app	NAV-NONE-FOCUS	SH-RESPONSIVE-COLLAPSE	D-DEFAULT	IX-PRIMARY-THUMB	PLATFORM=responsive-app; PATTERN=x-rtl-ready; NAV=NAV-NONE-FOCUS; SHELL=SH-RESPONSIVE-COLLAPSE; DENSITY=D-DEFAULT; IX=IX-PRIMARY-THUMB; IMPL=coarse-pointer,dvh-units,clipboard-api,grid-app-shell; FEEL=Logical properties
A2169	smart-home-mobile	Smart Home Mobile	industry-app	mobile-phone	NAV-BOTTOM-TABS	SH-PHONE-TABS	D-DEFAULT	IX-PRIMARY-THUMB	PLATFORM=mobile-phone; PATTERN=smart-home-mobile; NAV=NAV-BOTTOM-TABS; SHELL=SH-PHONE-TABS; DENSITY=D-DEFAULT; IX=IX-PRIMARY-THUMB; IMPL=viewport-meta,pointer-events,abort-controller,hover-media; FEEL=rooms scenes devices
A2170	d-tooltip-labels	Icon buttons labelled	desktop-density-keyboard	desktop-web	NAV-SIDE-RAIL	SH-DESK-RAIL-MAIN	D-DEFAULT	IX-KEYBOARD-SHORTCUTS	PLATFORM=desktop-web; PATTERN=d-tooltip-labels; NAV=NAV-SIDE-RAIL; SHELL=SH-DESK-RAIL-MAIN; DENSITY=D-DEFAULT; IX=IX-KEYBOARD-SHORTCUTS; IMPL=focus-trap,debounce-search,url-state,autocomplete; FEEL=Tooltip + aria-label
A2171	d-focus-trap-modal	Modal focus trap	desktop-density-keyboard	desktop-web	NAV-TOP-TABS	SH-DESK-RAIL-MAIN	D-DEFAULT	IX-KEYBOARD-SHORTCUTS	PLATFORM=desktop-web; PATTERN=d-focus-trap-modal; NAV=NAV-TOP-TABS; SHELL=SH-DESK-RAIL-MAIN; DENSITY=D-DEFAULT; IX=IX-KEYBOARD-SHORTCUTS; IMPL=prefers-contrast,prefers-reduced-motion,container-queries,roving-tabindex; FEEL=Esc closes; restore focus
A2172	photos-mobile	Photos Mobile	industry-app	mobile-phone	NAV-BOTTOM-TABS	SH-PHONE-FEED	D-DEFAULT	IX-PRIMARY-THUMB	PLATFORM=mobile-phone; PATTERN=photos-mobile; NAV=NAV-BOTTOM-TABS; SHELL=SH-PHONE-FEED; DENSITY=D-DEFAULT; IX=IX-PRIMARY-THUMB; IMPL=optimistic-ui,vibrate-careful,debounce-search,biometric-webauthn; FEEL=library memories
A2173	m-offline-first-list	Offline-first list	mobile-structure	mobile-phone	NAV-BOTTOM-TABS	SH-PHONE-FEED	D-DEFAULT	IX-PRIMARY-THUMB	PLATFORM=mobile-phone; PATTERN=m-offline-first-list; NAV=NAV-BOTTOM-TABS; SHELL=SH-PHONE-FEED; DENSITY=D-DEFAULT; IX=IX-PRIMARY-THUMB; IMPL=form-novalidate,scroll-padding,optimistic-ui,install-pwa; FEEL=Cached + sync state
A2174	social-desktop	Social Desktop	industry-app	desktop-web	NAV-SIDE-RAIL	SH-DESK-RAIL-MAIN	D-DEFAULT	IX-KEYBOARD-SHORTCUTS	PLATFORM=desktop-web; PATTERN=social-desktop; NAV=NAV-SIDE-RAIL; SHELL=SH-DESK-RAIL-MAIN; DENSITY=D-DEFAULT; IX=IX-KEYBOARD-SHORTCUTS; IMPL=csrf-safe,skeleton-css,pointer-events,dialog-element; FEEL=feed optional rail
A2175	manufacturing-desktop	MES Desktop	industry-app	desktop-web	NAV-SIDE-RAIL	SH-DESK-DATAGRID	D-COMPACT	IX-KEYBOARD-SHORTCUTS	PLATFORM=desktop-web; PATTERN=manufacturing-desktop; NAV=NAV-SIDE-RAIL; SHELL=SH-DESK-DATAGRID; DENSITY=D-COMPACT; IX=IX-KEYBOARD-SHORTCUTS; IMPL=aria-expanded,virtual-list,form-novalidate,live-region; FEEL=lines work orders
A2176	m-hub-and-spoke	Hub home + spokes	mobile-structure	mobile-phone	NAV-STACK-PUSH	SH-PHONE-STACK	D-DEFAULT	IX-PRIMARY-THUMB	PLATFORM=mobile-phone; PATTERN=m-hub-and-spoke; NAV=NAV-STACK-PUSH; SHELL=SH-PHONE-STACK; DENSITY=D-DEFAULT; IX=IX-PRIMARY-THUMB; IMPL=virtual-list,debounce-search,viewport-meta,bottom-nav-fixed; FEEL=Home launches tasks
A2177	x-empty-permission	Empty by permission	cross-platform-app	responsive-app	NAV-NONE-FOCUS	SH-RESPONSIVE-COLLAPSE	D-DEFAULT	IX-EMPTY-CTA	PLATFORM=responsive-app; PATTERN=x-empty-permission; NAV=NAV-NONE-FOCUS; SHELL=SH-RESPONSIVE-COLLAPSE; DENSITY=D-DEFAULT; IX=IX-EMPTY-CTA; IMPL=flex-phone-column,dvh-units,history-stack,type-date; FEEL=Explain access gap
A2178	x-role-home	Role-based home	cross-platform-app	responsive-app	NAV-COMMAND-PALETTE	SH-DESK-RAIL-MAIN	D-DEFAULT	IX-EMPTY-CTA	PLATFORM=responsive-app; PATTERN=x-role-home; NAV=NAV-COMMAND-PALETTE; SHELL=SH-DESK-RAIL-MAIN; DENSITY=D-DEFAULT; IX=IX-EMPTY-CTA; IMPL=session-timeout,pointer-events,will-change-sparing,overscroll; FEEL=Different landing by role
A2179	m-empty-first-run	First-run empty	mobile-content-patterns	mobile-phone	NAV-BOTTOM-SHEET	SH-PHONE-CANVAS	D-COMFORTABLE	IX-EMPTY-CTA	PLATFORM=mobile-phone; PATTERN=m-empty-first-run; NAV=NAV-BOTTOM-SHEET; SHELL=SH-PHONE-CANVAS; DENSITY=D-COMFORTABLE; IX=IX-EMPTY-CTA; IMPL=will-change-sparing,url-state,share-api,dvh-units; FEEL=Education + CTA
A2180	school-mobile	School Parent Mobile	industry-app	mobile-phone	NAV-BOTTOM-TABS	SH-PHONE-TABS	D-DEFAULT	IX-PRIMARY-THUMB	PLATFORM=mobile-phone; PATTERN=school-mobile; NAV=NAV-BOTTOM-TABS; SHELL=SH-PHONE-TABS; DENSITY=D-DEFAULT; IX=IX-PRIMARY-THUMB; IMPL=install-pwa,aria-expanded,optimistic-ui,history-stack; FEEL=messages attendance
A2181	vpn-mobile	VPN Mobile	industry-app	desktop-web	NAV-BREADCRUMB	SH-DESK-IDE-LITE	D-DEFAULT	IX-PRIMARY-THUMB	PLATFORM=desktop-web; PATTERN=vpn-mobile; NAV=NAV-BREADCRUMB; SHELL=SH-DESK-IDE-LITE; DENSITY=D-DEFAULT; IX=IX-PRIMARY-THUMB; IMPL=autocomplete,aria-expanded,grid-app-shell,dialog-element; FEEL=connect status regions
A2182	d-shortcuts-help	? shortcuts cheatsheet	desktop-density-keyboard	desktop-web	NAV-MENUBAR	SH-RESPONSIVE-COLLAPSE	D-DEFAULT	IX-KEYBOARD-SHORTCUTS	PLATFORM=desktop-web; PATTERN=d-shortcuts-help; NAV=NAV-MENUBAR; SHELL=SH-RESPONSIVE-COLLAPSE; DENSITY=D-DEFAULT; IX=IX-KEYBOARD-SHORTCUTS; IMPL=overscroll,popover-api,live-region,debounce-search; FEEL=Discoverable shortcuts
A2183	d-comfortable-tables	Comfortable tables	desktop-density-keyboard	desktop-web	NAV-SIDE-RAIL	SH-DESK-DATAGRID	D-DEFAULT	IX-PAGINATION	PLATFORM=desktop-web; PATTERN=d-comfortable-tables; NAV=NAV-SIDE-RAIL; SHELL=SH-DESK-DATAGRID; DENSITY=D-DEFAULT; IX=IX-PAGINATION; IMPL=content-visibility,url-state,skeleton-css,will-change-sparing; FEEL=Readable rows
A2184	energy-desktop	Energy Ops Desktop	industry-app	desktop-web	NAV-MASTER-DETAIL	SH-DESK-DASH	D-COMPACT	IX-KEYBOARD-SHORTCUTS	PLATFORM=desktop-web; PATTERN=energy-desktop; NAV=NAV-MASTER-DETAIL; SHELL=SH-DESK-DASH; DENSITY=D-COMPACT; IX=IX-KEYBOARD-SHORTCUTS; IMPL=roving-tabindex,aria-current,virtual-list,resize-observer; FEEL=grid status alarms
A2185	smart-home-desktop	Smart Home Desktop	industry-app	desktop-web	NAV-SIDE-RAIL	SH-DESK-TOOL-CANVAS	D-DEFAULT	IX-KEYBOARD-SHORTCUTS	PLATFORM=desktop-web; PATTERN=smart-home-desktop; NAV=NAV-SIDE-RAIL; SHELL=SH-DESK-TOOL-CANVAS; DENSITY=D-DEFAULT; IX=IX-KEYBOARD-SHORTCUTS; IMPL=live-region,dialog-element,skeleton-css,clipboard-api; FEEL=floorplan devices
A2186	os-material-nav-rail	Material nav rail	os-patterns	mobile-tablet	NAV-TOOLBAR	SH-PHONE-CANVAS	D-DEFAULT	IX-EMPTY-CTA	PLATFORM=mobile-tablet; PATTERN=os-material-nav-rail; NAV=NAV-TOOLBAR; SHELL=SH-PHONE-CANVAS; DENSITY=D-DEFAULT; IX=IX-EMPTY-CTA; IMPL=autocomplete,install-pwa,optimistic-ui,flex-phone-column; FEEL=Tablet/desktop
A2187	m-focus-visible-mobile	Focus visible when keyboard	mobile-touch-a11y	mobile-phone	NAV-TAB+STACK	SH-RESPONSIVE-COLLAPSE	D-DEFAULT	IX-KEYBOARD-SHORTCUTS	PLATFORM=mobile-phone; PATTERN=m-focus-visible-mobile; NAV=NAV-TAB+STACK; SHELL=SH-RESPONSIVE-COLLAPSE; DENSITY=D-DEFAULT; IX=IX-KEYBOARD-SHORTCUTS; IMPL=virtual-list,autocomplete,dialog-element,bottom-nav-fixed; FEEL=External keyboard / a11y
A2188	vpn-mobile	VPN Mobile	industry-app	mobile-phone	NAV-BOTTOM-SHEET	SH-PHONE-CANVAS	D-DEFAULT	IX-PRIMARY-THUMB	PLATFORM=mobile-phone; PATTERN=vpn-mobile; NAV=NAV-BOTTOM-SHEET; SHELL=SH-PHONE-CANVAS; DENSITY=D-DEFAULT; IX=IX-PRIMARY-THUMB; IMPL=type-date,error-boundary-ui,network-information,push-web; FEEL=connect status regions
A2189	d-bulk-actions	Bulk action bar	desktop-density-keyboard	desktop-web	NAV-SIDE-RAIL	SH-DESK-DATAGRID	D-COMPACT	IX-MULTISELECT	PLATFORM=desktop-web; PATTERN=d-bulk-actions; NAV=NAV-SIDE-RAIL; SHELL=SH-DESK-DATAGRID; DENSITY=D-COMPACT; IX=IX-MULTISELECT; IMPL=abort-controller,container-queries,popover-api,prefers-reduced-motion; FEEL=Appears on selection
A2190	os-win-navigation-view	Win NavigationView	os-patterns	desktop-web	NAV-SIDE-RAIL	SH-DESK-RAIL-MAIN	D-DEFAULT	IX-KEYBOARD-SHORTCUTS	PLATFORM=desktop-web; PATTERN=os-win-navigation-view; NAV=NAV-SIDE-RAIL; SHELL=SH-DESK-RAIL-MAIN; DENSITY=D-DEFAULT; IX=IX-KEYBOARD-SHORTCUTS; IMPL=intersection-infinite,prefers-reduced-motion,prefers-contrast,matchmedia; FEEL=Left nav expand
A2191	energy-mobile	Energy Field Mobile	industry-app	mobile-phone	NAV-STACK-PUSH	SH-PHONE-STACK	D-TOUCH-COMFORT	IX-PRIMARY-THUMB	PLATFORM=mobile-phone; PATTERN=energy-mobile; NAV=NAV-STACK-PUSH; SHELL=SH-PHONE-STACK; DENSITY=D-TOUCH-COMFORT; IX=IX-PRIMARY-THUMB; IMPL=virtual-list,form-novalidate,matchmedia,aria-expanded; FEEL=assets inspect
A2192	m-keyboard-avoid	Keyboard avoidance	mobile-touch-a11y	mobile-phone	NAV-STACK-PUSH	SH-PHONE-STACK	D-DEFAULT	IX-FORM-SECTIONED	PLATFORM=mobile-phone; PATTERN=m-keyboard-avoid; NAV=NAV-STACK-PUSH; SHELL=SH-PHONE-STACK; DENSITY=D-DEFAULT; IX=IX-FORM-SECTIONED; IMPL=autocomplete,sticky-footer-cta,history-stack,prefers-contrast; FEEL=Focused field visible
A2193	finance-markets-mobile	Markets Mobile	industry-app	mobile-phone	NAV-BOTTOM-TABS	SH-PHONE-TABS	D-DEFAULT	IX-PRIMARY-THUMB	PLATFORM=mobile-phone; PATTERN=finance-markets-mobile; NAV=NAV-BOTTOM-TABS; SHELL=SH-PHONE-TABS; DENSITY=D-DEFAULT; IX=IX-PRIMARY-THUMB; IMPL=prefers-reduced-motion,abort-controller,matchmedia,type-date; FEEL=watchlist quotes
A2194	m-filter-sheet	Filter sheet	mobile-structure	mobile-phone	NAV-BOTTOM-SHEET	SH-PHONE-SHEET	D-DEFAULT	IX-PRIMARY-THUMB	PLATFORM=mobile-phone; PATTERN=m-filter-sheet; NAV=NAV-BOTTOM-SHEET; SHELL=SH-PHONE-SHEET; DENSITY=D-DEFAULT; IX=IX-PRIMARY-THUMB; IMPL=type-date,vibrate-careful,min-touch,dvh-units; FEEL=Filters over results
A2195	x-search-global	Global search	cross-platform-app	responsive-app	NAV-NONE-FOCUS	SH-RESPONSIVE-COLLAPSE	D-DEFAULT	IX-SEARCH-FIRST	PLATFORM=responsive-app; PATTERN=x-search-global; NAV=NAV-NONE-FOCUS; SHELL=SH-RESPONSIVE-COLLAPSE; DENSITY=D-DEFAULT; IX=IX-SEARCH-FIRST; IMPL=container-queries,aria-expanded,prefers-reduced-motion,safe-area-css; FEEL=Entities + actions
A2196	d-skip-to-main	Skip to main	desktop-density-keyboard	desktop-web	NAV-SIDE-RAIL	SH-DESK-RAIL-MAIN	D-DEFAULT	IX-KEYBOARD-SHORTCUTS	PLATFORM=desktop-web; PATTERN=d-skip-to-main; NAV=NAV-SIDE-RAIL; SHELL=SH-DESK-RAIL-MAIN; DENSITY=D-DEFAULT; IX=IX-KEYBOARD-SHORTCUTS; IMPL=clipboard-api,skeleton-css,localstorage-prefs,aria-expanded; FEEL=Landmarks + skip link
A2197	os-macos-toolbar	macOS toolbar	os-patterns	desktop-web	NAV-TOOLBAR	SH-DESK-DOCUMENT	D-DEFAULT	IX-KEYBOARD-SHORTCUTS	PLATFORM=desktop-web; PATTERN=os-macos-toolbar; NAV=NAV-TOOLBAR; SHELL=SH-DESK-DOCUMENT; DENSITY=D-DEFAULT; IX=IX-KEYBOARD-SHORTCUTS; IMPL=scroll-padding,aria-expanded,pointer-events,skeleton-css; FEEL=Unified titlebar toolbar
A2198	m-wizard-fullscreen	Fullscreen wizard	mobile-structure	mobile-phone	NAV-WIZARD	SH-PHONE-STACK	D-COMFORTABLE	IX-PRIMARY-THUMB	PLATFORM=mobile-phone; PATTERN=m-wizard-fullscreen; NAV=NAV-WIZARD; SHELL=SH-PHONE-STACK; DENSITY=D-COMFORTABLE; IX=IX-PRIMARY-THUMB; IMPL=biometric-webauthn,flex-phone-column,focus-trap,dialog-element; FEEL=Step chrome only
A2199	os-material-top-app-bar	Material top app bar	os-patterns	mobile-phone	NAV-STACK-PUSH	SH-PHONE-STACK	D-DEFAULT	IX-PRIMARY-THUMB	PLATFORM=mobile-phone; PATTERN=os-material-top-app-bar; NAV=NAV-STACK-PUSH; SHELL=SH-PHONE-STACK; DENSITY=D-DEFAULT; IX=IX-PRIMARY-THUMB; IMPL=virtual-list,hover-media,flex-phone-column,tap-highlight; FEEL=Nav + actions
A2200	d-window-1024	Functional at 1024×768	desktop-density-keyboard	desktop-web	NAV-BREADCRUMB	SH-DESK-DATAGRID	D-DEFAULT	IX-SPLIT-RESIZE	PLATFORM=desktop-web; PATTERN=d-window-1024; NAV=NAV-BREADCRUMB; SHELL=SH-DESK-DATAGRID; DENSITY=D-DEFAULT; IX=IX-SPLIT-RESIZE; IMPL=error-boundary-ui,will-change-sparing,session-timeout,clipboard-api; FEEL=No dead layouts at laptop
A2201	x-empty-permission	Empty by permission	cross-platform-app	responsive-app	NAV-SIDE-TREE	SH-DESK-DATAGRID	D-DEFAULT	IX-EMPTY-CTA	PLATFORM=responsive-app; PATTERN=x-empty-permission; NAV=NAV-SIDE-TREE; SHELL=SH-DESK-DATAGRID; DENSITY=D-DEFAULT; IX=IX-EMPTY-CTA; IMPL=virtual-list,live-region,url-state,dialog-element; FEEL=Explain access gap
A2202	legal-desktop	Legal Desktop	industry-app	desktop-web	NAV-SIDE-TREE	SH-DESK-RAIL-MAIN-INSP	D-COMPACT	IX-KEYBOARD-SHORTCUTS	PLATFORM=desktop-web; PATTERN=legal-desktop; NAV=NAV-SIDE-TREE; SHELL=SH-DESK-RAIL-MAIN-INSP; DENSITY=D-COMPACT; IX=IX-KEYBOARD-SHORTCUTS; IMPL=command-palette-js,drag-drop-desktop,form-novalidate,scroll-padding; FEEL=matters documents
A2203	erp-desktop	ERP Desktop	industry-app	mobile-phone	NAV-BOTTOM-TABS	SH-PHONE-FEED	D-TOUCH-COMFORT	IX-KEYBOARD-SHORTCUTS	PLATFORM=mobile-phone; PATTERN=erp-desktop; NAV=NAV-BOTTOM-TABS; SHELL=SH-PHONE-FEED; DENSITY=D-TOUCH-COMFORT; IX=IX-KEYBOARD-SHORTCUTS; IMPL=inputmode,virtual-list,network-information,pointer-events; FEEL=modules dense tables
A2204	m-cards-scroll	Card vertical stack	mobile-content-patterns	mobile-phone	NAV-STACK-PUSH	SH-PHONE-FEED	D-COMFORTABLE	IX-INFINITE-SCROLL	PLATFORM=mobile-phone; PATTERN=m-cards-scroll; NAV=NAV-STACK-PUSH; SHELL=SH-PHONE-FEED; DENSITY=D-COMFORTABLE; IX=IX-INFINITE-SCROLL; IMPL=prefers-contrast,abort-controller,prefers-color-scheme,type-date; FEEL=Scannable cards
A2205	m-wizard-fullscreen	Fullscreen wizard	mobile-structure	mobile-phone	NAV-WIZARD	SH-PHONE-STACK	D-COMFORTABLE	IX-PRIMARY-THUMB	PLATFORM=mobile-phone; PATTERN=m-wizard-fullscreen; NAV=NAV-WIZARD; SHELL=SH-PHONE-STACK; DENSITY=D-COMFORTABLE; IX=IX-PRIMARY-THUMB; IMPL=overscroll,app-badge,url-state,bottom-nav-fixed; FEEL=Step chrome only
A2206	d-window-1024	Functional at 1024×768	desktop-density-keyboard	desktop-web	NAV-SIDE-RAIL	SH-DESK-RAIL-MAIN	D-DEFAULT	IX-SPLIT-RESIZE	PLATFORM=desktop-web; PATTERN=d-window-1024; NAV=NAV-SIDE-RAIL; SHELL=SH-DESK-RAIL-MAIN; DENSITY=D-DEFAULT; IX=IX-SPLIT-RESIZE; IMPL=focus-visible,localstorage-prefs,error-boundary-ui,intersection-infinite; FEEL=No dead layouts at laptop
A2207	d-column-custom	Column customization	desktop-density-keyboard	desktop-web	NAV-SIDE-RAIL	SH-DESK-DATAGRID	D-COMPACT	IX-INLINE-EDIT	PLATFORM=desktop-web; PATTERN=d-column-custom; NAV=NAV-SIDE-RAIL; SHELL=SH-DESK-DATAGRID; DENSITY=D-COMPACT; IX=IX-INLINE-EDIT; IMPL=error-boundary-ui,dialog-element,container-queries,popover-api; FEEL=Show/hide/reorder columns
A2208	university-mobile	Uni Mobile	industry-app	mobile-phone	NAV-BOTTOM-TABS	SH-PHONE-TABS	D-DEFAULT	IX-PRIMARY-THUMB	PLATFORM=mobile-phone; PATTERN=university-mobile; NAV=NAV-BOTTOM-TABS; SHELL=SH-PHONE-TABS; DENSITY=D-DEFAULT; IX=IX-PRIMARY-THUMB; IMPL=push-web,aria-current,inputmode,history-stack; FEEL=timetable campus
A2209	d-breadcrumb-admin	Admin with breadcrumbs	desktop-structure	desktop-web	NAV-BREADCRUMB	SH-DESK-DATAGRID	D-COMPACT	IX-KEYBOARD-SHORTCUTS	PLATFORM=desktop-web; PATTERN=d-breadcrumb-admin; NAV=NAV-BREADCRUMB; SHELL=SH-DESK-DATAGRID; DENSITY=D-COMPACT; IX=IX-KEYBOARD-SHORTCUTS; IMPL=aria-current,container-queries,hover-media,clipboard-api; FEEL=Deep trees oriented
A2210	d-undo-stack	Document undo	desktop-density-keyboard	desktop-web	NAV-MENUBAR	SH-DESK-DOCUMENT	D-DEFAULT	IX-UNDO-TOAST	PLATFORM=desktop-web; PATTERN=d-undo-stack; NAV=NAV-MENUBAR; SHELL=SH-DESK-DOCUMENT; DENSITY=D-DEFAULT; IX=IX-UNDO-TOAST; IMPL=autocomplete,aria-current,command-palette-js,clipboard-api; FEEL=⌘Z meaningful
A2211	d-rail-main-inspector	Rail + main + inspector	desktop-structure	desktop-web	NAV-SIDE-RAIL	SH-DESK-RAIL-MAIN-INSP	D-COMPACT	IX-KEYBOARD-SHORTCUTS	PLATFORM=desktop-web; PATTERN=d-rail-main-inspector; NAV=NAV-SIDE-RAIL; SHELL=SH-DESK-RAIL-MAIN-INSP; DENSITY=D-COMPACT; IX=IX-KEYBOARD-SHORTCUTS; IMPL=content-visibility,optimistic-ui,session-timeout,grid-app-shell; FEEL=Selection details; not idle triple
A2212	m-bottom-tabs-5	Bottom tabs (max 5)	mobile-structure	mobile-phone	NAV-BOTTOM-TABS	SH-PHONE-TABS	D-TOUCH-COMFORT	IX-PRIMARY-THUMB	PLATFORM=mobile-phone; PATTERN=m-bottom-tabs-5; NAV=NAV-BOTTOM-TABS; SHELL=SH-PHONE-TABS; DENSITY=D-TOUCH-COMFORT; IX=IX-PRIMARY-THUMB; IMPL=history-stack,viewport-meta,pointer-events,aria-expanded; FEEL=Peer top-level destinations
A2213	manufacturing-desktop	MES Desktop	industry-app	desktop-web	NAV-SIDE-RAIL	SH-DESK-DATAGRID	D-COMPACT	IX-KEYBOARD-SHORTCUTS	PLATFORM=desktop-web; PATTERN=manufacturing-desktop; NAV=NAV-SIDE-RAIL; SHELL=SH-DESK-DATAGRID; DENSITY=D-COMPACT; IX=IX-KEYBOARD-SHORTCUTS; IMPL=session-timeout,abort-controller,pointer-events,prefers-contrast; FEEL=lines work orders
A2214	field-service-desktop	Field Service Desktop	industry-app	desktop-web	NAV-SIDE-TREE	SH-RESPONSIVE-COLLAPSE	D-COMPACT	IX-KEYBOARD-SHORTCUTS	PLATFORM=desktop-web; PATTERN=field-service-desktop; NAV=NAV-SIDE-TREE; SHELL=SH-RESPONSIVE-COLLAPSE; DENSITY=D-COMPACT; IX=IX-KEYBOARD-SHORTCUTS; IMPL=prefers-reduced-motion,form-novalidate,live-region,skeleton-css; FEEL=schedule board
A2215	m-push-pref-center	Notification prefs	mobile-content-patterns	mobile-phone	NAV-STACK-PUSH	SH-PHONE-STACK	D-DEFAULT	IX-PRIMARY-THUMB	PLATFORM=mobile-phone; PATTERN=m-push-pref-center; NAV=NAV-STACK-PUSH; SHELL=SH-PHONE-STACK; DENSITY=D-DEFAULT; IX=IX-PRIMARY-THUMB; IMPL=content-visibility,debounce-search,tap-highlight,flex-phone-column; FEEL=Granular, not all-or-nothing
A2216	fitness-mobile	Fitness Mobile	industry-app	mobile-phone	NAV-NONE-FOCUS	SH-PHONE-CANVAS	D-TOUCH-COMFORT	IX-PRIMARY-THUMB	PLATFORM=mobile-phone; PATTERN=fitness-mobile; NAV=NAV-NONE-FOCUS; SHELL=SH-PHONE-CANVAS; DENSITY=D-TOUCH-COMFORT; IX=IX-PRIMARY-THUMB; IMPL=focus-visible,biometric-webauthn,abort-controller,form-novalidate; FEEL=workout active timer
A2217	m-search-results	Search results mobile	mobile-content-patterns	mobile-phone	NAV-STACK-PUSH	SH-PHONE-STACK	D-DEFAULT	IX-SEARCH-FIRST	PLATFORM=mobile-phone; PATTERN=m-search-results; NAV=NAV-STACK-PUSH; SHELL=SH-PHONE-STACK; DENSITY=D-DEFAULT; IX=IX-SEARCH-FIRST; IMPL=aria-current,focus-trap,share-api,scroll-padding; FEEL=Query sticky + results
A2218	d-shortcuts-help	? shortcuts cheatsheet	desktop-density-keyboard	desktop-web	NAV-DRAWER	SH-RESPONSIVE-COLLAPSE	D-DEFAULT	IX-KEYBOARD-SHORTCUTS	PLATFORM=desktop-web; PATTERN=d-shortcuts-help; NAV=NAV-DRAWER; SHELL=SH-RESPONSIVE-COLLAPSE; DENSITY=D-DEFAULT; IX=IX-KEYBOARD-SHORTCUTS; IMPL=prefers-contrast,grid-app-shell,command-palette-js,overscroll; FEEL=Discoverable shortcuts
A2219	d-breadcrumb-admin	Admin with breadcrumbs	desktop-structure	desktop-web	NAV-BREADCRUMB	SH-DESK-DATAGRID	D-COMPACT	IX-KEYBOARD-SHORTCUTS	PLATFORM=desktop-web; PATTERN=d-breadcrumb-admin; NAV=NAV-BREADCRUMB; SHELL=SH-DESK-DATAGRID; DENSITY=D-COMPACT; IX=IX-KEYBOARD-SHORTCUTS; IMPL=prefers-color-scheme,optimistic-ui,csrf-safe,live-region; FEEL=Deep trees oriented
A2220	x-notifications-inbox	In-app notification inbox	cross-platform-app	responsive-app	NAV-STACK-PUSH	SH-RESPONSIVE-COLLAPSE	D-DEFAULT	IX-EMPTY-CTA	PLATFORM=responsive-app; PATTERN=x-notifications-inbox; NAV=NAV-STACK-PUSH; SHELL=SH-RESPONSIVE-COLLAPSE; DENSITY=D-DEFAULT; IX=IX-EMPTY-CTA; IMPL=safe-area-css,app-badge,hotkeys,popover-api; FEEL=Read state + deep link
A2221	x-shared-tokens	Shared design tokens	cross-platform-app	responsive-app	NAV-NONE-FOCUS	SH-RESPONSIVE-COLLAPSE	D-DEFAULT	IX-PRIMARY-THUMB	PLATFORM=responsive-app; PATTERN=x-shared-tokens; NAV=NAV-NONE-FOCUS; SHELL=SH-RESPONSIVE-COLLAPSE; DENSITY=D-DEFAULT; IX=IX-PRIMARY-THUMB; IMPL=matchmedia,prefers-color-scheme,file-capture,autocomplete; FEEL=Colour type space cross surface
A2222	event-desktop	Event Desktop	industry-app	desktop-web	NAV-SIDE-RAIL	SH-DESK-RAIL-MAIN	D-DEFAULT	IX-KEYBOARD-SHORTCUTS	PLATFORM=desktop-web; PATTERN=event-desktop; NAV=NAV-SIDE-RAIL; SHELL=SH-DESK-RAIL-MAIN; DENSITY=D-DEFAULT; IX=IX-KEYBOARD-SHORTCUTS; IMPL=prefers-reduced-motion,virtual-list,popover-api,scroll-padding; FEEL=registration agenda
A2223	food-merchant-desktop	Merchant Desktop	industry-app	desktop-web	NAV-MASTER-DETAIL	SH-DESK-RAIL-MAIN-INSP	D-COMPACT	IX-KEYBOARD-SHORTCUTS	PLATFORM=desktop-web; PATTERN=food-merchant-desktop; NAV=NAV-MASTER-DETAIL; SHELL=SH-DESK-RAIL-MAIN-INSP; DENSITY=D-COMPACT; IX=IX-KEYBOARD-SHORTCUTS; IMPL=popover-api,container-queries,aria-expanded,autocomplete; FEEL=orders kitchen
A2224	x-form-validation	Inline validation	cross-platform-app	responsive-app	NAV-NONE-FOCUS	SH-RESPONSIVE-COLLAPSE	D-DEFAULT	IX-FORM-SECTIONED	PLATFORM=responsive-app; PATTERN=x-form-validation; NAV=NAV-NONE-FOCUS; SHELL=SH-RESPONSIVE-COLLAPSE; DENSITY=D-DEFAULT; IX=IX-FORM-SECTIONED; IMPL=roving-tabindex,skeleton-css,dvh-units,aria-expanded; FEEL=On blur/submit plain language
A2225	hr-desktop	HR Desktop	industry-app	desktop-web	NAV-NONE-FOCUS	SH-DESK-IDE-LITE	D-DEFAULT	IX-KEYBOARD-SHORTCUTS	PLATFORM=desktop-web; PATTERN=hr-desktop; NAV=NAV-NONE-FOCUS; SHELL=SH-DESK-IDE-LITE; DENSITY=D-DEFAULT; IX=IX-KEYBOARD-SHORTCUTS; IMPL=csrf-safe,live-region,virtual-list,clipboard-api; FEEL=people requests
A2226	m-form-multipage	Multi-page form	mobile-content-patterns	mobile-phone	NAV-WIZARD	SH-PHONE-STACK	D-DEFAULT	IX-PRIMARY-THUMB	PLATFORM=mobile-phone; PATTERN=m-form-multipage; NAV=NAV-WIZARD; SHELL=SH-PHONE-STACK; DENSITY=D-DEFAULT; IX=IX-PRIMARY-THUMB; IMPL=sticky-footer-cta,viewport-meta,virtual-list,install-pwa; FEEL=Save draft between pages
A2227	security-soc-desktop	SOC Desktop	industry-app	desktop-web	NAV-MASTER-DETAIL	SH-DESK-RAIL-MAIN-INSP	D-COMPACT	IX-KEYBOARD-SHORTCUTS	PLATFORM=desktop-web; PATTERN=security-soc-desktop; NAV=NAV-MASTER-DETAIL; SHELL=SH-DESK-RAIL-MAIN-INSP; DENSITY=D-COMPACT; IX=IX-KEYBOARD-SHORTCUTS; IMPL=clipboard-api,prefers-color-scheme,session-timeout,url-state; FEEL=alerts timeline
A2228	m-tab-per-stack	Tab + stack per root	mobile-structure	mobile-phone	NAV-TAB+STACK	SH-PHONE-TABS	D-TOUCH-COMFORT	IX-PRIMARY-THUMB	PLATFORM=mobile-phone; PATTERN=m-tab-per-stack; NAV=NAV-TAB+STACK; SHELL=SH-PHONE-TABS; DENSITY=D-TOUCH-COMFORT; IX=IX-PRIMARY-THUMB; IMPL=share-api,touch-action,bottom-nav-fixed,virtual-list; FEEL=Independent history per tab
A2229	os-material-nav-rail	Material nav rail	os-patterns	mobile-tablet	NAV-SIDE-RAIL	SH-TABLET-RAIL	D-DEFAULT	IX-EMPTY-CTA	PLATFORM=mobile-tablet; PATTERN=os-material-nav-rail; NAV=NAV-SIDE-RAIL; SHELL=SH-TABLET-RAIL; DENSITY=D-DEFAULT; IX=IX-EMPTY-CTA; IMPL=dvh-units,coarse-pointer,abort-controller,vibrate-careful; FEEL=Tablet/desktop
A2230	construction-mobile	Construction Mobile	industry-app	mobile-phone	NAV-BOTTOM-TABS	SH-PHONE-TABS	D-TOUCH-COMFORT	IX-PRIMARY-THUMB	PLATFORM=mobile-phone; PATTERN=construction-mobile; NAV=NAV-BOTTOM-TABS; SHELL=SH-PHONE-TABS; DENSITY=D-TOUCH-COMFORT; IX=IX-PRIMARY-THUMB; IMPL=safe-area-css,autocomplete,prefers-color-scheme,tap-highlight; FEEL=site daily photos
A2231	os-material-nav-bar	Material bottom nav	os-patterns	mobile-phone	NAV-BOTTOM-TABS	SH-PHONE-TABS	D-TOUCH-COMFORT	IX-PRIMARY-THUMB	PLATFORM=mobile-phone; PATTERN=os-material-nav-bar; NAV=NAV-BOTTOM-TABS; SHELL=SH-PHONE-TABS; DENSITY=D-TOUCH-COMFORT; IX=IX-PRIMARY-THUMB; IMPL=prefers-color-scheme,intersection-infinite,content-visibility,form-novalidate; FEEL=3–5 destinations
A2232	d-multi-workspace	Workspaces/projects switcher	desktop-structure	desktop-web	NAV-SIDE-RAIL	SH-DESK-RAIL-MAIN	D-DEFAULT	IX-KEYBOARD-SHORTCUTS	PLATFORM=desktop-web; PATTERN=d-multi-workspace; NAV=NAV-SIDE-RAIL; SHELL=SH-DESK-RAIL-MAIN; DENSITY=D-DEFAULT; IX=IX-KEYBOARD-SHORTCUTS; IMPL=focus-trap,prefers-color-scheme,error-boundary-ui,focus-visible; FEEL=Context switch clear
A2233	d-settings-dialog	Settings dialog/pages	desktop-structure	desktop-web	NAV-SIDE-TREE	SH-DESK-RAIL-MAIN	D-DEFAULT	IX-KEYBOARD-SHORTCUTS	PLATFORM=desktop-web; PATTERN=d-settings-dialog; NAV=NAV-SIDE-TREE; SHELL=SH-DESK-RAIL-MAIN; DENSITY=D-DEFAULT; IX=IX-KEYBOARD-SHORTCUTS; IMPL=error-boundary-ui,overscroll,container-queries,resize-observer; FEEL=Searchable settings
A2234	m-camera-first	Camera/capture first	mobile-structure	mobile-phone	NAV-NONE-FOCUS	SH-PHONE-CANVAS	D-TOUCH-COMFORT	IX-PRIMARY-THUMB	PLATFORM=mobile-phone; PATTERN=m-camera-first; NAV=NAV-NONE-FOCUS; SHELL=SH-PHONE-CANVAS; DENSITY=D-TOUCH-COMFORT; IX=IX-PRIMARY-THUMB; IMPL=prefers-reduced-motion,touch-action,service-worker-offline,inputmode; FEEL=Capture chrome minimal
A2235	x-audit-trail	Audit-friendly UI	cross-platform-app	responsive-app	NAV-SIDE-RAIL	SH-DESK-DATAGRID	D-COMPACT	IX-INLINE-EDIT	PLATFORM=responsive-app; PATTERN=x-audit-trail; NAV=NAV-SIDE-RAIL; SHELL=SH-DESK-DATAGRID; DENSITY=D-COMPACT; IX=IX-INLINE-EDIT; IMPL=intersection-infinite,csrf-safe,type-date,file-capture; FEEL=Who/when visible in ops
A2236	d-typeahead	Typeahead find	desktop-density-keyboard	desktop-web	NAV-SIDE-TREE	SH-TABLET-SPLIT	D-COMPACT	IX-SEARCH-FIRST	PLATFORM=desktop-web; PATTERN=d-typeahead; NAV=NAV-SIDE-TREE; SHELL=SH-TABLET-SPLIT; DENSITY=D-COMPACT; IX=IX-SEARCH-FIRST; IMPL=aria-current,intersection-infinite,autocomplete,hotkeys; FEEL=Jump in lists
A2237	food-merchant-desktop	Merchant Desktop	industry-app	desktop-web	NAV-MASTER-DETAIL	SH-DESK-RAIL-MAIN-INSP	D-COMPACT	IX-KEYBOARD-SHORTCUTS	PLATFORM=desktop-web; PATTERN=food-merchant-desktop; NAV=NAV-MASTER-DETAIL; SHELL=SH-DESK-RAIL-MAIN-INSP; DENSITY=D-COMPACT; IX=IX-KEYBOARD-SHORTCUTS; IMPL=error-boundary-ui,resize-observer,drag-drop-desktop,prefers-reduced-motion; FEEL=orders kitchen
A2238	weather-mobile	Weather Mobile	industry-app	mobile-phone	NAV-STACK-PUSH	SH-PHONE-STACK	D-COMFORTABLE	IX-PRIMARY-THUMB	PLATFORM=mobile-phone; PATTERN=weather-mobile; NAV=NAV-STACK-PUSH; SHELL=SH-PHONE-STACK; DENSITY=D-COMFORTABLE; IX=IX-PRIMARY-THUMB; IMPL=form-novalidate,touch-action,autocomplete,viewport-meta; FEEL=conditions hourly
A2239	realestate-desktop	Property Desktop	industry-app	mobile-tablet	NAV-MASTER-DETAIL	SH-TABLET-SPLIT	D-DEFAULT	IX-EMPTY-CTA	PLATFORM=mobile-tablet; PATTERN=realestate-desktop; NAV=NAV-MASTER-DETAIL; SHELL=SH-TABLET-SPLIT; DENSITY=D-DEFAULT; IX=IX-EMPTY-CTA; IMPL=push-web,tap-highlight,bottom-nav-fixed,virtual-list; FEEL=search map table
A2240	m-empty-first-run	First-run empty	mobile-content-patterns	mobile-phone	NAV-STACK-PUSH	SH-PHONE-STACK	D-COMFORTABLE	IX-EMPTY-CTA	PLATFORM=mobile-phone; PATTERN=m-empty-first-run; NAV=NAV-STACK-PUSH; SHELL=SH-PHONE-STACK; DENSITY=D-COMFORTABLE; IX=IX-EMPTY-CTA; IMPL=tap-highlight,dvh-units,will-change-sparing,bottom-nav-fixed; FEEL=Education + CTA
A2241	university-mobile	Uni Mobile	industry-app	mobile-phone	NAV-BOTTOM-TABS	SH-PHONE-TABS	D-DEFAULT	IX-PRIMARY-THUMB	PLATFORM=mobile-phone; PATTERN=university-mobile; NAV=NAV-BOTTOM-TABS; SHELL=SH-PHONE-TABS; DENSITY=D-DEFAULT; IX=IX-PRIMARY-THUMB; IMPL=safe-area-css,overscroll,focus-visible,service-worker-offline; FEEL=timetable campus
A2242	analytics-mobile	Analytics Mobile	industry-app	mobile-phone	NAV-WIZARD	SH-RESPONSIVE-COLLAPSE	D-DEFAULT	IX-PRIMARY-THUMB	PLATFORM=mobile-phone; PATTERN=analytics-mobile; NAV=NAV-WIZARD; SHELL=SH-RESPONSIVE-COLLAPSE; DENSITY=D-DEFAULT; IX=IX-PRIMARY-THUMB; IMPL=dialog-element,virtual-list,focus-trap,bottom-nav-fixed; FEEL=kpi cards drill
A2243	d-map-desktop	Map ops desktop	desktop-structure	desktop-web	NAV-NONE-FOCUS	SH-RESPONSIVE-COLLAPSE	D-DEFAULT	IX-KEYBOARD-SHORTCUTS	PLATFORM=desktop-web; PATTERN=d-map-desktop; NAV=NAV-NONE-FOCUS; SHELL=SH-RESPONSIVE-COLLAPSE; DENSITY=D-DEFAULT; IX=IX-KEYBOARD-SHORTCUTS; IMPL=clipboard-api,will-change-sparing,hotkeys,matchmedia; FEEL=Map + side list
A2244	d-breadcrumb-admin	Admin with breadcrumbs	desktop-structure	desktop-web	NAV-SIDE-RAIL	SH-TABLET-SPLIT	D-COMPACT	IX-KEYBOARD-SHORTCUTS	PLATFORM=desktop-web; PATTERN=d-breadcrumb-admin; NAV=NAV-SIDE-RAIL; SHELL=SH-TABLET-SPLIT; DENSITY=D-COMPACT; IX=IX-KEYBOARD-SHORTCUTS; IMPL=content-visibility,matchmedia,live-region,container-queries; FEEL=Deep trees oriented
A2245	iot-mobile	IoT Mobile	industry-app	mobile-phone	NAV-BOTTOM-TABS	SH-PHONE-TABS	D-DEFAULT	IX-PRIMARY-THUMB	PLATFORM=mobile-phone; PATTERN=iot-mobile; NAV=NAV-BOTTOM-TABS; SHELL=SH-PHONE-TABS; DENSITY=D-DEFAULT; IX=IX-PRIMARY-THUMB; IMPL=aria-current,dialog-element,abort-controller,virtual-list; FEEL=device status control
A2246	m-list-dense	Dense mobile list	mobile-content-patterns	mobile-phone	NAV-STACK-PUSH	SH-PHONE-FEED	D-DEFAULT	IX-INFINITE-SCROLL	PLATFORM=mobile-phone; PATTERN=m-list-dense; NAV=NAV-STACK-PUSH; SHELL=SH-PHONE-FEED; DENSITY=D-DEFAULT; IX=IX-INFINITE-SCROLL; IMPL=file-capture,viewport-meta,virtual-list,error-boundary-ui; FEEL=One primary line + meta
A2247	commerce-desktop	Desktop Commerce	industry-app	desktop-web	NAV-NONE-FOCUS	SH-RESPONSIVE-COLLAPSE	D-DEFAULT	IX-KEYBOARD-SHORTCUTS	PLATFORM=desktop-web; PATTERN=commerce-desktop; NAV=NAV-NONE-FOCUS; SHELL=SH-RESPONSIVE-COLLAPSE; DENSITY=D-DEFAULT; IX=IX-KEYBOARD-SHORTCUTS; IMPL=grid-app-shell,will-change-sparing,prefers-contrast,url-state; FEEL=catalog filters pdp
A2248	education-desktop	LMS Desktop	industry-app	mobile-phone	NAV-NONE-FOCUS	SH-PHONE-SHEET	D-DEFAULT	IX-KEYBOARD-SHORTCUTS	PLATFORM=mobile-phone; PATTERN=education-desktop; NAV=NAV-NONE-FOCUS; SHELL=SH-PHONE-SHEET; DENSITY=D-DEFAULT; IX=IX-KEYBOARD-SHORTCUTS; IMPL=abort-controller,dvh-units,virtual-list,app-badge; FEEL=courses gradebook
A2249	d-compact-tables	Compact tables	desktop-density-keyboard	desktop-web	NAV-SIDE-RAIL	SH-DESK-DATAGRID	D-COMPACT	IX-PAGINATION	PLATFORM=desktop-web; PATTERN=d-compact-tables; NAV=NAV-SIDE-RAIL; SHELL=SH-DESK-DATAGRID; DENSITY=D-COMPACT; IX=IX-PAGINATION; IMPL=clipboard-api,scroll-padding,url-state,drag-drop-desktop; FEEL=Short row height, dense data
A2250	d-calendar-desktop	Calendar app	desktop-structure	desktop-web	NAV-SIDE-TREE	SH-RESPONSIVE-COLLAPSE	D-DEFAULT	IX-KEYBOARD-SHORTCUTS	PLATFORM=desktop-web; PATTERN=d-calendar-desktop; NAV=NAV-SIDE-TREE; SHELL=SH-RESPONSIVE-COLLAPSE; DENSITY=D-DEFAULT; IX=IX-KEYBOARD-SHORTCUTS; IMPL=focus-trap,clipboard-api,localstorage-prefs,prefers-reduced-motion; FEEL=Time grid primary
A2251	d-dashboard-ops	Ops dashboard	desktop-structure	desktop-web	NAV-SIDE-RAIL	SH-DESK-DASH	D-DEFAULT	IX-KEYBOARD-SHORTCUTS	PLATFORM=desktop-web; PATTERN=d-dashboard-ops; NAV=NAV-SIDE-RAIL; SHELL=SH-DESK-DASH; DENSITY=D-DEFAULT; IX=IX-KEYBOARD-SHORTCUTS; IMPL=resize-observer,localstorage-prefs,will-change-sparing,focus-trap; FEEL=KPI + one focus viz
